(BestPossibleScore: 0)
(Generation 5)
"expand  deme returnn"
(SelectedTree: true)
(GeneratedList: (0 0 0 0 0 0 0 0 0 0 0 0 0 0 0 0 0 0 0 0 0 0 0 0 0 0 0 0 0 0 0 0 0 0 0 0 0 0 0 0 0 0 0 0 0 0 0 0))
""
(Iteration 1 running)
(Crossover: false)
(CenterInst: (0 0 0 0 0 0 0 0 0 0 0 0 0 0 0 0 0 0 0 0 0 0 0 0 0 0 0 0 0 0 0 0 0 0 0 0 0 0 0 0 0 0 0 0 0 0 0 0))
(size: 64)
(1 : 1 : 0)
(New best score: -64.0)
""
(Iteration 2 running)
(Crossover: false)
(CenterInst: (0 0 0 0 0 0 0 0 0 0 0 0 0 0 0 0 0 0 0 0 0 0 0 0 0 0 0 0 0 0 0 0 0 0 0 0 0 0 0 0 0 0 0 0 0 0 0 0))
(size: 64)
(288 : 499 : 1)
(CAPTURE_CANDIDATE A0)
(CAPTURE_CANDIDATE (NOT (A0)))
(CAPTURE_CANDIDATE A1)
(CAPTURE_CANDIDATE (NOT (A1)))
(CAPTURE_CANDIDATE D0)
(CAPTURE_CANDIDATE (NOT (D0)))
(CAPTURE_CANDIDATE D1)
(CAPTURE_CANDIDATE (NOT (D1)))
(CAPTURE_CANDIDATE D2)
(CAPTURE_CANDIDATE (NOT (D2)))
(CAPTURE_CANDIDATE D3)
(CAPTURE_CANDIDATE (NOT (D3)))
(CAPTURE_CANDIDATE (AND (D0 D3)))
(CAPTURE_CANDIDATE (AND ((OR ((NOT (D0)) (NOT (D3)))))))
(CAPTURE_CANDIDATE (AND ((NOT (D0)) D1)))
(CAPTURE_CANDIDATE (AND ((OR (D0 (NOT (D1)))))))
(CAPTURE_CANDIDATE (AND ((NOT (D2)) D3)))
(CAPTURE_CANDIDATE (AND ((OR (D2 (NOT (D3)))))))
(CAPTURE_CANDIDATE (AND (D1 D3)))
(CAPTURE_CANDIDATE (AND ((OR ((NOT (D1)) (NOT (D3)))))))
(CAPTURE_CANDIDATE (AND ((NOT (D0)) D2)))
(CAPTURE_CANDIDATE (AND ((OR (D0 (NOT (D2)))))))
(CAPTURE_CANDIDATE (AND ((NOT (A0)) D0)))
(CAPTURE_CANDIDATE (AND ((OR (A0 (NOT (D0)))))))
(CAPTURE_CANDIDATE A0)
(CAPTURE_CANDIDATE (NOT (A0)))
(CAPTURE_CANDIDATE A1)
(CAPTURE_CANDIDATE (NOT (A1)))
(CAPTURE_CANDIDATE D0)
(CAPTURE_CANDIDATE (NOT (D0)))
(CAPTURE_CANDIDATE D1)
(CAPTURE_CANDIDATE (NOT (D1)))
(CAPTURE_CANDIDATE D2)
(CAPTURE_CANDIDATE (NOT (D2)))
(CAPTURE_CANDIDATE D3)
(CAPTURE_CANDIDATE (NOT (D3)))
(CAPTURE_CANDIDATE (AND ((OR ((NOT (A1)) D2)))))
(CAPTURE_CANDIDATE (AND (A1 (NOT (D2)))))
(CAPTURE_CANDIDATE (AND ((OR (A1 D1)))))
(CAPTURE_CANDIDATE (AND ((NOT (A1)) (NOT (D1)))))
(CAPTURE_CANDIDATE (AND ((OR (A0 D1)))))
(CAPTURE_CANDIDATE (AND ((NOT (A0)) (NOT (D1)))))
(CAPTURE_CANDIDATE (AND ((OR ((NOT (D0)) D1)))))
(CAPTURE_CANDIDATE (AND (D0 (NOT (D1)))))
(CAPTURE_CANDIDATE (AND ((OR (D2 D3)))))
(CAPTURE_CANDIDATE (AND ((NOT (D2)) (NOT (D3)))))
(CAPTURE_CANDIDATE (AND ((OR (A0 D3)))))
(CAPTURE_CANDIDATE (AND ((NOT (A0)) (NOT (D3)))))
(CAPTURE_CANDIDATE A0)
(CAPTURE_CANDIDATE (NOT (A0)))
(CAPTURE_CANDIDATE A1)
(CAPTURE_CANDIDATE (NOT (A1)))
(CAPTURE_CANDIDATE D0)
(CAPTURE_CANDIDATE (NOT (D0)))
(CAPTURE_CANDIDATE D1)
(CAPTURE_CANDIDATE (NOT (D1)))
(CAPTURE_CANDIDATE D2)
(CAPTURE_CANDIDATE (NOT (D2)))
(CAPTURE_CANDIDATE D3)
(CAPTURE_CANDIDATE (NOT (D3)))
(CAPTURE_CANDIDATE (AND (A1 D3)))
(CAPTURE_CANDIDATE (AND ((OR ((NOT (A1)) (NOT (D3)))))))
(CAPTURE_CANDIDATE (AND ((NOT (A1)) D3)))
(CAPTURE_CANDIDATE (AND ((OR (A1 (NOT (D3)))))))
(CAPTURE_CANDIDATE (AND (A0 D1)))
(CAPTURE_CANDIDATE (AND ((OR ((NOT (A0)) (NOT (D1)))))))
(CAPTURE_CANDIDATE (AND (A1 D0)))
(CAPTURE_CANDIDATE (AND ((OR ((NOT (A1)) (NOT (D0)))))))
(CAPTURE_CANDIDATE (AND ((NOT (D1)) D2)))
(CAPTURE_CANDIDATE (AND ((OR (D1 (NOT (D2)))))))
(CAPTURE_CANDIDATE (AND (D1 D3)))
(CAPTURE_CANDIDATE (AND ((OR ((NOT (D1)) (NOT (D3)))))))
(CAPTURE_CANDIDATE A0)
(CAPTURE_CANDIDATE (NOT (A0)))
(CAPTURE_CANDIDATE A1)
(CAPTURE_CANDIDATE (NOT (A1)))
(CAPTURE_CANDIDATE D0)
(CAPTURE_CANDIDATE (NOT (D0)))
(CAPTURE_CANDIDATE D1)
(CAPTURE_CANDIDATE (NOT (D1)))
(CAPTURE_CANDIDATE D2)
(CAPTURE_CANDIDATE (NOT (D2)))
(CAPTURE_CANDIDATE D3)
(CAPTURE_CANDIDATE (NOT (D3)))
(CAPTURE_CANDIDATE (AND ((OR (D2 D3)))))
(CAPTURE_CANDIDATE (AND ((NOT (D2)) (NOT (D3)))))
(CAPTURE_CANDIDATE (AND ((OR ((NOT (A1)) D0)))))
(CAPTURE_CANDIDATE (AND (A1 (NOT (D0)))))
(CAPTURE_CANDIDATE (AND ((OR (A1 D1)))))
(CAPTURE_CANDIDATE (AND ((NOT (A1)) (NOT (D1)))))
(CAPTURE_CANDIDATE (AND ((OR ((NOT (A0)) D3)))))
(CAPTURE_CANDIDATE (AND (A0 (NOT (D3)))))
(CAPTURE_CANDIDATE (AND ((OR ((NOT (A1)) D3)))))
(CAPTURE_CANDIDATE (AND (A1 (NOT (D3)))))
(CAPTURE_CANDIDATE (AND ((OR ((NOT (D2)) D3)))))
(CAPTURE_CANDIDATE (AND (D2 (NOT (D3)))))
(New best score: -24.285714285714285)
""
(Iteration 3 running)
(Crossover: false)
(CenterInst: (0 0 0 0 0 0 0 0 0 0 0 0 0 0 0 0 0 0 0 0 0 0 0 0 0 0 0 0 0 0 0 0 0 0 0 0 0 0 0 0 0 1 0 0 0 0 0 0))
(size: 64)
(288 : 403 : 1)
(CAPTURE_CANDIDATE A0)
(CAPTURE_CANDIDATE (NOT (A0)))
(CAPTURE_CANDIDATE A1)
(CAPTURE_CANDIDATE (NOT (A1)))
(CAPTURE_CANDIDATE D0)
(CAPTURE_CANDIDATE (NOT (D0)))
(CAPTURE_CANDIDATE D1)
(CAPTURE_CANDIDATE (NOT (D1)))
(CAPTURE_CANDIDATE D2)
(CAPTURE_CANDIDATE (NOT (D2)))
(CAPTURE_CANDIDATE D3)
(CAPTURE_CANDIDATE (NOT (D3)))
(CAPTURE_CANDIDATE (AND (D0 D3)))
(CAPTURE_CANDIDATE (AND ((OR ((NOT (D0)) (NOT (D3)))))))
(CAPTURE_CANDIDATE (AND ((NOT (D0)) D1)))
(CAPTURE_CANDIDATE (AND ((OR (D0 (NOT (D1)))))))
(CAPTURE_CANDIDATE (AND ((NOT (D2)) D3)))
(CAPTURE_CANDIDATE (AND ((OR (D2 (NOT (D3)))))))
(CAPTURE_CANDIDATE (AND (D1 D3)))
(CAPTURE_CANDIDATE (AND ((OR ((NOT (D1)) (NOT (D3)))))))
(CAPTURE_CANDIDATE (AND ((NOT (D0)) D2)))
(CAPTURE_CANDIDATE (AND ((OR (D0 (NOT (D2)))))))
(CAPTURE_CANDIDATE (AND ((NOT (A0)) D0)))
(CAPTURE_CANDIDATE (AND ((OR (A0 (NOT (D0)))))))
(CAPTURE_CANDIDATE A0)
(CAPTURE_CANDIDATE (NOT (A0)))
(CAPTURE_CANDIDATE A1)
(CAPTURE_CANDIDATE (NOT (A1)))
(CAPTURE_CANDIDATE D0)
(CAPTURE_CANDIDATE (NOT (D0)))
(CAPTURE_CANDIDATE D1)
(CAPTURE_CANDIDATE (NOT (D1)))
(CAPTURE_CANDIDATE D2)
(CAPTURE_CANDIDATE (NOT (D2)))
(CAPTURE_CANDIDATE D3)
(CAPTURE_CANDIDATE (NOT (D3)))
(CAPTURE_CANDIDATE (AND ((OR ((NOT (A1)) D2)))))
(CAPTURE_CANDIDATE (AND (A1 (NOT (D2)))))
(CAPTURE_CANDIDATE (AND ((OR (A1 D1)))))
(CAPTURE_CANDIDATE (AND ((NOT (A1)) (NOT (D1)))))
(CAPTURE_CANDIDATE (AND ((OR (A0 D1)))))
(CAPTURE_CANDIDATE (AND ((NOT (A0)) (NOT (D1)))))
(CAPTURE_CANDIDATE (AND ((OR ((NOT (D0)) D1)))))
(CAPTURE_CANDIDATE (AND (D0 (NOT (D1)))))
(CAPTURE_CANDIDATE (AND ((OR (D2 D3)))))
(CAPTURE_CANDIDATE (AND ((NOT (D2)) (NOT (D3)))))
(CAPTURE_CANDIDATE (AND ((OR (A0 D3)))))
(CAPTURE_CANDIDATE (AND ((NOT (A0)) (NOT (D3)))))
(CAPTURE_CANDIDATE A0)
(CAPTURE_CANDIDATE (NOT (A0)))
(CAPTURE_CANDIDATE A1)
(CAPTURE_CANDIDATE (NOT (A1)))
(CAPTURE_CANDIDATE D0)
(CAPTURE_CANDIDATE (NOT (D0)))
(CAPTURE_CANDIDATE D1)
(CAPTURE_CANDIDATE (NOT (D1)))
(CAPTURE_CANDIDATE D2)
(CAPTURE_CANDIDATE (NOT (D2)))
(CAPTURE_CANDIDATE D3)
(CAPTURE_CANDIDATE (NOT (D3)))
(CAPTURE_CANDIDATE (AND (A1 D3)))
(CAPTURE_CANDIDATE (AND ((OR ((NOT (A1)) (NOT (D3)))))))
(CAPTURE_CANDIDATE (AND ((NOT (A1)) D3)))
(CAPTURE_CANDIDATE (AND ((OR (A1 (NOT (D3)))))))
(CAPTURE_CANDIDATE (AND (A0 D1)))
(CAPTURE_CANDIDATE (AND ((OR ((NOT (A0)) (NOT (D1)))))))
(CAPTURE_CANDIDATE (AND (A1 D0)))
(CAPTURE_CANDIDATE (AND ((OR ((NOT (A1)) (NOT (D0)))))))
(CAPTURE_CANDIDATE (AND ((NOT (D1)) D2)))
(CAPTURE_CANDIDATE (AND ((OR (D1 (NOT (D2)))))))
(CAPTURE_CANDIDATE (AND (D1 D3)))
(CAPTURE_CANDIDATE (AND ((OR ((NOT (D1)) (NOT (D3)))))))
(CAPTURE_CANDIDATE A0)
(CAPTURE_CANDIDATE (NOT (A0)))
(CAPTURE_CANDIDATE A1)
(CAPTURE_CANDIDATE (NOT (A1)))
(CAPTURE_CANDIDATE D0)
(CAPTURE_CANDIDATE (NOT (D0)))
(CAPTURE_CANDIDATE D1)
(CAPTURE_CANDIDATE (NOT (D1)))
(CAPTURE_CANDIDATE D2)
(CAPTURE_CANDIDATE (NOT (D2)))
(CAPTURE_CANDIDATE D3)
(CAPTURE_CANDIDATE (NOT (D3)))
(CAPTURE_CANDIDATE (AND ((OR (D2 D3)))))
(CAPTURE_CANDIDATE (AND ((NOT (D2)) (NOT (D3)))))
(CAPTURE_CANDIDATE (AND ((OR ((NOT (A1)) D0)))))
(CAPTURE_CANDIDATE (AND (A1 (NOT (D0)))))
(CAPTURE_CANDIDATE (AND ((OR (A1 D1)))))
(CAPTURE_CANDIDATE (AND ((NOT (A1)) (NOT (D1)))))
(CAPTURE_CANDIDATE (AND ((OR ((NOT (A0)) D3)))))
(CAPTURE_CANDIDATE (AND (A0 (NOT (D3)))))
(CAPTURE_CANDIDATE (AND ((OR ((NOT (A1)) D3)))))
(CAPTURE_CANDIDATE (AND (A1 (NOT (D3)))))
(CAPTURE_CANDIDATE (AND ((OR ((NOT (D2)) D3)))))
(CAPTURE_CANDIDATE (AND (D2 (NOT (D3)))))
(CAPTURE_CANDIDATE (AND ((OR (A0 D3)))))
(CAPTURE_CANDIDATE (AND ((OR ((NOT (A0)) D3)))))
(CAPTURE_CANDIDATE (AND ((OR (A1 D3)))))
(CAPTURE_CANDIDATE (AND ((OR ((NOT (A1)) D3)))))
(CAPTURE_CANDIDATE (AND ((OR (D0 D3)))))
(CAPTURE_CANDIDATE (AND ((OR ((NOT (D0)) D3)))))
(CAPTURE_CANDIDATE (AND ((OR (D1 D3)))))
(CAPTURE_CANDIDATE (AND ((OR ((NOT (D1)) D3)))))
(CAPTURE_CANDIDATE (AND ((OR (D2 D3)))))
(CAPTURE_CANDIDATE (AND ((OR ((NOT (D2)) D3)))))
(CAPTURE_CANDIDATE D3)
(CAPTURE_CANDIDATE (AND ((OR ((NOT (D3)) D3)))))
(CAPTURE_CANDIDATE (AND (D3 D0)))
(CAPTURE_CANDIDATE (AND ((OR ((NOT (D0)) (NOT (D3)) D3)))))
(CAPTURE_CANDIDATE (AND ((OR ((AND ((NOT (D0)) D1)) D3)))))
(CAPTURE_CANDIDATE (AND ((OR (D0 (NOT (D1)) D3)))))
(CAPTURE_CANDIDATE (AND (D3 (NOT (D2)))))
(CAPTURE_CANDIDATE (AND ((OR (D2 (NOT (D3)) D3)))))
(CAPTURE_CANDIDATE (AND (D3 D1)))
(CAPTURE_CANDIDATE (AND ((OR ((NOT (D1)) (NOT (D3)) D3)))))
(CAPTURE_CANDIDATE (AND ((OR ((AND ((NOT (D0)) D2)) D3)))))
(CAPTURE_CANDIDATE (AND ((OR (D0 (NOT (D2)) D3)))))
(CAPTURE_CANDIDATE (AND ((OR ((AND ((NOT (A0)) D0)) D3)))))
(CAPTURE_CANDIDATE (AND ((OR (A0 (NOT (D0)) D3)))))
(CAPTURE_CANDIDATE (AND ((OR (A0 D3)))))
(CAPTURE_CANDIDATE (AND ((OR ((NOT (A0)) D3)))))
(CAPTURE_CANDIDATE (AND ((OR (A1 D3)))))
(CAPTURE_CANDIDATE (AND ((OR ((NOT (A1)) D3)))))
(CAPTURE_CANDIDATE (AND ((OR (D0 D3)))))
(CAPTURE_CANDIDATE (AND ((OR ((NOT (D0)) D3)))))
(CAPTURE_CANDIDATE (AND ((OR (D1 D3)))))
(CAPTURE_CANDIDATE (AND ((OR ((NOT (D1)) D3)))))
(CAPTURE_CANDIDATE (AND ((OR (D2 D3)))))
(CAPTURE_CANDIDATE (AND ((OR ((NOT (D2)) D3)))))
(CAPTURE_CANDIDATE D3)
(CAPTURE_CANDIDATE (AND ((OR ((NOT (D3)) D3)))))
(CAPTURE_CANDIDATE (AND ((OR (D3 (NOT (A1)) D2)))))
(CAPTURE_CANDIDATE (AND ((OR ((AND (A1 (NOT (D2)))) D3)))))
(CAPTURE_CANDIDATE (AND ((OR (D3 A1 D1)))))
(CAPTURE_CANDIDATE (AND ((OR ((AND ((NOT (A1)) (NOT (D1)))) D3)))))
(CAPTURE_CANDIDATE (AND ((OR (D3 A0 D1)))))
(CAPTURE_CANDIDATE (AND ((OR ((AND ((NOT (A0)) (NOT (D1)))) D3)))))
(CAPTURE_CANDIDATE (AND ((OR (D3 (NOT (D0)) D1)))))
(CAPTURE_CANDIDATE (AND ((OR ((AND (D0 (NOT (D1)))) D3)))))
(CAPTURE_CANDIDATE (AND ((OR (D3 D2 D3)))))
(CAPTURE_CANDIDATE (AND ((OR ((AND ((NOT (D2)) (NOT (D3)))) D3)))))
(CAPTURE_CANDIDATE (AND ((OR (D3 A0 D3)))))
(CAPTURE_CANDIDATE (AND ((OR ((AND ((NOT (A0)) (NOT (D3)))) D3)))))
(CAPTURE_CANDIDATE (AND ((OR (D3 A0)))))
(CAPTURE_CANDIDATE (AND ((OR (D3 (NOT (A0)))))))
(CAPTURE_CANDIDATE (AND ((OR (D3 A1)))))
(CAPTURE_CANDIDATE (AND ((OR (D3 (NOT (A1)))))))
(CAPTURE_CANDIDATE (AND ((OR (D3 D0)))))
(CAPTURE_CANDIDATE (AND ((OR (D3 (NOT (D0)))))))
(CAPTURE_CANDIDATE (AND ((OR (D3 D1)))))
(CAPTURE_CANDIDATE (AND ((OR (D3 (NOT (D1)))))))
(CAPTURE_CANDIDATE (AND ((OR (D3 D2)))))
(CAPTURE_CANDIDATE (AND ((OR (D3 (NOT (D2)))))))
(CAPTURE_CANDIDATE D3)
(CAPTURE_CANDIDATE (AND ((OR (D3 (NOT (D3)))))))
(CAPTURE_CANDIDATE (AND (D3 A1)))
(CAPTURE_CANDIDATE (AND ((OR (D3 (NOT (A1)) (NOT (D3)))))))
(CAPTURE_CANDIDATE (AND (D3 (NOT (A1)))))
(CAPTURE_CANDIDATE (AND ((OR (D3 A1 (NOT (D3)))))))
(CAPTURE_CANDIDATE (AND ((OR (D3 (AND (A0 D1)))))))
(CAPTURE_CANDIDATE (AND ((OR (D3 (NOT (A0)) (NOT (D1)))))))
(CAPTURE_CANDIDATE (AND ((OR (D3 (AND (A1 D0)))))))
(CAPTURE_CANDIDATE (AND ((OR (D3 (NOT (A1)) (NOT (D0)))))))
(CAPTURE_CANDIDATE (AND ((OR (D3 (AND ((NOT (D1)) D2)))))))
(CAPTURE_CANDIDATE (AND ((OR (D3 D1 (NOT (D2)))))))
(CAPTURE_CANDIDATE (AND (D3 D1)))
(CAPTURE_CANDIDATE (AND ((OR (D3 (NOT (D1)) (NOT (D3)))))))
(CAPTURE_CANDIDATE (AND (A0 D3)))
(CAPTURE_CANDIDATE (AND ((NOT (A0)) D3)))
(CAPTURE_CANDIDATE (AND (A1 D3)))
(CAPTURE_CANDIDATE (AND ((NOT (A1)) D3)))
(CAPTURE_CANDIDATE (AND (D0 D3)))
(CAPTURE_CANDIDATE (AND ((NOT (D0)) D3)))
(CAPTURE_CANDIDATE (AND (D1 D3)))
(CAPTURE_CANDIDATE (AND ((NOT (D1)) D3)))
(CAPTURE_CANDIDATE (AND (D2 D3)))
(CAPTURE_CANDIDATE (AND ((NOT (D2)) D3)))
(CAPTURE_CANDIDATE (NOT (D3)))
(CAPTURE_CANDIDATE D3)
(CAPTURE_CANDIDATE (AND (D3 (OR ((NOT (A1)) D0)))))
(CAPTURE_CANDIDATE (AND (D3 A1 (NOT (D0)))))
(CAPTURE_CANDIDATE (AND (D3 (OR (A1 D1)))))
(CAPTURE_CANDIDATE (AND (D3 (NOT (A1)) (NOT (D1)))))
(CAPTURE_CANDIDATE D3)
(CAPTURE_CANDIDATE D3)
(CAPTURE_CANDIDATE D3)
(New best score: -20.857142857142858)
""
(Iteration 4 running)
(Crossover: false)
(CenterInst: (0 0 0 0 0 0 0 0 0 0 0 1 0 0 0 0 0 0 0 0 0 0 0 0 0 0 0 0 0 0 0 0 0 0 0 0 0 0 0 0 0 1 0 0 0 0 0 0))
(size: 64)
(288 : 307 : 1)
(CAPTURE_CANDIDATE A0)
(CAPTURE_CANDIDATE (NOT (A0)))
(CAPTURE_CANDIDATE A1)
(CAPTURE_CANDIDATE (NOT (A1)))
(CAPTURE_CANDIDATE D0)
(CAPTURE_CANDIDATE (NOT (D0)))
(CAPTURE_CANDIDATE D1)
(CAPTURE_CANDIDATE (NOT (D1)))
(CAPTURE_CANDIDATE D2)
(CAPTURE_CANDIDATE (NOT (D2)))
(CAPTURE_CANDIDATE D3)
(CAPTURE_CANDIDATE (NOT (D3)))
(CAPTURE_CANDIDATE (AND (D0 D3)))
(CAPTURE_CANDIDATE (AND ((OR ((NOT (D0)) (NOT (D3)))))))
(CAPTURE_CANDIDATE (AND ((NOT (D0)) D1)))
(CAPTURE_CANDIDATE (AND ((OR (D0 (NOT (D1)))))))
(CAPTURE_CANDIDATE (AND ((NOT (D2)) D3)))
(CAPTURE_CANDIDATE (AND ((OR (D2 (NOT (D3)))))))
(CAPTURE_CANDIDATE (AND (D1 D3)))
(CAPTURE_CANDIDATE (AND ((OR ((NOT (D1)) (NOT (D3)))))))
(CAPTURE_CANDIDATE (AND ((NOT (D0)) D2)))
(CAPTURE_CANDIDATE (AND ((OR (D0 (NOT (D2)))))))
(CAPTURE_CANDIDATE (AND ((NOT (A0)) D0)))
(CAPTURE_CANDIDATE (AND ((OR (A0 (NOT (D0)))))))
(CAPTURE_CANDIDATE A0)
(CAPTURE_CANDIDATE (NOT (A0)))
(CAPTURE_CANDIDATE A1)
(CAPTURE_CANDIDATE (NOT (A1)))
(CAPTURE_CANDIDATE D0)
(CAPTURE_CANDIDATE (NOT (D0)))
(CAPTURE_CANDIDATE D1)
(CAPTURE_CANDIDATE (NOT (D1)))
(CAPTURE_CANDIDATE D2)
(CAPTURE_CANDIDATE (NOT (D2)))
(CAPTURE_CANDIDATE D3)
(CAPTURE_CANDIDATE (NOT (D3)))
(CAPTURE_CANDIDATE (AND ((OR ((NOT (A1)) D2)))))
(CAPTURE_CANDIDATE (AND (A1 (NOT (D2)))))
(CAPTURE_CANDIDATE (AND ((OR (A1 D1)))))
(CAPTURE_CANDIDATE (AND ((NOT (A1)) (NOT (D1)))))
(CAPTURE_CANDIDATE (AND ((OR (A0 D1)))))
(CAPTURE_CANDIDATE (AND ((NOT (A0)) (NOT (D1)))))
(CAPTURE_CANDIDATE (AND ((OR ((NOT (D0)) D1)))))
(CAPTURE_CANDIDATE (AND (D0 (NOT (D1)))))
(CAPTURE_CANDIDATE (AND ((OR (D2 D3)))))
(CAPTURE_CANDIDATE (AND ((NOT (D2)) (NOT (D3)))))
(CAPTURE_CANDIDATE (AND ((OR (A0 D3)))))
(CAPTURE_CANDIDATE (AND ((NOT (A0)) (NOT (D3)))))
(CAPTURE_CANDIDATE A0)
(CAPTURE_CANDIDATE (NOT (A0)))
(CAPTURE_CANDIDATE A1)
(CAPTURE_CANDIDATE (NOT (A1)))
(CAPTURE_CANDIDATE D0)
(CAPTURE_CANDIDATE (NOT (D0)))
(CAPTURE_CANDIDATE D1)
(CAPTURE_CANDIDATE (NOT (D1)))
(CAPTURE_CANDIDATE D2)
(CAPTURE_CANDIDATE (NOT (D2)))
(CAPTURE_CANDIDATE D3)
(CAPTURE_CANDIDATE (NOT (D3)))
(CAPTURE_CANDIDATE (AND (A1 D3)))
(CAPTURE_CANDIDATE (AND ((OR ((NOT (A1)) (NOT (D3)))))))
(CAPTURE_CANDIDATE (AND ((NOT (A1)) D3)))
(CAPTURE_CANDIDATE (AND ((OR (A1 (NOT (D3)))))))
(CAPTURE_CANDIDATE (AND (A0 D1)))
(CAPTURE_CANDIDATE (AND ((OR ((NOT (A0)) (NOT (D1)))))))
(CAPTURE_CANDIDATE (AND (A1 D0)))
(CAPTURE_CANDIDATE (AND ((OR ((NOT (A1)) (NOT (D0)))))))
(CAPTURE_CANDIDATE (AND ((NOT (D1)) D2)))
(CAPTURE_CANDIDATE (AND ((OR (D1 (NOT (D2)))))))
(CAPTURE_CANDIDATE (AND (D1 D3)))
(CAPTURE_CANDIDATE (AND ((OR ((NOT (D1)) (NOT (D3)))))))
(CAPTURE_CANDIDATE A0)
(CAPTURE_CANDIDATE (NOT (A0)))
(CAPTURE_CANDIDATE A1)
(CAPTURE_CANDIDATE (NOT (A1)))
(CAPTURE_CANDIDATE D0)
(CAPTURE_CANDIDATE (NOT (D0)))
(CAPTURE_CANDIDATE D1)
(CAPTURE_CANDIDATE (NOT (D1)))
(CAPTURE_CANDIDATE D2)
(CAPTURE_CANDIDATE (NOT (D2)))
(CAPTURE_CANDIDATE D3)
(CAPTURE_CANDIDATE (NOT (D3)))
(CAPTURE_CANDIDATE (AND ((OR (D2 D3)))))
(CAPTURE_CANDIDATE (AND ((NOT (D2)) (NOT (D3)))))
(CAPTURE_CANDIDATE (AND ((OR ((NOT (A1)) D0)))))
(CAPTURE_CANDIDATE (AND (A1 (NOT (D0)))))
(CAPTURE_CANDIDATE (AND ((OR (A1 D1)))))
(CAPTURE_CANDIDATE (AND ((NOT (A1)) (NOT (D1)))))
(CAPTURE_CANDIDATE (AND ((OR ((NOT (A0)) D3)))))
(CAPTURE_CANDIDATE (AND (A0 (NOT (D3)))))
(CAPTURE_CANDIDATE (AND ((OR ((NOT (A1)) D3)))))
(CAPTURE_CANDIDATE (AND (A1 (NOT (D3)))))
(CAPTURE_CANDIDATE (AND ((OR ((NOT (D2)) D3)))))
(CAPTURE_CANDIDATE (AND (D2 (NOT (D3)))))
(CAPTURE_CANDIDATE (AND ((OR (A0 D3)))))
(CAPTURE_CANDIDATE (AND ((OR ((NOT (A0)) D3)))))
(CAPTURE_CANDIDATE (AND ((OR (A1 D3)))))
(CAPTURE_CANDIDATE (AND ((OR ((NOT (A1)) D3)))))
(CAPTURE_CANDIDATE (AND ((OR (D0 D3)))))
(CAPTURE_CANDIDATE (AND ((OR ((NOT (D0)) D3)))))
(CAPTURE_CANDIDATE (AND ((OR (D1 D3)))))
(CAPTURE_CANDIDATE (AND ((OR ((NOT (D1)) D3)))))
(CAPTURE_CANDIDATE (AND ((OR (D2 D3)))))
(CAPTURE_CANDIDATE (AND ((OR ((NOT (D2)) D3)))))
(CAPTURE_CANDIDATE D3)
(CAPTURE_CANDIDATE (AND ((OR ((NOT (D3)) D3)))))
(CAPTURE_CANDIDATE (AND (D3 D0)))
(CAPTURE_CANDIDATE (AND ((OR ((NOT (D0)) (NOT (D3)) D3)))))
(CAPTURE_CANDIDATE (AND ((OR ((AND ((NOT (D0)) D1)) D3)))))
(CAPTURE_CANDIDATE (AND ((OR (D0 (NOT (D1)) D3)))))
(CAPTURE_CANDIDATE (AND (D3 (NOT (D2)))))
(CAPTURE_CANDIDATE (AND ((OR (D2 (NOT (D3)) D3)))))
(CAPTURE_CANDIDATE (AND (D3 D1)))
(CAPTURE_CANDIDATE (AND ((OR ((NOT (D1)) (NOT (D3)) D3)))))
(CAPTURE_CANDIDATE (AND ((OR ((AND ((NOT (D0)) D2)) D3)))))
(CAPTURE_CANDIDATE (AND ((OR (D0 (NOT (D2)) D3)))))
(CAPTURE_CANDIDATE (AND ((OR ((AND ((NOT (A0)) D0)) D3)))))
(CAPTURE_CANDIDATE (AND ((OR (A0 (NOT (D0)) D3)))))
(CAPTURE_CANDIDATE (AND ((OR (A0 D3)))))
(CAPTURE_CANDIDATE (AND ((OR ((NOT (A0)) D3)))))
(CAPTURE_CANDIDATE (AND ((OR (A1 D3)))))
(CAPTURE_CANDIDATE (AND ((OR ((NOT (A1)) D3)))))
(CAPTURE_CANDIDATE (AND ((OR (D0 D3)))))
(CAPTURE_CANDIDATE (AND ((OR ((NOT (D0)) D3)))))
(CAPTURE_CANDIDATE (AND ((OR (D1 D3)))))
(CAPTURE_CANDIDATE (AND ((OR ((NOT (D1)) D3)))))
(CAPTURE_CANDIDATE (AND ((OR (D2 D3)))))
(CAPTURE_CANDIDATE (AND ((OR ((NOT (D2)) D3)))))
(CAPTURE_CANDIDATE D3)
(CAPTURE_CANDIDATE (AND ((OR ((NOT (D3)) D3)))))
(CAPTURE_CANDIDATE (AND ((OR (D3 (NOT (A1)) D2)))))
(CAPTURE_CANDIDATE (AND ((OR ((AND (A1 (NOT (D2)))) D3)))))
(CAPTURE_CANDIDATE (AND ((OR (D3 A1 D1)))))
(CAPTURE_CANDIDATE (AND ((OR ((AND ((NOT (A1)) (NOT (D1)))) D3)))))
(CAPTURE_CANDIDATE (AND ((OR (D3 A0 D1)))))
(CAPTURE_CANDIDATE (AND ((OR ((AND ((NOT (A0)) (NOT (D1)))) D3)))))
(CAPTURE_CANDIDATE (AND ((OR (D3 (NOT (D0)) D1)))))
(CAPTURE_CANDIDATE (AND ((OR ((AND (D0 (NOT (D1)))) D3)))))
(CAPTURE_CANDIDATE (AND ((OR (D3 D2 D3)))))
(CAPTURE_CANDIDATE (AND ((OR ((AND ((NOT (D2)) (NOT (D3)))) D3)))))
(CAPTURE_CANDIDATE (AND ((OR (D3 A0 D3)))))
(CAPTURE_CANDIDATE (AND ((OR ((AND ((NOT (A0)) (NOT (D3)))) D3)))))
(CAPTURE_CANDIDATE (AND ((OR (D3 A0)))))
(CAPTURE_CANDIDATE (AND ((OR (D3 (NOT (A0)))))))
(CAPTURE_CANDIDATE (AND ((OR (D3 A1)))))
(CAPTURE_CANDIDATE (AND ((OR (D3 (NOT (A1)))))))
(CAPTURE_CANDIDATE (AND ((OR (D3 D0)))))
(CAPTURE_CANDIDATE (AND ((OR (D3 (NOT (D0)))))))
(CAPTURE_CANDIDATE (AND ((OR (D3 D1)))))
(CAPTURE_CANDIDATE (AND ((OR (D3 (NOT (D1)))))))
(CAPTURE_CANDIDATE (AND ((OR (D3 D2)))))
(CAPTURE_CANDIDATE (AND ((OR (D3 (NOT (D2)))))))
(CAPTURE_CANDIDATE D3)
(CAPTURE_CANDIDATE (AND ((OR (D3 (NOT (D3)))))))
(CAPTURE_CANDIDATE (AND (D3 A1)))
(CAPTURE_CANDIDATE (AND ((OR (D3 (NOT (A1)) (NOT (D3)))))))
(CAPTURE_CANDIDATE (AND (D3 (NOT (A1)))))
(CAPTURE_CANDIDATE (AND ((OR (D3 A1 (NOT (D3)))))))
(CAPTURE_CANDIDATE (AND ((OR (D3 (AND (A0 D1)))))))
(CAPTURE_CANDIDATE (AND ((OR (D3 (NOT (A0)) (NOT (D1)))))))
(CAPTURE_CANDIDATE (AND ((OR (D3 (AND (A1 D0)))))))
(CAPTURE_CANDIDATE (AND ((OR (D3 (NOT (A1)) (NOT (D0)))))))
(CAPTURE_CANDIDATE (AND ((OR (D3 (AND ((NOT (D1)) D2)))))))
(CAPTURE_CANDIDATE (AND ((OR (D3 D1 (NOT (D2)))))))
(CAPTURE_CANDIDATE (AND (D3 D1)))
(CAPTURE_CANDIDATE (AND ((OR (D3 (NOT (D1)) (NOT (D3)))))))
(CAPTURE_CANDIDATE (AND (A0 D3)))
(CAPTURE_CANDIDATE (AND ((NOT (A0)) D3)))
(CAPTURE_CANDIDATE (AND (A1 D3)))
(CAPTURE_CANDIDATE (AND ((NOT (A1)) D3)))
(CAPTURE_CANDIDATE (AND (D0 D3)))
(CAPTURE_CANDIDATE (AND ((NOT (D0)) D3)))
(CAPTURE_CANDIDATE (AND (D1 D3)))
(CAPTURE_CANDIDATE (AND ((NOT (D1)) D3)))
(CAPTURE_CANDIDATE (AND (D2 D3)))
(CAPTURE_CANDIDATE (AND ((NOT (D2)) D3)))
(CAPTURE_CANDIDATE (NOT (D3)))
(CAPTURE_CANDIDATE D3)
(CAPTURE_CANDIDATE (AND (D3 (OR ((NOT (A1)) D0)))))
(CAPTURE_CANDIDATE (AND (D3 A1 (NOT (D0)))))
(CAPTURE_CANDIDATE (AND (D3 (OR (A1 D1)))))
(CAPTURE_CANDIDATE (AND (D3 (NOT (A1)) (NOT (D1)))))
(CAPTURE_CANDIDATE D3)
(CAPTURE_CANDIDATE D3)
(CAPTURE_CANDIDATE D3)
(CAPTURE_CANDIDATE (AND ((OR (A0 (AND ((NOT (A0)) D0)) D3)))))
(CAPTURE_CANDIDATE (AND ((OR ((NOT (A0)) (AND ((NOT (A0)) D0)) D3)))))
(CAPTURE_CANDIDATE (AND ((OR (A1 (AND ((NOT (A0)) D0)) D3)))))
(CAPTURE_CANDIDATE (AND ((OR ((NOT (A1)) (AND ((NOT (A0)) D0)) D3)))))
(CAPTURE_CANDIDATE (AND ((OR (D0 (AND ((NOT (A0)) D0)) D3)))))
(CAPTURE_CANDIDATE (AND ((OR ((NOT (D0)) (AND ((NOT (A0)) D0)) D3)))))
(CAPTURE_CANDIDATE (AND ((OR (D1 (AND ((NOT (A0)) D0)) D3)))))
(CAPTURE_CANDIDATE (AND ((OR ((NOT (D1)) (AND ((NOT (A0)) D0)) D3)))))
(CAPTURE_CANDIDATE (AND ((OR (D2 (AND ((NOT (A0)) D0)) D3)))))
(CAPTURE_CANDIDATE (AND ((OR ((NOT (D2)) (AND ((NOT (A0)) D0)) D3)))))
(CAPTURE_CANDIDATE (AND ((OR (D3 (AND ((NOT (A0)) D0)) D3)))))
(CAPTURE_CANDIDATE (AND ((OR ((NOT (D3)) (AND ((NOT (A0)) D0)) D3)))))
(CAPTURE_CANDIDATE (AND ((OR ((AND (D0 D3)) (AND ((NOT (A0)) D0)) D3)))))
(CAPTURE_CANDIDATE (AND ((OR ((NOT (D0)) (NOT (D3)) (AND ((NOT (A0)) D0)) D3)))))
(CAPTURE_CANDIDATE (AND ((OR ((AND ((NOT (D0)) D1)) (AND ((NOT (A0)) D0)) D3)))))
(CAPTURE_CANDIDATE (AND ((OR (D0 (NOT (D1)) (AND ((NOT (A0)) D0)) D3)))))
(CAPTURE_CANDIDATE (AND ((OR ((AND ((NOT (D2)) D3)) (AND ((NOT (A0)) D0)) D3)))))
(CAPTURE_CANDIDATE (AND ((OR (D2 (NOT (D3)) (AND ((NOT (A0)) D0)) D3)))))
(CAPTURE_CANDIDATE (AND ((OR ((AND (D1 D3)) (AND ((NOT (A0)) D0)) D3)))))
(CAPTURE_CANDIDATE (AND ((OR ((NOT (D1)) (NOT (D3)) (AND ((NOT (A0)) D0)) D3)))))
(CAPTURE_CANDIDATE (AND ((OR ((AND ((NOT (D0)) D2)) (AND ((NOT (A0)) D0)) D3)))))
(CAPTURE_CANDIDATE (AND ((OR (D0 (NOT (D2)) (AND ((NOT (A0)) D0)) D3)))))
(CAPTURE_CANDIDATE D3)
(CAPTURE_CANDIDATE (AND ((OR (A0 (NOT (D0)) D3)))))
(CAPTURE_CANDIDATE (AND ((OR (A0 (AND ((NOT (A0)) D0)) D3)))))
(CAPTURE_CANDIDATE (AND ((OR ((NOT (A0)) (AND ((NOT (A0)) D0)) D3)))))
(CAPTURE_CANDIDATE (AND ((OR (A1 (AND ((NOT (A0)) D0)) D3)))))
(CAPTURE_CANDIDATE (AND ((OR ((NOT (A1)) (AND ((NOT (A0)) D0)) D3)))))
(CAPTURE_CANDIDATE (AND ((OR (D0 (AND ((NOT (A0)) D0)) D3)))))
(CAPTURE_CANDIDATE (AND ((OR ((NOT (D0)) (AND ((NOT (A0)) D0)) D3)))))
(CAPTURE_CANDIDATE (AND ((OR (D1 (AND ((NOT (A0)) D0)) D3)))))
(CAPTURE_CANDIDATE (AND ((OR ((NOT (D1)) (AND ((NOT (A0)) D0)) D3)))))
(CAPTURE_CANDIDATE (AND ((OR (D2 (AND ((NOT (A0)) D0)) D3)))))
(CAPTURE_CANDIDATE (AND ((OR ((NOT (D2)) (AND ((NOT (A0)) D0)) D3)))))
(CAPTURE_CANDIDATE (AND ((OR (D3 (AND ((NOT (A0)) D0)) D3)))))
(CAPTURE_CANDIDATE (AND ((OR ((NOT (D3)) (AND ((NOT (A0)) D0)) D3)))))
(CAPTURE_CANDIDATE (AND ((OR ((AND ((NOT (A0)) D0)) D3 (NOT (A1)) D2)))))
(CAPTURE_CANDIDATE (AND ((OR ((AND (A1 (NOT (D2)))) (AND ((NOT (A0)) D0)) D3)))))
(CAPTURE_CANDIDATE (AND ((OR ((AND ((NOT (A0)) D0)) D3 A1 D1)))))
(CAPTURE_CANDIDATE (AND ((OR ((AND ((NOT (A1)) (NOT (D1)))) (AND ((NOT (A0)) D0)) D3)))))
(CAPTURE_CANDIDATE (AND ((OR ((AND ((NOT (A0)) D0)) D3 A0 D1)))))
(CAPTURE_CANDIDATE (AND ((OR ((AND ((NOT (A0)) (NOT (D1)))) (AND ((NOT (A0)) D0)) D3)))))
(CAPTURE_CANDIDATE (AND ((OR ((AND ((NOT (A0)) D0)) D3 (NOT (D0)) D1)))))
(CAPTURE_CANDIDATE (AND ((OR ((AND (D0 (NOT (D1)))) (AND ((NOT (A0)) D0)) D3)))))
(CAPTURE_CANDIDATE (AND ((OR ((AND ((NOT (A0)) D0)) D3 D2 D3)))))
(CAPTURE_CANDIDATE (AND ((OR ((AND ((NOT (D2)) (NOT (D3)))) (AND ((NOT (A0)) D0)) D3)))))
(CAPTURE_CANDIDATE (AND ((OR ((AND ((NOT (A0)) D0)) D3 A0 D3)))))
(CAPTURE_CANDIDATE (AND ((OR ((AND ((NOT (A0)) (NOT (D3)))) (AND ((NOT (A0)) D0)) D3)))))
(CAPTURE_CANDIDATE (AND ((OR ((AND ((NOT (A0)) D0)) D3 A0)))))
(CAPTURE_CANDIDATE (AND ((OR ((AND ((NOT (A0)) D0)) D3 (NOT (A0)))))))
(CAPTURE_CANDIDATE (AND ((OR ((AND ((NOT (A0)) D0)) D3 A1)))))
(CAPTURE_CANDIDATE (AND ((OR ((AND ((NOT (A0)) D0)) D3 (NOT (A1)))))))
(CAPTURE_CANDIDATE (AND ((OR ((AND ((NOT (A0)) D0)) D3 D0)))))
(CAPTURE_CANDIDATE (AND ((OR ((AND ((NOT (A0)) D0)) D3 (NOT (D0)))))))
(CAPTURE_CANDIDATE (AND ((OR ((AND ((NOT (A0)) D0)) D3 D1)))))
(CAPTURE_CANDIDATE (AND ((OR ((AND ((NOT (A0)) D0)) D3 (NOT (D1)))))))
(CAPTURE_CANDIDATE (AND ((OR ((AND ((NOT (A0)) D0)) D3 D2)))))
(CAPTURE_CANDIDATE (AND ((OR ((AND ((NOT (A0)) D0)) D3 (NOT (D2)))))))
(CAPTURE_CANDIDATE (AND ((OR ((AND ((NOT (A0)) D0)) D3 D3)))))
(CAPTURE_CANDIDATE (AND ((OR ((AND ((NOT (A0)) D0)) D3 (NOT (D3)))))))
(CAPTURE_CANDIDATE (AND ((OR ((AND ((NOT (A0)) D0)) D3 (AND (A1 D3)))))))
(CAPTURE_CANDIDATE (AND ((OR ((AND ((NOT (A0)) D0)) D3 (NOT (A1)) (NOT (D3)))))))
(CAPTURE_CANDIDATE (AND ((OR ((AND ((NOT (A0)) D0)) D3 (AND ((NOT (A1)) D3)))))))
(CAPTURE_CANDIDATE (AND ((OR ((AND ((NOT (A0)) D0)) D3 A1 (NOT (D3)))))))
(CAPTURE_CANDIDATE (AND ((OR ((AND ((NOT (A0)) D0)) D3 (AND (A0 D1)))))))
(CAPTURE_CANDIDATE (AND ((OR ((AND ((NOT (A0)) D0)) D3 (NOT (A0)) (NOT (D1)))))))
(CAPTURE_CANDIDATE (AND ((OR ((AND ((NOT (A0)) D0)) D3 (AND (A1 D0)))))))
(CAPTURE_CANDIDATE (AND ((OR ((AND ((NOT (A0)) D0)) D3 (NOT (A1)) (NOT (D0)))))))
(CAPTURE_CANDIDATE (AND ((OR ((AND ((NOT (A0)) D0)) D3 (AND ((NOT (D1)) D2)))))))
(CAPTURE_CANDIDATE (AND ((OR ((AND ((NOT (A0)) D0)) D3 D1 (NOT (D2)))))))
(CAPTURE_CANDIDATE (AND ((OR ((AND ((NOT (A0)) D0)) D3 (AND (D1 D3)))))))
(CAPTURE_CANDIDATE (AND ((OR ((AND ((NOT (A0)) D0)) D3 (NOT (D1)) (NOT (D3)))))))
(CAPTURE_CANDIDATE (AND ((OR ((AND ((NOT (A0)) D0)) (AND (A0 D3)))))))
(CAPTURE_CANDIDATE (AND ((NOT (A0)) (OR (D0 D3)))))
(CAPTURE_CANDIDATE (AND ((OR ((AND ((NOT (A0)) D0)) (AND (A1 D3)))))))
(CAPTURE_CANDIDATE (AND ((OR ((AND ((NOT (A0)) D0)) (AND ((NOT (A1)) D3)))))))
(CAPTURE_CANDIDATE (AND (D0 (OR ((NOT (A0)) D3)))))
(CAPTURE_CANDIDATE (AND ((OR ((AND ((NOT (A0)) D0)) (AND ((NOT (D0)) D3)))))))
(CAPTURE_CANDIDATE (AND ((OR ((AND ((NOT (A0)) D0)) (AND (D1 D3)))))))
(CAPTURE_CANDIDATE (AND ((OR ((AND ((NOT (A0)) D0)) (AND ((NOT (D1)) D3)))))))
(CAPTURE_CANDIDATE (AND ((OR ((AND ((NOT (A0)) D0)) (AND (D2 D3)))))))
(CAPTURE_CANDIDATE (AND ((OR ((AND ((NOT (A0)) D0)) (AND ((NOT (D2)) D3)))))))
(CAPTURE_CANDIDATE (AND ((NOT (A0)) D0)))
(CAPTURE_CANDIDATE (AND ((OR ((AND ((NOT (A0)) D0)) (NOT (D3)))))))
(CAPTURE_CANDIDATE (AND ((OR ((AND ((NOT (A0)) D0)) D3)))))
(CAPTURE_CANDIDATE (AND ((NOT (A0)) D0)))
(CAPTURE_CANDIDATE (AND ((OR ((AND ((NOT (A0)) D0)) (AND (D3 (OR ((NOT (A1)) D0)))))))))
(CAPTURE_CANDIDATE (AND ((OR ((AND ((NOT (A0)) D0)) (AND (D3 A1 (NOT (D0)))))))))
(CAPTURE_CANDIDATE (AND ((OR ((AND ((NOT (A0)) D0)) (AND (D3 (OR (A1 D1)))))))))
(CAPTURE_CANDIDATE (AND ((OR ((AND ((NOT (A0)) D0)) (AND (D3 (NOT (A1)) (NOT (D1)))))))))
(CAPTURE_CANDIDATE (AND ((OR ((AND ((NOT (A0)) D0)) D3)))))
(CAPTURE_CANDIDATE (AND ((NOT (A0)) D0)))
(CAPTURE_CANDIDATE (AND ((OR ((AND ((NOT (A0)) D0)) D3)))))
(CAPTURE_CANDIDATE (AND ((NOT (A0)) D0)))
(CAPTURE_CANDIDATE (AND ((OR ((AND ((NOT (A0)) D0)) D3)))))
(CAPTURE_CANDIDATE (AND ((NOT (A0)) D0)))
(New best score: -17.142857142857142)
""
(Iteration 5 running)
(Crossover: false)
(CenterInst: (0 0 0 0 0 0 0 0 0 0 0 1 0 0 0 0 0 0 0 0 0 0 0 0 0 0 0 0 0 0 0 0 0 0 0 0 0 1 0 0 0 1 0 0 0 0 0 0))
(size: 64)
(288 : 211 : 1)
(CAPTURE_CANDIDATE A0)
(CAPTURE_CANDIDATE (NOT (A0)))
(CAPTURE_CANDIDATE A1)
(CAPTURE_CANDIDATE (NOT (A1)))
(CAPTURE_CANDIDATE D0)
(CAPTURE_CANDIDATE (NOT (D0)))
(CAPTURE_CANDIDATE D1)
(CAPTURE_CANDIDATE (NOT (D1)))
(CAPTURE_CANDIDATE D2)
(CAPTURE_CANDIDATE (NOT (D2)))
(CAPTURE_CANDIDATE D3)
(CAPTURE_CANDIDATE (NOT (D3)))
(CAPTURE_CANDIDATE (AND (D0 D3)))
(CAPTURE_CANDIDATE (AND ((OR ((NOT (D0)) (NOT (D3)))))))
(CAPTURE_CANDIDATE (AND ((NOT (D0)) D1)))
(CAPTURE_CANDIDATE (AND ((OR (D0 (NOT (D1)))))))
(CAPTURE_CANDIDATE (AND ((NOT (D2)) D3)))
(CAPTURE_CANDIDATE (AND ((OR (D2 (NOT (D3)))))))
(CAPTURE_CANDIDATE (AND (D1 D3)))
(CAPTURE_CANDIDATE (AND ((OR ((NOT (D1)) (NOT (D3)))))))
(CAPTURE_CANDIDATE (AND ((NOT (D0)) D2)))
(CAPTURE_CANDIDATE (AND ((OR (D0 (NOT (D2)))))))
(CAPTURE_CANDIDATE (AND ((NOT (A0)) D0)))
(CAPTURE_CANDIDATE (AND ((OR (A0 (NOT (D0)))))))
(CAPTURE_CANDIDATE A0)
(CAPTURE_CANDIDATE (NOT (A0)))
(CAPTURE_CANDIDATE A1)
(CAPTURE_CANDIDATE (NOT (A1)))
(CAPTURE_CANDIDATE D0)
(CAPTURE_CANDIDATE (NOT (D0)))
(CAPTURE_CANDIDATE D1)
(CAPTURE_CANDIDATE (NOT (D1)))
(CAPTURE_CANDIDATE D2)
(CAPTURE_CANDIDATE (NOT (D2)))
(CAPTURE_CANDIDATE D3)
(CAPTURE_CANDIDATE (NOT (D3)))
(CAPTURE_CANDIDATE (AND ((OR ((NOT (A1)) D2)))))
(CAPTURE_CANDIDATE (AND (A1 (NOT (D2)))))
(CAPTURE_CANDIDATE (AND ((OR (A1 D1)))))
(CAPTURE_CANDIDATE (AND ((NOT (A1)) (NOT (D1)))))
(CAPTURE_CANDIDATE (AND ((OR (A0 D1)))))
(CAPTURE_CANDIDATE (AND ((NOT (A0)) (NOT (D1)))))
(CAPTURE_CANDIDATE (AND ((OR ((NOT (D0)) D1)))))
(CAPTURE_CANDIDATE (AND (D0 (NOT (D1)))))
(CAPTURE_CANDIDATE (AND ((OR (D2 D3)))))
(CAPTURE_CANDIDATE (AND ((NOT (D2)) (NOT (D3)))))
(CAPTURE_CANDIDATE (AND ((OR (A0 D3)))))
(CAPTURE_CANDIDATE (AND ((NOT (A0)) (NOT (D3)))))
(CAPTURE_CANDIDATE A0)
(CAPTURE_CANDIDATE (NOT (A0)))
(CAPTURE_CANDIDATE A1)
(CAPTURE_CANDIDATE (NOT (A1)))
(CAPTURE_CANDIDATE D0)
(CAPTURE_CANDIDATE (NOT (D0)))
(CAPTURE_CANDIDATE D1)
(CAPTURE_CANDIDATE (NOT (D1)))
(CAPTURE_CANDIDATE D2)
(CAPTURE_CANDIDATE (NOT (D2)))
(CAPTURE_CANDIDATE D3)
(CAPTURE_CANDIDATE (NOT (D3)))
(CAPTURE_CANDIDATE (AND (A1 D3)))
(CAPTURE_CANDIDATE (AND ((OR ((NOT (A1)) (NOT (D3)))))))
(CAPTURE_CANDIDATE (AND ((NOT (A1)) D3)))
(CAPTURE_CANDIDATE (AND ((OR (A1 (NOT (D3)))))))
(CAPTURE_CANDIDATE (AND (A0 D1)))
(CAPTURE_CANDIDATE (AND ((OR ((NOT (A0)) (NOT (D1)))))))
(CAPTURE_CANDIDATE (AND (A1 D0)))
(CAPTURE_CANDIDATE (AND ((OR ((NOT (A1)) (NOT (D0)))))))
(CAPTURE_CANDIDATE (AND ((NOT (D1)) D2)))
(CAPTURE_CANDIDATE (AND ((OR (D1 (NOT (D2)))))))
(CAPTURE_CANDIDATE (AND (D1 D3)))
(CAPTURE_CANDIDATE (AND ((OR ((NOT (D1)) (NOT (D3)))))))
(CAPTURE_CANDIDATE A0)
(CAPTURE_CANDIDATE (NOT (A0)))
(CAPTURE_CANDIDATE A1)
(CAPTURE_CANDIDATE (NOT (A1)))
(CAPTURE_CANDIDATE D0)
(CAPTURE_CANDIDATE (NOT (D0)))
(CAPTURE_CANDIDATE D1)
(CAPTURE_CANDIDATE (NOT (D1)))
(CAPTURE_CANDIDATE D2)
(CAPTURE_CANDIDATE (NOT (D2)))
(CAPTURE_CANDIDATE D3)
(CAPTURE_CANDIDATE (NOT (D3)))
(CAPTURE_CANDIDATE (AND ((OR (D2 D3)))))
(CAPTURE_CANDIDATE (AND ((NOT (D2)) (NOT (D3)))))
(CAPTURE_CANDIDATE (AND ((OR ((NOT (A1)) D0)))))
(CAPTURE_CANDIDATE (AND (A1 (NOT (D0)))))
(CAPTURE_CANDIDATE (AND ((OR (A1 D1)))))
(CAPTURE_CANDIDATE (AND ((NOT (A1)) (NOT (D1)))))
(CAPTURE_CANDIDATE (AND ((OR ((NOT (A0)) D3)))))
(CAPTURE_CANDIDATE (AND (A0 (NOT (D3)))))
(CAPTURE_CANDIDATE (AND ((OR ((NOT (A1)) D3)))))
(CAPTURE_CANDIDATE (AND (A1 (NOT (D3)))))
(CAPTURE_CANDIDATE (AND ((OR ((NOT (D2)) D3)))))
(CAPTURE_CANDIDATE (AND (D2 (NOT (D3)))))
(CAPTURE_CANDIDATE (AND ((OR (A0 D3)))))
(CAPTURE_CANDIDATE (AND ((OR ((NOT (A0)) D3)))))
(CAPTURE_CANDIDATE (AND ((OR (A1 D3)))))
(CAPTURE_CANDIDATE (AND ((OR ((NOT (A1)) D3)))))
(CAPTURE_CANDIDATE (AND ((OR (D0 D3)))))
(CAPTURE_CANDIDATE (AND ((OR ((NOT (D0)) D3)))))
(CAPTURE_CANDIDATE (AND ((OR (D1 D3)))))
(CAPTURE_CANDIDATE (AND ((OR ((NOT (D1)) D3)))))
(CAPTURE_CANDIDATE (AND ((OR (D2 D3)))))
(CAPTURE_CANDIDATE (AND ((OR ((NOT (D2)) D3)))))
(CAPTURE_CANDIDATE D3)
(CAPTURE_CANDIDATE (AND ((OR ((NOT (D3)) D3)))))
(CAPTURE_CANDIDATE (AND (D3 D0)))
(CAPTURE_CANDIDATE (AND ((OR ((NOT (D0)) (NOT (D3)) D3)))))
(CAPTURE_CANDIDATE (AND ((OR ((AND ((NOT (D0)) D1)) D3)))))
(CAPTURE_CANDIDATE (AND ((OR (D0 (NOT (D1)) D3)))))
(CAPTURE_CANDIDATE (AND (D3 (NOT (D2)))))
(CAPTURE_CANDIDATE (AND ((OR (D2 (NOT (D3)) D3)))))
(CAPTURE_CANDIDATE (AND (D3 D1)))
(CAPTURE_CANDIDATE (AND ((OR ((NOT (D1)) (NOT (D3)) D3)))))
(CAPTURE_CANDIDATE (AND ((OR ((AND ((NOT (D0)) D2)) D3)))))
(CAPTURE_CANDIDATE (AND ((OR (D0 (NOT (D2)) D3)))))
(CAPTURE_CANDIDATE (AND ((OR ((AND ((NOT (A0)) D0)) D3)))))
(CAPTURE_CANDIDATE (AND ((OR (A0 (NOT (D0)) D3)))))
(CAPTURE_CANDIDATE (AND ((OR (A0 D3)))))
(CAPTURE_CANDIDATE (AND ((OR ((NOT (A0)) D3)))))
(CAPTURE_CANDIDATE (AND ((OR (A1 D3)))))
(CAPTURE_CANDIDATE (AND ((OR ((NOT (A1)) D3)))))
(CAPTURE_CANDIDATE (AND ((OR (D0 D3)))))
(CAPTURE_CANDIDATE (AND ((OR ((NOT (D0)) D3)))))
(CAPTURE_CANDIDATE (AND ((OR (D1 D3)))))
(CAPTURE_CANDIDATE (AND ((OR ((NOT (D1)) D3)))))
(CAPTURE_CANDIDATE (AND ((OR (D2 D3)))))
(CAPTURE_CANDIDATE (AND ((OR ((NOT (D2)) D3)))))
(CAPTURE_CANDIDATE D3)
(CAPTURE_CANDIDATE (AND ((OR ((NOT (D3)) D3)))))
(CAPTURE_CANDIDATE (AND ((OR (D3 (NOT (A1)) D2)))))
(CAPTURE_CANDIDATE (AND ((OR ((AND (A1 (NOT (D2)))) D3)))))
(CAPTURE_CANDIDATE (AND ((OR (D3 A1 D1)))))
(CAPTURE_CANDIDATE (AND ((OR ((AND ((NOT (A1)) (NOT (D1)))) D3)))))
(CAPTURE_CANDIDATE (AND ((OR (D3 A0 D1)))))
(CAPTURE_CANDIDATE (AND ((OR ((AND ((NOT (A0)) (NOT (D1)))) D3)))))
(CAPTURE_CANDIDATE (AND ((OR (D3 (NOT (D0)) D1)))))
(CAPTURE_CANDIDATE (AND ((OR ((AND (D0 (NOT (D1)))) D3)))))
(CAPTURE_CANDIDATE (AND ((OR (D3 D2 D3)))))
(CAPTURE_CANDIDATE (AND ((OR ((AND ((NOT (D2)) (NOT (D3)))) D3)))))
(CAPTURE_CANDIDATE (AND ((OR (D3 A0 D3)))))
(CAPTURE_CANDIDATE (AND ((OR ((AND ((NOT (A0)) (NOT (D3)))) D3)))))
(CAPTURE_CANDIDATE (AND ((OR (D3 A0)))))
(CAPTURE_CANDIDATE (AND ((OR (D3 (NOT (A0)))))))
(CAPTURE_CANDIDATE (AND ((OR (D3 A1)))))
(CAPTURE_CANDIDATE (AND ((OR (D3 (NOT (A1)))))))
(CAPTURE_CANDIDATE (AND ((OR (D3 D0)))))
(CAPTURE_CANDIDATE (AND ((OR (D3 (NOT (D0)))))))
(CAPTURE_CANDIDATE (AND ((OR (D3 D1)))))
(CAPTURE_CANDIDATE (AND ((OR (D3 (NOT (D1)))))))
(CAPTURE_CANDIDATE (AND ((OR (D3 D2)))))
(CAPTURE_CANDIDATE (AND ((OR (D3 (NOT (D2)))))))
(CAPTURE_CANDIDATE D3)
(CAPTURE_CANDIDATE (AND ((OR (D3 (NOT (D3)))))))
(CAPTURE_CANDIDATE (AND (D3 A1)))
(CAPTURE_CANDIDATE (AND ((OR (D3 (NOT (A1)) (NOT (D3)))))))
(CAPTURE_CANDIDATE (AND (D3 (NOT (A1)))))
(CAPTURE_CANDIDATE (AND ((OR (D3 A1 (NOT (D3)))))))
(CAPTURE_CANDIDATE (AND ((OR (D3 (AND (A0 D1)))))))
(CAPTURE_CANDIDATE (AND ((OR (D3 (NOT (A0)) (NOT (D1)))))))
(CAPTURE_CANDIDATE (AND ((OR (D3 (AND (A1 D0)))))))
(CAPTURE_CANDIDATE (AND ((OR (D3 (NOT (A1)) (NOT (D0)))))))
(CAPTURE_CANDIDATE (AND ((OR (D3 (AND ((NOT (D1)) D2)))))))
(CAPTURE_CANDIDATE (AND ((OR (D3 D1 (NOT (D2)))))))
(CAPTURE_CANDIDATE (AND (D3 D1)))
(CAPTURE_CANDIDATE (AND ((OR (D3 (NOT (D1)) (NOT (D3)))))))
(CAPTURE_CANDIDATE (AND (A0 D3)))
(CAPTURE_CANDIDATE (AND ((NOT (A0)) D3)))
(CAPTURE_CANDIDATE (AND (A1 D3)))
(CAPTURE_CANDIDATE (AND ((NOT (A1)) D3)))
(CAPTURE_CANDIDATE (AND (D0 D3)))
(CAPTURE_CANDIDATE (AND ((NOT (D0)) D3)))
(CAPTURE_CANDIDATE (AND (D1 D3)))
(CAPTURE_CANDIDATE (AND ((NOT (D1)) D3)))
(CAPTURE_CANDIDATE (AND (D2 D3)))
(CAPTURE_CANDIDATE (AND ((NOT (D2)) D3)))
(CAPTURE_CANDIDATE (NOT (D3)))
(CAPTURE_CANDIDATE D3)
(CAPTURE_CANDIDATE (AND (D3 (OR ((NOT (A1)) D0)))))
(CAPTURE_CANDIDATE (AND (D3 A1 (NOT (D0)))))
(CAPTURE_CANDIDATE (AND (D3 (OR (A1 D1)))))
(CAPTURE_CANDIDATE (AND (D3 (NOT (A1)) (NOT (D1)))))
(CAPTURE_CANDIDATE D3)
(CAPTURE_CANDIDATE D3)
(CAPTURE_CANDIDATE D3)
(CAPTURE_CANDIDATE (AND ((OR (A0 (AND ((NOT (A0)) D0)) D3)))))
(CAPTURE_CANDIDATE (AND ((OR ((NOT (A0)) (AND ((NOT (A0)) D0)) D3)))))
(CAPTURE_CANDIDATE (AND ((OR (A1 (AND ((NOT (A0)) D0)) D3)))))
(CAPTURE_CANDIDATE (AND ((OR ((NOT (A1)) (AND ((NOT (A0)) D0)) D3)))))
(CAPTURE_CANDIDATE (AND ((OR (D0 (AND ((NOT (A0)) D0)) D3)))))
(CAPTURE_CANDIDATE (AND ((OR ((NOT (D0)) (AND ((NOT (A0)) D0)) D3)))))
(CAPTURE_CANDIDATE (AND ((OR (D1 (AND ((NOT (A0)) D0)) D3)))))
(CAPTURE_CANDIDATE (AND ((OR ((NOT (D1)) (AND ((NOT (A0)) D0)) D3)))))
(CAPTURE_CANDIDATE (AND ((OR (D2 (AND ((NOT (A0)) D0)) D3)))))
(CAPTURE_CANDIDATE (AND ((OR ((NOT (D2)) (AND ((NOT (A0)) D0)) D3)))))
(CAPTURE_CANDIDATE (AND ((OR (D3 (AND ((NOT (A0)) D0)) D3)))))
(CAPTURE_CANDIDATE (AND ((OR ((NOT (D3)) (AND ((NOT (A0)) D0)) D3)))))
(CAPTURE_CANDIDATE (AND ((OR ((AND (D0 D3)) (AND ((NOT (A0)) D0)) D3)))))
(CAPTURE_CANDIDATE (AND ((OR ((NOT (D0)) (NOT (D3)) (AND ((NOT (A0)) D0)) D3)))))
(CAPTURE_CANDIDATE (AND ((OR ((AND ((NOT (D0)) D1)) (AND ((NOT (A0)) D0)) D3)))))
(CAPTURE_CANDIDATE (AND ((OR (D0 (NOT (D1)) (AND ((NOT (A0)) D0)) D3)))))
(CAPTURE_CANDIDATE (AND ((OR ((AND ((NOT (D2)) D3)) (AND ((NOT (A0)) D0)) D3)))))
(CAPTURE_CANDIDATE (AND ((OR (D2 (NOT (D3)) (AND ((NOT (A0)) D0)) D3)))))
(CAPTURE_CANDIDATE (AND ((OR ((AND (D1 D3)) (AND ((NOT (A0)) D0)) D3)))))
(CAPTURE_CANDIDATE (AND ((OR ((NOT (D1)) (NOT (D3)) (AND ((NOT (A0)) D0)) D3)))))
(CAPTURE_CANDIDATE (AND ((OR ((AND ((NOT (D0)) D2)) (AND ((NOT (A0)) D0)) D3)))))
(CAPTURE_CANDIDATE (AND ((OR (D0 (NOT (D2)) (AND ((NOT (A0)) D0)) D3)))))
(CAPTURE_CANDIDATE D3)
(CAPTURE_CANDIDATE (AND ((OR (A0 (NOT (D0)) D3)))))
(CAPTURE_CANDIDATE (AND ((OR (A0 (AND ((NOT (A0)) D0)) D3)))))
(CAPTURE_CANDIDATE (AND ((OR ((NOT (A0)) (AND ((NOT (A0)) D0)) D3)))))
(CAPTURE_CANDIDATE (AND ((OR (A1 (AND ((NOT (A0)) D0)) D3)))))
(CAPTURE_CANDIDATE (AND ((OR ((NOT (A1)) (AND ((NOT (A0)) D0)) D3)))))
(CAPTURE_CANDIDATE (AND ((OR (D0 (AND ((NOT (A0)) D0)) D3)))))
(CAPTURE_CANDIDATE (AND ((OR ((NOT (D0)) (AND ((NOT (A0)) D0)) D3)))))
(CAPTURE_CANDIDATE (AND ((OR (D1 (AND ((NOT (A0)) D0)) D3)))))
(CAPTURE_CANDIDATE (AND ((OR ((NOT (D1)) (AND ((NOT (A0)) D0)) D3)))))
(CAPTURE_CANDIDATE (AND ((OR (D2 (AND ((NOT (A0)) D0)) D3)))))
(CAPTURE_CANDIDATE (AND ((OR ((NOT (D2)) (AND ((NOT (A0)) D0)) D3)))))
(CAPTURE_CANDIDATE (AND ((OR (D3 (AND ((NOT (A0)) D0)) D3)))))
(CAPTURE_CANDIDATE (AND ((OR ((NOT (D3)) (AND ((NOT (A0)) D0)) D3)))))
(CAPTURE_CANDIDATE (AND ((OR ((AND ((NOT (A0)) D0)) D3 (NOT (A1)) D2)))))
(CAPTURE_CANDIDATE (AND ((OR ((AND (A1 (NOT (D2)))) (AND ((NOT (A0)) D0)) D3)))))
(CAPTURE_CANDIDATE (AND ((OR ((AND ((NOT (A0)) D0)) D3 A1 D1)))))
(CAPTURE_CANDIDATE (AND ((OR ((AND ((NOT (A1)) (NOT (D1)))) (AND ((NOT (A0)) D0)) D3)))))
(CAPTURE_CANDIDATE (AND ((OR ((AND ((NOT (A0)) D0)) D3 A0 D1)))))
(CAPTURE_CANDIDATE (AND ((OR ((AND ((NOT (A0)) (NOT (D1)))) (AND ((NOT (A0)) D0)) D3)))))
(CAPTURE_CANDIDATE (AND ((OR ((AND ((NOT (A0)) D0)) D3 (NOT (D0)) D1)))))
(CAPTURE_CANDIDATE (AND ((OR ((AND (D0 (NOT (D1)))) (AND ((NOT (A0)) D0)) D3)))))
(CAPTURE_CANDIDATE (AND ((OR ((AND ((NOT (A0)) D0)) D3 D2 D3)))))
(CAPTURE_CANDIDATE (AND ((OR ((AND ((NOT (D2)) (NOT (D3)))) (AND ((NOT (A0)) D0)) D3)))))
(CAPTURE_CANDIDATE (AND ((OR ((AND ((NOT (A0)) D0)) D3 A0 D3)))))
(CAPTURE_CANDIDATE (AND ((OR ((AND ((NOT (A0)) (NOT (D3)))) (AND ((NOT (A0)) D0)) D3)))))
(CAPTURE_CANDIDATE (AND ((OR ((AND ((NOT (A0)) D0)) D3 A0)))))
(CAPTURE_CANDIDATE (AND ((OR ((AND ((NOT (A0)) D0)) D3 (NOT (A0)))))))
(CAPTURE_CANDIDATE (AND ((OR ((AND ((NOT (A0)) D0)) D3 A1)))))
(CAPTURE_CANDIDATE (AND ((OR ((AND ((NOT (A0)) D0)) D3 (NOT (A1)))))))
(CAPTURE_CANDIDATE (AND ((OR ((AND ((NOT (A0)) D0)) D3 D0)))))
(CAPTURE_CANDIDATE (AND ((OR ((AND ((NOT (A0)) D0)) D3 (NOT (D0)))))))
(CAPTURE_CANDIDATE (AND ((OR ((AND ((NOT (A0)) D0)) D3 D1)))))
(CAPTURE_CANDIDATE (AND ((OR ((AND ((NOT (A0)) D0)) D3 (NOT (D1)))))))
(CAPTURE_CANDIDATE (AND ((OR ((AND ((NOT (A0)) D0)) D3 D2)))))
(CAPTURE_CANDIDATE (AND ((OR ((AND ((NOT (A0)) D0)) D3 (NOT (D2)))))))
(CAPTURE_CANDIDATE (AND ((OR ((AND ((NOT (A0)) D0)) D3 D3)))))
(CAPTURE_CANDIDATE (AND ((OR ((AND ((NOT (A0)) D0)) D3 (NOT (D3)))))))
(CAPTURE_CANDIDATE (AND ((OR ((AND ((NOT (A0)) D0)) D3 (AND (A1 D3)))))))
(CAPTURE_CANDIDATE (AND ((OR ((AND ((NOT (A0)) D0)) D3 (NOT (A1)) (NOT (D3)))))))
(CAPTURE_CANDIDATE (AND ((OR ((AND ((NOT (A0)) D0)) D3 (AND ((NOT (A1)) D3)))))))
(CAPTURE_CANDIDATE (AND ((OR ((AND ((NOT (A0)) D0)) D3 A1 (NOT (D3)))))))
(CAPTURE_CANDIDATE (AND ((OR ((AND ((NOT (A0)) D0)) D3 (AND (A0 D1)))))))
(CAPTURE_CANDIDATE (AND ((OR ((AND ((NOT (A0)) D0)) D3 (NOT (A0)) (NOT (D1)))))))
(CAPTURE_CANDIDATE (AND ((OR ((AND ((NOT (A0)) D0)) D3 (AND (A1 D0)))))))
(CAPTURE_CANDIDATE (AND ((OR ((AND ((NOT (A0)) D0)) D3 (NOT (A1)) (NOT (D0)))))))
(CAPTURE_CANDIDATE (AND ((OR ((AND ((NOT (A0)) D0)) D3 (AND ((NOT (D1)) D2)))))))
(CAPTURE_CANDIDATE (AND ((OR ((AND ((NOT (A0)) D0)) D3 D1 (NOT (D2)))))))
(CAPTURE_CANDIDATE (AND ((OR ((AND ((NOT (A0)) D0)) D3 (AND (D1 D3)))))))
(CAPTURE_CANDIDATE (AND ((OR ((AND ((NOT (A0)) D0)) D3 (NOT (D1)) (NOT (D3)))))))
(CAPTURE_CANDIDATE (AND ((OR ((AND ((NOT (A0)) D0)) (AND (A0 D3)))))))
(CAPTURE_CANDIDATE (AND ((NOT (A0)) (OR (D0 D3)))))
(CAPTURE_CANDIDATE (AND ((OR ((AND ((NOT (A0)) D0)) (AND (A1 D3)))))))
(CAPTURE_CANDIDATE (AND ((OR ((AND ((NOT (A0)) D0)) (AND ((NOT (A1)) D3)))))))
(CAPTURE_CANDIDATE (AND (D0 (OR ((NOT (A0)) D3)))))
(CAPTURE_CANDIDATE (AND ((OR ((AND ((NOT (A0)) D0)) (AND ((NOT (D0)) D3)))))))
(CAPTURE_CANDIDATE (AND ((OR ((AND ((NOT (A0)) D0)) (AND (D1 D3)))))))
(CAPTURE_CANDIDATE (AND ((OR ((AND ((NOT (A0)) D0)) (AND ((NOT (D1)) D3)))))))
(CAPTURE_CANDIDATE (AND ((OR ((AND ((NOT (A0)) D0)) (AND (D2 D3)))))))
(CAPTURE_CANDIDATE (AND ((OR ((AND ((NOT (A0)) D0)) (AND ((NOT (D2)) D3)))))))
(CAPTURE_CANDIDATE (AND ((NOT (A0)) D0)))
(CAPTURE_CANDIDATE (AND ((OR ((AND ((NOT (A0)) D0)) (NOT (D3)))))))
(CAPTURE_CANDIDATE (AND ((OR ((AND ((NOT (A0)) D0)) D3)))))
(CAPTURE_CANDIDATE (AND ((NOT (A0)) D0)))
(CAPTURE_CANDIDATE (AND ((OR ((AND ((NOT (A0)) D0)) (AND (D3 (OR ((NOT (A1)) D0)))))))))
(CAPTURE_CANDIDATE (AND ((OR ((AND ((NOT (A0)) D0)) (AND (D3 A1 (NOT (D0)))))))))
(CAPTURE_CANDIDATE (AND ((OR ((AND ((NOT (A0)) D0)) (AND (D3 (OR (A1 D1)))))))))
(CAPTURE_CANDIDATE (AND ((OR ((AND ((NOT (A0)) D0)) (AND (D3 (NOT (A1)) (NOT (D1)))))))))
(CAPTURE_CANDIDATE (AND ((OR ((AND ((NOT (A0)) D0)) D3)))))
(CAPTURE_CANDIDATE (AND ((NOT (A0)) D0)))
(CAPTURE_CANDIDATE (AND ((OR ((AND ((NOT (A0)) D0)) D3)))))
(CAPTURE_CANDIDATE (AND ((NOT (A0)) D0)))
(CAPTURE_CANDIDATE (AND ((OR ((AND ((NOT (A0)) D0)) D3)))))
(CAPTURE_CANDIDATE (AND ((NOT (A0)) D0)))
(CAPTURE_CANDIDATE (AND ((OR (A0 (AND ((NOT (A0)) D0)) (AND (A1 D3)))))))
(CAPTURE_CANDIDATE (AND ((OR ((NOT (A0)) (AND ((NOT (A0)) D0)) (AND (A1 D3)))))))
(CAPTURE_CANDIDATE (AND ((OR (A1 (AND ((NOT (A0)) D0)) (AND (A1 D3)))))))
(CAPTURE_CANDIDATE (AND ((OR ((NOT (A1)) (AND ((NOT (A0)) D0)) (AND (A1 D3)))))))
(CAPTURE_CANDIDATE (AND ((OR (D0 (AND ((NOT (A0)) D0)) (AND (A1 D3)))))))
(CAPTURE_CANDIDATE (AND ((OR ((NOT (D0)) (AND ((NOT (A0)) D0)) (AND (A1 D3)))))))
(CAPTURE_CANDIDATE (AND ((OR (D1 (AND ((NOT (A0)) D0)) (AND (A1 D3)))))))
(CAPTURE_CANDIDATE (AND ((OR ((NOT (D1)) (AND ((NOT (A0)) D0)) (AND (A1 D3)))))))
(CAPTURE_CANDIDATE (AND ((OR (D2 (AND ((NOT (A0)) D0)) (AND (A1 D3)))))))
(CAPTURE_CANDIDATE (AND ((OR ((NOT (D2)) (AND ((NOT (A0)) D0)) (AND (A1 D3)))))))
(CAPTURE_CANDIDATE (AND ((OR (D3 (AND ((NOT (A0)) D0)) (AND (A1 D3)))))))
(CAPTURE_CANDIDATE (AND ((OR ((NOT (D3)) (AND ((NOT (A0)) D0)) (AND (A1 D3)))))))
(CAPTURE_CANDIDATE (AND ((OR ((AND (D0 D3)) (AND ((NOT (A0)) D0)) (AND (A1 D3)))))))
(CAPTURE_CANDIDATE (AND ((OR ((NOT (D0)) (NOT (D3)) (AND ((NOT (A0)) D0)) (AND (A1 D3)))))))
(CAPTURE_CANDIDATE (AND ((OR ((AND ((NOT (D0)) D1)) (AND ((NOT (A0)) D0)) (AND (A1 D3)))))))
(CAPTURE_CANDIDATE (AND ((OR (D0 (NOT (D1)) (AND ((NOT (A0)) D0)) (AND (A1 D3)))))))
(CAPTURE_CANDIDATE (AND ((OR ((AND ((NOT (D2)) D3)) (AND ((NOT (A0)) D0)) (AND (A1 D3)))))))
(CAPTURE_CANDIDATE (AND ((OR (D2 (NOT (D3)) (AND ((NOT (A0)) D0)) (AND (A1 D3)))))))
(CAPTURE_CANDIDATE (AND ((OR ((AND (D1 D3)) (AND ((NOT (A0)) D0)) (AND (A1 D3)))))))
(CAPTURE_CANDIDATE (AND ((OR ((NOT (D1)) (NOT (D3)) (AND ((NOT (A0)) D0)) (AND (A1 D3)))))))
(CAPTURE_CANDIDATE (AND ((OR ((AND ((NOT (D0)) D2)) (AND ((NOT (A0)) D0)) (AND (A1 D3)))))))
(CAPTURE_CANDIDATE (AND ((OR (D0 (NOT (D2)) (AND ((NOT (A0)) D0)) (AND (A1 D3)))))))
(CAPTURE_CANDIDATE (AND (A1 D3)))
(CAPTURE_CANDIDATE (AND ((OR (A0 (NOT (D0)) (AND (A1 D3)))))))
(CAPTURE_CANDIDATE (AND ((OR (A0 (AND ((NOT (A0)) D0)) (AND (A1 D3)))))))
(CAPTURE_CANDIDATE (AND ((OR ((NOT (A0)) (AND ((NOT (A0)) D0)) (AND (A1 D3)))))))
(CAPTURE_CANDIDATE (AND ((OR (A1 (AND ((NOT (A0)) D0)) (AND (A1 D3)))))))
(CAPTURE_CANDIDATE (AND ((OR ((NOT (A1)) (AND ((NOT (A0)) D0)) (AND (A1 D3)))))))
(CAPTURE_CANDIDATE (AND ((OR (D0 (AND ((NOT (A0)) D0)) (AND (A1 D3)))))))
(CAPTURE_CANDIDATE (AND ((OR ((NOT (D0)) (AND ((NOT (A0)) D0)) (AND (A1 D3)))))))
(CAPTURE_CANDIDATE (AND ((OR (D1 (AND ((NOT (A0)) D0)) (AND (A1 D3)))))))
(CAPTURE_CANDIDATE (AND ((OR ((NOT (D1)) (AND ((NOT (A0)) D0)) (AND (A1 D3)))))))
(CAPTURE_CANDIDATE (AND ((OR (D2 (AND ((NOT (A0)) D0)) (AND (A1 D3)))))))
(CAPTURE_CANDIDATE (AND ((OR ((NOT (D2)) (AND ((NOT (A0)) D0)) (AND (A1 D3)))))))
(CAPTURE_CANDIDATE (AND ((OR (D3 (AND ((NOT (A0)) D0)) (AND (A1 D3)))))))
(CAPTURE_CANDIDATE (AND ((OR ((NOT (D3)) (AND ((NOT (A0)) D0)) (AND (A1 D3)))))))
(CAPTURE_CANDIDATE (AND ((OR ((AND ((NOT (A0)) D0)) (AND (A1 D3)) (NOT (A1)) D2)))))
(CAPTURE_CANDIDATE (AND ((OR ((AND (A1 (NOT (D2)))) (AND ((NOT (A0)) D0)) (AND (A1 D3)))))))
(CAPTURE_CANDIDATE (AND ((OR ((AND ((NOT (A0)) D0)) (AND (A1 D3)) A1 D1)))))
(CAPTURE_CANDIDATE (AND ((OR ((AND ((NOT (A1)) (NOT (D1)))) (AND ((NOT (A0)) D0)) (AND (A1 D3)))))))
(CAPTURE_CANDIDATE (AND ((OR ((AND ((NOT (A0)) D0)) (AND (A1 D3)) A0 D1)))))
(CAPTURE_CANDIDATE (AND ((OR ((AND ((NOT (A0)) (NOT (D1)))) (AND ((NOT (A0)) D0)) (AND (A1 D3)))))))
(CAPTURE_CANDIDATE (AND ((OR ((AND ((NOT (A0)) D0)) (AND (A1 D3)) (NOT (D0)) D1)))))
(CAPTURE_CANDIDATE (AND ((OR ((AND (D0 (NOT (D1)))) (AND ((NOT (A0)) D0)) (AND (A1 D3)))))))
(CAPTURE_CANDIDATE (AND ((OR ((AND ((NOT (A0)) D0)) (AND (A1 D3)) D2 D3)))))
(CAPTURE_CANDIDATE (AND ((OR ((AND ((NOT (D2)) (NOT (D3)))) (AND ((NOT (A0)) D0)) (AND (A1 D3)))))))
(CAPTURE_CANDIDATE (AND ((OR ((AND ((NOT (A0)) D0)) (AND (A1 D3)) A0 D3)))))
(CAPTURE_CANDIDATE (AND ((OR ((AND ((NOT (A0)) (NOT (D3)))) (AND ((NOT (A0)) D0)) (AND (A1 D3)))))))
(CAPTURE_CANDIDATE (AND ((OR ((AND ((NOT (A0)) D0)) (AND (A1 D3)) A0)))))
(CAPTURE_CANDIDATE (AND ((OR ((AND ((NOT (A0)) D0)) (AND (A1 D3)) (NOT (A0)))))))
(CAPTURE_CANDIDATE (AND ((OR ((AND ((NOT (A0)) D0)) (AND (A1 D3)) A1)))))
(CAPTURE_CANDIDATE (AND ((OR ((AND ((NOT (A0)) D0)) (AND (A1 D3)) (NOT (A1)))))))
(CAPTURE_CANDIDATE (AND ((OR ((AND ((NOT (A0)) D0)) (AND (A1 D3)) D0)))))
(CAPTURE_CANDIDATE (AND ((OR ((AND ((NOT (A0)) D0)) (AND (A1 D3)) (NOT (D0)))))))
(CAPTURE_CANDIDATE (AND ((OR ((AND ((NOT (A0)) D0)) (AND (A1 D3)) D1)))))
(CAPTURE_CANDIDATE (AND ((OR ((AND ((NOT (A0)) D0)) (AND (A1 D3)) (NOT (D1)))))))
(CAPTURE_CANDIDATE (AND ((OR ((AND ((NOT (A0)) D0)) (AND (A1 D3)) D2)))))
(CAPTURE_CANDIDATE (AND ((OR ((AND ((NOT (A0)) D0)) (AND (A1 D3)) (NOT (D2)))))))
(CAPTURE_CANDIDATE (AND ((OR ((AND ((NOT (A0)) D0)) (AND (A1 D3)) D3)))))
(CAPTURE_CANDIDATE (AND ((OR ((AND ((NOT (A0)) D0)) (AND (A1 D3)) (NOT (D3)))))))
(CAPTURE_CANDIDATE (AND ((OR ((AND ((NOT (A0)) D0)) (AND (A1 D3)) (AND (A1 D3)))))))
(CAPTURE_CANDIDATE (AND ((OR ((AND ((NOT (A0)) D0)) (AND (A1 D3)) (NOT (A1)) (NOT (D3)))))))
(CAPTURE_CANDIDATE (AND ((OR ((AND ((NOT (A0)) D0)) (AND (A1 D3)) (AND ((NOT (A1)) D3)))))))
(CAPTURE_CANDIDATE (AND ((OR ((AND ((NOT (A0)) D0)) (AND (A1 D3)) A1 (NOT (D3)))))))
(CAPTURE_CANDIDATE (AND ((OR ((AND ((NOT (A0)) D0)) (AND (A1 D3)) (AND (A0 D1)))))))
(CAPTURE_CANDIDATE (AND ((OR ((AND ((NOT (A0)) D0)) (AND (A1 D3)) (NOT (A0)) (NOT (D1)))))))
(CAPTURE_CANDIDATE (AND ((OR ((AND ((NOT (A0)) D0)) (AND (A1 D3)) (AND (A1 D0)))))))
(CAPTURE_CANDIDATE (AND ((OR ((AND ((NOT (A0)) D0)) (AND (A1 D3)) (NOT (A1)) (NOT (D0)))))))
(CAPTURE_CANDIDATE (AND ((OR ((AND ((NOT (A0)) D0)) (AND (A1 D3)) (AND ((NOT (D1)) D2)))))))
(CAPTURE_CANDIDATE (AND ((OR ((AND ((NOT (A0)) D0)) (AND (A1 D3)) D1 (NOT (D2)))))))
(CAPTURE_CANDIDATE (AND ((OR ((AND ((NOT (A0)) D0)) (AND (A1 D3)) (AND (D1 D3)))))))
(CAPTURE_CANDIDATE (AND ((OR ((AND ((NOT (A0)) D0)) (AND (A1 D3)) (NOT (D1)) (NOT (D3)))))))
(CAPTURE_CANDIDATE (AND ((OR ((AND ((NOT (A0)) D0)) (AND (A0 A1 D3)))))))
(CAPTURE_CANDIDATE (AND ((NOT (A0)) (OR (D0 (AND (A1 D3)))))))
(CAPTURE_CANDIDATE (AND ((OR ((AND ((NOT (A0)) D0)) D3)))))
(CAPTURE_CANDIDATE (AND ((OR ((AND ((NOT (A0)) D0)) (AND ((NOT (A1)) D3)))))))
(CAPTURE_CANDIDATE (AND (D0 (OR ((NOT (A0)) (AND (A1 D3)))))))
(CAPTURE_CANDIDATE (AND ((OR ((AND ((NOT (A0)) D0)) (AND (A1 (NOT (D0)) D3)))))))
(CAPTURE_CANDIDATE (AND ((OR ((AND ((NOT (A0)) D0)) (AND (A1 D1 D3)))))))
(CAPTURE_CANDIDATE (AND ((OR ((AND ((NOT (A0)) D0)) (AND (A1 (NOT (D1)) D3)))))))
(CAPTURE_CANDIDATE (AND ((OR ((AND ((NOT (A0)) D0)) (AND (A1 D2 D3)))))))
(CAPTURE_CANDIDATE (AND ((OR ((AND ((NOT (A0)) D0)) (AND (A1 (NOT (D2)) D3)))))))
(CAPTURE_CANDIDATE (AND ((OR ((AND ((NOT (A0)) D0)) A1)))))
(CAPTURE_CANDIDATE (AND ((OR ((AND ((NOT (A0)) D0)) (AND (A1 (NOT (D3)))))))))
(CAPTURE_CANDIDATE (AND ((OR ((AND ((NOT (A0)) D0)) (AND (A1 D3)))))))
(CAPTURE_CANDIDATE (AND ((NOT (A0)) D0)))
(CAPTURE_CANDIDATE (AND (D0 (OR ((NOT (A0)) (AND (A1 D3)))))))
(CAPTURE_CANDIDATE (AND ((OR ((AND ((NOT (A0)) D0)) (AND (A1 D3 A1 (NOT (D0)))))))))
(CAPTURE_CANDIDATE (AND ((OR ((AND ((NOT (A0)) D0)) (AND (A1 D3)))))))
(CAPTURE_CANDIDATE (AND ((NOT (A0)) D0)))
(CAPTURE_CANDIDATE (AND ((OR ((AND ((NOT (A0)) D0)) (AND (A1 D3)))))))
(CAPTURE_CANDIDATE (AND ((NOT (A0)) D0)))
(CAPTURE_CANDIDATE (AND ((OR ((AND ((NOT (A0)) D0)) (AND (A1 D3)))))))
(CAPTURE_CANDIDATE (AND ((NOT (A0)) D0)))
(CAPTURE_CANDIDATE (AND ((OR ((AND ((NOT (A0)) D0)) (AND (A1 D3)))))))
(CAPTURE_CANDIDATE (AND ((NOT (A0)) D0)))
(New best score: -17.142857142857142)
""
(Iteration 6 running)
(Crossover: true)
(CenterInst: (0 0 0 0 0 0 0 0 0 0 0 1 0 0 0 0 0 0 0 0 0 0 0 0 0 0 0 0 0 0 0 0 0 0 0 0 0 1 0 0 0 1 0 0 0 0 0 0))
(size: 64)
(10296 : 115 : 2)
(CAPTURE_CANDIDATE A0)
(CAPTURE_CANDIDATE (NOT (A0)))
(CAPTURE_CANDIDATE A1)
(CAPTURE_CANDIDATE (NOT (A1)))
(CAPTURE_CANDIDATE D0)
(CAPTURE_CANDIDATE (NOT (D0)))
(CAPTURE_CANDIDATE D1)
(CAPTURE_CANDIDATE (NOT (D1)))
(CAPTURE_CANDIDATE D2)
(CAPTURE_CANDIDATE (NOT (D2)))
(CAPTURE_CANDIDATE D3)
(CAPTURE_CANDIDATE (NOT (D3)))
(CAPTURE_CANDIDATE (AND (D0 D3)))
(CAPTURE_CANDIDATE (AND ((OR ((NOT (D0)) (NOT (D3)))))))
(CAPTURE_CANDIDATE (AND ((NOT (D0)) D1)))
(CAPTURE_CANDIDATE (AND ((OR (D0 (NOT (D1)))))))
(CAPTURE_CANDIDATE (AND ((NOT (D2)) D3)))
(CAPTURE_CANDIDATE (AND ((OR (D2 (NOT (D3)))))))
(CAPTURE_CANDIDATE (AND (D1 D3)))
(CAPTURE_CANDIDATE (AND ((OR ((NOT (D1)) (NOT (D3)))))))
(CAPTURE_CANDIDATE (AND ((NOT (D0)) D2)))
(CAPTURE_CANDIDATE (AND ((OR (D0 (NOT (D2)))))))
(CAPTURE_CANDIDATE (AND ((NOT (A0)) D0)))
(CAPTURE_CANDIDATE (AND ((OR (A0 (NOT (D0)))))))
(CAPTURE_CANDIDATE A0)
(CAPTURE_CANDIDATE (NOT (A0)))
(CAPTURE_CANDIDATE A1)
(CAPTURE_CANDIDATE (NOT (A1)))
(CAPTURE_CANDIDATE D0)
(CAPTURE_CANDIDATE (NOT (D0)))
(CAPTURE_CANDIDATE D1)
(CAPTURE_CANDIDATE (NOT (D1)))
(CAPTURE_CANDIDATE D2)
(CAPTURE_CANDIDATE (NOT (D2)))
(CAPTURE_CANDIDATE D3)
(CAPTURE_CANDIDATE (NOT (D3)))
(CAPTURE_CANDIDATE (AND ((OR ((NOT (A1)) D2)))))
(CAPTURE_CANDIDATE (AND (A1 (NOT (D2)))))
(CAPTURE_CANDIDATE (AND ((OR (A1 D1)))))
(CAPTURE_CANDIDATE (AND ((NOT (A1)) (NOT (D1)))))
(CAPTURE_CANDIDATE (AND ((OR (A0 D1)))))
(CAPTURE_CANDIDATE (AND ((NOT (A0)) (NOT (D1)))))
(CAPTURE_CANDIDATE (AND ((OR ((NOT (D0)) D1)))))
(CAPTURE_CANDIDATE (AND (D0 (NOT (D1)))))
(CAPTURE_CANDIDATE (AND ((OR (D2 D3)))))
(CAPTURE_CANDIDATE (AND ((NOT (D2)) (NOT (D3)))))
(CAPTURE_CANDIDATE (AND ((OR (A0 D3)))))
(CAPTURE_CANDIDATE (AND ((NOT (A0)) (NOT (D3)))))
(CAPTURE_CANDIDATE A0)
(CAPTURE_CANDIDATE (NOT (A0)))
(CAPTURE_CANDIDATE A1)
(CAPTURE_CANDIDATE (NOT (A1)))
(CAPTURE_CANDIDATE D0)
(CAPTURE_CANDIDATE (NOT (D0)))
(CAPTURE_CANDIDATE D1)
(CAPTURE_CANDIDATE (NOT (D1)))
(CAPTURE_CANDIDATE D2)
(CAPTURE_CANDIDATE (NOT (D2)))
(CAPTURE_CANDIDATE D3)
(CAPTURE_CANDIDATE (NOT (D3)))
(CAPTURE_CANDIDATE (AND (A1 D3)))
(CAPTURE_CANDIDATE (AND ((OR ((NOT (A1)) (NOT (D3)))))))
(CAPTURE_CANDIDATE (AND ((NOT (A1)) D3)))
(CAPTURE_CANDIDATE (AND ((OR (A1 (NOT (D3)))))))
(CAPTURE_CANDIDATE (AND (A0 D1)))
(CAPTURE_CANDIDATE (AND ((OR ((NOT (A0)) (NOT (D1)))))))
(CAPTURE_CANDIDATE (AND (A1 D0)))
(CAPTURE_CANDIDATE (AND ((OR ((NOT (A1)) (NOT (D0)))))))
(CAPTURE_CANDIDATE (AND ((NOT (D1)) D2)))
(CAPTURE_CANDIDATE (AND ((OR (D1 (NOT (D2)))))))
(CAPTURE_CANDIDATE (AND (D1 D3)))
(CAPTURE_CANDIDATE (AND ((OR ((NOT (D1)) (NOT (D3)))))))
(CAPTURE_CANDIDATE A0)
(CAPTURE_CANDIDATE (NOT (A0)))
(CAPTURE_CANDIDATE A1)
(CAPTURE_CANDIDATE (NOT (A1)))
(CAPTURE_CANDIDATE D0)
(CAPTURE_CANDIDATE (NOT (D0)))
(CAPTURE_CANDIDATE D1)
(CAPTURE_CANDIDATE (NOT (D1)))
(CAPTURE_CANDIDATE D2)
(CAPTURE_CANDIDATE (NOT (D2)))
(CAPTURE_CANDIDATE D3)
(CAPTURE_CANDIDATE (NOT (D3)))
(CAPTURE_CANDIDATE (AND ((OR (D2 D3)))))
(CAPTURE_CANDIDATE (AND ((NOT (D2)) (NOT (D3)))))
(CAPTURE_CANDIDATE (AND ((OR ((NOT (A1)) D0)))))
(CAPTURE_CANDIDATE (AND (A1 (NOT (D0)))))
(CAPTURE_CANDIDATE (AND ((OR (A1 D1)))))
(CAPTURE_CANDIDATE (AND ((NOT (A1)) (NOT (D1)))))
(CAPTURE_CANDIDATE (AND ((OR ((NOT (A0)) D3)))))
(CAPTURE_CANDIDATE (AND (A0 (NOT (D3)))))
(CAPTURE_CANDIDATE (AND ((OR ((NOT (A1)) D3)))))
(CAPTURE_CANDIDATE (AND (A1 (NOT (D3)))))
(CAPTURE_CANDIDATE (AND ((OR ((NOT (D2)) D3)))))
(CAPTURE_CANDIDATE (AND (D2 (NOT (D3)))))
(CAPTURE_CANDIDATE (AND ((OR (A0 D3)))))
(CAPTURE_CANDIDATE (AND ((OR ((NOT (A0)) D3)))))
(CAPTURE_CANDIDATE (AND ((OR (A1 D3)))))
(CAPTURE_CANDIDATE (AND ((OR ((NOT (A1)) D3)))))
(CAPTURE_CANDIDATE (AND ((OR (D0 D3)))))
(CAPTURE_CANDIDATE (AND ((OR ((NOT (D0)) D3)))))
(CAPTURE_CANDIDATE (AND ((OR (D1 D3)))))
(CAPTURE_CANDIDATE (AND ((OR ((NOT (D1)) D3)))))
(CAPTURE_CANDIDATE (AND ((OR (D2 D3)))))
(CAPTURE_CANDIDATE (AND ((OR ((NOT (D2)) D3)))))
(CAPTURE_CANDIDATE D3)
(CAPTURE_CANDIDATE (AND ((OR ((NOT (D3)) D3)))))
(CAPTURE_CANDIDATE (AND (D3 D0)))
(CAPTURE_CANDIDATE (AND ((OR ((NOT (D0)) (NOT (D3)) D3)))))
(CAPTURE_CANDIDATE (AND ((OR ((AND ((NOT (D0)) D1)) D3)))))
(CAPTURE_CANDIDATE (AND ((OR (D0 (NOT (D1)) D3)))))
(CAPTURE_CANDIDATE (AND (D3 (NOT (D2)))))
(CAPTURE_CANDIDATE (AND ((OR (D2 (NOT (D3)) D3)))))
(CAPTURE_CANDIDATE (AND (D3 D1)))
(CAPTURE_CANDIDATE (AND ((OR ((NOT (D1)) (NOT (D3)) D3)))))
(CAPTURE_CANDIDATE (AND ((OR ((AND ((NOT (D0)) D2)) D3)))))
(CAPTURE_CANDIDATE (AND ((OR (D0 (NOT (D2)) D3)))))
(CAPTURE_CANDIDATE (AND ((OR ((AND ((NOT (A0)) D0)) D3)))))
(CAPTURE_CANDIDATE (AND ((OR (A0 (NOT (D0)) D3)))))
(CAPTURE_CANDIDATE (AND ((OR (A0 D3)))))
(CAPTURE_CANDIDATE (AND ((OR ((NOT (A0)) D3)))))
(CAPTURE_CANDIDATE (AND ((OR (A1 D3)))))
(CAPTURE_CANDIDATE (AND ((OR ((NOT (A1)) D3)))))
(CAPTURE_CANDIDATE (AND ((OR (D0 D3)))))
(CAPTURE_CANDIDATE (AND ((OR ((NOT (D0)) D3)))))
(CAPTURE_CANDIDATE (AND ((OR (D1 D3)))))
(CAPTURE_CANDIDATE (AND ((OR ((NOT (D1)) D3)))))
(CAPTURE_CANDIDATE (AND ((OR (D2 D3)))))
(CAPTURE_CANDIDATE (AND ((OR ((NOT (D2)) D3)))))
(CAPTURE_CANDIDATE D3)
(CAPTURE_CANDIDATE (AND ((OR ((NOT (D3)) D3)))))
(CAPTURE_CANDIDATE (AND ((OR (D3 (NOT (A1)) D2)))))
(CAPTURE_CANDIDATE (AND ((OR ((AND (A1 (NOT (D2)))) D3)))))
(CAPTURE_CANDIDATE (AND ((OR (D3 A1 D1)))))
(CAPTURE_CANDIDATE (AND ((OR ((AND ((NOT (A1)) (NOT (D1)))) D3)))))
(CAPTURE_CANDIDATE (AND ((OR (D3 A0 D1)))))
(CAPTURE_CANDIDATE (AND ((OR ((AND ((NOT (A0)) (NOT (D1)))) D3)))))
(CAPTURE_CANDIDATE (AND ((OR (D3 (NOT (D0)) D1)))))
(CAPTURE_CANDIDATE (AND ((OR ((AND (D0 (NOT (D1)))) D3)))))
(CAPTURE_CANDIDATE (AND ((OR (D3 D2 D3)))))
(CAPTURE_CANDIDATE (AND ((OR ((AND ((NOT (D2)) (NOT (D3)))) D3)))))
(CAPTURE_CANDIDATE (AND ((OR (D3 A0 D3)))))
(CAPTURE_CANDIDATE (AND ((OR ((AND ((NOT (A0)) (NOT (D3)))) D3)))))
(CAPTURE_CANDIDATE (AND ((OR (D3 A0)))))
(CAPTURE_CANDIDATE (AND ((OR (D3 (NOT (A0)))))))
(CAPTURE_CANDIDATE (AND ((OR (D3 A1)))))
(CAPTURE_CANDIDATE (AND ((OR (D3 (NOT (A1)))))))
(CAPTURE_CANDIDATE (AND ((OR (D3 D0)))))
(CAPTURE_CANDIDATE (AND ((OR (D3 (NOT (D0)))))))
(CAPTURE_CANDIDATE (AND ((OR (D3 D1)))))
(CAPTURE_CANDIDATE (AND ((OR (D3 (NOT (D1)))))))
(CAPTURE_CANDIDATE (AND ((OR (D3 D2)))))
(CAPTURE_CANDIDATE (AND ((OR (D3 (NOT (D2)))))))
(CAPTURE_CANDIDATE D3)
(CAPTURE_CANDIDATE (AND ((OR (D3 (NOT (D3)))))))
(CAPTURE_CANDIDATE (AND (D3 A1)))
(CAPTURE_CANDIDATE (AND ((OR (D3 (NOT (A1)) (NOT (D3)))))))
(CAPTURE_CANDIDATE (AND (D3 (NOT (A1)))))
(CAPTURE_CANDIDATE (AND ((OR (D3 A1 (NOT (D3)))))))
(CAPTURE_CANDIDATE (AND ((OR (D3 (AND (A0 D1)))))))
(CAPTURE_CANDIDATE (AND ((OR (D3 (NOT (A0)) (NOT (D1)))))))
(CAPTURE_CANDIDATE (AND ((OR (D3 (AND (A1 D0)))))))
(CAPTURE_CANDIDATE (AND ((OR (D3 (NOT (A1)) (NOT (D0)))))))
(CAPTURE_CANDIDATE (AND ((OR (D3 (AND ((NOT (D1)) D2)))))))
(CAPTURE_CANDIDATE (AND ((OR (D3 D1 (NOT (D2)))))))
(CAPTURE_CANDIDATE (AND (D3 D1)))
(CAPTURE_CANDIDATE (AND ((OR (D3 (NOT (D1)) (NOT (D3)))))))
(CAPTURE_CANDIDATE (AND (A0 D3)))
(CAPTURE_CANDIDATE (AND ((NOT (A0)) D3)))
(CAPTURE_CANDIDATE (AND (A1 D3)))
(CAPTURE_CANDIDATE (AND ((NOT (A1)) D3)))
(CAPTURE_CANDIDATE (AND (D0 D3)))
(CAPTURE_CANDIDATE (AND ((NOT (D0)) D3)))
(CAPTURE_CANDIDATE (AND (D1 D3)))
(CAPTURE_CANDIDATE (AND ((NOT (D1)) D3)))
(CAPTURE_CANDIDATE (AND (D2 D3)))
(CAPTURE_CANDIDATE (AND ((NOT (D2)) D3)))
(CAPTURE_CANDIDATE (NOT (D3)))
(CAPTURE_CANDIDATE D3)
(CAPTURE_CANDIDATE (AND (D3 (OR ((NOT (A1)) D0)))))
(CAPTURE_CANDIDATE (AND (D3 A1 (NOT (D0)))))
(CAPTURE_CANDIDATE (AND (D3 (OR (A1 D1)))))
(CAPTURE_CANDIDATE (AND (D3 (NOT (A1)) (NOT (D1)))))
(CAPTURE_CANDIDATE D3)
(CAPTURE_CANDIDATE D3)
(CAPTURE_CANDIDATE D3)
(CAPTURE_CANDIDATE (AND ((OR (A0 (AND ((NOT (A0)) D0)) D3)))))
(CAPTURE_CANDIDATE (AND ((OR ((NOT (A0)) (AND ((NOT (A0)) D0)) D3)))))
(CAPTURE_CANDIDATE (AND ((OR (A1 (AND ((NOT (A0)) D0)) D3)))))
(CAPTURE_CANDIDATE (AND ((OR ((NOT (A1)) (AND ((NOT (A0)) D0)) D3)))))
(CAPTURE_CANDIDATE (AND ((OR (D0 (AND ((NOT (A0)) D0)) D3)))))
(CAPTURE_CANDIDATE (AND ((OR ((NOT (D0)) (AND ((NOT (A0)) D0)) D3)))))
(CAPTURE_CANDIDATE (AND ((OR (D1 (AND ((NOT (A0)) D0)) D3)))))
(CAPTURE_CANDIDATE (AND ((OR ((NOT (D1)) (AND ((NOT (A0)) D0)) D3)))))
(CAPTURE_CANDIDATE (AND ((OR (D2 (AND ((NOT (A0)) D0)) D3)))))
(CAPTURE_CANDIDATE (AND ((OR ((NOT (D2)) (AND ((NOT (A0)) D0)) D3)))))
(CAPTURE_CANDIDATE (AND ((OR (D3 (AND ((NOT (A0)) D0)) D3)))))
(CAPTURE_CANDIDATE (AND ((OR ((NOT (D3)) (AND ((NOT (A0)) D0)) D3)))))
(CAPTURE_CANDIDATE (AND ((OR ((AND (D0 D3)) (AND ((NOT (A0)) D0)) D3)))))
(CAPTURE_CANDIDATE (AND ((OR ((NOT (D0)) (NOT (D3)) (AND ((NOT (A0)) D0)) D3)))))
(CAPTURE_CANDIDATE (AND ((OR ((AND ((NOT (D0)) D1)) (AND ((NOT (A0)) D0)) D3)))))
(CAPTURE_CANDIDATE (AND ((OR (D0 (NOT (D1)) (AND ((NOT (A0)) D0)) D3)))))
(CAPTURE_CANDIDATE (AND ((OR ((AND ((NOT (D2)) D3)) (AND ((NOT (A0)) D0)) D3)))))
(CAPTURE_CANDIDATE (AND ((OR (D2 (NOT (D3)) (AND ((NOT (A0)) D0)) D3)))))
(CAPTURE_CANDIDATE (AND ((OR ((AND (D1 D3)) (AND ((NOT (A0)) D0)) D3)))))
(CAPTURE_CANDIDATE (AND ((OR ((NOT (D1)) (NOT (D3)) (AND ((NOT (A0)) D0)) D3)))))
(CAPTURE_CANDIDATE (AND ((OR ((AND ((NOT (D0)) D2)) (AND ((NOT (A0)) D0)) D3)))))
(CAPTURE_CANDIDATE (AND ((OR (D0 (NOT (D2)) (AND ((NOT (A0)) D0)) D3)))))
(CAPTURE_CANDIDATE D3)
(CAPTURE_CANDIDATE (AND ((OR (A0 (NOT (D0)) D3)))))
(CAPTURE_CANDIDATE (AND ((OR (A0 (AND ((NOT (A0)) D0)) D3)))))
(CAPTURE_CANDIDATE (AND ((OR ((NOT (A0)) (AND ((NOT (A0)) D0)) D3)))))
(CAPTURE_CANDIDATE (AND ((OR (A1 (AND ((NOT (A0)) D0)) D3)))))
(CAPTURE_CANDIDATE (AND ((OR ((NOT (A1)) (AND ((NOT (A0)) D0)) D3)))))
(CAPTURE_CANDIDATE (AND ((OR (D0 (AND ((NOT (A0)) D0)) D3)))))
(CAPTURE_CANDIDATE (AND ((OR ((NOT (D0)) (AND ((NOT (A0)) D0)) D3)))))
(CAPTURE_CANDIDATE (AND ((OR (D1 (AND ((NOT (A0)) D0)) D3)))))
(CAPTURE_CANDIDATE (AND ((OR ((NOT (D1)) (AND ((NOT (A0)) D0)) D3)))))
(CAPTURE_CANDIDATE (AND ((OR (D2 (AND ((NOT (A0)) D0)) D3)))))
(CAPTURE_CANDIDATE (AND ((OR ((NOT (D2)) (AND ((NOT (A0)) D0)) D3)))))
(CAPTURE_CANDIDATE (AND ((OR (D3 (AND ((NOT (A0)) D0)) D3)))))
(CAPTURE_CANDIDATE (AND ((OR ((NOT (D3)) (AND ((NOT (A0)) D0)) D3)))))
(CAPTURE_CANDIDATE (AND ((OR ((AND ((NOT (A0)) D0)) D3 (NOT (A1)) D2)))))
(CAPTURE_CANDIDATE (AND ((OR ((AND (A1 (NOT (D2)))) (AND ((NOT (A0)) D0)) D3)))))
(CAPTURE_CANDIDATE (AND ((OR ((AND ((NOT (A0)) D0)) D3 A1 D1)))))
(CAPTURE_CANDIDATE (AND ((OR ((AND ((NOT (A1)) (NOT (D1)))) (AND ((NOT (A0)) D0)) D3)))))
(CAPTURE_CANDIDATE (AND ((OR ((AND ((NOT (A0)) D0)) D3 A0 D1)))))
(CAPTURE_CANDIDATE (AND ((OR ((AND ((NOT (A0)) (NOT (D1)))) (AND ((NOT (A0)) D0)) D3)))))
(CAPTURE_CANDIDATE (AND ((OR ((AND ((NOT (A0)) D0)) D3 (NOT (D0)) D1)))))
(CAPTURE_CANDIDATE (AND ((OR ((AND (D0 (NOT (D1)))) (AND ((NOT (A0)) D0)) D3)))))
(CAPTURE_CANDIDATE (AND ((OR ((AND ((NOT (A0)) D0)) D3 D2 D3)))))
(CAPTURE_CANDIDATE (AND ((OR ((AND ((NOT (D2)) (NOT (D3)))) (AND ((NOT (A0)) D0)) D3)))))
(CAPTURE_CANDIDATE (AND ((OR ((AND ((NOT (A0)) D0)) D3 A0 D3)))))
(CAPTURE_CANDIDATE (AND ((OR ((AND ((NOT (A0)) (NOT (D3)))) (AND ((NOT (A0)) D0)) D3)))))
(CAPTURE_CANDIDATE (AND ((OR ((AND ((NOT (A0)) D0)) D3 A0)))))
(CAPTURE_CANDIDATE (AND ((OR ((AND ((NOT (A0)) D0)) D3 (NOT (A0)))))))
(CAPTURE_CANDIDATE (AND ((OR ((AND ((NOT (A0)) D0)) D3 A1)))))
(CAPTURE_CANDIDATE (AND ((OR ((AND ((NOT (A0)) D0)) D3 (NOT (A1)))))))
(CAPTURE_CANDIDATE (AND ((OR ((AND ((NOT (A0)) D0)) D3 D0)))))
(CAPTURE_CANDIDATE (AND ((OR ((AND ((NOT (A0)) D0)) D3 (NOT (D0)))))))
(CAPTURE_CANDIDATE (AND ((OR ((AND ((NOT (A0)) D0)) D3 D1)))))
(CAPTURE_CANDIDATE (AND ((OR ((AND ((NOT (A0)) D0)) D3 (NOT (D1)))))))
(CAPTURE_CANDIDATE (AND ((OR ((AND ((NOT (A0)) D0)) D3 D2)))))
(CAPTURE_CANDIDATE (AND ((OR ((AND ((NOT (A0)) D0)) D3 (NOT (D2)))))))
(CAPTURE_CANDIDATE (AND ((OR ((AND ((NOT (A0)) D0)) D3 D3)))))
(CAPTURE_CANDIDATE (AND ((OR ((AND ((NOT (A0)) D0)) D3 (NOT (D3)))))))
(CAPTURE_CANDIDATE (AND ((OR ((AND ((NOT (A0)) D0)) D3 (AND (A1 D3)))))))
(CAPTURE_CANDIDATE (AND ((OR ((AND ((NOT (A0)) D0)) D3 (NOT (A1)) (NOT (D3)))))))
(CAPTURE_CANDIDATE (AND ((OR ((AND ((NOT (A0)) D0)) D3 (AND ((NOT (A1)) D3)))))))
(CAPTURE_CANDIDATE (AND ((OR ((AND ((NOT (A0)) D0)) D3 A1 (NOT (D3)))))))
(CAPTURE_CANDIDATE (AND ((OR ((AND ((NOT (A0)) D0)) D3 (AND (A0 D1)))))))
(CAPTURE_CANDIDATE (AND ((OR ((AND ((NOT (A0)) D0)) D3 (NOT (A0)) (NOT (D1)))))))
(CAPTURE_CANDIDATE (AND ((OR ((AND ((NOT (A0)) D0)) D3 (AND (A1 D0)))))))
(CAPTURE_CANDIDATE (AND ((OR ((AND ((NOT (A0)) D0)) D3 (NOT (A1)) (NOT (D0)))))))
(CAPTURE_CANDIDATE (AND ((OR ((AND ((NOT (A0)) D0)) D3 (AND ((NOT (D1)) D2)))))))
(CAPTURE_CANDIDATE (AND ((OR ((AND ((NOT (A0)) D0)) D3 D1 (NOT (D2)))))))
(CAPTURE_CANDIDATE (AND ((OR ((AND ((NOT (A0)) D0)) D3 (AND (D1 D3)))))))
(CAPTURE_CANDIDATE (AND ((OR ((AND ((NOT (A0)) D0)) D3 (NOT (D1)) (NOT (D3)))))))
(CAPTURE_CANDIDATE (AND ((OR ((AND ((NOT (A0)) D0)) (AND (A0 D3)))))))
(CAPTURE_CANDIDATE (AND ((NOT (A0)) (OR (D0 D3)))))
(CAPTURE_CANDIDATE (AND ((OR ((AND ((NOT (A0)) D0)) (AND (A1 D3)))))))
(CAPTURE_CANDIDATE (AND ((OR ((AND ((NOT (A0)) D0)) (AND ((NOT (A1)) D3)))))))
(CAPTURE_CANDIDATE (AND (D0 (OR ((NOT (A0)) D3)))))
(CAPTURE_CANDIDATE (AND ((OR ((AND ((NOT (A0)) D0)) (AND ((NOT (D0)) D3)))))))
(CAPTURE_CANDIDATE (AND ((OR ((AND ((NOT (A0)) D0)) (AND (D1 D3)))))))
(CAPTURE_CANDIDATE (AND ((OR ((AND ((NOT (A0)) D0)) (AND ((NOT (D1)) D3)))))))
(CAPTURE_CANDIDATE (AND ((OR ((AND ((NOT (A0)) D0)) (AND (D2 D3)))))))
(CAPTURE_CANDIDATE (AND ((OR ((AND ((NOT (A0)) D0)) (AND ((NOT (D2)) D3)))))))
(CAPTURE_CANDIDATE (AND ((NOT (A0)) D0)))
(CAPTURE_CANDIDATE (AND ((OR ((AND ((NOT (A0)) D0)) (NOT (D3)))))))
(CAPTURE_CANDIDATE (AND ((OR ((AND ((NOT (A0)) D0)) D3)))))
(CAPTURE_CANDIDATE (AND ((NOT (A0)) D0)))
(CAPTURE_CANDIDATE (AND ((OR ((AND ((NOT (A0)) D0)) (AND (D3 (OR ((NOT (A1)) D0)))))))))
(CAPTURE_CANDIDATE (AND ((OR ((AND ((NOT (A0)) D0)) (AND (D3 A1 (NOT (D0)))))))))
(CAPTURE_CANDIDATE (AND ((OR ((AND ((NOT (A0)) D0)) (AND (D3 (OR (A1 D1)))))))))
(CAPTURE_CANDIDATE (AND ((OR ((AND ((NOT (A0)) D0)) (AND (D3 (NOT (A1)) (NOT (D1)))))))))
(CAPTURE_CANDIDATE (AND ((OR ((AND ((NOT (A0)) D0)) D3)))))
(CAPTURE_CANDIDATE (AND ((NOT (A0)) D0)))
(CAPTURE_CANDIDATE (AND ((OR ((AND ((NOT (A0)) D0)) D3)))))
(CAPTURE_CANDIDATE (AND ((NOT (A0)) D0)))
(CAPTURE_CANDIDATE (AND ((OR ((AND ((NOT (A0)) D0)) D3)))))
(CAPTURE_CANDIDATE (AND ((NOT (A0)) D0)))
(CAPTURE_CANDIDATE (AND ((OR (A0 (AND ((NOT (A0)) D0)) (AND (A1 D3)))))))
(CAPTURE_CANDIDATE (AND ((OR ((NOT (A0)) (AND ((NOT (A0)) D0)) (AND (A1 D3)))))))
(CAPTURE_CANDIDATE (AND ((OR (A1 (AND ((NOT (A0)) D0)) (AND (A1 D3)))))))
(CAPTURE_CANDIDATE (AND ((OR ((NOT (A1)) (AND ((NOT (A0)) D0)) (AND (A1 D3)))))))
(CAPTURE_CANDIDATE (AND ((OR (D0 (AND ((NOT (A0)) D0)) (AND (A1 D3)))))))
(CAPTURE_CANDIDATE (AND ((OR ((NOT (D0)) (AND ((NOT (A0)) D0)) (AND (A1 D3)))))))
(CAPTURE_CANDIDATE (AND ((OR (D1 (AND ((NOT (A0)) D0)) (AND (A1 D3)))))))
(CAPTURE_CANDIDATE (AND ((OR ((NOT (D1)) (AND ((NOT (A0)) D0)) (AND (A1 D3)))))))
(CAPTURE_CANDIDATE (AND ((OR (D2 (AND ((NOT (A0)) D0)) (AND (A1 D3)))))))
(CAPTURE_CANDIDATE (AND ((OR ((NOT (D2)) (AND ((NOT (A0)) D0)) (AND (A1 D3)))))))
(CAPTURE_CANDIDATE (AND ((OR (D3 (AND ((NOT (A0)) D0)) (AND (A1 D3)))))))
(CAPTURE_CANDIDATE (AND ((OR ((NOT (D3)) (AND ((NOT (A0)) D0)) (AND (A1 D3)))))))
(CAPTURE_CANDIDATE (AND ((OR ((AND (D0 D3)) (AND ((NOT (A0)) D0)) (AND (A1 D3)))))))
(CAPTURE_CANDIDATE (AND ((OR ((NOT (D0)) (NOT (D3)) (AND ((NOT (A0)) D0)) (AND (A1 D3)))))))
(CAPTURE_CANDIDATE (AND ((OR ((AND ((NOT (D0)) D1)) (AND ((NOT (A0)) D0)) (AND (A1 D3)))))))
(CAPTURE_CANDIDATE (AND ((OR (D0 (NOT (D1)) (AND ((NOT (A0)) D0)) (AND (A1 D3)))))))
(CAPTURE_CANDIDATE (AND ((OR ((AND ((NOT (D2)) D3)) (AND ((NOT (A0)) D0)) (AND (A1 D3)))))))
(CAPTURE_CANDIDATE (AND ((OR (D2 (NOT (D3)) (AND ((NOT (A0)) D0)) (AND (A1 D3)))))))
(CAPTURE_CANDIDATE (AND ((OR ((AND (D1 D3)) (AND ((NOT (A0)) D0)) (AND (A1 D3)))))))
(CAPTURE_CANDIDATE (AND ((OR ((NOT (D1)) (NOT (D3)) (AND ((NOT (A0)) D0)) (AND (A1 D3)))))))
(CAPTURE_CANDIDATE (AND ((OR ((AND ((NOT (D0)) D2)) (AND ((NOT (A0)) D0)) (AND (A1 D3)))))))
(CAPTURE_CANDIDATE (AND ((OR (D0 (NOT (D2)) (AND ((NOT (A0)) D0)) (AND (A1 D3)))))))
(CAPTURE_CANDIDATE (AND (A1 D3)))
(CAPTURE_CANDIDATE (AND ((OR (A0 (NOT (D0)) (AND (A1 D3)))))))
(CAPTURE_CANDIDATE (AND ((OR (A0 (AND ((NOT (A0)) D0)) (AND (A1 D3)))))))
(CAPTURE_CANDIDATE (AND ((OR ((NOT (A0)) (AND ((NOT (A0)) D0)) (AND (A1 D3)))))))
(CAPTURE_CANDIDATE (AND ((OR (A1 (AND ((NOT (A0)) D0)) (AND (A1 D3)))))))
(CAPTURE_CANDIDATE (AND ((OR ((NOT (A1)) (AND ((NOT (A0)) D0)) (AND (A1 D3)))))))
(CAPTURE_CANDIDATE (AND ((OR (D0 (AND ((NOT (A0)) D0)) (AND (A1 D3)))))))
(CAPTURE_CANDIDATE (AND ((OR ((NOT (D0)) (AND ((NOT (A0)) D0)) (AND (A1 D3)))))))
(CAPTURE_CANDIDATE (AND ((OR (D1 (AND ((NOT (A0)) D0)) (AND (A1 D3)))))))
(CAPTURE_CANDIDATE (AND ((OR ((NOT (D1)) (AND ((NOT (A0)) D0)) (AND (A1 D3)))))))
(CAPTURE_CANDIDATE (AND ((OR (D2 (AND ((NOT (A0)) D0)) (AND (A1 D3)))))))
(CAPTURE_CANDIDATE (AND ((OR ((NOT (D2)) (AND ((NOT (A0)) D0)) (AND (A1 D3)))))))
(CAPTURE_CANDIDATE (AND ((OR (D3 (AND ((NOT (A0)) D0)) (AND (A1 D3)))))))
(CAPTURE_CANDIDATE (AND ((OR ((NOT (D3)) (AND ((NOT (A0)) D0)) (AND (A1 D3)))))))
(CAPTURE_CANDIDATE (AND ((OR ((AND ((NOT (A0)) D0)) (AND (A1 D3)) (NOT (A1)) D2)))))
(CAPTURE_CANDIDATE (AND ((OR ((AND (A1 (NOT (D2)))) (AND ((NOT (A0)) D0)) (AND (A1 D3)))))))
(CAPTURE_CANDIDATE (AND ((OR ((AND ((NOT (A0)) D0)) (AND (A1 D3)) A1 D1)))))
(CAPTURE_CANDIDATE (AND ((OR ((AND ((NOT (A1)) (NOT (D1)))) (AND ((NOT (A0)) D0)) (AND (A1 D3)))))))
(CAPTURE_CANDIDATE (AND ((OR ((AND ((NOT (A0)) D0)) (AND (A1 D3)) A0 D1)))))
(CAPTURE_CANDIDATE (AND ((OR ((AND ((NOT (A0)) (NOT (D1)))) (AND ((NOT (A0)) D0)) (AND (A1 D3)))))))
(CAPTURE_CANDIDATE (AND ((OR ((AND ((NOT (A0)) D0)) (AND (A1 D3)) (NOT (D0)) D1)))))
(CAPTURE_CANDIDATE (AND ((OR ((AND (D0 (NOT (D1)))) (AND ((NOT (A0)) D0)) (AND (A1 D3)))))))
(CAPTURE_CANDIDATE (AND ((OR ((AND ((NOT (A0)) D0)) (AND (A1 D3)) D2 D3)))))
(CAPTURE_CANDIDATE (AND ((OR ((AND ((NOT (D2)) (NOT (D3)))) (AND ((NOT (A0)) D0)) (AND (A1 D3)))))))
(CAPTURE_CANDIDATE (AND ((OR ((AND ((NOT (A0)) D0)) (AND (A1 D3)) A0 D3)))))
(CAPTURE_CANDIDATE (AND ((OR ((AND ((NOT (A0)) (NOT (D3)))) (AND ((NOT (A0)) D0)) (AND (A1 D3)))))))
(CAPTURE_CANDIDATE (AND ((OR ((AND ((NOT (A0)) D0)) (AND (A1 D3)) A0)))))
(CAPTURE_CANDIDATE (AND ((OR ((AND ((NOT (A0)) D0)) (AND (A1 D3)) (NOT (A0)))))))
(CAPTURE_CANDIDATE (AND ((OR ((AND ((NOT (A0)) D0)) (AND (A1 D3)) A1)))))
(CAPTURE_CANDIDATE (AND ((OR ((AND ((NOT (A0)) D0)) (AND (A1 D3)) (NOT (A1)))))))
(CAPTURE_CANDIDATE (AND ((OR ((AND ((NOT (A0)) D0)) (AND (A1 D3)) D0)))))
(CAPTURE_CANDIDATE (AND ((OR ((AND ((NOT (A0)) D0)) (AND (A1 D3)) (NOT (D0)))))))
(CAPTURE_CANDIDATE (AND ((OR ((AND ((NOT (A0)) D0)) (AND (A1 D3)) D1)))))
(CAPTURE_CANDIDATE (AND ((OR ((AND ((NOT (A0)) D0)) (AND (A1 D3)) (NOT (D1)))))))
(CAPTURE_CANDIDATE (AND ((OR ((AND ((NOT (A0)) D0)) (AND (A1 D3)) D2)))))
(CAPTURE_CANDIDATE (AND ((OR ((AND ((NOT (A0)) D0)) (AND (A1 D3)) (NOT (D2)))))))
(CAPTURE_CANDIDATE (AND ((OR ((AND ((NOT (A0)) D0)) (AND (A1 D3)) D3)))))
(CAPTURE_CANDIDATE (AND ((OR ((AND ((NOT (A0)) D0)) (AND (A1 D3)) (NOT (D3)))))))
(CAPTURE_CANDIDATE (AND ((OR ((AND ((NOT (A0)) D0)) (AND (A1 D3)) (AND (A1 D3)))))))
(CAPTURE_CANDIDATE (AND ((OR ((AND ((NOT (A0)) D0)) (AND (A1 D3)) (NOT (A1)) (NOT (D3)))))))
(CAPTURE_CANDIDATE (AND ((OR ((AND ((NOT (A0)) D0)) (AND (A1 D3)) (AND ((NOT (A1)) D3)))))))
(CAPTURE_CANDIDATE (AND ((OR ((AND ((NOT (A0)) D0)) (AND (A1 D3)) A1 (NOT (D3)))))))
(CAPTURE_CANDIDATE (AND ((OR ((AND ((NOT (A0)) D0)) (AND (A1 D3)) (AND (A0 D1)))))))
(CAPTURE_CANDIDATE (AND ((OR ((AND ((NOT (A0)) D0)) (AND (A1 D3)) (NOT (A0)) (NOT (D1)))))))
(CAPTURE_CANDIDATE (AND ((OR ((AND ((NOT (A0)) D0)) (AND (A1 D3)) (AND (A1 D0)))))))
(CAPTURE_CANDIDATE (AND ((OR ((AND ((NOT (A0)) D0)) (AND (A1 D3)) (NOT (A1)) (NOT (D0)))))))
(CAPTURE_CANDIDATE (AND ((OR ((AND ((NOT (A0)) D0)) (AND (A1 D3)) (AND ((NOT (D1)) D2)))))))
(CAPTURE_CANDIDATE (AND ((OR ((AND ((NOT (A0)) D0)) (AND (A1 D3)) D1 (NOT (D2)))))))
(CAPTURE_CANDIDATE (AND ((OR ((AND ((NOT (A0)) D0)) (AND (A1 D3)) (AND (D1 D3)))))))
(CAPTURE_CANDIDATE (AND ((OR ((AND ((NOT (A0)) D0)) (AND (A1 D3)) (NOT (D1)) (NOT (D3)))))))
(CAPTURE_CANDIDATE (AND ((OR ((AND ((NOT (A0)) D0)) (AND (A0 A1 D3)))))))
(CAPTURE_CANDIDATE (AND ((NOT (A0)) (OR (D0 (AND (A1 D3)))))))
(CAPTURE_CANDIDATE (AND ((OR ((AND ((NOT (A0)) D0)) D3)))))
(CAPTURE_CANDIDATE (AND ((OR ((AND ((NOT (A0)) D0)) (AND ((NOT (A1)) D3)))))))
(CAPTURE_CANDIDATE (AND (D0 (OR ((NOT (A0)) (AND (A1 D3)))))))
(CAPTURE_CANDIDATE (AND ((OR ((AND ((NOT (A0)) D0)) (AND (A1 (NOT (D0)) D3)))))))
(CAPTURE_CANDIDATE (AND ((OR ((AND ((NOT (A0)) D0)) (AND (A1 D1 D3)))))))
(CAPTURE_CANDIDATE (AND ((OR ((AND ((NOT (A0)) D0)) (AND (A1 (NOT (D1)) D3)))))))
(CAPTURE_CANDIDATE (AND ((OR ((AND ((NOT (A0)) D0)) (AND (A1 D2 D3)))))))
(CAPTURE_CANDIDATE (AND ((OR ((AND ((NOT (A0)) D0)) (AND (A1 (NOT (D2)) D3)))))))
(CAPTURE_CANDIDATE (AND ((OR ((AND ((NOT (A0)) D0)) A1)))))
(CAPTURE_CANDIDATE (AND ((OR ((AND ((NOT (A0)) D0)) (AND (A1 (NOT (D3)))))))))
(CAPTURE_CANDIDATE (AND ((OR ((AND ((NOT (A0)) D0)) (AND (A1 D3)))))))
(CAPTURE_CANDIDATE (AND ((NOT (A0)) D0)))
(CAPTURE_CANDIDATE (AND (D0 (OR ((NOT (A0)) (AND (A1 D3)))))))
(CAPTURE_CANDIDATE (AND ((OR ((AND ((NOT (A0)) D0)) (AND (A1 D3 A1 (NOT (D0)))))))))
(CAPTURE_CANDIDATE (AND ((OR ((AND ((NOT (A0)) D0)) (AND (A1 D3)))))))
(CAPTURE_CANDIDATE (AND ((NOT (A0)) D0)))
(CAPTURE_CANDIDATE (AND ((OR ((AND ((NOT (A0)) D0)) (AND (A1 D3)))))))
(CAPTURE_CANDIDATE (AND ((NOT (A0)) D0)))
(CAPTURE_CANDIDATE (AND ((OR ((AND ((NOT (A0)) D0)) (AND (A1 D3)))))))
(CAPTURE_CANDIDATE (AND ((NOT (A0)) D0)))
(CAPTURE_CANDIDATE (AND ((OR ((AND ((NOT (A0)) D0)) (AND (A1 D3)))))))
(CAPTURE_CANDIDATE (AND ((NOT (A0)) D0)))
(CAPTURE_CANDIDATE (AND ((OR ((AND ((NOT (A0)) D0)) (AND (A1 D3)))))))
(CAPTURE_CANDIDATE (AND ((OR ((AND ((NOT (A0)) D0)) (AND (A1 D3)))))))
(CAPTURE_CANDIDATE (AND ((OR ((AND ((NOT (A0)) D0)) (AND (A1 D3)))))))
(CAPTURE_CANDIDATE (AND ((OR ((AND ((NOT (A0)) D0)) (AND (A1 D3)))))))
(CAPTURE_CANDIDATE (AND ((OR ((AND ((NOT (A0)) D0)) (AND (A1 D3)))))))
(CAPTURE_CANDIDATE (AND ((OR ((AND ((NOT (A0)) D0)) (AND (A1 D3)))))))
(CAPTURE_CANDIDATE (AND ((OR ((AND ((NOT (A0)) D0)) (AND (A1 D3)))))))
(CAPTURE_CANDIDATE (AND ((OR ((AND ((NOT (A0)) D0)) (AND (A1 D3)))))))
(CAPTURE_CANDIDATE (AND ((OR ((AND ((NOT (A0)) D0)) (AND (A1 D3)))))))
(CAPTURE_CANDIDATE (AND ((OR ((AND ((NOT (A0)) D0)) (AND (A1 D3)))))))
(CAPTURE_CANDIDATE (AND ((OR ((AND ((NOT (A0)) D0)) (AND (A1 D3)))))))
(CAPTURE_CANDIDATE (AND ((OR ((AND ((NOT (A0)) D0)) (AND (A1 D3)))))))
(CAPTURE_CANDIDATE (AND ((OR ((AND ((NOT (A0)) D0)) (AND (A1 D3)))))))
(CAPTURE_CANDIDATE (AND ((OR ((AND ((NOT (A0)) D0)) (AND (A1 D3)))))))
(CAPTURE_CANDIDATE (AND ((OR ((AND ((NOT (A0)) D0)) (AND (A1 D3)))))))
(CAPTURE_CANDIDATE (AND ((OR ((AND ((NOT (A0)) D0)) (AND (A1 D3)))))))
(CAPTURE_CANDIDATE (AND ((OR ((AND ((NOT (A0)) D0)) (AND (A1 D3)))))))
(CAPTURE_CANDIDATE (AND ((OR ((AND ((NOT (A0)) D0)) (AND (A1 D3)))))))
(CAPTURE_CANDIDATE (AND ((OR ((AND ((NOT (A0)) D0)) (AND (A1 D3)))))))
(CAPTURE_CANDIDATE (AND ((OR ((AND ((NOT (A0)) D0)) (AND (A1 D3)))))))
(CAPTURE_CANDIDATE (AND ((OR ((AND ((NOT (A0)) D0)) (AND (A0 A1 D3)))))))
(CAPTURE_CANDIDATE (AND ((OR ((AND ((NOT (A0)) D0)) (AND (A0 A1 D3)))))))
(CAPTURE_CANDIDATE (AND ((OR ((AND ((NOT (A0)) D0)) (AND (A0 A1 D3)))))))
(CAPTURE_CANDIDATE (AND ((OR ((AND ((NOT (A0)) D0)) (AND (A0 A1 D3)))))))
(CAPTURE_CANDIDATE (AND ((OR ((AND ((NOT (A0)) D0)) (AND (A0 A1 D3)))))))
(CAPTURE_CANDIDATE (AND ((OR ((AND ((NOT (A0)) D0)) (AND (A1 D3)) D2)))))
(CAPTURE_CANDIDATE (AND ((OR ((AND ((NOT (A0)) D0)) (AND (A1 D3)) D2)))))
(CAPTURE_CANDIDATE (AND ((OR ((AND ((NOT (A0)) D0)) (AND (A1 D3)) D2)))))
(CAPTURE_CANDIDATE (AND ((OR ((AND ((NOT (A0)) D0)) (AND (A1 D3)) D2)))))
(CAPTURE_CANDIDATE (AND ((OR ((AND ((NOT (A0)) D0)) (AND (A1 D3)) D2)))))
(CAPTURE_CANDIDATE (AND ((OR ((AND ((NOT (A0)) D0)) (AND (A0 A1 D3)) D2)))))
(CAPTURE_CANDIDATE (AND ((OR (D2 (AND ((NOT (A0)) D0)) (AND (A1 D3)))))))
(CAPTURE_CANDIDATE (AND ((OR (D2 (AND ((NOT (A0)) D0)) (AND (A1 D3)))))))
(CAPTURE_CANDIDATE (AND ((OR (D2 (AND ((NOT (A0)) D0)) (AND (A1 D3)))))))
(CAPTURE_CANDIDATE (AND ((OR (D2 (AND ((NOT (A0)) D0)) (AND (A1 D3)))))))
(CAPTURE_CANDIDATE (AND ((OR (D2 (AND ((NOT (A0)) D0)) (AND (A1 D3)))))))
(CAPTURE_CANDIDATE (AND ((OR (D2 (AND ((NOT (A0)) D0)) (AND (A0 A1 D3)))))))
(CAPTURE_CANDIDATE (AND ((OR (D2 (AND ((NOT (A0)) D0)) (AND (A1 D3)))))))
(CAPTURE_CANDIDATE (AND ((OR (D2 (AND ((NOT (A0)) D0)) (AND (A1 D3)))))))
(CAPTURE_CANDIDATE (AND ((OR (D2 (AND ((NOT (A0)) D0)) (AND (A1 D3)))))))
(CAPTURE_CANDIDATE (AND ((OR (D2 (AND ((NOT (A0)) D0)) (AND (A1 D3)))))))
(CAPTURE_CANDIDATE (AND ((OR (D2 (AND ((NOT (A0)) D0)) (AND (A1 D3)))))))
(CAPTURE_CANDIDATE (AND ((OR (D2 (AND ((NOT (A0)) D0)) (AND (A1 D3)))))))
(CAPTURE_CANDIDATE (AND ((OR (D2 (AND ((NOT (A0)) D0)) (AND (A0 A1 D3)))))))
(CAPTURE_CANDIDATE (AND ((OR (D2 (AND ((NOT (A0)) D0)) (AND (A1 D3)) D2)))))
(CAPTURE_CANDIDATE (AND ((OR (D2 D2 (AND ((NOT (A0)) D0)) (AND (A1 D3)))))))
(CAPTURE_CANDIDATE (AND ((OR ((AND ((NOT (A0)) D0)) (AND (A1 D3)) (AND (A1 D3)))))))
(CAPTURE_CANDIDATE (AND ((OR ((AND ((NOT (A0)) D0)) (AND (A1 D3)) (AND (A1 D3)))))))
(CAPTURE_CANDIDATE (AND ((OR ((AND ((NOT (A0)) D0)) (AND (A1 D3)) (AND (A1 D3)))))))
(CAPTURE_CANDIDATE (AND ((OR ((AND (D0 D3)) (AND ((NOT (A0)) D0)) (AND (A1 D3)))))))
(CAPTURE_CANDIDATE (AND ((OR ((AND ((NOT (A0)) D0)) (AND (A1 D3)) (AND ((NOT (D1)) D2)))))))
(CAPTURE_CANDIDATE (AND ((OR ((AND ((NOT (A0)) D0)) (AND (A1 D1 D3)))))))
(CAPTURE_CANDIDATE (AND ((OR ((AND ((NOT (A0)) D0)) (AND (A1 D3)) (AND (D1 D3)))))))
(CAPTURE_CANDIDATE (AND ((OR ((AND (D0 (NOT (D1)))) (AND ((NOT (A0)) D0)) (AND (A1 D3)))))))
(CAPTURE_CANDIDATE (AND ((OR ((AND ((NOT (D0)) D2)) (AND ((NOT (A0)) D0)) (AND (A1 D3)))))))
(CAPTURE_CANDIDATE (AND ((OR ((AND (D1 D3)) (AND ((NOT (A0)) D0)) (AND (A1 D3)))))))
(CAPTURE_CANDIDATE (AND ((OR ((AND ((NOT (A0)) D0)) D3)))))
(CAPTURE_CANDIDATE (AND (D0 (OR ((NOT (A0)) (AND (A1 D3)))))))
(CAPTURE_CANDIDATE (AND (D0 (OR ((NOT (A0)) (AND (A1 D3)))))))
(CAPTURE_CANDIDATE (AND ((OR ((AND ((NOT (A0)) D0)) (AND (A1 (NOT (D2)) D3)))))))
(CAPTURE_CANDIDATE (AND ((OR ((AND ((NOT (A0)) D0)) (AND (A1 D2 D3)))))))
(CAPTURE_CANDIDATE (AND ((OR ((AND ((NOT (A0)) D0)) (AND (A1 (NOT (D0)) D3)))))))
(CAPTURE_CANDIDATE (AND ((OR ((AND ((NOT (A0)) D0)) (AND (A1 D3)) D3)))))
(CAPTURE_CANDIDATE (AND ((OR ((AND ((NOT (A0)) D0)) (AND (A1 D3)) D0)))))
(CAPTURE_CANDIDATE (AND ((OR (D3 (AND ((NOT (A0)) D0)) (AND (A1 D3)))))))
(CAPTURE_CANDIDATE (AND ((OR (D0 (AND ((NOT (A0)) D0)) (AND (A1 D3)))))))
(CAPTURE_CANDIDATE (AND ((OR (D3 (AND ((NOT (A0)) D0)) (AND (A1 D3)))))))
(CAPTURE_CANDIDATE (AND ((OR (D0 (AND ((NOT (A0)) D0)) (AND (A1 D3)))))))
(CAPTURE_CANDIDATE (AND ((OR ((AND ((NOT (A0)) D0)) (AND (A1 D3 A1 (NOT (D0)))))))))
(CAPTURE_CANDIDATE (AND ((OR ((AND ((NOT (A0)) D0)) (AND (A1 D3)) (AND (A1 D0)))))))
(CAPTURE_CANDIDATE (AND ((OR ((AND ((NOT (A0)) D0)) (AND (A1 D3)) (AND (A0 D1)))))))
(CAPTURE_CANDIDATE (AND ((OR ((AND ((NOT (A0)) D0)) (AND (A1 D3)) (AND ((NOT (A1)) D3)))))))
(CAPTURE_CANDIDATE (AND ((OR ((AND ((NOT (A0)) (NOT (D3)))) (AND ((NOT (A0)) D0)) (AND (A1 D3)))))))
(CAPTURE_CANDIDATE (AND ((OR ((AND ((NOT (A1)) (NOT (D1)))) (AND ((NOT (A0)) D0)) (AND (A1 D3)))))))
(CAPTURE_CANDIDATE (AND ((OR ((AND (A1 (NOT (D2)))) (AND ((NOT (A0)) D0)) (AND (A1 D3)))))))
(CAPTURE_CANDIDATE (AND ((OR ((AND ((NOT (D0)) D1)) (AND ((NOT (A0)) D0)) (AND (A1 D3)))))))
(CAPTURE_CANDIDATE (AND ((OR ((AND ((NOT (A0)) D0)) (AND (A1 (NOT (D1)) D3)))))))
(CAPTURE_CANDIDATE (AND ((OR ((AND ((NOT (A0)) D0)) (AND (A1 D3)) D1)))))
(CAPTURE_CANDIDATE (AND ((OR (D1 (AND ((NOT (A0)) D0)) (AND (A1 D3)))))))
(CAPTURE_CANDIDATE (AND ((OR (A0 (AND ((NOT (A0)) D0)) (AND (A1 D3)))))))
(CAPTURE_CANDIDATE (AND ((OR ((NOT (A0)) (AND ((NOT (A0)) D0)) (AND (A1 D3)))))))
(CAPTURE_CANDIDATE (AND ((OR (A1 (AND ((NOT (A0)) D0)) (AND (A1 D3)))))))
(CAPTURE_CANDIDATE (AND ((OR ((NOT (A1)) (AND ((NOT (A0)) D0)) (AND (A1 D3)))))))
(CAPTURE_CANDIDATE (AND ((OR ((NOT (D0)) (AND ((NOT (A0)) D0)) (AND (A1 D3)))))))
(CAPTURE_CANDIDATE (AND ((OR (D1 (AND ((NOT (A0)) D0)) (AND (A1 D3)))))))
(CAPTURE_CANDIDATE (AND ((OR ((NOT (D1)) (AND ((NOT (A0)) D0)) (AND (A1 D3)))))))
(CAPTURE_CANDIDATE (AND ((OR ((NOT (D2)) (AND ((NOT (A0)) D0)) (AND (A1 D3)))))))
(CAPTURE_CANDIDATE (AND ((OR ((NOT (D3)) (AND ((NOT (A0)) D0)) (AND (A1 D3)))))))
(CAPTURE_CANDIDATE (AND ((OR ((NOT (D0)) (NOT (D3)) (AND ((NOT (A0)) D0)) (AND (A1 D3)))))))
(CAPTURE_CANDIDATE (AND ((OR (D0 (NOT (D1)) (AND ((NOT (A0)) D0)) (AND (A1 D3)))))))
(CAPTURE_CANDIDATE (AND ((OR ((AND ((NOT (D2)) D3)) (AND ((NOT (A0)) D0)) (AND (A1 D3)))))))
(CAPTURE_CANDIDATE (AND ((OR (D2 (NOT (D3)) (AND ((NOT (A0)) D0)) (AND (A1 D3)))))))
(CAPTURE_CANDIDATE (AND ((OR ((NOT (D1)) (NOT (D3)) (AND ((NOT (A0)) D0)) (AND (A1 D3)))))))
(CAPTURE_CANDIDATE (AND ((OR (D0 (NOT (D2)) (AND ((NOT (A0)) D0)) (AND (A1 D3)))))))
(CAPTURE_CANDIDATE (AND (A1 D3)))
(CAPTURE_CANDIDATE (AND ((OR (A0 (NOT (D0)) (AND (A1 D3)))))))
(CAPTURE_CANDIDATE (AND ((OR (A0 (AND ((NOT (A0)) D0)) (AND (A1 D3)))))))
(CAPTURE_CANDIDATE (AND ((OR ((NOT (A0)) (AND ((NOT (A0)) D0)) (AND (A1 D3)))))))
(CAPTURE_CANDIDATE (AND ((OR (A1 (AND ((NOT (A0)) D0)) (AND (A1 D3)))))))
(CAPTURE_CANDIDATE (AND ((OR ((NOT (A1)) (AND ((NOT (A0)) D0)) (AND (A1 D3)))))))
(CAPTURE_CANDIDATE (AND ((OR ((NOT (D0)) (AND ((NOT (A0)) D0)) (AND (A1 D3)))))))
(CAPTURE_CANDIDATE (AND ((OR ((NOT (D1)) (AND ((NOT (A0)) D0)) (AND (A1 D3)))))))
(CAPTURE_CANDIDATE (AND ((OR ((NOT (D2)) (AND ((NOT (A0)) D0)) (AND (A1 D3)))))))
(CAPTURE_CANDIDATE (AND ((OR ((NOT (D3)) (AND ((NOT (A0)) D0)) (AND (A1 D3)))))))
(CAPTURE_CANDIDATE (AND ((OR ((AND ((NOT (A0)) D0)) (AND (A1 D3)) (NOT (A1)) D2)))))
(CAPTURE_CANDIDATE (AND ((OR ((AND ((NOT (A0)) D0)) (AND (A1 D3)) A1 D1)))))
(CAPTURE_CANDIDATE (AND ((OR ((AND ((NOT (A0)) D0)) (AND (A1 D3)) A0 D1)))))
(CAPTURE_CANDIDATE (AND ((OR ((AND ((NOT (A0)) (NOT (D1)))) (AND ((NOT (A0)) D0)) (AND (A1 D3)))))))
(CAPTURE_CANDIDATE (AND ((OR ((AND ((NOT (A0)) D0)) (AND (A1 D3)) (NOT (D0)) D1)))))
(CAPTURE_CANDIDATE (AND ((OR ((AND ((NOT (A0)) D0)) (AND (A1 D3)) D2 D3)))))
(CAPTURE_CANDIDATE (AND ((OR ((AND ((NOT (D2)) (NOT (D3)))) (AND ((NOT (A0)) D0)) (AND (A1 D3)))))))
(CAPTURE_CANDIDATE (AND ((OR ((AND ((NOT (A0)) D0)) (AND (A1 D3)) A0 D3)))))
(CAPTURE_CANDIDATE (AND ((OR ((AND ((NOT (A0)) D0)) (AND (A1 D3)) A0)))))
(CAPTURE_CANDIDATE (AND ((OR ((AND ((NOT (A0)) D0)) (AND (A1 D3)) (NOT (A0)))))))
(CAPTURE_CANDIDATE (AND ((OR ((AND ((NOT (A0)) D0)) (AND (A1 D3)) A1)))))
(CAPTURE_CANDIDATE (AND ((OR ((AND ((NOT (A0)) D0)) (AND (A1 D3)) (NOT (A1)))))))
(CAPTURE_CANDIDATE (AND ((OR ((AND ((NOT (A0)) D0)) (AND (A1 D3)) (NOT (D0)))))))
(CAPTURE_CANDIDATE (AND ((OR ((AND ((NOT (A0)) D0)) (AND (A1 D3)) (NOT (D1)))))))
(CAPTURE_CANDIDATE (AND ((OR ((AND ((NOT (A0)) D0)) (AND (A1 D3)) (NOT (D2)))))))
(CAPTURE_CANDIDATE (AND ((OR ((AND ((NOT (A0)) D0)) (AND (A1 D3)) (NOT (D3)))))))
(CAPTURE_CANDIDATE (AND ((OR ((AND ((NOT (A0)) D0)) (AND (A1 D3)) (NOT (A1)) (NOT (D3)))))))
(CAPTURE_CANDIDATE (AND ((OR ((AND ((NOT (A0)) D0)) (AND (A1 D3)) A1 (NOT (D3)))))))
(CAPTURE_CANDIDATE (AND ((OR ((AND ((NOT (A0)) D0)) (AND (A1 D3)) (NOT (A0)) (NOT (D1)))))))
(CAPTURE_CANDIDATE (AND ((OR ((AND ((NOT (A0)) D0)) (AND (A1 D3)) (NOT (A1)) (NOT (D0)))))))
(CAPTURE_CANDIDATE (AND ((OR ((AND ((NOT (A0)) D0)) (AND (A1 D3)) D1 (NOT (D2)))))))
(CAPTURE_CANDIDATE (AND ((OR ((AND ((NOT (A0)) D0)) (AND (A1 D3)) (NOT (D1)) (NOT (D3)))))))
(CAPTURE_CANDIDATE (AND ((NOT (A0)) (OR (D0 (AND (A1 D3)))))))
(CAPTURE_CANDIDATE (AND ((OR ((AND ((NOT (A0)) D0)) (AND ((NOT (A1)) D3)))))))
(CAPTURE_CANDIDATE (AND ((OR ((AND ((NOT (A0)) D0)) (AND (A1 (OR ((NOT (D2)) D3)))))))))
(CAPTURE_CANDIDATE (AND ((OR ((AND ((NOT (A0)) D0)) (AND (A1 (NOT (D3)) (NOT (D2)))))))))
(CAPTURE_CANDIDATE (AND ((NOT (A0)) D0)))
(CAPTURE_CANDIDATE (AND ((NOT (A0)) D0)))
(CAPTURE_CANDIDATE (AND ((NOT (A0)) D0)))
(CAPTURE_CANDIDATE (AND ((NOT (A0)) D0)))
(CAPTURE_CANDIDATE (AND ((OR ((AND ((NOT (A0)) D0)) (AND (A1 D3)))))))
(New best score: -17.142857142857142)
(Terminating because of maxEval ending)
(Terminating because score hasn't improved)
(Terminating because of maxEval ending)
(OptimizedDeme: 520)
"Merging Deme"
(Demesize: 520)
(nEval: 10000 LenSInstList: 520)
(TopCnd: 520)
(Keep 100 Unique instances from 520)
(KeptUniqueTopCandidates NewSize: 100)
(TrimmedDownDeme: 16)
(CAPTURE_CANDIDATE (AND ((OR ((AND ((NOT (A0)) D0)) (AND (A0 D3)))))))
(CAPTURE_CANDIDATE (AND ((OR ((AND ((NOT (A0)) D0)) (AND (A1 D3)))))))
(CAPTURE_CANDIDATE (AND ((OR (D2 (AND ((NOT (A0)) D0)) (AND (A1 D3)))))))
(CAPTURE_CANDIDATE (AND ((OR ((AND ((NOT (A0)) D0)) (AND (A1 D3)) D2)))))
(CAPTURE_CANDIDATE (AND ((OR ((AND ((NOT (A0)) D0)) (AND (A0 A1 D3)))))))
(CAPTURE_CANDIDATE (AND ((OR ((AND ((NOT (A0)) D0)) (AND (A1 D3)) D2)))))
(CAPTURE_CANDIDATE (AND ((OR (D2 (AND ((NOT (A0)) D0)) (AND (A1 D3)))))))
(CAPTURE_CANDIDATE (AND ((OR ((AND (D0 D3)) (AND ((NOT (A0)) D0)) (AND (A1 D3)))))))
(CAPTURE_CANDIDATE (AND ((OR ((AND ((NOT (A0)) D0)) (AND (A1 D3)) (AND (A1 D3)))))))
(CAPTURE_CANDIDATE (AND ((OR ((AND ((NOT (A0)) D0)) (AND (A0 A1 D3)) D2)))))
(CAPTURE_CANDIDATE (AND ((OR (D2 (AND ((NOT (A0)) D0)) (AND (A0 A1 D3)))))))
(CAPTURE_CANDIDATE (AND ((OR (D2 (AND ((NOT (A0)) D0)) (AND (A1 D3)) D2)))))
(CAPTURE_CANDIDATE (AND ((OR (D2 D2 (AND ((NOT (A0)) D0)) (AND (A1 D3)))))))
(CAPTURE_CANDIDATE (AND ((OR ((AND ((NOT (A0)) D0)) (AND (A1 D3)) (AND (A1 D3)))))))
(CAPTURE_CANDIDATE (AND ((OR ((AND (D0 D3)) (AND ((NOT (A0)) D0)) (AND (A1 D3)))))))
(CAPTURE_CANDIDATE (AND ((OR ((AND ((NOT (A0)) D0)) (AND (A1 D3)) (AND ((NOT (D1)) D2)))))))
(Before getNewCandidates: 16)
(Going to merge 12 Instances)
(Metapop size before resize: 13)
(Metapop size after resize: 13)
""
(Generation 4)
"expand  deme returnn"
(SelectedTree: (AND (OR (AND (NOT A0) D0) (AND A1 D3))))
(GeneratedList: (0 0 0 0 0 0 0 0 0 0 0 0 0 0 0 0 0 0 0 0 0 0 0 0 0 0 0 0 0 0 0 0 0 0 0 0 1 0 1 0 0 0 0 0 0 0 0 0 1 0 0 0 0 0 0 0 0 0 0 0 0 0 0 0 0 0 0 0 0 0 0 0 0 0 0 0 0 0 0 0 0 0 0 0 1 0 0 0 1 0 0 0 0 0 0 0 0 0 0 0 0 0 0 0 0 0 0 0 0 0 0 0 0 0 0 0 0 0 0 0 0 0 0 0 0 0 0 0 0 0 0 0 0 0 0 0 0 0 0 0 0 0 0 0 0 0 0 0 0 0 0 0 0 0 0 0 0 0 0 0 0 0 0 0 0))
""
(Iteration 1 running)
(Crossover: false)
(CenterInst: (0 0 0 0 0 0 0 0 0 0 0 0 0 0 0 0 0 0 0 0 0 0 0 0 0 0 0 0 0 0 0 0 0 0 0 0 1 0 1 0 0 0 0 0 0 0 0 0 1 0 0 0 0 0 0 0 0 0 0 0 0 0 0 0 0 0 0 0 0 0 0 0 0 0 0 0 0 0 0 0 0 0 0 0 1 0 0 0 1 0 0 0 0 0 0 0 0 0 0 0 0 0 0 0 0 0 0 0 0 0 0 0 0 0 0 0 0 0 0 0 0 0 0 0 0 0 0 0 0 0 0 0 0 0 0 0 0 0 0 0 0 0 0 0 0 0 0 0 0 0 0 0 0 0 0 0 0 0 0 0 0 0 0 0 0))
(size: 64)
(1 : 1 : 0)
(CAPTURE_CANDIDATE (AND ((OR ((AND ((NOT (A0)) D0)) (AND (A1 D3)))))))
(New best score: -17.142857142857142)
""
(Iteration 2 running)
(Crossover: false)
(CenterInst: (0 0 0 0 0 0 0 0 0 0 0 0 0 0 0 0 0 0 0 0 0 0 0 0 0 0 0 0 0 0 0 0 0 0 0 0 1 0 1 0 0 0 0 0 0 0 0 0 1 0 0 0 0 0 0 0 0 0 0 0 0 0 0 0 0 0 0 0 0 0 0 0 0 0 0 0 0 0 0 0 0 0 0 0 1 0 0 0 1 0 0 0 0 0 0 0 0 0 0 0 0 0 0 0 0 0 0 0 0 0 0 0 0 0 0 0 0 0 0 0 0 0 0 0 0 0 0 0 0 0 0 0 0 0 0 0 0 0 0 0 0 0 0 0 0 0 0 0 0 0 0 0 0 0 0 0 0 0 0 0 0 0 0 0 0))
(size: 64)
(990 : 499 : 1)
(CAPTURE_CANDIDATE (AND ((OR ((AND ((NOT (A0)) D0)) (AND (A1 D3)))))))
(CAPTURE_CANDIDATE (AND ((OR (A0 (AND ((NOT (A0)) D0)) (AND (A1 D3)))))))
(CAPTURE_CANDIDATE (AND ((OR ((NOT (A0)) (AND ((NOT (A0)) D0)) (AND (A1 D3)))))))
(CAPTURE_CANDIDATE (AND ((OR (A1 (AND ((NOT (A0)) D0)) (AND (A1 D3)))))))
(CAPTURE_CANDIDATE (AND ((OR ((NOT (A1)) (AND ((NOT (A0)) D0)) (AND (A1 D3)))))))
(CAPTURE_CANDIDATE (AND ((OR (D0 (AND ((NOT (A0)) D0)) (AND (A1 D3)))))))
(CAPTURE_CANDIDATE (AND ((OR ((NOT (D0)) (AND ((NOT (A0)) D0)) (AND (A1 D3)))))))
(CAPTURE_CANDIDATE (AND ((OR (D1 (AND ((NOT (A0)) D0)) (AND (A1 D3)))))))
(CAPTURE_CANDIDATE (AND ((OR ((NOT (D1)) (AND ((NOT (A0)) D0)) (AND (A1 D3)))))))
(CAPTURE_CANDIDATE (AND ((OR (D2 (AND ((NOT (A0)) D0)) (AND (A1 D3)))))))
(CAPTURE_CANDIDATE (AND ((OR ((NOT (D2)) (AND ((NOT (A0)) D0)) (AND (A1 D3)))))))
(CAPTURE_CANDIDATE (AND ((OR (D3 (AND ((NOT (A0)) D0)) (AND (A1 D3)))))))
(CAPTURE_CANDIDATE (AND ((OR ((NOT (D3)) (AND ((NOT (A0)) D0)) (AND (A1 D3)))))))
(CAPTURE_CANDIDATE (AND ((OR ((AND (A0 D3)) (AND ((NOT (A0)) D0)) (AND (A1 D3)))))))
(CAPTURE_CANDIDATE (AND ((OR ((NOT (A0)) (NOT (D3)) (AND ((NOT (A0)) D0)) (AND (A1 D3)))))))
(CAPTURE_CANDIDATE (AND ((OR ((AND ((NOT (A1)) D2)) (AND ((NOT (A0)) D0)) (AND (A1 D3)))))))
(CAPTURE_CANDIDATE (AND ((OR (A1 (NOT (D2)) (AND ((NOT (A0)) D0)) (AND (A1 D3)))))))
(CAPTURE_CANDIDATE (AND ((OR ((AND (D2 D3)) (AND ((NOT (A0)) D0)) (AND (A1 D3)))))))
(CAPTURE_CANDIDATE (AND ((OR ((NOT (D2)) (NOT (D3)) (AND ((NOT (A0)) D0)) (AND (A1 D3)))))))
(CAPTURE_CANDIDATE (AND ((OR ((AND (D0 D1)) (AND ((NOT (A0)) D0)) (AND (A1 D3)))))))
(CAPTURE_CANDIDATE (AND ((OR ((NOT (D0)) (NOT (D1)) (AND ((NOT (A0)) D0)) (AND (A1 D3)))))))
(CAPTURE_CANDIDATE (AND ((OR ((AND (D0 D2)) (AND ((NOT (A0)) D0)) (AND (A1 D3)))))))
(CAPTURE_CANDIDATE (AND ((OR ((NOT (D0)) (NOT (D2)) (AND ((NOT (A0)) D0)) (AND (A1 D3)))))))
(CAPTURE_CANDIDATE (AND ((OR ((AND ((NOT (D1)) D3)) (AND ((NOT (A0)) D0)) (AND (A1 D3)))))))
(CAPTURE_CANDIDATE (AND ((OR (D1 (NOT (D3)) (AND ((NOT (A0)) D0)) (AND (A1 D3)))))))
(CAPTURE_CANDIDATE (AND (A0 A1 D3)))
(CAPTURE_CANDIDATE (AND ((NOT (A0)) (OR (D0 (AND (A1 D3)))))))
(CAPTURE_CANDIDATE (AND (A1 (OR ((AND ((NOT (A0)) D0)) D3)))))
(CAPTURE_CANDIDATE (AND ((NOT (A1)) (NOT (A0)) D0)))
(CAPTURE_CANDIDATE (AND (D0 (OR ((NOT (A0)) (AND (A1 D3)))))))
(CAPTURE_CANDIDATE (AND ((NOT (D0)) A1 D3)))
(CAPTURE_CANDIDATE (AND (D1 (OR ((AND ((NOT (A0)) D0)) (AND (A1 D3)))))))
(CAPTURE_CANDIDATE (AND ((NOT (D1)) (OR ((AND ((NOT (A0)) D0)) (AND (A1 D3)))))))
(CAPTURE_CANDIDATE (AND (D2 (OR ((AND ((NOT (A0)) D0)) (AND (A1 D3)))))))
(CAPTURE_CANDIDATE (AND ((NOT (D2)) (OR ((AND ((NOT (A0)) D0)) (AND (A1 D3)))))))
(CAPTURE_CANDIDATE (AND (D3 (OR ((AND ((NOT (A0)) D0)) A1)))))
(CAPTURE_CANDIDATE (AND ((NOT (D3)) (NOT (A0)) D0)))
(CAPTURE_CANDIDATE (AND ((OR ((AND ((NOT (A0)) D0)) (AND (A1 D3)))) (OR (D1 D3)))))
(CAPTURE_CANDIDATE (AND ((NOT (D1)) (NOT (D3)) (NOT (A0)) D0)))
(CAPTURE_CANDIDATE (AND ((OR ((AND ((NOT (A0)) D0)) (AND (A1 D3)))) (OR ((NOT (A0)) D3)))))
(CAPTURE_CANDIDATE (AND (A0 (NOT (D3)))))
(CAPTURE_CANDIDATE (AND ((OR ((AND ((NOT (A0)) D0)) (AND (A1 D3)))) (OR ((NOT (A1)) D3)))))
(CAPTURE_CANDIDATE (AND (A1 (NOT (D3)) (NOT (A0)) D0)))
(CAPTURE_CANDIDATE (AND ((OR ((AND ((NOT (A0)) D0)) (AND (A1 D3)))) (OR ((NOT (A0)) D2)))))
(CAPTURE_CANDIDATE (AND (A0 (NOT (D2)) A1 D3)))
(CAPTURE_CANDIDATE (AND ((OR ((AND ((NOT (A0)) D0)) (AND (A1 D3)))) (OR (D1 D2)))))
(CAPTURE_CANDIDATE (AND ((NOT (D1)) (NOT (D2)) (OR ((AND ((NOT (A0)) D0)) (AND (A1 D3)))))))
(CAPTURE_CANDIDATE (AND ((OR ((AND ((NOT (A0)) D0)) (AND (A1 D3)))) (OR ((NOT (A0)) D1)))))
(CAPTURE_CANDIDATE (AND (A0 (NOT (D1)) A1 D3)))
(CAPTURE_CANDIDATE (AND ((OR ((AND ((NOT (A0)) D0)) (AND (A1 D3)) A0)))))
(CAPTURE_CANDIDATE (AND ((OR ((AND ((NOT (A0)) D0)) (AND (A1 D3)) (NOT (A0)))))))
(CAPTURE_CANDIDATE (AND ((OR ((AND ((NOT (A0)) D0)) (AND (A1 D3)) A1)))))
(CAPTURE_CANDIDATE (AND ((OR ((AND ((NOT (A0)) D0)) (AND (A1 D3)) (NOT (A1)))))))
(CAPTURE_CANDIDATE (AND ((OR ((AND ((NOT (A0)) D0)) (AND (A1 D3)) D0)))))
(CAPTURE_CANDIDATE (AND ((OR ((AND ((NOT (A0)) D0)) (AND (A1 D3)) (NOT (D0)))))))
(CAPTURE_CANDIDATE (AND ((OR ((AND ((NOT (A0)) D0)) (AND (A1 D3)) D1)))))
(CAPTURE_CANDIDATE (AND ((OR ((AND ((NOT (A0)) D0)) (AND (A1 D3)) (NOT (D1)))))))
(CAPTURE_CANDIDATE (AND ((OR ((AND ((NOT (A0)) D0)) (AND (A1 D3)) D2)))))
(CAPTURE_CANDIDATE (AND ((OR ((AND ((NOT (A0)) D0)) (AND (A1 D3)) (NOT (D2)))))))
(CAPTURE_CANDIDATE (AND ((OR ((AND ((NOT (A0)) D0)) (AND (A1 D3)) D3)))))
(CAPTURE_CANDIDATE (AND ((OR ((AND ((NOT (A0)) D0)) (AND (A1 D3)) (NOT (D3)))))))
(CAPTURE_CANDIDATE (AND ((OR ((AND ((NOT (A0)) D0)) (AND (A1 D3)) (AND (D1 D3)))))))
(CAPTURE_CANDIDATE (AND ((OR ((AND ((NOT (A0)) D0)) (AND (A1 D3)) (NOT (D1)) (NOT (D3)))))))
(CAPTURE_CANDIDATE (AND ((OR ((AND ((NOT (A0)) D0)) (AND (A1 D3)) (AND (D0 D3)))))))
(CAPTURE_CANDIDATE (AND ((OR ((AND ((NOT (A0)) D0)) (AND (A1 D3)) (NOT (D0)) (NOT (D3)))))))
(CAPTURE_CANDIDATE (AND ((OR ((AND ((NOT (A0)) D0)) (AND (A1 D3)) (AND (A1 D2)))))))
(CAPTURE_CANDIDATE (AND ((OR ((AND ((NOT (A0)) D0)) (AND (A1 D3)) (NOT (A1)) (NOT (D2)))))))
(CAPTURE_CANDIDATE (AND ((OR ((AND ((NOT (A0)) D0)) (AND (A1 D3)) (AND (A0 D0)))))))
(CAPTURE_CANDIDATE (AND ((OR ((AND ((NOT (A0)) D0)) (AND (A1 D3)) (NOT (A0)) (NOT (D0)))))))
(CAPTURE_CANDIDATE (AND ((OR ((AND ((NOT (A0)) D0)) (AND (A1 D3)) (AND (A0 D1)))))))
(CAPTURE_CANDIDATE (AND ((OR ((AND ((NOT (A0)) D0)) (AND (A1 D3)) (NOT (A0)) (NOT (D1)))))))
(CAPTURE_CANDIDATE (AND ((OR ((AND ((NOT (A0)) D0)) (AND (A1 D3)) (AND (D0 D1)))))))
(CAPTURE_CANDIDATE (AND ((OR ((AND ((NOT (A0)) D0)) (AND (A1 D3)) (NOT (D0)) (NOT (D1)))))))
(CAPTURE_CANDIDATE (AND ((OR (D0 (AND (A1 D3)))))))
(CAPTURE_CANDIDATE (AND ((OR ((AND (A0 D0)) (AND (A1 D3)))))))
(CAPTURE_CANDIDATE (AND (A1 (OR ((AND ((NOT (A0)) D0)) D3)))))
(CAPTURE_CANDIDATE (AND ((OR ((AND ((NOT (A1)) (NOT (A0)) D0)) (AND (A1 D3)))))))
(CAPTURE_CANDIDATE (AND ((OR ((NOT (A0)) (AND (A1 D3)))))))
(CAPTURE_CANDIDATE (AND ((OR ((AND ((NOT (D0)) (NOT (A0)))) (AND (A1 D3)))))))
(CAPTURE_CANDIDATE (AND ((OR ((AND (D1 (NOT (A0)) D0)) (AND (A1 D3)))))))
(CAPTURE_CANDIDATE (AND ((OR ((AND ((NOT (D1)) (NOT (A0)) D0)) (AND (A1 D3)))))))
(CAPTURE_CANDIDATE (AND ((OR ((AND (D2 (NOT (A0)) D0)) (AND (A1 D3)))))))
(CAPTURE_CANDIDATE (AND ((OR ((AND ((NOT (D2)) (NOT (A0)) D0)) (AND (A1 D3)))))))
(CAPTURE_CANDIDATE (AND (D3 (OR ((AND ((NOT (A0)) D0)) A1)))))
(CAPTURE_CANDIDATE (AND ((OR ((AND ((NOT (D3)) (NOT (A0)) D0)) (AND (A1 D3)))))))
(CAPTURE_CANDIDATE (AND ((OR ((AND ((NOT (A0)) D0)) (AND (A1 D3)))))))
(CAPTURE_CANDIDATE (AND ((OR ((AND (A0 (NOT (D2)) D0)) (AND (A1 D3)))))))
(CAPTURE_CANDIDATE (AND ((OR ((AND ((NOT (A0)) D0)) (AND (A1 D3)))))))
(CAPTURE_CANDIDATE (AND (A1 D3)))
(CAPTURE_CANDIDATE (AND ((OR ((AND ((NOT (A0)) D0 D2)) (AND (A1 D3)))))))
(CAPTURE_CANDIDATE (AND ((OR ((AND (D0 (NOT (D2)) (NOT (A0)))) (AND (A1 D3)))))))
(CAPTURE_CANDIDATE (AND ((OR ((AND ((NOT (A0)) D0)) (AND (A1 D3)))))))
(CAPTURE_CANDIDATE (AND (A1 D3)))
(CAPTURE_CANDIDATE (AND ((OR ((AND ((NOT (A0)) D0 (OR ((NOT (D1)) D3)))) (AND (A1 D3)))))))
(CAPTURE_CANDIDATE (AND ((OR ((AND (D1 (NOT (D3)) (NOT (A0)) D0)) (AND (A1 D3)))))))
(CAPTURE_CANDIDATE (AND ((OR ((AND ((NOT (A0)) D0 D2)) (AND (A1 D3)))))))
(CAPTURE_CANDIDATE (AND ((OR ((AND ((NOT (A0)) (NOT (D2)) D0)) (AND (A1 D3)))))))
(CAPTURE_CANDIDATE (AND ((OR (D0 (AND (A1 D3)))))))
(CAPTURE_CANDIDATE (AND ((OR ((AND (A0 D0)) (AND (A1 D3)))))))
(CAPTURE_CANDIDATE (AND ((OR ((AND (D0 (OR ((NOT (A0)) A1)))) (AND (A1 D3)))))))
(CAPTURE_CANDIDATE (AND ((OR ((AND (D0 (OR ((NOT (A0)) (NOT (A1)))))) (AND (A1 D3)))))))
(CAPTURE_CANDIDATE (AND ((OR (D0 (AND (A1 D3)))))))
(CAPTURE_CANDIDATE (AND ((OR ((AND (D0 (NOT (A0)))) (AND (A1 D3)))))))
(CAPTURE_CANDIDATE (AND ((OR ((AND (D0 (OR ((NOT (A0)) D1)))) (AND (A1 D3)))))))
(CAPTURE_CANDIDATE (AND ((OR ((AND (D0 (OR ((NOT (A0)) (NOT (D1)))))) (AND (A1 D3)))))))
(CAPTURE_CANDIDATE (AND ((OR ((AND (D0 (OR ((NOT (A0)) D2)))) (AND (A1 D3)))))))
(CAPTURE_CANDIDATE (AND ((OR ((AND (D0 (OR ((NOT (A0)) (NOT (D2)))))) (AND (A1 D3)))))))
(CAPTURE_CANDIDATE (AND ((OR ((AND (D0 (OR ((NOT (A0)) D3)))) (AND (A1 D3)))))))
(CAPTURE_CANDIDATE (AND ((OR ((AND (D0 (OR ((NOT (A0)) (NOT (D3)))))) (AND (A1 D3)))))))
(CAPTURE_CANDIDATE (AND ((OR ((AND (D0 (OR ((NOT (A0)) (AND (D2 D3)))))) (AND (A1 D3)))))))
(CAPTURE_CANDIDATE (AND ((OR ((AND (D0 (OR ((NOT (A0)) (NOT (D2)) (NOT (D3)))))) (AND (A1 D3)))))))
(CAPTURE_CANDIDATE (AND ((OR ((AND (D0 (OR ((NOT (A0)) (NOT (A1)))))) (AND (A1 D3)))))))
(CAPTURE_CANDIDATE (AND ((OR ((AND (D0 (OR ((NOT (A0)) A1)))) (AND (A1 D3)))))))
(CAPTURE_CANDIDATE (AND ((OR ((AND (D0 (OR ((NOT (A0)) D1)))) (AND (A1 D3)))))))
(CAPTURE_CANDIDATE (AND ((OR ((AND (D0 (OR ((NOT (A0)) (NOT (D1)))))) (AND (A1 D3)))))))
(CAPTURE_CANDIDATE (AND ((OR ((AND (D0 (OR ((NOT (A0)) (AND (A0 D1)))))) (AND (A1 D3)))))))
(CAPTURE_CANDIDATE (AND ((OR ((AND (D0 (OR ((NOT (A0)) (NOT (A0)) (NOT (D1)))))) (AND (A1 D3)))))))
(CAPTURE_CANDIDATE (AND ((OR ((AND (D0 (NOT (A0)))) (AND (A1 D3)))))))
(CAPTURE_CANDIDATE (AND ((OR (D0 (AND (A1 D3)))))))
(CAPTURE_CANDIDATE (AND ((OR ((AND (D0 (OR ((NOT (A0)) D3)))) (AND (A1 D3)))))))
(CAPTURE_CANDIDATE (AND ((OR ((AND (D0 (OR ((NOT (A0)) (NOT (D3)))))) (AND (A1 D3)))))))
(CAPTURE_CANDIDATE (AND ((OR ((AND ((NOT (A0)) D0)) (AND (A1 D3)))))))
(CAPTURE_CANDIDATE (AND ((OR ((NOT (A0)) (AND (A1 D3)))))))
(CAPTURE_CANDIDATE (AND ((OR ((AND ((NOT (A0)) (OR (D0 A1)))) (AND (A1 D3)))))))
(CAPTURE_CANDIDATE (AND ((OR ((AND ((NOT (A0)) (OR (D0 (NOT (A1)))))) (AND (A1 D3)))))))
(CAPTURE_CANDIDATE (AND ((OR ((AND ((NOT (A0)) (OR (D0 D1)))) (AND (A1 D3)))))))
(CAPTURE_CANDIDATE (AND ((OR ((AND ((NOT (A0)) (OR (D0 (NOT (D1)))))) (AND (A1 D3)))))))
(CAPTURE_CANDIDATE (AND ((OR ((AND ((NOT (A0)) (OR (D0 D2)))) (AND (A1 D3)))))))
(CAPTURE_CANDIDATE (AND ((OR ((AND ((NOT (A0)) (OR (D0 (NOT (D2)))))) (AND (A1 D3)))))))
(CAPTURE_CANDIDATE (AND ((OR ((AND ((NOT (A0)) (OR (D0 D3)))) (AND (A1 D3)))))))
(CAPTURE_CANDIDATE (AND ((OR ((AND ((NOT (A0)) (OR (D0 (NOT (D3)))))) (AND (A1 D3)))))))
(CAPTURE_CANDIDATE (AND ((OR ((AND ((NOT (A0)) (OR (D0 (AND (A1 D1)))))) (AND (A1 D3)))))))
(CAPTURE_CANDIDATE (AND ((OR ((AND ((NOT (A0)) (OR (D0 (NOT (A1)) (NOT (D1)))))) (AND (A1 D3)))))))
(CAPTURE_CANDIDATE (AND ((OR ((AND ((NOT (A0)) (OR (D0 (AND ((NOT (A1)) D2)))))) (AND (A1 D3)))))))
(CAPTURE_CANDIDATE (AND ((OR ((AND ((NOT (A0)) (OR (D0 A1 (NOT (D2)))))) (AND (A1 D3)))))))
(CAPTURE_CANDIDATE (AND ((OR ((AND ((NOT (A0)) D0 (NOT (A0)))) (AND (A1 D3)))))))
(CAPTURE_CANDIDATE (AND ((OR ((AND ((NOT (A0)) (OR (D0 (NOT (D0)))))) (AND (A1 D3)))))))
(CAPTURE_CANDIDATE (AND ((OR ((AND ((NOT (A0)) D0)) (AND (A1 D3)))))))
(CAPTURE_CANDIDATE (AND ((OR ((NOT (A0)) (AND (A1 D3)))))))
(CAPTURE_CANDIDATE (AND ((OR ((AND ((NOT (A0)) (OR (D0 (AND (D2 D3)))))) (AND (A1 D3)))))))
(CAPTURE_CANDIDATE (AND ((OR ((AND ((NOT (A0)) (OR (D0 (NOT (D2)) (NOT (D3)))))) (AND (A1 D3)))))))
(CAPTURE_CANDIDATE (AND ((OR ((AND ((NOT (A0)) D0 D1)) (AND (A1 D3)))))))
(CAPTURE_CANDIDATE (AND ((OR ((AND ((NOT (A0)) (OR (D0 (NOT (D0)) (NOT (D1)))))) (AND (A1 D3)))))))
(CAPTURE_CANDIDATE (AND (A1 D3)))
(CAPTURE_CANDIDATE (AND ((OR ((AND ((NOT (A0)) D0)) (AND (A1 D3)))))))
(CAPTURE_CANDIDATE (AND (A1 (OR ((AND ((NOT (A0)) D0)) D3)))))
(CAPTURE_CANDIDATE (AND ((OR ((AND ((NOT (A0)) D0 (NOT (A1)))) (AND (A1 D3)))))))
(CAPTURE_CANDIDATE (AND ((OR ((AND ((NOT (A0)) D0)) (AND (A1 D3)))))))
(CAPTURE_CANDIDATE (AND (A1 D3)))
(CAPTURE_CANDIDATE (AND ((OR ((AND ((NOT (A0)) D0 D1)) (AND (A1 D3)))))))
(CAPTURE_CANDIDATE (AND ((OR ((AND ((NOT (A0)) D0 (NOT (D1)))) (AND (A1 D3)))))))
(CAPTURE_CANDIDATE (AND ((OR ((AND ((NOT (A0)) D0 D2)) (AND (A1 D3)))))))
(CAPTURE_CANDIDATE (AND ((OR ((AND ((NOT (A0)) D0 (NOT (D2)))) (AND (A1 D3)))))))
(CAPTURE_CANDIDATE (AND (D3 (OR ((AND ((NOT (A0)) D0)) A1)))))
(CAPTURE_CANDIDATE (AND ((OR ((AND ((NOT (A0)) D0 (NOT (D3)))) (AND (A1 D3)))))))
(CAPTURE_CANDIDATE (AND (D3 (OR ((AND ((NOT (A0)) D0 D2)) A1)))))
(CAPTURE_CANDIDATE (AND ((OR ((AND ((NOT (A0)) D0 (OR ((NOT (D2)) (NOT (D3)))))) (AND (A1 D3)))))))
(CAPTURE_CANDIDATE (AND (A1 (OR ((AND ((NOT (A0)) D0)) D3)))))
(CAPTURE_CANDIDATE (AND ((OR ((AND ((NOT (A0)) D0 (NOT (A1)))) (AND (A1 D3)))))))
(CAPTURE_CANDIDATE (AND ((OR ((AND ((NOT (A0)) D0 D1)) (AND (A1 D3)))))))
(CAPTURE_CANDIDATE (AND ((OR ((AND ((NOT (A0)) D0 (NOT (D1)))) (AND (A1 D3)))))))
(CAPTURE_CANDIDATE (AND ((OR ((AND ((NOT (A0)) D0 D1 D2)) (AND (A1 D3)))))))
(CAPTURE_CANDIDATE (AND ((OR ((AND ((NOT (A0)) D0 (OR ((NOT (D1)) (NOT (D2)))))) (AND (A1 D3)))))))
(CAPTURE_CANDIDATE (AND (A1 D3 (NOT (A0)) D0)))
(CAPTURE_CANDIDATE (AND ((OR ((AND ((NOT (A0)) D0 (OR ((NOT (A1)) (NOT (D3)))))) (AND (A1 D3)))))))
(CAPTURE_CANDIDATE (AND (A1 D3)))
(CAPTURE_CANDIDATE (AND ((OR ((AND ((NOT (A0)) D0)) (AND (A1 D3)))))))
(CAPTURE_CANDIDATE (AND ((OR ((AND ((NOT (A0)) D0)) (AND (A0 A1 D3)))))))
(CAPTURE_CANDIDATE (AND ((NOT (A0)) (OR (D0 (AND (A1 D3)))))))
(CAPTURE_CANDIDATE (AND ((OR ((AND ((NOT (A0)) D0)) D3)))))
(CAPTURE_CANDIDATE (AND ((OR ((AND ((NOT (A0)) D0)) (AND ((NOT (A1)) D3)))))))
(CAPTURE_CANDIDATE (AND (D0 (OR ((NOT (A0)) (AND (A1 D3)))))))
(CAPTURE_CANDIDATE (AND ((OR ((AND ((NOT (A0)) D0)) (AND ((NOT (D0)) A1 D3)))))))
(CAPTURE_CANDIDATE (AND ((OR ((AND ((NOT (A0)) D0)) (AND (D1 A1 D3)))))))
(CAPTURE_CANDIDATE (AND ((OR ((AND ((NOT (A0)) D0)) (AND ((NOT (D1)) A1 D3)))))))
(CAPTURE_CANDIDATE (AND ((OR ((AND ((NOT (A0)) D0)) (AND (D2 A1 D3)))))))
(CAPTURE_CANDIDATE (AND ((OR ((AND ((NOT (A0)) D0)) (AND ((NOT (D2)) A1 D3)))))))
(CAPTURE_CANDIDATE (AND ((OR ((AND ((NOT (A0)) D0)) A1)))))
(CAPTURE_CANDIDATE (AND ((OR ((AND ((NOT (A0)) D0)) (AND ((NOT (D3)) A1)))))))
(CAPTURE_CANDIDATE (AND ((OR ((AND ((NOT (A0)) D0)) (AND (A1 D3 (OR (D0 D2)))))))))
(CAPTURE_CANDIDATE (AND ((OR ((AND ((NOT (A0)) D0)) (AND ((NOT (D0)) (NOT (D2)) A1 D3)))))))
(CAPTURE_CANDIDATE (AND ((OR ((AND ((NOT (A0)) D0)) (AND (A1 D3)))))))
(CAPTURE_CANDIDATE (AND ((NOT (A0)) D0)))
(CAPTURE_CANDIDATE (AND ((OR ((AND ((NOT (A0)) D0)) (AND (A1 D3)))))))
(CAPTURE_CANDIDATE (AND ((NOT (A0)) D0)))
(CAPTURE_CANDIDATE (AND ((OR ((AND ((NOT (A0)) D0)) (AND (A1 D3)))))))
(CAPTURE_CANDIDATE (AND ((OR ((AND ((NOT (A0)) D0)) (AND ((NOT (A1)) (NOT (D2)) D3)))))))
(CAPTURE_CANDIDATE (AND ((OR ((AND ((NOT (A0)) D0)) (AND (A1 D3 (OR (A0 D2)))))))))
(CAPTURE_CANDIDATE (AND ((NOT (A0)) (OR (D0 (AND ((NOT (D2)) A1 D3)))))))
(CAPTURE_CANDIDATE (AND ((OR ((AND ((NOT (A0)) D0)) (AND (A1 D3)))))))
(CAPTURE_CANDIDATE (AND ((OR ((AND ((NOT (A0)) D0)) (AND (A0 (NOT (A1)) D3)))))))
(CAPTURE_CANDIDATE (AND ((OR ((AND ((NOT (A0)) D0)) (AND (D3 (OR (A1 A0)))))))))
(CAPTURE_CANDIDATE (AND ((OR ((AND ((NOT (A0)) D0)) (AND (D3 (OR (A1 (NOT (A0)))))))))))
(CAPTURE_CANDIDATE (AND ((OR ((AND ((NOT (A0)) D0)) (AND (D3 (OR (A1 D0)))))))))
(CAPTURE_CANDIDATE (AND ((OR ((AND ((NOT (A0)) D0)) (AND (D3 (OR (A1 (NOT (D0)))))))))))
(CAPTURE_CANDIDATE (AND ((OR ((AND ((NOT (A0)) D0)) (AND (D3 (OR (A1 D1)))))))))
(CAPTURE_CANDIDATE (AND ((OR ((AND ((NOT (A0)) D0)) (AND (D3 (OR (A1 (NOT (D1)))))))))))
(CAPTURE_CANDIDATE (AND ((OR ((AND ((NOT (A0)) D0)) (AND (D3 (OR (A1 D2)))))))))
(CAPTURE_CANDIDATE (AND ((OR ((AND ((NOT (A0)) D0)) (AND (D3 (OR (A1 (NOT (D2)))))))))))
(CAPTURE_CANDIDATE (AND ((OR ((AND ((NOT (A0)) D0)) D3)))))
(CAPTURE_CANDIDATE (AND ((OR ((AND ((NOT (A0)) D0)) (AND (D3 A1)))))))
(CAPTURE_CANDIDATE (AND ((OR ((AND ((NOT (A0)) D0)) (AND (D3 (OR (A1 (NOT (D1)))))))))))
(CAPTURE_CANDIDATE (AND ((OR ((AND ((NOT (A0)) D0)) (AND (D3 (OR (A1 D1)))))))))
(CAPTURE_CANDIDATE (AND ((OR ((AND ((NOT (A0)) D0)) (AND (D3 (OR (A1 (AND (A0 D1)))))))))))
(CAPTURE_CANDIDATE (AND ((OR ((AND ((NOT (A0)) D0)) (AND (D3 (OR (A1 (NOT (A0)) (NOT (D1)))))))))))
(CAPTURE_CANDIDATE (AND ((OR ((AND ((NOT (A0)) D0)) (AND (A1 D3)))))))
(CAPTURE_CANDIDATE (AND ((OR ((AND ((NOT (A0)) D0)) (AND (D3 (OR (A1 (NOT (A1)))))))))))
(CAPTURE_CANDIDATE (AND ((OR ((AND ((NOT (A0)) D0)) (AND (D3 (OR (A1 D0)))))))))
(CAPTURE_CANDIDATE (AND ((OR ((AND ((NOT (A0)) D0)) (AND (D3 (OR (A1 (NOT (D0)))))))))))
(CAPTURE_CANDIDATE (AND ((OR ((AND ((NOT (A0)) D0)) (AND (D3 (OR (A1 (AND (A0 D0)))))))))))
(CAPTURE_CANDIDATE (AND ((OR ((AND ((NOT (A0)) D0)) (AND (D3 (OR (A1 (NOT (A0)) (NOT (D0)))))))))))
(CAPTURE_CANDIDATE (AND ((OR ((AND ((NOT (A0)) D0)) (AND (D3 (OR (A1 (AND ((NOT (A1)) D1)))))))))))
(CAPTURE_CANDIDATE (AND ((OR ((AND ((NOT (A0)) D0)) (AND (D3 (OR (A1 A1 (NOT (D1)))))))))))
(CAPTURE_CANDIDATE (AND ((OR ((AND ((NOT (A0)) D0)) (AND (A1 (OR (D3 A0)))))))))
(CAPTURE_CANDIDATE (AND ((OR ((AND ((NOT (A0)) D0)) (AND (A1 (OR (D3 (NOT (A0)))))))))))
(CAPTURE_CANDIDATE (AND ((OR ((AND ((NOT (A0)) D0)) A1)))))
(CAPTURE_CANDIDATE (AND ((OR ((AND ((NOT (A0)) D0)) (AND (A1 D3)))))))
(CAPTURE_CANDIDATE (AND ((OR ((AND ((NOT (A0)) D0)) (AND (A1 (OR (D3 D0)))))))))
(CAPTURE_CANDIDATE (AND ((OR ((AND ((NOT (A0)) D0)) (AND (A1 (OR (D3 (NOT (D0)))))))))))
(CAPTURE_CANDIDATE (AND ((OR ((AND ((NOT (A0)) D0)) (AND (A1 (OR (D3 D1)))))))))
(CAPTURE_CANDIDATE (AND ((OR ((AND ((NOT (A0)) D0)) (AND (A1 (OR (D3 (NOT (D1)))))))))))
(CAPTURE_CANDIDATE (AND ((OR ((AND ((NOT (A0)) D0)) (AND (A1 (OR (D3 D2)))))))))
(CAPTURE_CANDIDATE (AND ((OR ((AND ((NOT (A0)) D0)) (AND (A1 (OR (D3 (NOT (D2)))))))))))
(CAPTURE_CANDIDATE (AND ((OR ((AND ((NOT (A0)) D0)) (AND (A1 (OR (D3 (AND (D1 D2)))))))))))
(CAPTURE_CANDIDATE (AND ((OR ((AND ((NOT (A0)) D0)) (AND (A1 (OR (D3 (NOT (D1)) (NOT (D2)))))))))))
(CAPTURE_CANDIDATE (AND ((OR ((AND ((NOT (A0)) D0)) (AND (A1 (OR (D3 (AND (A0 D0)))))))))))
(CAPTURE_CANDIDATE (AND ((OR ((AND ((NOT (A0)) D0)) (AND (A1 (OR (D3 (NOT (A0)) (NOT (D0)))))))))))
(CAPTURE_CANDIDATE (AND ((OR ((AND ((NOT (A0)) D0)) (AND (A1 (OR (D3 (AND (D0 D2)))))))))))
(CAPTURE_CANDIDATE (AND ((OR ((AND ((NOT (A0)) D0)) (AND (A1 (OR (D3 (NOT (D0)) (NOT (D2)))))))))))
(CAPTURE_CANDIDATE (AND (D0 (OR ((NOT (A0)) (AND (A1 D3)))))))
(CAPTURE_CANDIDATE (AND ((OR ((AND ((NOT (A0)) D0)) (AND (A1 (OR (D3 (NOT (D0)) (NOT (D3)))))))))))
(CAPTURE_CANDIDATE (AND ((OR ((AND ((NOT (A0)) D0)) (AND (A1 (OR (D3 (AND ((NOT (A0)) D1)))))))))))
(CAPTURE_CANDIDATE (AND ((OR ((AND ((NOT (A0)) D0)) (AND (A1 (OR (D3 A0 (NOT (D1)))))))))))
(CAPTURE_CANDIDATE (AND ((OR ((AND ((NOT (A0)) D0)) (AND (A1 D3)))))))
(CAPTURE_CANDIDATE (AND ((OR ((AND ((NOT (A0)) D0)) A1)))))
(CAPTURE_CANDIDATE (AND ((OR ((AND ((NOT (A0)) D0)) (AND (A1 D3 A0)))))))
(CAPTURE_CANDIDATE (AND ((NOT (A0)) (OR (D0 (AND (A1 D3)))))))
(CAPTURE_CANDIDATE (AND ((OR ((AND ((NOT (A0)) D0)) (AND (A1 D3)))))))
(CAPTURE_CANDIDATE (AND ((NOT (A0)) D0)))
(CAPTURE_CANDIDATE (AND (D0 (OR ((NOT (A0)) (AND (A1 D3)))))))
(CAPTURE_CANDIDATE (AND ((OR ((AND ((NOT (A0)) D0)) (AND (A1 D3 (NOT (D0)))))))))
(CAPTURE_CANDIDATE (AND ((OR ((AND ((NOT (A0)) D0)) (AND (A1 D3 D1)))))))
(CAPTURE_CANDIDATE (AND ((OR ((AND ((NOT (A0)) D0)) (AND (A1 D3 (NOT (D1)))))))))
(CAPTURE_CANDIDATE (AND ((OR ((AND ((NOT (A0)) D0)) (AND (A1 D3 D2)))))))
(CAPTURE_CANDIDATE (AND ((OR ((AND ((NOT (A0)) D0)) (AND (A1 D3 (NOT (D2)))))))))
(CAPTURE_CANDIDATE (AND ((OR ((AND ((NOT (A0)) D0)) (AND (A1 D3)))))))
(CAPTURE_CANDIDATE (AND ((NOT (A0)) D0)))
(CAPTURE_CANDIDATE (AND ((OR ((AND ((NOT (A0)) D0)) (AND (A1 D3 D2)))))))
(CAPTURE_CANDIDATE (AND ((OR ((AND ((NOT (A0)) D0)) (AND (A1 D3 (NOT (D2)))))))))
(CAPTURE_CANDIDATE (AND ((OR ((AND ((NOT (A0)) D0)) (AND (A1 D3 (NOT (D1)) D2)))))))
(CAPTURE_CANDIDATE (AND ((OR ((AND ((NOT (A0)) D0)) (AND (A1 D3 (OR (D1 (NOT (D2)))))))))))
(CAPTURE_CANDIDATE (AND ((NOT (A0)) D0)))
(CAPTURE_CANDIDATE (AND ((OR ((AND ((NOT (A0)) D0)) (AND (A1 D3)))))))
(CAPTURE_CANDIDATE (AND ((OR ((AND ((NOT (A0)) D0)) (AND (A1 D3 A0)))))))
(CAPTURE_CANDIDATE (AND ((NOT (A0)) (OR (D0 (AND (A1 D3)))))))
(CAPTURE_CANDIDATE (AND ((NOT (A0)) (OR (D0 (AND (A1 D3)))))))
(CAPTURE_CANDIDATE (AND ((OR ((AND ((NOT (A0)) D0)) (AND (A1 D3 A0)))))))
(CAPTURE_CANDIDATE (AND (D0 (OR ((NOT (A0)) (AND (A1 D3 D1)))))))
(CAPTURE_CANDIDATE (AND ((OR ((AND ((NOT (A0)) D0)) (AND (A1 D3 (OR ((NOT (D0)) (NOT (D1)))))))))))
(CAPTURE_CANDIDATE (AND ((OR ((AND ((NOT (A0)) D0)) (AND (A1 D3)) A0)))))
(CAPTURE_CANDIDATE (AND ((OR ((AND ((NOT (A0)) D0)) (AND (A1 D3)) (NOT (A0)))))))
(CAPTURE_CANDIDATE (AND ((OR ((AND ((NOT (A0)) D0)) (AND (A1 D3)) A1)))))
(CAPTURE_CANDIDATE (AND ((OR ((AND ((NOT (A0)) D0)) (AND (A1 D3)) (NOT (A1)))))))
(CAPTURE_CANDIDATE (AND ((OR ((AND ((NOT (A0)) D0)) (AND (A1 D3)) D0)))))
(CAPTURE_CANDIDATE (AND ((OR ((AND ((NOT (A0)) D0)) (AND (A1 D3)) (NOT (D0)))))))
(CAPTURE_CANDIDATE (AND ((OR ((AND ((NOT (A0)) D0)) (AND (A1 D3)) D1)))))
(CAPTURE_CANDIDATE (AND ((OR ((AND ((NOT (A0)) D0)) (AND (A1 D3)) (NOT (D1)))))))
(CAPTURE_CANDIDATE (AND ((OR ((AND ((NOT (A0)) D0)) (AND (A1 D3)) D2)))))
(CAPTURE_CANDIDATE (AND ((OR ((AND ((NOT (A0)) D0)) (AND (A1 D3)) (NOT (D2)))))))
(CAPTURE_CANDIDATE (AND ((OR ((AND ((NOT (A0)) D0)) (AND (A1 D3)) D3)))))
(CAPTURE_CANDIDATE (AND ((OR ((AND ((NOT (A0)) D0)) (AND (A1 D3)) (NOT (D3)))))))
(CAPTURE_CANDIDATE (AND ((OR ((AND ((NOT (A0)) D0)) (AND (A1 D3)) (NOT (D0)) D3)))))
(CAPTURE_CANDIDATE (AND ((OR ((AND ((NOT (A0)) D0)) (AND (A1 D3)) (AND (D0 (NOT (D3)))))))))
(CAPTURE_CANDIDATE (AND ((OR ((AND ((NOT (A0)) D0)) (AND (A1 D3)) (NOT (A0)) D1)))))
(CAPTURE_CANDIDATE (AND ((OR ((AND ((NOT (A0)) D0)) (AND (A1 D3)) (AND (A0 (NOT (D1)))))))))
(CAPTURE_CANDIDATE (AND ((OR ((AND ((NOT (A0)) D0)) (AND (A1 D3)) A0 D0)))))
(CAPTURE_CANDIDATE (AND ((OR ((AND ((NOT (A0)) D0)) (AND (A1 D3)) (AND ((NOT (A0)) (NOT (D0)))))))))
(CAPTURE_CANDIDATE (AND ((OR ((AND ((NOT (A0)) D0)) (AND (A1 D3)) D1 D3)))))
(CAPTURE_CANDIDATE (AND ((OR ((AND ((NOT (A0)) D0)) (AND (A1 D3)) (AND ((NOT (D1)) (NOT (D3)))))))))
(CAPTURE_CANDIDATE (AND ((OR ((AND ((NOT (A0)) D0)) (AND (A1 D3)) A1 D1)))))
(CAPTURE_CANDIDATE (AND ((OR ((AND ((NOT (A0)) D0)) (AND (A1 D3)) (AND ((NOT (A1)) (NOT (D1)))))))))
(CAPTURE_CANDIDATE (AND ((OR ((AND ((NOT (A0)) D0)) (AND (A1 D3)) D2 D3)))))
(CAPTURE_CANDIDATE (AND ((OR ((AND ((NOT (A0)) D0)) (AND (A1 D3)) (AND ((NOT (D2)) (NOT (D3)))))))))
(CAPTURE_CANDIDATE (AND (A0 A1 D3)))
(CAPTURE_CANDIDATE (AND ((NOT (A0)) (OR (D0 (AND (A1 D3)))))))
(CAPTURE_CANDIDATE (AND (A1 (OR ((AND ((NOT (A0)) D0)) D3)))))
(CAPTURE_CANDIDATE (AND ((NOT (A1)) (NOT (A0)) D0)))
(CAPTURE_CANDIDATE (AND (D0 (OR ((NOT (A0)) (AND (A1 D3)))))))
(CAPTURE_CANDIDATE (AND ((NOT (D0)) A1 D3)))
(CAPTURE_CANDIDATE (AND (D1 (OR ((AND ((NOT (A0)) D0)) (AND (A1 D3)))))))
(CAPTURE_CANDIDATE (AND ((NOT (D1)) (OR ((AND ((NOT (A0)) D0)) (AND (A1 D3)))))))
(CAPTURE_CANDIDATE (AND (D2 (OR ((AND ((NOT (A0)) D0)) (AND (A1 D3)))))))
(CAPTURE_CANDIDATE (AND ((NOT (D2)) (OR ((AND ((NOT (A0)) D0)) (AND (A1 D3)))))))
(CAPTURE_CANDIDATE (AND (D3 (OR ((AND ((NOT (A0)) D0)) A1)))))
(CAPTURE_CANDIDATE (AND ((NOT (D3)) (NOT (A0)) D0)))
(CAPTURE_CANDIDATE (AND (A0 D1 A1 D3)))
(CAPTURE_CANDIDATE (AND ((OR ((AND ((NOT (A0)) D0)) (AND (A1 D3)))) (OR ((NOT (A0)) (NOT (D1)))))))
(CAPTURE_CANDIDATE (AND ((NOT (A0)) D2 (OR (D0 (AND (A1 D3)))))))
(CAPTURE_CANDIDATE (AND ((OR ((AND ((NOT (A0)) D0)) (AND (A1 D3)))) (OR (A0 (NOT (D2)))))))
(CAPTURE_CANDIDATE (AND ((NOT (A1)) D3 (NOT (A0)) D0)))
(CAPTURE_CANDIDATE (AND ((OR ((AND ((NOT (A0)) D0)) (AND (A1 D3)))) (OR (A1 (NOT (D3)))))))
(CAPTURE_CANDIDATE (AND (D0 D1 (OR ((NOT (A0)) (AND (A1 D3)))))))
(CAPTURE_CANDIDATE (AND ((OR ((AND ((NOT (A0)) D0)) (AND (A1 D3)))) (OR ((NOT (D0)) (NOT (D1)))))))
(CAPTURE_CANDIDATE (AND (D0 D2 (OR ((NOT (A0)) (AND (A1 D3)))))))
(CAPTURE_CANDIDATE (AND ((OR ((AND ((NOT (A0)) D0)) (AND (A1 D3)))) (OR ((NOT (D0)) (NOT (D2)))))))
(CAPTURE_CANDIDATE (AND (A0 D0 A1 D3)))
(CAPTURE_CANDIDATE (AND ((OR ((AND ((NOT (A0)) D0)) (AND (A1 D3)))) (OR ((NOT (A0)) (NOT (D0)))))))
(CAPTURE_CANDIDATE (AND ((OR (A0 (AND ((NOT (A0)) D0)) (AND (A1 D3)))))))
(CAPTURE_CANDIDATE (AND ((OR ((NOT (A0)) (AND ((NOT (A0)) D0)) (AND (A1 D3)))))))
(CAPTURE_CANDIDATE (AND ((OR (A1 (AND ((NOT (A0)) D0)) (AND (A1 D3)))))))
(CAPTURE_CANDIDATE (AND ((OR ((NOT (A1)) (AND ((NOT (A0)) D0)) (AND (A1 D3)))))))
(CAPTURE_CANDIDATE (AND ((OR (D0 (AND ((NOT (A0)) D0)) (AND (A1 D3)))))))
(CAPTURE_CANDIDATE (AND ((OR ((NOT (D0)) (AND ((NOT (A0)) D0)) (AND (A1 D3)))))))
(CAPTURE_CANDIDATE (AND ((OR (D1 (AND ((NOT (A0)) D0)) (AND (A1 D3)))))))
(CAPTURE_CANDIDATE (AND ((OR ((NOT (D1)) (AND ((NOT (A0)) D0)) (AND (A1 D3)))))))
(CAPTURE_CANDIDATE (AND ((OR (D2 (AND ((NOT (A0)) D0)) (AND (A1 D3)))))))
(CAPTURE_CANDIDATE (AND ((OR ((NOT (D2)) (AND ((NOT (A0)) D0)) (AND (A1 D3)))))))
(CAPTURE_CANDIDATE (AND ((OR (D3 (AND ((NOT (A0)) D0)) (AND (A1 D3)))))))
(CAPTURE_CANDIDATE (AND ((OR ((NOT (D3)) (AND ((NOT (A0)) D0)) (AND (A1 D3)))))))
(CAPTURE_CANDIDATE (AND ((OR ((AND ((NOT (A0)) D0)) (AND (A1 D3)) A1 D3)))))
(CAPTURE_CANDIDATE (AND ((OR ((AND ((NOT (A1)) (NOT (D3)))) (AND ((NOT (A0)) D0)) (AND (A1 D3)))))))
(CAPTURE_CANDIDATE (AND ((OR ((AND ((NOT (A0)) D0)) (AND (A1 D3)) D2 D3)))))
(CAPTURE_CANDIDATE (AND ((OR ((AND ((NOT (D2)) (NOT (D3)))) (AND ((NOT (A0)) D0)) (AND (A1 D3)))))))
(CAPTURE_CANDIDATE (AND ((OR ((AND ((NOT (A0)) D0)) (AND (A1 D3)) D0 D1)))))
(CAPTURE_CANDIDATE (AND ((OR ((AND ((NOT (D0)) (NOT (D1)))) (AND ((NOT (A0)) D0)) (AND (A1 D3)))))))
(CAPTURE_CANDIDATE (AND ((OR ((AND ((NOT (A0)) D0)) (AND (A1 D3)) (NOT (A1)) D0)))))
(CAPTURE_CANDIDATE (AND ((OR ((AND (A1 (NOT (D0)))) (AND ((NOT (A0)) D0)) (AND (A1 D3)))))))
(CAPTURE_CANDIDATE (AND ((OR ((AND ((NOT (A0)) D0)) (AND (A1 D3)) A0 D3)))))
(CAPTURE_CANDIDATE (AND ((OR ((AND ((NOT (A0)) (NOT (D3)))) (AND ((NOT (A0)) D0)) (AND (A1 D3)))))))
(CAPTURE_CANDIDATE (AND ((OR ((AND ((NOT (A0)) D0)) (AND (A1 D3)) (NOT (D1)) D3)))))
(CAPTURE_CANDIDATE (AND ((OR ((AND (D1 (NOT (D3)))) (AND ((NOT (A0)) D0)) (AND (A1 D3)))))))
(New best score: -13.714285714285714)
""
(Iteration 3 running)
(Crossover: true)
(CenterInst: (0 0 0 0 0 0 0 1 0 0 0 0 0 0 0 0 0 0 0 0 0 0 0 0 0 0 0 0 0 0 0 0 0 0 0 0 1 0 1 0 0 0 0 0 0 0 0 0 1 0 0 0 0 0 0 0 0 0 0 0 0 0 0 0 0 0 0 0 0 0 0 0 0 0 0 0 0 0 0 0 0 0 0 0 1 0 0 0 1 0 0 0 0 0 0 0 0 0 0 0 0 0 0 0 0 0 0 0 0 0 0 0 0 0 0 0 0 0 0 0 0 0 0 0 0 0 0 0 0 0 0 0 0 0 0 0 0 0 0 0 0 0 0 0 0 0 0 0 0 0 0 0 0 0 0 0 0 0 0 0 0 0 0 0 0))
(size: 64)
(990 : 169 : 1)
(CAPTURE_CANDIDATE (AND ((OR ((AND ((NOT (A0)) D0)) (AND (A1 D3)))))))
(CAPTURE_CANDIDATE (AND ((OR (A0 (AND ((NOT (A0)) D0)) (AND (A1 D3)))))))
(CAPTURE_CANDIDATE (AND ((OR ((NOT (A0)) (AND ((NOT (A0)) D0)) (AND (A1 D3)))))))
(CAPTURE_CANDIDATE (AND ((OR (A1 (AND ((NOT (A0)) D0)) (AND (A1 D3)))))))
(CAPTURE_CANDIDATE (AND ((OR ((NOT (A1)) (AND ((NOT (A0)) D0)) (AND (A1 D3)))))))
(CAPTURE_CANDIDATE (AND ((OR (D0 (AND ((NOT (A0)) D0)) (AND (A1 D3)))))))
(CAPTURE_CANDIDATE (AND ((OR ((NOT (D0)) (AND ((NOT (A0)) D0)) (AND (A1 D3)))))))
(CAPTURE_CANDIDATE (AND ((OR (D1 (AND ((NOT (A0)) D0)) (AND (A1 D3)))))))
(CAPTURE_CANDIDATE (AND ((OR ((NOT (D1)) (AND ((NOT (A0)) D0)) (AND (A1 D3)))))))
(CAPTURE_CANDIDATE (AND ((OR (D2 (AND ((NOT (A0)) D0)) (AND (A1 D3)))))))
(CAPTURE_CANDIDATE (AND ((OR ((NOT (D2)) (AND ((NOT (A0)) D0)) (AND (A1 D3)))))))
(CAPTURE_CANDIDATE (AND ((OR (D3 (AND ((NOT (A0)) D0)) (AND (A1 D3)))))))
(CAPTURE_CANDIDATE (AND ((OR ((NOT (D3)) (AND ((NOT (A0)) D0)) (AND (A1 D3)))))))
(CAPTURE_CANDIDATE (AND ((OR ((AND (A0 D3)) (AND ((NOT (A0)) D0)) (AND (A1 D3)))))))
(CAPTURE_CANDIDATE (AND ((OR ((NOT (A0)) (NOT (D3)) (AND ((NOT (A0)) D0)) (AND (A1 D3)))))))
(CAPTURE_CANDIDATE (AND ((OR ((AND ((NOT (A1)) D2)) (AND ((NOT (A0)) D0)) (AND (A1 D3)))))))
(CAPTURE_CANDIDATE (AND ((OR (A1 (NOT (D2)) (AND ((NOT (A0)) D0)) (AND (A1 D3)))))))
(CAPTURE_CANDIDATE (AND ((OR ((AND (D2 D3)) (AND ((NOT (A0)) D0)) (AND (A1 D3)))))))
(CAPTURE_CANDIDATE (AND ((OR ((NOT (D2)) (NOT (D3)) (AND ((NOT (A0)) D0)) (AND (A1 D3)))))))
(CAPTURE_CANDIDATE (AND ((OR ((AND (D0 D1)) (AND ((NOT (A0)) D0)) (AND (A1 D3)))))))
(CAPTURE_CANDIDATE (AND ((OR ((NOT (D0)) (NOT (D1)) (AND ((NOT (A0)) D0)) (AND (A1 D3)))))))
(CAPTURE_CANDIDATE (AND ((OR ((AND (D0 D2)) (AND ((NOT (A0)) D0)) (AND (A1 D3)))))))
(CAPTURE_CANDIDATE (AND ((OR ((NOT (D0)) (NOT (D2)) (AND ((NOT (A0)) D0)) (AND (A1 D3)))))))
(CAPTURE_CANDIDATE (AND ((OR ((AND ((NOT (D1)) D3)) (AND ((NOT (A0)) D0)) (AND (A1 D3)))))))
(CAPTURE_CANDIDATE (AND ((OR (D1 (NOT (D3)) (AND ((NOT (A0)) D0)) (AND (A1 D3)))))))
(CAPTURE_CANDIDATE (AND (A0 A1 D3)))
(CAPTURE_CANDIDATE (AND ((NOT (A0)) (OR (D0 (AND (A1 D3)))))))
(CAPTURE_CANDIDATE (AND (A1 (OR ((AND ((NOT (A0)) D0)) D3)))))
(CAPTURE_CANDIDATE (AND ((NOT (A1)) (NOT (A0)) D0)))
(CAPTURE_CANDIDATE (AND (D0 (OR ((NOT (A0)) (AND (A1 D3)))))))
(CAPTURE_CANDIDATE (AND ((NOT (D0)) A1 D3)))
(CAPTURE_CANDIDATE (AND (D1 (OR ((AND ((NOT (A0)) D0)) (AND (A1 D3)))))))
(CAPTURE_CANDIDATE (AND ((NOT (D1)) (OR ((AND ((NOT (A0)) D0)) (AND (A1 D3)))))))
(CAPTURE_CANDIDATE (AND (D2 (OR ((AND ((NOT (A0)) D0)) (AND (A1 D3)))))))
(CAPTURE_CANDIDATE (AND ((NOT (D2)) (OR ((AND ((NOT (A0)) D0)) (AND (A1 D3)))))))
(CAPTURE_CANDIDATE (AND (D3 (OR ((AND ((NOT (A0)) D0)) A1)))))
(CAPTURE_CANDIDATE (AND ((NOT (D3)) (NOT (A0)) D0)))
(CAPTURE_CANDIDATE (AND ((OR ((AND ((NOT (A0)) D0)) (AND (A1 D3)))) (OR (D1 D3)))))
(CAPTURE_CANDIDATE (AND ((NOT (D1)) (NOT (D3)) (NOT (A0)) D0)))
(CAPTURE_CANDIDATE (AND ((OR ((AND ((NOT (A0)) D0)) (AND (A1 D3)))) (OR ((NOT (A0)) D3)))))
(CAPTURE_CANDIDATE (AND (A0 (NOT (D3)))))
(CAPTURE_CANDIDATE (AND ((OR ((AND ((NOT (A0)) D0)) (AND (A1 D3)))) (OR ((NOT (A1)) D3)))))
(CAPTURE_CANDIDATE (AND (A1 (NOT (D3)) (NOT (A0)) D0)))
(CAPTURE_CANDIDATE (AND ((OR ((AND ((NOT (A0)) D0)) (AND (A1 D3)))) (OR ((NOT (A0)) D2)))))
(CAPTURE_CANDIDATE (AND (A0 (NOT (D2)) A1 D3)))
(CAPTURE_CANDIDATE (AND ((OR ((AND ((NOT (A0)) D0)) (AND (A1 D3)))) (OR (D1 D2)))))
(CAPTURE_CANDIDATE (AND ((NOT (D1)) (NOT (D2)) (OR ((AND ((NOT (A0)) D0)) (AND (A1 D3)))))))
(CAPTURE_CANDIDATE (AND ((OR ((AND ((NOT (A0)) D0)) (AND (A1 D3)))) (OR ((NOT (A0)) D1)))))
(CAPTURE_CANDIDATE (AND (A0 (NOT (D1)) A1 D3)))
(CAPTURE_CANDIDATE (AND ((OR ((AND ((NOT (A0)) D0)) (AND (A1 D3)) A0)))))
(CAPTURE_CANDIDATE (AND ((OR ((AND ((NOT (A0)) D0)) (AND (A1 D3)) (NOT (A0)))))))
(CAPTURE_CANDIDATE (AND ((OR ((AND ((NOT (A0)) D0)) (AND (A1 D3)) A1)))))
(CAPTURE_CANDIDATE (AND ((OR ((AND ((NOT (A0)) D0)) (AND (A1 D3)) (NOT (A1)))))))
(CAPTURE_CANDIDATE (AND ((OR ((AND ((NOT (A0)) D0)) (AND (A1 D3)) D0)))))
(CAPTURE_CANDIDATE (AND ((OR ((AND ((NOT (A0)) D0)) (AND (A1 D3)) (NOT (D0)))))))
(CAPTURE_CANDIDATE (AND ((OR ((AND ((NOT (A0)) D0)) (AND (A1 D3)) D1)))))
(CAPTURE_CANDIDATE (AND ((OR ((AND ((NOT (A0)) D0)) (AND (A1 D3)) (NOT (D1)))))))
(CAPTURE_CANDIDATE (AND ((OR ((AND ((NOT (A0)) D0)) (AND (A1 D3)) D2)))))
(CAPTURE_CANDIDATE (AND ((OR ((AND ((NOT (A0)) D0)) (AND (A1 D3)) (NOT (D2)))))))
(CAPTURE_CANDIDATE (AND ((OR ((AND ((NOT (A0)) D0)) (AND (A1 D3)) D3)))))
(CAPTURE_CANDIDATE (AND ((OR ((AND ((NOT (A0)) D0)) (AND (A1 D3)) (NOT (D3)))))))
(CAPTURE_CANDIDATE (AND ((OR ((AND ((NOT (A0)) D0)) (AND (A1 D3)) (AND (D1 D3)))))))
(CAPTURE_CANDIDATE (AND ((OR ((AND ((NOT (A0)) D0)) (AND (A1 D3)) (NOT (D1)) (NOT (D3)))))))
(CAPTURE_CANDIDATE (AND ((OR ((AND ((NOT (A0)) D0)) (AND (A1 D3)) (AND (D0 D3)))))))
(CAPTURE_CANDIDATE (AND ((OR ((AND ((NOT (A0)) D0)) (AND (A1 D3)) (NOT (D0)) (NOT (D3)))))))
(CAPTURE_CANDIDATE (AND ((OR ((AND ((NOT (A0)) D0)) (AND (A1 D3)) (AND (A1 D2)))))))
(CAPTURE_CANDIDATE (AND ((OR ((AND ((NOT (A0)) D0)) (AND (A1 D3)) (NOT (A1)) (NOT (D2)))))))
(CAPTURE_CANDIDATE (AND ((OR ((AND ((NOT (A0)) D0)) (AND (A1 D3)) (AND (A0 D0)))))))
(CAPTURE_CANDIDATE (AND ((OR ((AND ((NOT (A0)) D0)) (AND (A1 D3)) (NOT (A0)) (NOT (D0)))))))
(CAPTURE_CANDIDATE (AND ((OR ((AND ((NOT (A0)) D0)) (AND (A1 D3)) (AND (A0 D1)))))))
(CAPTURE_CANDIDATE (AND ((OR ((AND ((NOT (A0)) D0)) (AND (A1 D3)) (NOT (A0)) (NOT (D1)))))))
(CAPTURE_CANDIDATE (AND ((OR ((AND ((NOT (A0)) D0)) (AND (A1 D3)) (AND (D0 D1)))))))
(CAPTURE_CANDIDATE (AND ((OR ((AND ((NOT (A0)) D0)) (AND (A1 D3)) (NOT (D0)) (NOT (D1)))))))
(CAPTURE_CANDIDATE (AND ((OR (D0 (AND (A1 D3)))))))
(CAPTURE_CANDIDATE (AND ((OR ((AND (A0 D0)) (AND (A1 D3)))))))
(CAPTURE_CANDIDATE (AND (A1 (OR ((AND ((NOT (A0)) D0)) D3)))))
(CAPTURE_CANDIDATE (AND ((OR ((AND ((NOT (A1)) (NOT (A0)) D0)) (AND (A1 D3)))))))
(CAPTURE_CANDIDATE (AND ((OR ((NOT (A0)) (AND (A1 D3)))))))
(CAPTURE_CANDIDATE (AND ((OR ((AND ((NOT (D0)) (NOT (A0)))) (AND (A1 D3)))))))
(CAPTURE_CANDIDATE (AND ((OR ((AND (D1 (NOT (A0)) D0)) (AND (A1 D3)))))))
(CAPTURE_CANDIDATE (AND ((OR ((AND ((NOT (D1)) (NOT (A0)) D0)) (AND (A1 D3)))))))
(CAPTURE_CANDIDATE (AND ((OR ((AND (D2 (NOT (A0)) D0)) (AND (A1 D3)))))))
(CAPTURE_CANDIDATE (AND ((OR ((AND ((NOT (D2)) (NOT (A0)) D0)) (AND (A1 D3)))))))
(CAPTURE_CANDIDATE (AND (D3 (OR ((AND ((NOT (A0)) D0)) A1)))))
(CAPTURE_CANDIDATE (AND ((OR ((AND ((NOT (D3)) (NOT (A0)) D0)) (AND (A1 D3)))))))
(CAPTURE_CANDIDATE (AND ((OR ((AND ((NOT (A0)) D0)) (AND (A1 D3)))))))
(CAPTURE_CANDIDATE (AND ((OR ((AND (A0 (NOT (D2)) D0)) (AND (A1 D3)))))))
(CAPTURE_CANDIDATE (AND ((OR ((AND ((NOT (A0)) D0)) (AND (A1 D3)))))))
(CAPTURE_CANDIDATE (AND (A1 D3)))
(CAPTURE_CANDIDATE (AND ((OR ((AND ((NOT (A0)) D0 D2)) (AND (A1 D3)))))))
(CAPTURE_CANDIDATE (AND ((OR ((AND (D0 (NOT (D2)) (NOT (A0)))) (AND (A1 D3)))))))
(CAPTURE_CANDIDATE (AND ((OR ((AND ((NOT (A0)) D0)) (AND (A1 D3)))))))
(CAPTURE_CANDIDATE (AND (A1 D3)))
(CAPTURE_CANDIDATE (AND ((OR ((AND ((NOT (A0)) D0 (OR ((NOT (D1)) D3)))) (AND (A1 D3)))))))
(CAPTURE_CANDIDATE (AND ((OR ((AND (D1 (NOT (D3)) (NOT (A0)) D0)) (AND (A1 D3)))))))
(CAPTURE_CANDIDATE (AND ((OR ((AND ((NOT (A0)) D0 D2)) (AND (A1 D3)))))))
(CAPTURE_CANDIDATE (AND ((OR ((AND ((NOT (A0)) (NOT (D2)) D0)) (AND (A1 D3)))))))
(CAPTURE_CANDIDATE (AND ((OR (D0 (AND (A1 D3)))))))
(CAPTURE_CANDIDATE (AND ((OR ((AND (A0 D0)) (AND (A1 D3)))))))
(CAPTURE_CANDIDATE (AND ((OR ((AND (D0 (OR ((NOT (A0)) A1)))) (AND (A1 D3)))))))
(CAPTURE_CANDIDATE (AND ((OR ((AND (D0 (OR ((NOT (A0)) (NOT (A1)))))) (AND (A1 D3)))))))
(CAPTURE_CANDIDATE (AND ((OR (D0 (AND (A1 D3)))))))
(CAPTURE_CANDIDATE (AND ((OR ((AND (D0 (NOT (A0)))) (AND (A1 D3)))))))
(CAPTURE_CANDIDATE (AND ((OR ((AND (D0 (OR ((NOT (A0)) D1)))) (AND (A1 D3)))))))
(CAPTURE_CANDIDATE (AND ((OR ((AND (D0 (OR ((NOT (A0)) (NOT (D1)))))) (AND (A1 D3)))))))
(CAPTURE_CANDIDATE (AND ((OR ((AND (D0 (OR ((NOT (A0)) D2)))) (AND (A1 D3)))))))
(CAPTURE_CANDIDATE (AND ((OR ((AND (D0 (OR ((NOT (A0)) (NOT (D2)))))) (AND (A1 D3)))))))
(CAPTURE_CANDIDATE (AND ((OR ((AND (D0 (OR ((NOT (A0)) D3)))) (AND (A1 D3)))))))
(CAPTURE_CANDIDATE (AND ((OR ((AND (D0 (OR ((NOT (A0)) (NOT (D3)))))) (AND (A1 D3)))))))
(CAPTURE_CANDIDATE (AND ((OR ((AND (D0 (OR ((NOT (A0)) (AND (D2 D3)))))) (AND (A1 D3)))))))
(CAPTURE_CANDIDATE (AND ((OR ((AND (D0 (OR ((NOT (A0)) (NOT (D2)) (NOT (D3)))))) (AND (A1 D3)))))))
(CAPTURE_CANDIDATE (AND ((OR ((AND (D0 (OR ((NOT (A0)) (NOT (A1)))))) (AND (A1 D3)))))))
(CAPTURE_CANDIDATE (AND ((OR ((AND (D0 (OR ((NOT (A0)) A1)))) (AND (A1 D3)))))))
(CAPTURE_CANDIDATE (AND ((OR ((AND (D0 (OR ((NOT (A0)) D1)))) (AND (A1 D3)))))))
(CAPTURE_CANDIDATE (AND ((OR ((AND (D0 (OR ((NOT (A0)) (NOT (D1)))))) (AND (A1 D3)))))))
(CAPTURE_CANDIDATE (AND ((OR ((AND (D0 (OR ((NOT (A0)) (AND (A0 D1)))))) (AND (A1 D3)))))))
(CAPTURE_CANDIDATE (AND ((OR ((AND (D0 (OR ((NOT (A0)) (NOT (A0)) (NOT (D1)))))) (AND (A1 D3)))))))
(CAPTURE_CANDIDATE (AND ((OR ((AND (D0 (NOT (A0)))) (AND (A1 D3)))))))
(CAPTURE_CANDIDATE (AND ((OR (D0 (AND (A1 D3)))))))
(CAPTURE_CANDIDATE (AND ((OR ((AND (D0 (OR ((NOT (A0)) D3)))) (AND (A1 D3)))))))
(CAPTURE_CANDIDATE (AND ((OR ((AND (D0 (OR ((NOT (A0)) (NOT (D3)))))) (AND (A1 D3)))))))
(CAPTURE_CANDIDATE (AND ((OR ((AND ((NOT (A0)) D0)) (AND (A1 D3)))))))
(CAPTURE_CANDIDATE (AND ((OR ((NOT (A0)) (AND (A1 D3)))))))
(CAPTURE_CANDIDATE (AND ((OR ((AND ((NOT (A0)) (OR (D0 A1)))) (AND (A1 D3)))))))
(CAPTURE_CANDIDATE (AND ((OR ((AND ((NOT (A0)) (OR (D0 (NOT (A1)))))) (AND (A1 D3)))))))
(CAPTURE_CANDIDATE (AND ((OR ((AND ((NOT (A0)) (OR (D0 D1)))) (AND (A1 D3)))))))
(CAPTURE_CANDIDATE (AND ((OR ((AND ((NOT (A0)) (OR (D0 (NOT (D1)))))) (AND (A1 D3)))))))
(CAPTURE_CANDIDATE (AND ((OR ((AND ((NOT (A0)) (OR (D0 D2)))) (AND (A1 D3)))))))
(CAPTURE_CANDIDATE (AND ((OR ((AND ((NOT (A0)) (OR (D0 (NOT (D2)))))) (AND (A1 D3)))))))
(CAPTURE_CANDIDATE (AND ((OR ((AND ((NOT (A0)) (OR (D0 D3)))) (AND (A1 D3)))))))
(CAPTURE_CANDIDATE (AND ((OR ((AND ((NOT (A0)) (OR (D0 (NOT (D3)))))) (AND (A1 D3)))))))
(CAPTURE_CANDIDATE (AND ((OR ((AND ((NOT (A0)) (OR (D0 (AND (A1 D1)))))) (AND (A1 D3)))))))
(CAPTURE_CANDIDATE (AND ((OR ((AND ((NOT (A0)) (OR (D0 (NOT (A1)) (NOT (D1)))))) (AND (A1 D3)))))))
(CAPTURE_CANDIDATE (AND ((OR ((AND ((NOT (A0)) (OR (D0 (AND ((NOT (A1)) D2)))))) (AND (A1 D3)))))))
(CAPTURE_CANDIDATE (AND ((OR ((AND ((NOT (A0)) (OR (D0 A1 (NOT (D2)))))) (AND (A1 D3)))))))
(CAPTURE_CANDIDATE (AND ((OR ((AND ((NOT (A0)) D0 (NOT (A0)))) (AND (A1 D3)))))))
(CAPTURE_CANDIDATE (AND ((OR ((AND ((NOT (A0)) (OR (D0 (NOT (D0)))))) (AND (A1 D3)))))))
(CAPTURE_CANDIDATE (AND ((OR ((AND ((NOT (A0)) D0)) (AND (A1 D3)))))))
(CAPTURE_CANDIDATE (AND ((OR ((NOT (A0)) (AND (A1 D3)))))))
(CAPTURE_CANDIDATE (AND ((OR ((AND ((NOT (A0)) (OR (D0 (AND (D2 D3)))))) (AND (A1 D3)))))))
(CAPTURE_CANDIDATE (AND ((OR ((AND ((NOT (A0)) (OR (D0 (NOT (D2)) (NOT (D3)))))) (AND (A1 D3)))))))
(CAPTURE_CANDIDATE (AND ((OR ((AND ((NOT (A0)) D0 D1)) (AND (A1 D3)))))))
(CAPTURE_CANDIDATE (AND ((OR ((AND ((NOT (A0)) (OR (D0 (NOT (D0)) (NOT (D1)))))) (AND (A1 D3)))))))
(CAPTURE_CANDIDATE (AND (A1 D3)))
(CAPTURE_CANDIDATE (AND ((OR ((AND ((NOT (A0)) D0)) (AND (A1 D3)))))))
(CAPTURE_CANDIDATE (AND (A1 (OR ((AND ((NOT (A0)) D0)) D3)))))
(CAPTURE_CANDIDATE (AND ((OR ((AND ((NOT (A0)) D0 (NOT (A1)))) (AND (A1 D3)))))))
(CAPTURE_CANDIDATE (AND ((OR ((AND ((NOT (A0)) D0)) (AND (A1 D3)))))))
(CAPTURE_CANDIDATE (AND (A1 D3)))
(CAPTURE_CANDIDATE (AND ((OR ((AND ((NOT (A0)) D0 D1)) (AND (A1 D3)))))))
(CAPTURE_CANDIDATE (AND ((OR ((AND ((NOT (A0)) D0 (NOT (D1)))) (AND (A1 D3)))))))
(CAPTURE_CANDIDATE (AND ((OR ((AND ((NOT (A0)) D0 D2)) (AND (A1 D3)))))))
(CAPTURE_CANDIDATE (AND ((OR ((AND ((NOT (A0)) D0 (NOT (D2)))) (AND (A1 D3)))))))
(CAPTURE_CANDIDATE (AND (D3 (OR ((AND ((NOT (A0)) D0)) A1)))))
(CAPTURE_CANDIDATE (AND ((OR ((AND ((NOT (A0)) D0 (NOT (D3)))) (AND (A1 D3)))))))
(CAPTURE_CANDIDATE (AND (D3 (OR ((AND ((NOT (A0)) D0 D2)) A1)))))
(CAPTURE_CANDIDATE (AND ((OR ((AND ((NOT (A0)) D0 (OR ((NOT (D2)) (NOT (D3)))))) (AND (A1 D3)))))))
(CAPTURE_CANDIDATE (AND (A1 (OR ((AND ((NOT (A0)) D0)) D3)))))
(CAPTURE_CANDIDATE (AND ((OR ((AND ((NOT (A0)) D0 (NOT (A1)))) (AND (A1 D3)))))))
(CAPTURE_CANDIDATE (AND ((OR ((AND ((NOT (A0)) D0 D1)) (AND (A1 D3)))))))
(CAPTURE_CANDIDATE (AND ((OR ((AND ((NOT (A0)) D0 (NOT (D1)))) (AND (A1 D3)))))))
(CAPTURE_CANDIDATE (AND ((OR ((AND ((NOT (A0)) D0 D1 D2)) (AND (A1 D3)))))))
(CAPTURE_CANDIDATE (AND ((OR ((AND ((NOT (A0)) D0 (OR ((NOT (D1)) (NOT (D2)))))) (AND (A1 D3)))))))
(CAPTURE_CANDIDATE (AND (A1 D3 (NOT (A0)) D0)))
(CAPTURE_CANDIDATE (AND ((OR ((AND ((NOT (A0)) D0 (OR ((NOT (A1)) (NOT (D3)))))) (AND (A1 D3)))))))
(CAPTURE_CANDIDATE (AND (A1 D3)))
(CAPTURE_CANDIDATE (AND ((OR ((AND ((NOT (A0)) D0)) (AND (A1 D3)))))))
(CAPTURE_CANDIDATE (AND ((OR ((AND ((NOT (A0)) D0)) (AND (A0 A1 D3)))))))
(CAPTURE_CANDIDATE (AND ((NOT (A0)) (OR (D0 (AND (A1 D3)))))))
(CAPTURE_CANDIDATE (AND ((OR ((AND ((NOT (A0)) D0)) D3)))))
(CAPTURE_CANDIDATE (AND ((OR ((AND ((NOT (A0)) D0)) (AND ((NOT (A1)) D3)))))))
(CAPTURE_CANDIDATE (AND (D0 (OR ((NOT (A0)) (AND (A1 D3)))))))
(CAPTURE_CANDIDATE (AND ((OR ((AND ((NOT (A0)) D0)) (AND ((NOT (D0)) A1 D3)))))))
(CAPTURE_CANDIDATE (AND ((OR ((AND ((NOT (A0)) D0)) (AND (D1 A1 D3)))))))
(CAPTURE_CANDIDATE (AND ((OR ((AND ((NOT (A0)) D0)) (AND ((NOT (D1)) A1 D3)))))))
(CAPTURE_CANDIDATE (AND ((OR ((AND ((NOT (A0)) D0)) (AND (D2 A1 D3)))))))
(CAPTURE_CANDIDATE (AND ((OR ((AND ((NOT (A0)) D0)) (AND ((NOT (D2)) A1 D3)))))))
(CAPTURE_CANDIDATE (AND ((OR ((AND ((NOT (A0)) D0)) A1)))))
(CAPTURE_CANDIDATE (AND ((OR ((AND ((NOT (A0)) D0)) (AND ((NOT (D3)) A1)))))))
(CAPTURE_CANDIDATE (AND ((OR ((AND ((NOT (A0)) D0)) (AND (A1 D3 (OR (D0 D2)))))))))
(CAPTURE_CANDIDATE (AND ((OR ((AND ((NOT (A0)) D0)) (AND ((NOT (D0)) (NOT (D2)) A1 D3)))))))
(CAPTURE_CANDIDATE (AND ((OR ((AND ((NOT (A0)) D0)) (AND (A1 D3)))))))
(CAPTURE_CANDIDATE (AND ((NOT (A0)) D0)))
(CAPTURE_CANDIDATE (AND ((OR ((AND ((NOT (A0)) D0)) (AND (A1 D3)))))))
(CAPTURE_CANDIDATE (AND ((NOT (A0)) D0)))
(CAPTURE_CANDIDATE (AND ((OR ((AND ((NOT (A0)) D0)) (AND (A1 D3)))))))
(CAPTURE_CANDIDATE (AND ((OR ((AND ((NOT (A0)) D0)) (AND ((NOT (A1)) (NOT (D2)) D3)))))))
(CAPTURE_CANDIDATE (AND ((OR ((AND ((NOT (A0)) D0)) (AND (A1 D3 (OR (A0 D2)))))))))
(CAPTURE_CANDIDATE (AND ((NOT (A0)) (OR (D0 (AND ((NOT (D2)) A1 D3)))))))
(CAPTURE_CANDIDATE (AND ((OR ((AND ((NOT (A0)) D0)) (AND (A1 D3)))))))
(CAPTURE_CANDIDATE (AND ((OR ((AND ((NOT (A0)) D0)) (AND (A0 (NOT (A1)) D3)))))))
(CAPTURE_CANDIDATE (AND ((OR ((AND ((NOT (A0)) D0)) (AND (D3 (OR (A1 A0)))))))))
(CAPTURE_CANDIDATE (AND ((OR ((AND ((NOT (A0)) D0)) (AND (D3 (OR (A1 (NOT (A0)))))))))))
(CAPTURE_CANDIDATE (AND ((OR ((AND ((NOT (A0)) D0)) (AND (D3 (OR (A1 D0)))))))))
(CAPTURE_CANDIDATE (AND ((OR ((AND ((NOT (A0)) D0)) (AND (D3 (OR (A1 (NOT (D0)))))))))))
(CAPTURE_CANDIDATE (AND ((OR ((AND ((NOT (A0)) D0)) (AND (D3 (OR (A1 D1)))))))))
(CAPTURE_CANDIDATE (AND ((OR ((AND ((NOT (A0)) D0)) (AND (D3 (OR (A1 (NOT (D1)))))))))))
(CAPTURE_CANDIDATE (AND ((OR ((AND ((NOT (A0)) D0)) (AND (D3 (OR (A1 D2)))))))))
(CAPTURE_CANDIDATE (AND ((OR ((AND ((NOT (A0)) D0)) (AND (D3 (OR (A1 (NOT (D2)))))))))))
(CAPTURE_CANDIDATE (AND ((OR ((AND ((NOT (A0)) D0)) D3)))))
(CAPTURE_CANDIDATE (AND ((OR ((AND ((NOT (A0)) D0)) (AND (D3 A1)))))))
(CAPTURE_CANDIDATE (AND ((OR ((AND ((NOT (A0)) D0)) (AND (D3 (OR (A1 (NOT (D1)))))))))))
(CAPTURE_CANDIDATE (AND ((OR ((AND ((NOT (A0)) D0)) (AND (D3 (OR (A1 D1)))))))))
(CAPTURE_CANDIDATE (AND ((OR ((AND ((NOT (A0)) D0)) (AND (D3 (OR (A1 (AND (A0 D1)))))))))))
(CAPTURE_CANDIDATE (AND ((OR ((AND ((NOT (A0)) D0)) (AND (D3 (OR (A1 (NOT (A0)) (NOT (D1)))))))))))
(CAPTURE_CANDIDATE (AND ((OR ((AND ((NOT (A0)) D0)) (AND (A1 D3)))))))
(CAPTURE_CANDIDATE (AND ((OR ((AND ((NOT (A0)) D0)) (AND (D3 (OR (A1 (NOT (A1)))))))))))
(CAPTURE_CANDIDATE (AND ((OR ((AND ((NOT (A0)) D0)) (AND (D3 (OR (A1 D0)))))))))
(CAPTURE_CANDIDATE (AND ((OR ((AND ((NOT (A0)) D0)) (AND (D3 (OR (A1 (NOT (D0)))))))))))
(CAPTURE_CANDIDATE (AND ((OR ((AND ((NOT (A0)) D0)) (AND (D3 (OR (A1 (AND (A0 D0)))))))))))
(CAPTURE_CANDIDATE (AND ((OR ((AND ((NOT (A0)) D0)) (AND (D3 (OR (A1 (NOT (A0)) (NOT (D0)))))))))))
(CAPTURE_CANDIDATE (AND ((OR ((AND ((NOT (A0)) D0)) (AND (D3 (OR (A1 (AND ((NOT (A1)) D1)))))))))))
(CAPTURE_CANDIDATE (AND ((OR ((AND ((NOT (A0)) D0)) (AND (D3 (OR (A1 A1 (NOT (D1)))))))))))
(CAPTURE_CANDIDATE (AND ((OR ((AND ((NOT (A0)) D0)) (AND (A1 (OR (D3 A0)))))))))
(CAPTURE_CANDIDATE (AND ((OR ((AND ((NOT (A0)) D0)) (AND (A1 (OR (D3 (NOT (A0)))))))))))
(CAPTURE_CANDIDATE (AND ((OR ((AND ((NOT (A0)) D0)) A1)))))
(CAPTURE_CANDIDATE (AND ((OR ((AND ((NOT (A0)) D0)) (AND (A1 D3)))))))
(CAPTURE_CANDIDATE (AND ((OR ((AND ((NOT (A0)) D0)) (AND (A1 (OR (D3 D0)))))))))
(CAPTURE_CANDIDATE (AND ((OR ((AND ((NOT (A0)) D0)) (AND (A1 (OR (D3 (NOT (D0)))))))))))
(CAPTURE_CANDIDATE (AND ((OR ((AND ((NOT (A0)) D0)) (AND (A1 (OR (D3 D1)))))))))
(CAPTURE_CANDIDATE (AND ((OR ((AND ((NOT (A0)) D0)) (AND (A1 (OR (D3 (NOT (D1)))))))))))
(CAPTURE_CANDIDATE (AND ((OR ((AND ((NOT (A0)) D0)) (AND (A1 (OR (D3 D2)))))))))
(CAPTURE_CANDIDATE (AND ((OR ((AND ((NOT (A0)) D0)) (AND (A1 (OR (D3 (NOT (D2)))))))))))
(CAPTURE_CANDIDATE (AND ((OR ((AND ((NOT (A0)) D0)) (AND (A1 (OR (D3 (AND (D1 D2)))))))))))
(CAPTURE_CANDIDATE (AND ((OR ((AND ((NOT (A0)) D0)) (AND (A1 (OR (D3 (NOT (D1)) (NOT (D2)))))))))))
(CAPTURE_CANDIDATE (AND ((OR ((AND ((NOT (A0)) D0)) (AND (A1 (OR (D3 (AND (A0 D0)))))))))))
(CAPTURE_CANDIDATE (AND ((OR ((AND ((NOT (A0)) D0)) (AND (A1 (OR (D3 (NOT (A0)) (NOT (D0)))))))))))
(CAPTURE_CANDIDATE (AND ((OR ((AND ((NOT (A0)) D0)) (AND (A1 (OR (D3 (AND (D0 D2)))))))))))
(CAPTURE_CANDIDATE (AND ((OR ((AND ((NOT (A0)) D0)) (AND (A1 (OR (D3 (NOT (D0)) (NOT (D2)))))))))))
(CAPTURE_CANDIDATE (AND (D0 (OR ((NOT (A0)) (AND (A1 D3)))))))
(CAPTURE_CANDIDATE (AND ((OR ((AND ((NOT (A0)) D0)) (AND (A1 (OR (D3 (NOT (D0)) (NOT (D3)))))))))))
(CAPTURE_CANDIDATE (AND ((OR ((AND ((NOT (A0)) D0)) (AND (A1 (OR (D3 (AND ((NOT (A0)) D1)))))))))))
(CAPTURE_CANDIDATE (AND ((OR ((AND ((NOT (A0)) D0)) (AND (A1 (OR (D3 A0 (NOT (D1)))))))))))
(CAPTURE_CANDIDATE (AND ((OR ((AND ((NOT (A0)) D0)) (AND (A1 D3)))))))
(CAPTURE_CANDIDATE (AND ((OR ((AND ((NOT (A0)) D0)) A1)))))
(CAPTURE_CANDIDATE (AND ((OR ((AND ((NOT (A0)) D0)) (AND (A1 D3 A0)))))))
(CAPTURE_CANDIDATE (AND ((NOT (A0)) (OR (D0 (AND (A1 D3)))))))
(CAPTURE_CANDIDATE (AND ((OR ((AND ((NOT (A0)) D0)) (AND (A1 D3)))))))
(CAPTURE_CANDIDATE (AND ((NOT (A0)) D0)))
(CAPTURE_CANDIDATE (AND (D0 (OR ((NOT (A0)) (AND (A1 D3)))))))
(CAPTURE_CANDIDATE (AND ((OR ((AND ((NOT (A0)) D0)) (AND (A1 D3 (NOT (D0)))))))))
(CAPTURE_CANDIDATE (AND ((OR ((AND ((NOT (A0)) D0)) (AND (A1 D3 D1)))))))
(CAPTURE_CANDIDATE (AND ((OR ((AND ((NOT (A0)) D0)) (AND (A1 D3 (NOT (D1)))))))))
(CAPTURE_CANDIDATE (AND ((OR ((AND ((NOT (A0)) D0)) (AND (A1 D3 D2)))))))
(CAPTURE_CANDIDATE (AND ((OR ((AND ((NOT (A0)) D0)) (AND (A1 D3 (NOT (D2)))))))))
(CAPTURE_CANDIDATE (AND ((OR ((AND ((NOT (A0)) D0)) (AND (A1 D3)))))))
(CAPTURE_CANDIDATE (AND ((NOT (A0)) D0)))
(CAPTURE_CANDIDATE (AND ((OR ((AND ((NOT (A0)) D0)) (AND (A1 D3 D2)))))))
(CAPTURE_CANDIDATE (AND ((OR ((AND ((NOT (A0)) D0)) (AND (A1 D3 (NOT (D2)))))))))
(CAPTURE_CANDIDATE (AND ((OR ((AND ((NOT (A0)) D0)) (AND (A1 D3 (NOT (D1)) D2)))))))
(CAPTURE_CANDIDATE (AND ((OR ((AND ((NOT (A0)) D0)) (AND (A1 D3 (OR (D1 (NOT (D2)))))))))))
(CAPTURE_CANDIDATE (AND ((NOT (A0)) D0)))
(CAPTURE_CANDIDATE (AND ((OR ((AND ((NOT (A0)) D0)) (AND (A1 D3)))))))
(CAPTURE_CANDIDATE (AND ((OR ((AND ((NOT (A0)) D0)) (AND (A1 D3 A0)))))))
(CAPTURE_CANDIDATE (AND ((NOT (A0)) (OR (D0 (AND (A1 D3)))))))
(CAPTURE_CANDIDATE (AND ((NOT (A0)) (OR (D0 (AND (A1 D3)))))))
(CAPTURE_CANDIDATE (AND ((OR ((AND ((NOT (A0)) D0)) (AND (A1 D3 A0)))))))
(CAPTURE_CANDIDATE (AND (D0 (OR ((NOT (A0)) (AND (A1 D3 D1)))))))
(CAPTURE_CANDIDATE (AND ((OR ((AND ((NOT (A0)) D0)) (AND (A1 D3 (OR ((NOT (D0)) (NOT (D1)))))))))))
(CAPTURE_CANDIDATE (AND ((OR ((AND ((NOT (A0)) D0)) (AND (A1 D3)) A0)))))
(CAPTURE_CANDIDATE (AND ((OR ((AND ((NOT (A0)) D0)) (AND (A1 D3)) (NOT (A0)))))))
(CAPTURE_CANDIDATE (AND ((OR ((AND ((NOT (A0)) D0)) (AND (A1 D3)) A1)))))
(CAPTURE_CANDIDATE (AND ((OR ((AND ((NOT (A0)) D0)) (AND (A1 D3)) (NOT (A1)))))))
(CAPTURE_CANDIDATE (AND ((OR ((AND ((NOT (A0)) D0)) (AND (A1 D3)) D0)))))
(CAPTURE_CANDIDATE (AND ((OR ((AND ((NOT (A0)) D0)) (AND (A1 D3)) (NOT (D0)))))))
(CAPTURE_CANDIDATE (AND ((OR ((AND ((NOT (A0)) D0)) (AND (A1 D3)) D1)))))
(CAPTURE_CANDIDATE (AND ((OR ((AND ((NOT (A0)) D0)) (AND (A1 D3)) (NOT (D1)))))))
(CAPTURE_CANDIDATE (AND ((OR ((AND ((NOT (A0)) D0)) (AND (A1 D3)) D2)))))
(CAPTURE_CANDIDATE (AND ((OR ((AND ((NOT (A0)) D0)) (AND (A1 D3)) (NOT (D2)))))))
(CAPTURE_CANDIDATE (AND ((OR ((AND ((NOT (A0)) D0)) (AND (A1 D3)) D3)))))
(CAPTURE_CANDIDATE (AND ((OR ((AND ((NOT (A0)) D0)) (AND (A1 D3)) (NOT (D3)))))))
(CAPTURE_CANDIDATE (AND ((OR ((AND ((NOT (A0)) D0)) (AND (A1 D3)) (NOT (D0)) D3)))))
(CAPTURE_CANDIDATE (AND ((OR ((AND ((NOT (A0)) D0)) (AND (A1 D3)) (AND (D0 (NOT (D3)))))))))
(CAPTURE_CANDIDATE (AND ((OR ((AND ((NOT (A0)) D0)) (AND (A1 D3)) (NOT (A0)) D1)))))
(CAPTURE_CANDIDATE (AND ((OR ((AND ((NOT (A0)) D0)) (AND (A1 D3)) (AND (A0 (NOT (D1)))))))))
(CAPTURE_CANDIDATE (AND ((OR ((AND ((NOT (A0)) D0)) (AND (A1 D3)) A0 D0)))))
(CAPTURE_CANDIDATE (AND ((OR ((AND ((NOT (A0)) D0)) (AND (A1 D3)) (AND ((NOT (A0)) (NOT (D0)))))))))
(CAPTURE_CANDIDATE (AND ((OR ((AND ((NOT (A0)) D0)) (AND (A1 D3)) D1 D3)))))
(CAPTURE_CANDIDATE (AND ((OR ((AND ((NOT (A0)) D0)) (AND (A1 D3)) (AND ((NOT (D1)) (NOT (D3)))))))))
(CAPTURE_CANDIDATE (AND ((OR ((AND ((NOT (A0)) D0)) (AND (A1 D3)) A1 D1)))))
(CAPTURE_CANDIDATE (AND ((OR ((AND ((NOT (A0)) D0)) (AND (A1 D3)) (AND ((NOT (A1)) (NOT (D1)))))))))
(CAPTURE_CANDIDATE (AND ((OR ((AND ((NOT (A0)) D0)) (AND (A1 D3)) D2 D3)))))
(CAPTURE_CANDIDATE (AND ((OR ((AND ((NOT (A0)) D0)) (AND (A1 D3)) (AND ((NOT (D2)) (NOT (D3)))))))))
(CAPTURE_CANDIDATE (AND (A0 A1 D3)))
(CAPTURE_CANDIDATE (AND ((NOT (A0)) (OR (D0 (AND (A1 D3)))))))
(CAPTURE_CANDIDATE (AND (A1 (OR ((AND ((NOT (A0)) D0)) D3)))))
(CAPTURE_CANDIDATE (AND ((NOT (A1)) (NOT (A0)) D0)))
(CAPTURE_CANDIDATE (AND (D0 (OR ((NOT (A0)) (AND (A1 D3)))))))
(CAPTURE_CANDIDATE (AND ((NOT (D0)) A1 D3)))
(CAPTURE_CANDIDATE (AND (D1 (OR ((AND ((NOT (A0)) D0)) (AND (A1 D3)))))))
(CAPTURE_CANDIDATE (AND ((NOT (D1)) (OR ((AND ((NOT (A0)) D0)) (AND (A1 D3)))))))
(CAPTURE_CANDIDATE (AND (D2 (OR ((AND ((NOT (A0)) D0)) (AND (A1 D3)))))))
(CAPTURE_CANDIDATE (AND ((NOT (D2)) (OR ((AND ((NOT (A0)) D0)) (AND (A1 D3)))))))
(CAPTURE_CANDIDATE (AND (D3 (OR ((AND ((NOT (A0)) D0)) A1)))))
(CAPTURE_CANDIDATE (AND ((NOT (D3)) (NOT (A0)) D0)))
(CAPTURE_CANDIDATE (AND (A0 D1 A1 D3)))
(CAPTURE_CANDIDATE (AND ((OR ((AND ((NOT (A0)) D0)) (AND (A1 D3)))) (OR ((NOT (A0)) (NOT (D1)))))))
(CAPTURE_CANDIDATE (AND ((NOT (A0)) D2 (OR (D0 (AND (A1 D3)))))))
(CAPTURE_CANDIDATE (AND ((OR ((AND ((NOT (A0)) D0)) (AND (A1 D3)))) (OR (A0 (NOT (D2)))))))
(CAPTURE_CANDIDATE (AND ((NOT (A1)) D3 (NOT (A0)) D0)))
(CAPTURE_CANDIDATE (AND ((OR ((AND ((NOT (A0)) D0)) (AND (A1 D3)))) (OR (A1 (NOT (D3)))))))
(CAPTURE_CANDIDATE (AND (D0 D1 (OR ((NOT (A0)) (AND (A1 D3)))))))
(CAPTURE_CANDIDATE (AND ((OR ((AND ((NOT (A0)) D0)) (AND (A1 D3)))) (OR ((NOT (D0)) (NOT (D1)))))))
(CAPTURE_CANDIDATE (AND (D0 D2 (OR ((NOT (A0)) (AND (A1 D3)))))))
(CAPTURE_CANDIDATE (AND ((OR ((AND ((NOT (A0)) D0)) (AND (A1 D3)))) (OR ((NOT (D0)) (NOT (D2)))))))
(CAPTURE_CANDIDATE (AND (A0 D0 A1 D3)))
(CAPTURE_CANDIDATE (AND ((OR ((AND ((NOT (A0)) D0)) (AND (A1 D3)))) (OR ((NOT (A0)) (NOT (D0)))))))
(CAPTURE_CANDIDATE (AND ((OR (A0 (AND ((NOT (A0)) D0)) (AND (A1 D3)))))))
(CAPTURE_CANDIDATE (AND ((OR ((NOT (A0)) (AND ((NOT (A0)) D0)) (AND (A1 D3)))))))
(CAPTURE_CANDIDATE (AND ((OR (A1 (AND ((NOT (A0)) D0)) (AND (A1 D3)))))))
(CAPTURE_CANDIDATE (AND ((OR ((NOT (A1)) (AND ((NOT (A0)) D0)) (AND (A1 D3)))))))
(CAPTURE_CANDIDATE (AND ((OR (D0 (AND ((NOT (A0)) D0)) (AND (A1 D3)))))))
(CAPTURE_CANDIDATE (AND ((OR ((NOT (D0)) (AND ((NOT (A0)) D0)) (AND (A1 D3)))))))
(CAPTURE_CANDIDATE (AND ((OR (D1 (AND ((NOT (A0)) D0)) (AND (A1 D3)))))))
(CAPTURE_CANDIDATE (AND ((OR ((NOT (D1)) (AND ((NOT (A0)) D0)) (AND (A1 D3)))))))
(CAPTURE_CANDIDATE (AND ((OR (D2 (AND ((NOT (A0)) D0)) (AND (A1 D3)))))))
(CAPTURE_CANDIDATE (AND ((OR ((NOT (D2)) (AND ((NOT (A0)) D0)) (AND (A1 D3)))))))
(CAPTURE_CANDIDATE (AND ((OR (D3 (AND ((NOT (A0)) D0)) (AND (A1 D3)))))))
(CAPTURE_CANDIDATE (AND ((OR ((NOT (D3)) (AND ((NOT (A0)) D0)) (AND (A1 D3)))))))
(CAPTURE_CANDIDATE (AND ((OR ((AND ((NOT (A0)) D0)) (AND (A1 D3)) A1 D3)))))
(CAPTURE_CANDIDATE (AND ((OR ((AND ((NOT (A1)) (NOT (D3)))) (AND ((NOT (A0)) D0)) (AND (A1 D3)))))))
(CAPTURE_CANDIDATE (AND ((OR ((AND ((NOT (A0)) D0)) (AND (A1 D3)) D2 D3)))))
(CAPTURE_CANDIDATE (AND ((OR ((AND ((NOT (D2)) (NOT (D3)))) (AND ((NOT (A0)) D0)) (AND (A1 D3)))))))
(CAPTURE_CANDIDATE (AND ((OR ((AND ((NOT (A0)) D0)) (AND (A1 D3)) D0 D1)))))
(CAPTURE_CANDIDATE (AND ((OR ((AND ((NOT (D0)) (NOT (D1)))) (AND ((NOT (A0)) D0)) (AND (A1 D3)))))))
(CAPTURE_CANDIDATE (AND ((OR ((AND ((NOT (A0)) D0)) (AND (A1 D3)) (NOT (A1)) D0)))))
(CAPTURE_CANDIDATE (AND ((OR ((AND (A1 (NOT (D0)))) (AND ((NOT (A0)) D0)) (AND (A1 D3)))))))
(CAPTURE_CANDIDATE (AND ((OR ((AND ((NOT (A0)) D0)) (AND (A1 D3)) A0 D3)))))
(CAPTURE_CANDIDATE (AND ((OR ((AND ((NOT (A0)) (NOT (D3)))) (AND ((NOT (A0)) D0)) (AND (A1 D3)))))))
(CAPTURE_CANDIDATE (AND ((OR ((AND ((NOT (A0)) D0)) (AND (A1 D3)) (NOT (D1)) D3)))))
(CAPTURE_CANDIDATE (AND ((OR ((AND (D1 (NOT (D3)))) (AND ((NOT (A0)) D0)) (AND (A1 D3)))))))
(CAPTURE_CANDIDATE (AND ((OR ((AND ((NOT (A0)) (OR (D0 (AND (A1 D1)))))) (AND (A1 (OR (D3 (AND ((NOT (A0)) D1)))))))))))
(CAPTURE_CANDIDATE (AND ((OR ((AND ((OR ((NOT (A0)) D2)) (OR (D0 (AND (A1 D1)))))) (AND (A1 (OR (D3 (AND ((NOT (A0)) D1)))))))))))
(CAPTURE_CANDIDATE (AND ((OR ((AND ((NOT (A0)) (OR (D0 (AND (A1 D1)))))) (AND ((OR (A1 D2)) (OR (D3 (AND ((NOT (A0)) D1)))))))))))
(CAPTURE_CANDIDATE (AND ((OR ((AND ((OR ((NOT (A0)) D2)) (OR (D0 (AND (A1 D1)))))) (AND (A1 D3)))))))
(CAPTURE_CANDIDATE (AND ((OR ((AND ((OR ((NOT (A0)) D2)) (OR (D0 (AND (A1 D1)))))) (AND (D3 (OR (A1 D2)))))))))
(CAPTURE_CANDIDATE (AND ((OR ((AND ((NOT (A0)) (OR (D0 (AND (A1 D1)))))) (AND (D3 (OR (A1 D2)))))))))
(CAPTURE_CANDIDATE (AND ((OR ((AND ((NOT (A0)) (OR (D0 (AND (A1 D1)))))) (AND (A1 D3)))))))
(CAPTURE_CANDIDATE (AND ((OR ((AND (D0 (OR ((NOT (A0)) D2)))) (AND (A1 (OR (D3 (AND ((NOT (A0)) D1)))))))))))
(CAPTURE_CANDIDATE (AND ((OR ((AND (D0 (OR ((NOT (A0)) D2)))) (AND ((OR (A1 D2)) (OR (D3 (AND ((NOT (A0)) D1)))))))))))
(CAPTURE_CANDIDATE (AND ((OR ((AND ((NOT (A0)) D0)) (AND ((OR (A1 D2)) (OR (D3 (AND ((NOT (A0)) D1)))))))))))
(CAPTURE_CANDIDATE (AND ((OR ((AND ((NOT (A0)) D0)) (AND (A1 (OR (D3 (AND ((NOT (A0)) D1)))))))))))
(CAPTURE_CANDIDATE (AND ((OR ((AND (D0 (OR ((NOT (A0)) D2)))) (AND (D3 (OR (A1 D2)))))))))
(CAPTURE_CANDIDATE (AND ((OR ((AND (D0 (OR ((NOT (A0)) D2)))) (AND (A1 D3)))))))
(CAPTURE_CANDIDATE (AND ((OR ((AND ((NOT (A0)) D0)) (AND (D3 (OR (A1 D2)))))))))
(CAPTURE_CANDIDATE (AND ((OR ((AND (D0 (OR ((NOT (A0)) (AND (D2 D3)))))) (AND (A1 D3)))))))
(CAPTURE_CANDIDATE (AND ((OR ((AND (D0 (OR ((NOT (A0)) (AND (D2 D3)))))) (AND (D3 (OR (A1 D2)))))))))
(CAPTURE_CANDIDATE (AND ((OR ((AND (D0 (OR ((NOT (A0)) D2 (AND (D2 D3)))))) (AND (A1 D3)))))))
(CAPTURE_CANDIDATE (AND ((OR ((AND (D0 (OR ((NOT (A0)) (AND (D2 D3)))))) (AND (A1 (OR (D3 (AND ((NOT (A0)) D1)))))))))))
(CAPTURE_CANDIDATE (AND ((OR ((AND ((OR ((NOT (A0)) (AND (D2 D3)))) (OR (D0 (AND (A1 D1)))))) (AND (A1 D3)))))))
(CAPTURE_CANDIDATE (AND ((OR ((AND (D0 D2)) (AND ((NOT (A0)) D0)) (AND (A1 D3)))))))
(CAPTURE_CANDIDATE (AND ((OR ((AND (D0 D2)) (AND ((NOT (A0)) D0)) (AND (D3 (OR (A1 D2)))))))))
(CAPTURE_CANDIDATE (AND ((OR ((AND (D0 D2)) (AND (D0 (OR ((NOT (A0)) D2)))) (AND (A1 D3)))))))
(CAPTURE_CANDIDATE (AND ((OR ((AND (D0 D2)) (AND ((NOT (A0)) D0)) (AND (A1 (OR (D3 (AND ((NOT (A0)) D1)))))))))))
(CAPTURE_CANDIDATE (AND ((OR ((AND (D0 D2)) (AND ((NOT (A0)) (OR (D0 (AND (A1 D1)))))) (AND (A1 D3)))))))
(CAPTURE_CANDIDATE (AND ((OR ((AND (D0 D2)) (AND (D0 (OR ((NOT (A0)) (AND (D2 D3)))))) (AND (A1 D3)))))))
(CAPTURE_CANDIDATE (AND ((OR ((AND (D2 D3)) (AND ((NOT (A0)) D0)) (AND (A1 D3)))))))
(CAPTURE_CANDIDATE (AND ((OR ((AND (D2 D3)) (AND ((NOT (A0)) D0)) (AND (D3 (OR (A1 D2)))))))))
(CAPTURE_CANDIDATE (AND ((OR ((AND (D2 D3)) (AND (D0 (OR ((NOT (A0)) D2)))) (AND (A1 D3)))))))
(CAPTURE_CANDIDATE (AND ((OR ((AND (D2 D3)) (AND ((NOT (A0)) D0)) (AND (A1 (OR (D3 (AND ((NOT (A0)) D1)))))))))))
(CAPTURE_CANDIDATE (AND ((OR ((AND (D2 D3)) (AND ((NOT (A0)) (OR (D0 (AND (A1 D1)))))) (AND (A1 D3)))))))
(CAPTURE_CANDIDATE (AND ((OR ((AND (D2 D3)) (AND (D0 (OR ((NOT (A0)) (AND (D2 D3)))))) (AND (A1 D3)))))))
(CAPTURE_CANDIDATE (AND ((OR ((AND (D2 D3)) (AND (D0 D2)) (AND ((NOT (A0)) D0)) (AND (A1 D3)))))))
(CAPTURE_CANDIDATE (AND ((OR ((AND ((NOT (A0)) D0)) (AND (A1 D3)))))))
(CAPTURE_CANDIDATE (AND ((OR ((AND ((NOT (A0)) D0)) (AND (D3 (OR (A1 D2)) (OR (A1 (NOT (D1)))))))))))
(CAPTURE_CANDIDATE (AND ((OR ((AND (D0 (OR ((NOT (A0)) D2)))) (AND (A1 D3)))))))
(CAPTURE_CANDIDATE (AND ((OR ((AND ((NOT (A0)) D0)) (AND (A1 (OR (D3 (AND ((NOT (A0)) D1)))))))))))
(CAPTURE_CANDIDATE (AND ((OR ((AND ((NOT (A0)) (OR (D0 (AND (A1 D1)))))) (AND (A1 D3)))))))
(CAPTURE_CANDIDATE (AND ((OR ((AND (D0 (OR ((NOT (A0)) (AND (D2 D3)))))) (AND (A1 D3)))))))
(CAPTURE_CANDIDATE (AND ((OR ((AND (D0 D2)) (AND ((NOT (A0)) D0)) (AND (A1 D3)))))))
(CAPTURE_CANDIDATE (AND ((OR ((AND (D2 D3)) (AND ((NOT (A0)) D0)) (AND (A1 D3)))))))
(CAPTURE_CANDIDATE (AND ((OR ((AND ((NOT (A0)) D0)) (AND (A1 D3)))))))
(CAPTURE_CANDIDATE (AND ((OR ((AND ((NOT (A0)) D0)) (AND (D3 (OR (A1 D2)))))))))
(CAPTURE_CANDIDATE (AND ((OR ((AND (D0 (OR ((NOT (A0)) D2)))) (AND (A1 D3)))))))
(CAPTURE_CANDIDATE (AND ((OR ((AND ((NOT (A0)) D0)) (AND (A1 D3)))))))
(CAPTURE_CANDIDATE (AND ((OR ((AND ((NOT (A0)) D0)) (AND (A1 D3)))))))
(CAPTURE_CANDIDATE (AND ((OR ((AND ((NOT (A0)) D0)) (AND (A1 D3)))))))
(CAPTURE_CANDIDATE (AND ((OR ((AND ((NOT (A0)) D0)) (AND (A1 D3)))))))
(CAPTURE_CANDIDATE (AND ((OR ((AND ((NOT (A0)) D0)) (AND (A1 D3)))))))
(CAPTURE_CANDIDATE (AND ((OR ((AND ((NOT (A0)) D0)) (AND (D3 A1)))))))
(CAPTURE_CANDIDATE (AND ((OR ((AND ((NOT (A0)) D0)) (AND (A1 D3)))))))
(CAPTURE_CANDIDATE (AND ((OR ((AND ((NOT (A0)) D0)) (AND (A1 D3)))))))
(CAPTURE_CANDIDATE (AND ((OR ((AND ((NOT (A0)) D0)) (AND (A1 D3)))))))
(CAPTURE_CANDIDATE (AND ((OR ((AND ((NOT (A0)) D0)) (AND (A1 D3)))))))
(CAPTURE_CANDIDATE (AND ((OR ((AND ((NOT (A0)) D0)) (AND (A1 D3)))))))
(CAPTURE_CANDIDATE (AND ((OR ((AND ((NOT (A0)) D0)) (AND (A1 D3)))))))
(CAPTURE_CANDIDATE (AND ((OR ((AND ((NOT (A0)) D0)) (AND (A1 D3)))))))
(CAPTURE_CANDIDATE (AND ((OR ((AND ((NOT (A0)) D0)) (AND (A1 D3)))))))
(CAPTURE_CANDIDATE (AND ((OR ((AND ((NOT (A0)) D0)) (AND (A1 D3)))))))
(CAPTURE_CANDIDATE (AND ((OR ((AND (D0 (NOT (A0)))) (AND (A1 D3)))))))
(CAPTURE_CANDIDATE (AND ((OR ((AND (D0 (NOT (A0)))) (AND (A1 D3)))))))
(CAPTURE_CANDIDATE (AND ((OR ((AND ((NOT (A0)) D0)) (AND (A1 D3)))))))
(CAPTURE_CANDIDATE (AND ((OR ((AND ((NOT (A0)) D0)) (AND (A1 D3)))))))
(CAPTURE_CANDIDATE (AND ((OR ((AND ((NOT (A0)) D0)) (AND (A1 D3)))))))
(CAPTURE_CANDIDATE (AND ((OR (D2 (AND ((NOT (A0)) D0)) (AND (A1 D3)))))))
(CAPTURE_CANDIDATE (AND ((OR ((AND ((NOT (A0)) D0)) (AND (A1 D3)) D2)))))
(CAPTURE_CANDIDATE (AND ((OR ((AND ((NOT (A0)) D0)) (AND (A1 D3 A0)))))))
(CAPTURE_CANDIDATE (AND ((OR ((AND ((NOT (A0)) D0)) (AND (A1 D3 A0)))))))
(CAPTURE_CANDIDATE (AND ((OR ((AND ((NOT (A0)) D0)) (AND (A1 D3 A0)))))))
(CAPTURE_CANDIDATE (AND ((OR ((AND ((NOT (A0)) D0)) (AND (A1 (OR (D3 (NOT (A0)))))))))))
(CAPTURE_CANDIDATE (AND ((OR ((AND ((NOT (A0)) D0)) (AND (D3 (OR (A1 D0)))))))))
(CAPTURE_CANDIDATE (AND ((OR ((AND ((NOT (A0)) D0)) (AND (D3 (OR (A1 D0)))))))))
(CAPTURE_CANDIDATE (AND ((OR ((AND ((NOT (A0)) D0)) (AND (D3 (OR (A1 A0)))))))))
(CAPTURE_CANDIDATE (AND ((OR ((AND ((NOT (A0)) D0)) (AND (A0 A1 D3)))))))
(CAPTURE_CANDIDATE (AND ((OR ((AND ((NOT (A0)) D0 (NOT (A1)))) (AND (A1 D3)))))))
(New best score: -13.714285714285714)
(Terminating because score hasn't improved)
(Terminating because score hasn't improved)
(OptimizedDeme: 405)
"Merging Deme"
(Demesize: 405)
(nEval: 10000 LenSInstList: 405)
(TopCnd: 405)
(Keep 100 Unique instances from 405)
(KeptUniqueTopCandidates NewSize: 100)
(TrimmedDownDeme: 20)
(CAPTURE_CANDIDATE (AND ((OR ((AND ((NOT (A1)) D2)) (AND ((NOT (A0)) D0)) (AND (A1 D3)))))))
(CAPTURE_CANDIDATE (AND ((OR ((AND ((NOT (A0)) (OR (D0 (AND (A1 D1)))))) (AND (D3 (OR (A1 D2)))))))))
(CAPTURE_CANDIDATE (AND ((OR ((AND (D0 (OR ((NOT (A0)) D2)))) (AND (A1 (OR (D3 (AND ((NOT (A0)) D1)))))))))))
(CAPTURE_CANDIDATE (AND ((OR ((AND (D0 (OR ((NOT (A0)) (AND (D2 D3)))))) (AND (A1 (OR (D3 (AND ((NOT (A0)) D1)))))))))))
(CAPTURE_CANDIDATE (AND ((OR ((AND ((OR ((NOT (A0)) (AND (D2 D3)))) (OR (D0 (AND (A1 D1)))))) (AND (A1 D3)))))))
(CAPTURE_CANDIDATE (AND ((OR ((AND (D0 D2)) (AND ((NOT (A0)) D0)) (AND (A1 (OR (D3 (AND ((NOT (A0)) D1)))))))))))
(CAPTURE_CANDIDATE (AND ((OR ((AND (D0 D2)) (AND ((NOT (A0)) (OR (D0 (AND (A1 D1)))))) (AND (A1 D3)))))))
(CAPTURE_CANDIDATE (AND ((OR ((AND (D2 D3)) (AND ((NOT (A0)) D0)) (AND (A1 (OR (D3 (AND ((NOT (A0)) D1)))))))))))
(CAPTURE_CANDIDATE (AND ((OR ((AND (D2 D3)) (AND ((NOT (A0)) (OR (D0 (AND (A1 D1)))))) (AND (A1 D3)))))))
(CAPTURE_CANDIDATE (AND ((OR ((AND ((OR ((NOT (A0)) D2)) (OR (D0 (AND (A1 D1)))))) (AND (A1 D3)))))))
(CAPTURE_CANDIDATE (AND ((OR ((AND ((NOT (A0)) D0)) (AND ((OR (A1 D2)) (OR (D3 (AND ((NOT (A0)) D1)))))))))))
(CAPTURE_CANDIDATE (AND ((OR ((AND ((OR ((NOT (A0)) D2)) (OR (D0 (AND (A1 D1)))))) (AND (D3 (OR (A1 D2)))))))))
(CAPTURE_CANDIDATE (AND ((OR ((AND (D0 (OR ((NOT (A0)) D2)))) (AND ((OR (A1 D2)) (OR (D3 (AND ((NOT (A0)) D1)))))))))))
(CAPTURE_CANDIDATE (AND ((OR ((AND (D0 (OR ((NOT (A0)) D2)))) (AND (A1 D3)))))))
(CAPTURE_CANDIDATE (AND ((OR ((AND ((NOT (A0)) D0)) (AND (D3 (OR (A1 D2)))))))))
(CAPTURE_CANDIDATE (AND ((OR ((AND (D0 (OR ((NOT (A0)) D2)))) (AND (A1 D3)))))))
(CAPTURE_CANDIDATE (AND ((OR ((AND ((NOT (A0)) D0)) (AND (D3 (OR (A1 D2)))))))))
(CAPTURE_CANDIDATE (AND ((OR ((AND (D0 (OR ((NOT (A0)) D2)))) (AND (A1 D3)))))))
(CAPTURE_CANDIDATE (AND ((OR ((AND ((NOT (A0)) D0)) (AND (D3 (OR (A1 D2)))))))))
(CAPTURE_CANDIDATE (AND ((OR ((AND (D0 (OR ((NOT (A0)) D2)))) (AND (A1 D3)))))))
(Before getNewCandidates: 20)
(Going to merge 15 Instances)
(Metapop size before resize: 28)
(Metapop size after resize: 15)
""
(Generation 3)
"expand  deme returnn"
(SelectedTree: (AND (OR (AND (NOT A1) D2) (AND (NOT A0) D0) (AND A1 D3))))
(GeneratedList: (0 0 0 0 0 0 0 0 0 0 0 0 0 0 0 0 0 0 0 0 0 0 0 0 0 0 0 0 0 0 1 0 1 0 0 1 0 1 0 0 0 1 0 0 0 0 0 0 0 0 0 0 0 0 0 0 0 0 0 0 0 0 0 0 0 0 0 0 0 0 0 0 0 0 0 0 0 0 0 0 0 0 1 0 1 0 0 0 0 0 0 0 0 0 1 0 0 0 0 0 0 0 0 0 0 0 0 0 0 0 0 0 0 0 0 0 0 0 0 0 0 0 0 0 0 0 0 0 0 0 1 0 0 1 0 0 0 0 0 0 0 0 1 0 0 0 0 0 0 0 0 0 0 0 0 0 0 0 0 0 0 0 0 0 0 0 0 0 0 0 0 0 0 0 0 0 0 0 0 0 0 0 0 0 0 0 0 0 0 0 0 0 0 0 0 0 0 0 0 0 0 0 0 0 0 0 0 0 0 0 0 0))
""
(Iteration 1 running)
(Crossover: false)
(CenterInst: (0 0 0 0 0 0 0 0 0 0 0 0 0 0 0 0 0 0 0 0 0 0 0 0 0 0 0 0 0 0 1 0 1 0 0 1 0 1 0 0 0 1 0 0 0 0 0 0 0 0 0 0 0 0 0 0 0 0 0 0 0 0 0 0 0 0 0 0 0 0 0 0 0 0 0 0 0 0 0 0 0 0 1 0 1 0 0 0 0 0 0 0 0 0 1 0 0 0 0 0 0 0 0 0 0 0 0 0 0 0 0 0 0 0 0 0 0 0 0 0 0 0 0 0 0 0 0 0 0 0 1 0 0 1 0 0 0 0 0 0 0 0 1 0 0 0 0 0 0 0 0 0 0 0 0 0 0 0 0 0 0 0 0 0 0 0 0 0 0 0 0 0 0 0 0 0 0 0 0 0 0 0 0 0 0 0 0 0 0 0 0 0 0 0 0 0 0 0 0 0 0 0 0 0 0 0 0 0 0 0 0 0))
(size: 64)
(1 : 1 : 0)
(CAPTURE_CANDIDATE (AND ((OR ((AND (A1 D3)) (AND ((NOT (A0)) D0)) (AND ((NOT (A1)) D2)))))))
(New best score: -13.714285714285714)
""
(Iteration 2 running)
(Crossover: false)
(CenterInst: (0 0 0 0 0 0 0 0 0 0 0 0 0 0 0 0 0 0 0 0 0 0 0 0 0 0 0 0 0 0 1 0 1 0 0 1 0 1 0 0 0 1 0 0 0 0 0 0 0 0 0 0 0 0 0 0 0 0 0 0 0 0 0 0 0 0 0 0 0 0 0 0 0 0 0 0 0 0 0 0 0 0 1 0 1 0 0 0 0 0 0 0 0 0 1 0 0 0 0 0 0 0 0 0 0 0 0 0 0 0 0 0 0 0 0 0 0 0 0 0 0 0 0 0 0 0 0 0 0 0 1 0 0 1 0 0 0 0 0 0 0 0 1 0 0 0 0 0 0 0 0 0 0 0 0 0 0 0 0 0 0 0 0 0 0 0 0 0 0 0 0 0 0 0 0 0 0 0 0 0 0 0 0 0 0 0 0 0 0 0 0 0 0 0 0 0 0 0 0 0 0 0 0 0 0 0 0 0 0 0 0 0))
(size: 64)
(1272 : 499 : 1)
(CAPTURE_CANDIDATE (AND ((OR ((AND (A1 D3)) (AND ((NOT (A0)) D0)) (AND ((NOT (A1)) D2)))))))
(CAPTURE_CANDIDATE (AND ((OR ((AND (A1 D3)) D0 (AND ((NOT (A1)) D2)))))))
(CAPTURE_CANDIDATE (AND ((OR ((AND ((NOT (D1)) D3)) (AND (A1 D3)) (AND ((NOT (A0)) D0)) (AND ((NOT (A1)) D2)))))))
(CAPTURE_CANDIDATE (AND ((OR ((AND (D3 (OR (A1 D0)))) (AND ((NOT (A0)) D0)) (AND ((NOT (A1)) D2)))))))
(CAPTURE_CANDIDATE (AND ((OR ((AND (A1 D3)) (AND ((NOT (A0)) D0)) (AND ((NOT (A1)) D2)) (NOT (D1)) D2)))))
(CAPTURE_CANDIDATE (AND ((OR ((AND (A1 D3)) (AND ((NOT (A0)) D0 D3)) (AND ((NOT (A1)) D2)))))))
(CAPTURE_CANDIDATE (AND ((OR ((AND (A1 D3)) (AND ((NOT (A0)) D0)) (AND ((NOT (A1)) D2)) D0 D1)))))
(CAPTURE_CANDIDATE (AND ((OR ((AND (A1 D3)) (AND ((NOT (A0)) D0)) (AND ((NOT (A1)) D2 D0)))))))
(CAPTURE_CANDIDATE (AND ((OR ((AND (A1 D3)) (AND ((NOT (A0)) D0)) (AND (A0 (NOT (A1)) D2)))))))
(CAPTURE_CANDIDATE (AND ((OR ((AND (A1 D3)) (AND ((NOT (A0)) D0)) (AND ((NOT (A1)) D2)))))))
(CAPTURE_CANDIDATE (AND ((OR ((AND (A1 D3 A1)) (AND ((NOT (A0)) D0)) (AND ((NOT (A1)) D2)))))))
(CAPTURE_CANDIDATE (AND ((OR ((AND (A1 D3)) (AND ((NOT (A0)) D0)) (AND ((NOT (A1)) D2)))))))
(CAPTURE_CANDIDATE (AND ((OR ((AND (A1 D3)) (AND ((NOT (A0)) D0)) (AND ((NOT (A1)) D2)))))))
(CAPTURE_CANDIDATE (AND ((OR ((AND (A1 D3)) (AND ((NOT (A1)) D2)))))))
(CAPTURE_CANDIDATE (AND ((OR ((AND (A1 D3)) (AND ((NOT (A0)) D0)) (AND ((NOT (A1)) D2)))))))
(CAPTURE_CANDIDATE (AND ((OR ((AND (A1 D3)) (AND ((NOT (A0)) D0)) (AND ((NOT (A1)) D2)))))))
(CAPTURE_CANDIDATE (AND ((OR ((AND (A0 D3)) (AND (A1 D3)) (AND ((NOT (A0)) D0)) (AND ((NOT (A1)) D2)))))))
(CAPTURE_CANDIDATE (AND ((OR ((AND (A1 D3)) (AND ((NOT (A0)) D0)) (AND ((NOT (A1)) D2)) (NOT (D1)))))))
(CAPTURE_CANDIDATE (AND ((OR ((AND (D3 (OR (A1 (NOT (D2)))))) (AND ((NOT (A0)) D0)) (AND ((NOT (A1)) D2)))))))
(CAPTURE_CANDIDATE (AND ((OR ((AND (A1 D3)) (AND ((NOT (A1)) (NOT (D2)) (NOT (A0)) D0)) (AND ((NOT (A1)) D2)))))))
(CAPTURE_CANDIDATE (AND ((OR ((AND (A1 D3)) (AND ((NOT (A0)) D0)) D2)))))
(CAPTURE_CANDIDATE (AND ((OR ((AND (A1 D3)) (AND ((NOT (A0)) D0)) (AND ((NOT (A1)) D2)) D0)))))
(CAPTURE_CANDIDATE (AND ((NOT (A0)) A1 (OR (D3 D0)))))
(CAPTURE_CANDIDATE (AND ((OR (A1 (AND (A1 D3)) (AND ((NOT (A0)) D0)) (AND ((NOT (A1)) D2)))))))
(CAPTURE_CANDIDATE (AND ((OR ((AND ((NOT (D3)) A1)) (AND ((NOT (A0)) D0)) (AND ((NOT (A1)) D2)))))))
(CAPTURE_CANDIDATE (AND ((OR ((AND (A1 D3)) (AND ((NOT (A0)) D0)) (AND ((NOT (A0)) (NOT (D0)) (NOT (A1)) D2)))))))
(CAPTURE_CANDIDATE (AND ((OR ((NOT (A1)) (NOT (D3)) (AND ((NOT (A0)) D0)) (AND ((NOT (A1)) D2)))))))
(CAPTURE_CANDIDATE (AND ((OR ((AND (A1 D3)) (AND ((NOT (A0)) D0)) (AND ((NOT (A1)) D2 A0 D3)))))))
(CAPTURE_CANDIDATE (AND ((OR ((NOT (D1)) (AND (A1 D3)) (AND ((NOT (A0)) D0)) (AND ((NOT (A1)) D2)))))))
(CAPTURE_CANDIDATE (AND ((OR ((AND (A1 D3)) (AND ((NOT (A0)) D0)) (AND ((NOT (A1)) D2 (NOT (D1)))))))))
(CAPTURE_CANDIDATE (AND ((OR ((AND (A1 D3)) (AND ((NOT (A0)) D0)) (AND (D2 (NOT (A1)))))))))
(CAPTURE_CANDIDATE (AND ((OR ((AND (A1 D3)) (AND ((NOT (A0)) D0)) (AND ((NOT (A1)) D2 (NOT (D0)))))))))
(CAPTURE_CANDIDATE (AND ((OR ((AND (A1 D3)) (AND (D0 (OR ((NOT (A0)) (NOT (D3)))))) (AND ((NOT (A1)) D2)))))))
(CAPTURE_CANDIDATE (AND ((OR ((AND (D1 A1 D3)) (AND ((NOT (A0)) D0)) (AND ((NOT (A1)) D2)))))))
(CAPTURE_CANDIDATE (AND ((OR ((AND (A1 D3)) (AND ((NOT (A1)) D2)))))))
(CAPTURE_CANDIDATE (AND ((OR ((AND (A1 D3)) (AND (D1 (NOT (A0)) D0)) (AND ((NOT (A1)) D2)))))))
(CAPTURE_CANDIDATE (AND ((OR ((AND (A1 D3)) (AND ((NOT (A0)) D0)) (AND (A0 (NOT (A1)) D2)))))))
(CAPTURE_CANDIDATE (AND ((OR ((AND (A1 D3)) (AND ((NOT (A0)) D0)) (AND (A1 D2)) (AND ((NOT (A1)) D2)))))))
(CAPTURE_CANDIDATE (AND ((OR ((AND (A1 D3)) (AND ((NOT (A0)) D0)) (AND ((NOT (A1)) D2)))) (OR (A0 (NOT (D1)))))))
(CAPTURE_CANDIDATE (AND ((OR ((AND (A1 D3)) (AND ((NOT (D1)) (NOT (D3)) (NOT (A0)) D0)) (AND ((NOT (A1)) D2)))))))
(CAPTURE_CANDIDATE (AND ((OR ((AND (A1 D3)) (AND ((NOT (A0)) D0)) (AND ((NOT (A1)) D2 (OR ((NOT (D0)) (NOT (D3)))))))))))
(CAPTURE_CANDIDATE (AND ((OR ((AND (A1 D3)) (AND ((NOT (A0)) D0)) (AND (D2 (OR ((NOT (A1)) (AND (A1 D0)))))))))))
(CAPTURE_CANDIDATE (AND ((OR ((AND (A1 D3)) (AND ((NOT (A0)) D0)) (AND ((NOT (A1)) D2)) (AND (D1 (NOT (D2)))))))))
(CAPTURE_CANDIDATE (AND ((OR ((AND (A1 D3)) (AND (D0 (OR ((NOT (A0)) (NOT (D3)))))) (AND ((NOT (A1)) D2)))))))
(CAPTURE_CANDIDATE (AND ((OR ((AND (A1 D3)) (AND ((NOT (A0)) D0)) (AND ((NOT (A1)) D2 D0)))))))
(CAPTURE_CANDIDATE (AND ((OR (A0 (AND (A1 D3)) (AND ((NOT (A0)) D0)) (AND ((NOT (A1)) D2)))))))
(CAPTURE_CANDIDATE (AND ((OR ((AND (A1 D3)) (AND ((NOT (A0)) D0)) (AND ((NOT (A1)) D2)) (NOT (D0)))))))
(CAPTURE_CANDIDATE (AND ((OR ((AND (D2 A1 D3)) (AND ((NOT (A0)) D0)) (AND ((NOT (A1)) D2)))))))
(CAPTURE_CANDIDATE (AND ((OR ((AND (D3 (OR (A1 A0 (NOT (D1)))))) (AND ((NOT (A0)) D0)) (AND ((NOT (A1)) D2)))))))
(CAPTURE_CANDIDATE (AND ((OR ((AND (A1 D3)) (AND (D0 (NOT (A0)))) (AND ((NOT (A1)) D2)))))))
(CAPTURE_CANDIDATE (AND ((OR (A0 (NOT (D1)) (AND (A1 D3)) (AND ((NOT (A0)) D0)) (AND ((NOT (A1)) D2)))))))
(CAPTURE_CANDIDATE (AND ((OR ((AND (A1 D3)) (AND ((NOT (A0)) D0)) (AND ((NOT (A1)) D2)) (NOT (D1)))))))
(CAPTURE_CANDIDATE (AND ((NOT (A0)) D2 (OR ((AND (A1 D3)) D0 (NOT (A1)))))))
(CAPTURE_CANDIDATE (AND ((OR ((AND ((NOT (A0)) (NOT (D1)) A1 D3)) (AND ((NOT (A0)) D0)) (AND ((NOT (A1)) D2)))))))
(CAPTURE_CANDIDATE (AND ((NOT (D2)) (OR ((AND (A1 D3)) (AND ((NOT (A0)) D0)))))))
(CAPTURE_CANDIDATE (AND ((OR ((AND (A1 D3)) (AND ((NOT (A0)) D0)) (AND ((NOT (A1)) D2)) D1)))))
(CAPTURE_CANDIDATE (AND ((OR ((AND (A1 D3)) (NOT (A0)) (AND ((NOT (A1)) D2)))))))
(CAPTURE_CANDIDATE (AND ((OR ((AND (A1 D3)) (AND ((NOT (A0)) D0)) (AND (D2 (OR ((NOT (A1)) D0)))))))))
(CAPTURE_CANDIDATE (AND ((OR (D1 (NOT (D3)) (AND (A1 D3)) (AND ((NOT (A0)) D0)) (AND ((NOT (A1)) D2)))))))
(CAPTURE_CANDIDATE (AND ((OR ((AND (A1 D3)) (AND ((NOT (A1)) (NOT (A0)) D0)) (AND ((NOT (A1)) D2)))))))
(CAPTURE_CANDIDATE (AND ((OR ((AND (A1 D3)) (AND ((NOT (A0)) D0)) (AND ((NOT (A1)) D2)))))))
(CAPTURE_CANDIDATE (AND ((OR ((AND ((NOT (A1)) (NOT (D3)))) (AND (A1 D3)) (AND ((NOT (A0)) D0)) (AND ((NOT (A1)) D2)))))))
(CAPTURE_CANDIDATE (AND ((OR ((AND (D3 (OR (A1 A0)))) (AND ((NOT (A0)) D0)) (AND ((NOT (A1)) D2)))))))
(CAPTURE_CANDIDATE (AND ((OR ((AND (A1 D3)) (AND ((NOT (A0)) D0)) (AND ((NOT (A1)) D2)) D2 D3)))))
(CAPTURE_CANDIDATE (AND ((OR ((NOT (D1)) (AND (A1 D3)) (AND ((NOT (A0)) D0)) (AND ((NOT (A1)) D2)))))))
(CAPTURE_CANDIDATE (AND ((OR ((AND (A1 D3)) (AND ((NOT (A0)) D0)) (AND ((NOT (A1)) D2 (NOT (D0)))))))))
(CAPTURE_CANDIDATE (AND ((OR ((AND (A1 D3 A0)) (AND ((NOT (A0)) D0)) (AND ((NOT (A1)) D2)))))))
(CAPTURE_CANDIDATE (AND ((OR ((AND (D3 (OR (A1 D2)))) (AND ((NOT (A0)) D0)) (AND ((NOT (A1)) D2)))))))
(CAPTURE_CANDIDATE (AND ((OR ((AND (A1 D3)) (AND ((NOT (A0)) D0)) (AND ((NOT (A1)) D2)) (NOT (D1)) D2)))))
(CAPTURE_CANDIDATE (AND ((OR ((AND (A1 D3)) (AND ((NOT (A0)) D0)) (AND ((NOT (A1)) D2)) (NOT (D0)) D1)))))
(CAPTURE_CANDIDATE (AND ((OR ((AND (D3 (OR (A1 A0)))) (AND ((NOT (A0)) D0)) (AND ((NOT (A1)) D2)))))))
(CAPTURE_CANDIDATE (AND ((OR ((AND (A1 D3)) (AND ((NOT (A0)) D0)) (AND ((NOT (A1)) (OR (D2 D0)))))))))
(CAPTURE_CANDIDATE (AND ((OR ((AND (A1 D3 (OR ((NOT (D0)) (NOT (D2)))))) (AND ((NOT (A0)) D0)) (AND ((NOT (A1)) D2)))))))
(CAPTURE_CANDIDATE (AND ((OR ((AND (A1 D3)) (AND ((NOT (A0)) D0)) (AND ((NOT (A1)) D2)) A0)))))
(CAPTURE_CANDIDATE (AND ((OR ((NOT (A1)) (AND (A1 D3)) (AND ((NOT (A0)) D0)) (AND ((NOT (A1)) D2)))))))
(CAPTURE_CANDIDATE (AND ((OR ((AND (A1 D3)) (AND (D0 (OR ((NOT (A0)) (AND ((NOT (D1)) D2)))))) (AND ((NOT (A1)) D2)))))))
(CAPTURE_CANDIDATE (AND ((OR ((NOT (D3)) (AND (A1 D3)) (AND ((NOT (A0)) D0)) (AND ((NOT (A1)) D2)))))))
(CAPTURE_CANDIDATE (AND ((OR ((AND (A1 D3)) (AND ((NOT (A0)) D0 A1)) (AND ((NOT (A1)) D2)))))))
(CAPTURE_CANDIDATE (AND ((OR ((AND (A1 D3 D2)) (AND ((NOT (A0)) D0)) (AND ((NOT (A1)) D2)))))))
(CAPTURE_CANDIDATE (AND ((OR ((AND (A1 D3)) (AND ((NOT (A0)) D0)) (AND ((NOT (A1)) D2 (NOT (D1)))))))))
(CAPTURE_CANDIDATE (AND ((OR (D3 (AND (A1 D3)) (AND ((NOT (A0)) D0)) (AND ((NOT (A1)) D2)))))))
(CAPTURE_CANDIDATE (AND ((OR ((AND (A1 D3)) (AND ((NOT (A0)) D0)) (AND ((NOT (A1)) D2)))))))
(CAPTURE_CANDIDATE (AND ((OR ((AND (A0 D3)) (AND (A1 D3)) (AND ((NOT (A0)) D0)) (AND ((NOT (A1)) D2)))))))
(CAPTURE_CANDIDATE (AND ((OR ((AND (D3 A1)) (AND ((NOT (A0)) D0)) (AND ((NOT (A1)) D2)))))))
(CAPTURE_CANDIDATE (AND ((OR ((AND (A1 D3)) (AND ((NOT (A0)) D0)) (AND (A1 D2)))))))
(CAPTURE_CANDIDATE (AND ((OR ((AND (A1 D3)) (AND ((NOT (A0)) D0 (OR (A1 D3)))) (AND ((NOT (A1)) D2)))))))
(CAPTURE_CANDIDATE (AND ((NOT (D1)) (OR ((AND (A1 D3)) (AND ((NOT (A0)) D0)) (AND ((NOT (A1)) D2)))))))
(CAPTURE_CANDIDATE (AND ((OR ((AND (A1 D3)) (AND ((NOT (A0)) D0)) (AND ((NOT (A1)) D2)) (AND ((NOT (A1)) (NOT (D3)))))))))
(CAPTURE_CANDIDATE (AND ((OR ((AND (A1 D3)) (AND ((NOT (A0)) D0)) (AND ((NOT (A1)) (OR (D2 A0 (NOT (D2)))))))))))
(CAPTURE_CANDIDATE (AND ((OR ((AND (A1 D3)) (AND (D0 (OR ((NOT (A0)) A1)))) (AND ((NOT (A1)) D2)))))))
(CAPTURE_CANDIDATE (AND ((OR ((AND (D3 (OR (A1 A0)))) (AND ((NOT (A0)) D0)) (AND ((NOT (A1)) D2)))))))
(CAPTURE_CANDIDATE (AND ((OR ((AND (A1 D3)) (AND ((NOT (A0)) D0)) (AND (D2 (OR ((NOT (A1)) A1 (NOT (D1)))))))))))
(CAPTURE_CANDIDATE (AND ((OR (D0 (AND (A1 D3)) (AND ((NOT (A0)) D0)) (AND ((NOT (A1)) D2)))))))
(CAPTURE_CANDIDATE (AND ((OR ((AND ((NOT (D0)) A1 D3)) (AND ((NOT (A0)) D0)) (AND ((NOT (A1)) D2)))))))
(CAPTURE_CANDIDATE (AND ((OR ((AND (A1 D3)) (AND ((NOT (D1)) (NOT (A0)) D0)) (AND ((NOT (A1)) D2)))))))
(CAPTURE_CANDIDATE (AND ((OR ((NOT (D0)) (AND (A1 D3)) (AND ((NOT (A0)) D0)) (AND ((NOT (A1)) D2)))))))
(CAPTURE_CANDIDATE (AND ((OR ((AND (A1 D3)) (AND ((NOT (A0)) D0)) (AND ((NOT (A1)) D2)) (NOT (D1)) D2)))))
(CAPTURE_CANDIDATE (AND ((OR ((AND (A1 D3)) (AND (D2 (NOT (A0)) D0)) (AND ((NOT (A1)) D2)))))))
(CAPTURE_CANDIDATE (AND ((OR ((NOT (A0)) (NOT (D3)) (AND (A1 D3)) (AND ((NOT (A0)) D0)) (AND ((NOT (A1)) D2)))))))
(CAPTURE_CANDIDATE (AND ((OR (A1 (AND ((NOT (A0)) D0)) (AND ((NOT (A1)) D2)))))))
(CAPTURE_CANDIDATE (AND ((OR ((AND (A1 D3)) (AND ((NOT (A0)) D0)) (AND (D2 (OR ((NOT (A1)) (NOT (D0)))))))))))
(CAPTURE_CANDIDATE (AND ((OR ((AND (A1 D3)) (AND (D1 (NOT (D2)) (NOT (A0)) D0)) (AND ((NOT (A1)) D2)))))))
(CAPTURE_CANDIDATE (AND ((OR ((AND (A1 D3)) (AND ((NOT (A0)) D0)) (AND ((NOT (A1)) D2)))))))
(CAPTURE_CANDIDATE (AND ((OR ((AND (A1 D3)) (AND ((NOT (A0)) D0)) (AND ((NOT (A1)) D2)))))))
(CAPTURE_CANDIDATE (AND ((OR ((AND (A1 D3)) (AND ((NOT (A0)) D0 D3)) (AND ((NOT (A1)) D2)))))))
(CAPTURE_CANDIDATE (AND ((NOT (A0)) (OR ((AND (A1 D3)) D0 (AND ((NOT (A1)) D2)))))))
(CAPTURE_CANDIDATE (AND ((OR ((AND (A1 D3)) (AND ((NOT (A0)) D0)) (AND ((NOT (A1)) D2)))))))
(CAPTURE_CANDIDATE (AND ((OR ((AND (A1 D3 (OR ((NOT (D0)) (NOT (D2)))))) (AND ((NOT (A0)) D0)) (AND ((NOT (A1)) D2)))))))
(CAPTURE_CANDIDATE (AND ((OR ((AND (A1 D3)) (AND ((NOT (D0)) (NOT (A0)))) (AND ((NOT (A1)) D2)))))))
(CAPTURE_CANDIDATE (AND ((OR ((AND (A1 D3)) (AND ((NOT (A0)) D0)) (AND ((NOT (A1)) D2)))))))
(CAPTURE_CANDIDATE (AND ((OR ((NOT (A1)) (AND (A1 D3)) (AND ((NOT (A0)) D0)) (AND ((NOT (A1)) D2)))))))
(CAPTURE_CANDIDATE (AND ((OR ((AND (A1 D3)) (AND ((NOT (A0)) D0 (NOT (D2)))) (AND ((NOT (A1)) D2)))))))
(CAPTURE_CANDIDATE (AND ((OR ((NOT (D2)) (AND (A1 D3)) (AND ((NOT (A0)) D0)) (AND ((NOT (A1)) D2)))))))
(CAPTURE_CANDIDATE (AND ((OR ((AND (A1 D3)) (NOT (A0)) (NOT (A1)) (AND ((NOT (A0)) D0)) (AND ((NOT (A1)) D2)))))))
(CAPTURE_CANDIDATE (AND ((OR ((NOT (D3)) (AND (A1 D3)) (AND ((NOT (A0)) D0)) (AND ((NOT (A1)) D2)))))))
(CAPTURE_CANDIDATE (AND ((OR ((AND (A1 D3)) (AND ((NOT (A0)) (OR (D0 D2)))) (AND ((NOT (A1)) D2)))))))
(CAPTURE_CANDIDATE (AND ((OR ((AND (A1 D3 (OR ((NOT (D0)) (NOT (D2)))))) (AND ((NOT (A0)) D0)) (AND ((NOT (A1)) D2)))))))
(CAPTURE_CANDIDATE (AND (A0 (OR ((AND (A1 D3)) (AND ((NOT (A1)) D2)))))))
(CAPTURE_CANDIDATE (AND ((OR ((AND ((NOT (A0)) (NOT (D1)) A1 D3)) (AND ((NOT (A0)) D0)) (AND ((NOT (A1)) D2)))))))
(CAPTURE_CANDIDATE (AND ((OR ((AND (A1 D3)) (AND ((NOT (A0)) D0)) (AND ((NOT (A1)) D2)) (NOT (D1)) D3)))))
(CAPTURE_CANDIDATE (AND (D2 (OR ((AND (A1 D3)) (AND ((NOT (A0)) D0)) (NOT (A1)))))))
(CAPTURE_CANDIDATE (AND ((OR ((AND (D3 (OR (A1 D1)))) (AND ((NOT (A0)) D0)) (AND ((NOT (A1)) D2)))))))
(CAPTURE_CANDIDATE (AND ((NOT (D1)) (OR ((AND (A1 D3)) (AND ((NOT (A0)) D0)) (AND ((NOT (A1)) D2)))))))
(CAPTURE_CANDIDATE (AND ((OR (D0 (AND (A1 D3)) (AND ((NOT (A0)) D0)) (AND ((NOT (A1)) D2)))))))
(CAPTURE_CANDIDATE (AND ((OR ((AND (A1 D3)) D0 (AND ((NOT (A1)) D2)))))))
(CAPTURE_CANDIDATE (AND ((OR ((AND (A1 D3)) (NOT (A0)) (AND ((NOT (A1)) D2)))))))
(CAPTURE_CANDIDATE (AND ((OR (A1 (AND (A1 D3)) (AND ((NOT (A0)) D0)) (AND ((NOT (A1)) D2)))))))
(CAPTURE_CANDIDATE (AND ((OR ((AND (A1 D3)) (AND ((NOT (A0)) (OR (D0 D1)))) (AND ((NOT (A1)) D2)))))))
(CAPTURE_CANDIDATE (AND ((OR ((AND (A1 D3)) D0 (AND ((NOT (A1)) D2)))))))
(CAPTURE_CANDIDATE (AND ((OR ((AND (A1 D3 A1)) (AND ((NOT (A0)) D0)) (AND ((NOT (A1)) D2)))))))
(CAPTURE_CANDIDATE (AND ((OR ((AND (A1 D3)) (AND ((NOT (A0)) (OR (D0 D3)))) (AND ((NOT (A1)) D2)))))))
(CAPTURE_CANDIDATE (AND ((OR ((AND (A1 D3)) (AND ((NOT (A0)) D0 (OR (A1 D2)))) (AND ((NOT (A1)) D2)))))))
(CAPTURE_CANDIDATE (AND (D2 (OR ((AND (A1 D3)) (AND ((NOT (A0)) D0)) (NOT (A1)))))))
(CAPTURE_CANDIDATE (AND ((OR ((AND (A1 D3)) (AND ((NOT (A0)) D0)) (AND ((NOT (D3)) (NOT (A1)) D2)))))))
(CAPTURE_CANDIDATE (AND (D2 (OR ((AND (A1 D3)) (AND ((NOT (A0)) D0)) (NOT (A1)))))))
(CAPTURE_CANDIDATE (AND ((OR ((NOT (A1)) (NOT (D3)) (AND ((NOT (A0)) D0)) (AND ((NOT (A1)) D2)))))))
(CAPTURE_CANDIDATE (AND ((OR ((AND (A1 D3)) (AND (D0 (OR ((NOT (A0)) D1 (NOT (D2)))))) (AND ((NOT (A1)) D2)))))))
(CAPTURE_CANDIDATE (AND ((OR ((AND (D3 (OR (A1 (NOT (A0)))))) (AND ((NOT (A0)) D0)) (AND ((NOT (A1)) D2)))))))
(CAPTURE_CANDIDATE (AND ((OR (D2 (AND (A1 D3)) (AND ((NOT (A0)) D0)) (AND ((NOT (A1)) D2)))))))
(CAPTURE_CANDIDATE (AND ((OR ((AND (A1 D3)) (AND ((NOT (A0)) D0)) (AND ((NOT (A1)) (OR (D2 (AND (A0 D0)))))))))))
(CAPTURE_CANDIDATE (AND ((OR (D0 (AND (A1 D3)) (AND ((NOT (A0)) D0)) (AND ((NOT (A1)) D2)))))))
(CAPTURE_CANDIDATE (AND ((OR ((AND (A1 D3)) (AND ((NOT (A0)) D0)) (AND ((NOT (A1)) D2)))))))
(CAPTURE_CANDIDATE (AND ((OR ((AND (A1 D3)) (AND ((NOT (A0)) D0 (OR ((NOT (D1)) D2)))) (AND ((NOT (A1)) D2)))))))
(CAPTURE_CANDIDATE (AND ((OR ((NOT (D0)) (AND (A1 D3)) (AND ((NOT (A0)) D0)) (AND ((NOT (A1)) D2)))))))
(CAPTURE_CANDIDATE (AND ((OR ((AND ((NOT (A1)) D3)) (AND ((NOT (A0)) D0)) (AND ((NOT (A1)) D2)))))))
(CAPTURE_CANDIDATE (AND ((OR ((AND (A1 D3)) (AND ((NOT (A0)) D0)) (AND ((NOT (A1)) (OR (D2 A0 (NOT (D2)))))))))))
(CAPTURE_CANDIDATE (AND ((OR ((AND (A1 D3)) (AND ((NOT (A0)) D0)) (AND ((NOT (D2)) (NOT (A1)))))))))
(CAPTURE_CANDIDATE (AND ((OR ((AND (A1 D3)) (AND ((NOT (A0)) D0)) (AND ((NOT (A1)) D2 (NOT (D0)))))))))
(CAPTURE_CANDIDATE (AND ((OR ((AND (A1 D3)) (AND ((NOT (A0)) D0 (OR (D1 (NOT (D2)))))) (AND ((NOT (A1)) D2)))))))
(CAPTURE_CANDIDATE (AND ((OR ((AND (A1 D3)) (AND ((NOT (A0)) D0)) (AND ((NOT (A1)) (OR (D2 (AND ((NOT (A0)) D0)))))))))))
(CAPTURE_CANDIDATE (AND ((OR ((AND (A1 D3)) (AND ((NOT (A0)) D0)) (AND ((NOT (A1)) D2)))))))
(CAPTURE_CANDIDATE (AND ((OR ((NOT (D0)) (AND (A1 D3)) (AND ((NOT (A0)) D0)) (AND ((NOT (A1)) D2)))))))
(CAPTURE_CANDIDATE (AND ((OR ((AND (A1 D3)) (AND ((NOT (A0)) D0)) (AND ((NOT (A1)) D2)) (NOT (D2)))))))
(CAPTURE_CANDIDATE (AND ((OR ((AND (A0 (NOT (D2)))) (AND (A1 D3)) (AND ((NOT (A0)) D0)) (AND ((NOT (A1)) D2)))))))
(CAPTURE_CANDIDATE (AND ((OR ((AND ((NOT (D1)) D3)) (AND (A1 D3)) (AND ((NOT (A0)) D0)) (AND ((NOT (A1)) D2)))))))
(CAPTURE_CANDIDATE (AND ((OR ((AND (A1 D3 D2)) (AND ((NOT (A0)) D0)) (AND ((NOT (A1)) D2)))))))
(CAPTURE_CANDIDATE (AND ((OR ((AND (A1 D3)) (AND (D0 (OR ((NOT (A0)) (NOT (D1)))))) (AND ((NOT (A1)) D2)))))))
(CAPTURE_CANDIDATE (AND ((OR ((AND (A1 D3)) (AND ((NOT (A0)) D0)) (AND ((NOT (A1)) D2)) (AND (D1 (NOT (D2)))))))))
(CAPTURE_CANDIDATE (AND (D2 (OR ((AND (A1 D3)) (AND ((NOT (A0)) D0)) (NOT (A1)))))))
(CAPTURE_CANDIDATE (AND ((OR ((AND (A1 D3)) (AND ((NOT (A0)) D0)) (AND (D1 (NOT (A1)) D2)))))))
(CAPTURE_CANDIDATE (AND (D2 (OR ((AND (A1 D3)) (AND ((NOT (A0)) D0)) (NOT (A1)))))))
(CAPTURE_CANDIDATE (AND ((OR ((AND (A1 D3)) (AND ((NOT (A0)) D0)) (AND ((NOT (D1)) D3)) (AND ((NOT (A1)) D2)))))))
(CAPTURE_CANDIDATE (AND ((OR ((AND (A1 D3)) (AND ((NOT (A0)) D0)) (AND ((NOT (A1)) D2)))))))
(CAPTURE_CANDIDATE (AND ((OR ((AND (A1 D3)) (AND ((NOT (A0)) D0)) (AND ((NOT (A1)) D2)))) (OR ((NOT (A1)) (NOT (D2)))))))
(CAPTURE_CANDIDATE (AND ((OR ((AND (A1 D3)) (NOT (A0)) (AND ((NOT (A1)) D2)))))))
(CAPTURE_CANDIDATE (AND ((OR (D2 (AND (A1 D3)) (AND ((NOT (A0)) D0)) (AND ((NOT (A1)) D2)))))))
(CAPTURE_CANDIDATE (AND ((OR ((AND (A1 D3)) (AND ((NOT (A0)) D0)) (AND ((NOT (A1)) D2 (NOT (D1)))))))))
(CAPTURE_CANDIDATE (AND ((OR ((AND (A1 D3)) (AND (D0 (OR ((NOT (A0)) (NOT (A1)))))) (AND ((NOT (A1)) D2)))))))
(CAPTURE_CANDIDATE (AND ((OR ((AND (A1 D3)) (AND ((NOT (A0)) D0)) (AND ((NOT (A1)) D2 (OR (A0 D0)))))))))
(CAPTURE_CANDIDATE (AND ((OR ((AND (A1 D3)) (AND ((NOT (A0)) D0)) (AND (D2 (OR ((NOT (A1)) D3)))))))))
(CAPTURE_CANDIDATE (AND ((OR ((AND (A1 D3)) (AND ((NOT (A0)) D0)) (AND ((NOT (A1)) D2 D0)))))))
(CAPTURE_CANDIDATE (AND ((NOT (D1)) (OR ((AND (A1 D3)) (AND ((NOT (A0)) D0)) (AND ((NOT (A1)) D2)))))))
(CAPTURE_CANDIDATE (AND (D3 (OR (A1 (AND ((NOT (A0)) D0)) (AND ((NOT (A1)) D2)))))))
(CAPTURE_CANDIDATE (AND ((OR ((AND (A1 D3 (NOT (D2)))) (AND ((NOT (A0)) D0)) (AND ((NOT (A1)) D2)))))))
(CAPTURE_CANDIDATE (AND ((OR ((AND (A0 (NOT (D1)))) (AND (A1 D3)) (AND ((NOT (A0)) D0)) (AND ((NOT (A1)) D2)))))))
(CAPTURE_CANDIDATE (AND ((OR ((NOT (D0)) (AND (A1 D3)) (AND ((NOT (A0)) D0)) (AND ((NOT (A1)) D2)))))))
(CAPTURE_CANDIDATE (AND ((OR ((AND (A1 D3)) (AND ((NOT (A0)) D0)) (AND ((NOT (A1)) (OR (D2 D0)))))))))
(CAPTURE_CANDIDATE (AND ((OR (D2 (AND (A1 D3)) (AND ((NOT (A0)) D0)) (AND ((NOT (A1)) D2)))))))
(CAPTURE_CANDIDATE (AND ((OR ((AND (A1 D3)) (AND ((NOT (A0)) D0)) (AND ((NOT (A1)) D2)))))))
(CAPTURE_CANDIDATE (AND (A1 (OR (D3 (AND ((NOT (A0)) D0)))))))
(CAPTURE_CANDIDATE (AND ((OR ((AND (A1 D3 (OR ((NOT (D0)) (NOT (D2)))))) (AND ((NOT (A0)) D0)) (AND ((NOT (A1)) D2)))))))
(CAPTURE_CANDIDATE (AND ((OR ((AND (A1 D3)) (AND (D1 (NOT (A0)) D0)) (AND ((NOT (A1)) D2)))))))
(CAPTURE_CANDIDATE (AND ((OR ((AND (A1 D3)) (AND ((NOT (A0)) D0)) (AND ((NOT (A1)) D2)))))))
(CAPTURE_CANDIDATE (AND ((OR ((AND (A0 (NOT (D1)))) (AND (A1 D3)) (AND ((NOT (A0)) D0)) (AND ((NOT (A1)) D2)))))))
(CAPTURE_CANDIDATE (AND ((OR ((AND (A1 D3)) (AND ((NOT (A0)) D0)) (AND ((NOT (A1)) D2)))) (OR (A0 (NOT (D2)))))))
(CAPTURE_CANDIDATE (AND ((OR ((AND (A1 D3)) (AND (D0 (OR ((NOT (A0)) (NOT (D2)))))) (AND ((NOT (A1)) D2)))))))
(CAPTURE_CANDIDATE (AND (D1 (OR ((AND (A1 D3)) (AND ((NOT (A0)) D0)) (AND ((NOT (A1)) D2)))))))
(CAPTURE_CANDIDATE (AND ((OR ((AND (A1 D3)) (AND ((NOT (A0)) D0)) (AND ((NOT (A1)) D2 A0)))))))
(CAPTURE_CANDIDATE (AND ((OR ((AND (A1 (OR (D3 (NOT (D0)))))) (AND ((NOT (A0)) D0)) (AND ((NOT (A1)) D2)))))))
(CAPTURE_CANDIDATE (AND ((OR ((AND (A1 D3)) (AND ((NOT (A0)) D0)) (AND ((NOT (A1)) D2)) (AND ((NOT (D0)) (NOT (D1)))))))))
(CAPTURE_CANDIDATE (AND (D0 (OR ((AND (A1 D3)) (NOT (A0)) (AND ((NOT (A1)) D2)))))))
(CAPTURE_CANDIDATE (AND ((OR ((AND (A1 D3)) (AND ((NOT (A0)) D0)) (AND ((NOT (A1)) D2)))))))
(CAPTURE_CANDIDATE (AND ((OR ((AND ((NOT (A0)) A1 D3)) (AND ((NOT (A0)) D0)) (AND ((NOT (A1)) D2)))))))
(CAPTURE_CANDIDATE (AND ((OR ((AND (A1 D3)) (AND ((NOT (A0)) D0)) (AND ((NOT (A1)) D2)))))))
(CAPTURE_CANDIDATE (AND ((OR ((AND (A1 D3)) (AND ((NOT (A0)) D0)) (AND ((NOT (A1)) D2 D0 D3)))))))
(CAPTURE_CANDIDATE (AND ((OR ((AND ((NOT (A1)) (NOT (D3)))) (AND (A1 D3)) (AND ((NOT (A0)) D0)) (AND ((NOT (A1)) D2)))))))
(CAPTURE_CANDIDATE (AND ((OR ((AND (A1 D3)) (AND (D0 (OR ((NOT (A0)) (AND (A1 D2)))))) (AND ((NOT (A1)) D2)))))))
(CAPTURE_CANDIDATE (AND ((OR ((AND (A1 D3)) (AND ((NOT (A0)) D0)) (AND ((NOT (A1)) (OR (D2 (NOT (D1)))))))))))
(CAPTURE_CANDIDATE (AND ((OR ((AND (A1 D3)) (AND (D0 (OR ((NOT (A0)) (NOT (D2)))))) (AND ((NOT (A1)) D2)))))))
(CAPTURE_CANDIDATE (AND (A0 (OR ((AND (A1 D3)) (AND ((NOT (A1)) D2)))))))
(CAPTURE_CANDIDATE (AND ((OR ((AND (A1 D3)) (AND ((NOT (A0)) D0 D1)) (AND ((NOT (A1)) D2)))))))
(CAPTURE_CANDIDATE (AND ((OR (D3 (AND (A1 D3)) (AND ((NOT (A0)) D0)) (AND ((NOT (A1)) D2)))))))
(CAPTURE_CANDIDATE (AND ((OR ((AND (A1 D3)) (AND ((NOT (A0)) D0)) (AND ((NOT (A1)) (OR (D2 A0)))))))))
(CAPTURE_CANDIDATE (AND ((OR ((AND (A1 D3)) (AND ((NOT (A0)) D0)) (NOT (A1)))))))
(CAPTURE_CANDIDATE (AND ((OR ((NOT (D0)) (AND (A1 D3)) (AND ((NOT (A0)) D0)) (AND ((NOT (A1)) D2)))))))
(CAPTURE_CANDIDATE (AND ((OR ((AND (D3 (OR (A1 (NOT (D0)))))) (AND ((NOT (A0)) D0)) (AND ((NOT (A1)) D2)))))))
(CAPTURE_CANDIDATE (AND ((OR ((NOT (A0)) (AND (A1 D3)) (AND ((NOT (A0)) D0)) (AND ((NOT (A1)) D2)))))))
(CAPTURE_CANDIDATE (AND ((OR (D2 (AND (A1 D3)) (AND ((NOT (A0)) D0)) (AND ((NOT (A1)) D2)))))))
(CAPTURE_CANDIDATE (AND ((OR ((AND (A1 D3)) (AND ((NOT (A0)) D0)) (AND ((NOT (A1)) (OR (D2 (NOT (D1)))))))))))
(CAPTURE_CANDIDATE (AND ((OR ((AND (A1 D3)) (AND ((NOT (A0)) D0)) (AND ((NOT (A1)) (OR (D2 (NOT (D3)))))))))))
(CAPTURE_CANDIDATE (AND ((OR ((AND (A1 D3)) (AND ((NOT (A0)) D0)) (AND ((NOT (A1)) D2 D0)))))))
(CAPTURE_CANDIDATE (AND ((OR ((AND (A1 D3)) (AND ((NOT (A0)) D0)) (AND ((NOT (A1)) D2 (NOT (D1)))))))))
(CAPTURE_CANDIDATE (AND ((OR (A1 (AND (A1 D3)) (AND ((NOT (A0)) D0)) (AND ((NOT (A1)) D2)))))))
(CAPTURE_CANDIDATE (AND ((OR ((AND (A1 D3)) (AND (D0 (OR ((NOT (A0)) (NOT (D3)))))) (AND ((NOT (A1)) D2)))))))
(CAPTURE_CANDIDATE (AND (D0 (OR ((AND (A1 D3)) (NOT (A0)) (AND ((NOT (A1)) D2)))))))
(CAPTURE_CANDIDATE (AND ((OR ((AND (A1 D3)) (AND ((NOT (A0)) D0)) (AND (D1 (NOT (A1)) D2)))))))
(CAPTURE_CANDIDATE (AND ((OR (D1 (NOT (D3)) (AND (A1 D3)) (AND ((NOT (A0)) D0)) (AND ((NOT (A1)) D2)))))))
(CAPTURE_CANDIDATE (AND ((OR ((AND (A1 D3)) (AND ((NOT (A0)) (OR (D0 (NOT (D2)) (NOT (D3)))))) (AND ((NOT (A1)) D2)))))))
(CAPTURE_CANDIDATE (AND (D3 (OR (A1 (AND ((NOT (A0)) D0)) (AND ((NOT (A1)) D2)))))))
(CAPTURE_CANDIDATE (AND ((OR ((AND (A1 D3)) (AND ((NOT (A0)) (OR (D0 (NOT (D1)))))) (AND ((NOT (A1)) D2)))))))
(CAPTURE_CANDIDATE (AND ((OR (D0 (AND (A1 D3)) (AND ((NOT (A0)) D0)) (AND ((NOT (A1)) D2)))))))
(CAPTURE_CANDIDATE (AND ((OR ((AND ((NOT (D0)) D1)) (AND (A1 D3)) (AND ((NOT (A0)) D0)) (AND ((NOT (A1)) D2)))))))
(CAPTURE_CANDIDATE (AND ((OR ((AND (A1 D3)) (AND ((NOT (A0)) D0 (OR (D1 (NOT (D3)))))) (AND ((NOT (A1)) D2)))))))
(CAPTURE_CANDIDATE (AND ((OR ((AND ((NOT (A1)) D3)) (AND (A1 D3)) (AND ((NOT (A0)) D0)) (AND ((NOT (A1)) D2)))))))
(CAPTURE_CANDIDATE (AND ((OR ((AND (D3 (OR (A1 D1)))) (AND ((NOT (A0)) D0)) (AND ((NOT (A1)) D2)))))))
(CAPTURE_CANDIDATE (AND ((OR ((AND (A1 D3)) (AND ((NOT (A0)) D0)) (AND ((NOT (A1)) D2)))) (OR ((NOT (A0)) (NOT (D2)))))))
(CAPTURE_CANDIDATE (AND ((OR ((AND (A1 D3)) (AND ((NOT (A0)) D0)) (AND ((NOT (A0)) (NOT (A1)) D2)))))))
(CAPTURE_CANDIDATE (AND ((OR (D3 (AND (A1 D3)) (AND ((NOT (A0)) D0)) (AND ((NOT (A1)) D2)))))))
(CAPTURE_CANDIDATE (AND ((OR ((AND (A1 D3)) (AND ((NOT (A0)) (OR (D0 (NOT (D2)))))) (AND ((NOT (A1)) D2)))))))
(CAPTURE_CANDIDATE (AND ((OR ((AND (A1 D3)) (AND ((NOT (A0)) D0)) (AND ((NOT (A1)) D2)))) (OR ((NOT (A1)) D3)))))
(CAPTURE_CANDIDATE (AND ((OR ((AND (A1 D3)) (AND ((NOT (A0)) D0)) (AND ((NOT (A1)) D2)))))))
(CAPTURE_CANDIDATE (AND ((OR ((NOT (A1)) (AND (A1 D3)) (AND ((NOT (A0)) D0)) (AND ((NOT (A1)) D2)))))))
(CAPTURE_CANDIDATE (AND (A0 D2 (OR ((AND (A1 D3)) (NOT (A1)))))))
(CAPTURE_CANDIDATE (AND ((OR ((AND (A1 D3)) (AND ((NOT (A0)) D0)) (AND ((NOT (A1)) D2)) (NOT (D1)) D3)))))
(CAPTURE_CANDIDATE (AND ((OR ((NOT (D0)) (AND (A1 D3)) (AND ((NOT (A0)) D0)) (AND ((NOT (A1)) D2)))))))
(CAPTURE_CANDIDATE (AND ((OR ((AND (A1 D3)) (AND ((NOT (A0)) (OR (D0 (NOT (D3)))))) (AND ((NOT (A1)) D2)))))))
(CAPTURE_CANDIDATE (AND ((OR (D0 (NOT (D3)) (AND (A1 D3)) (AND ((NOT (A0)) D0)) (AND ((NOT (A1)) D2)))))))
(CAPTURE_CANDIDATE (AND ((OR ((AND (A1 D3)) (AND ((NOT (A1)) (NOT (A0)) D0)) (AND ((NOT (A1)) D2)))))))
(CAPTURE_CANDIDATE (AND (A1 (NOT (D1)) (OR (D3 (AND ((NOT (A0)) D0)))))))
(CAPTURE_CANDIDATE (AND ((OR ((AND (A1 D3)) (AND ((NOT (A0)) D0)) (AND ((NOT (A1)) D2)))) (OR (A0 D0)))))
(CAPTURE_CANDIDATE (AND ((OR ((AND (A1 D3)) (AND ((NOT (A0)) D0 (OR (A1 D2)))) (AND ((NOT (A1)) D2)))))))
(CAPTURE_CANDIDATE (AND ((OR ((AND (A1 D3)) (AND ((NOT (A1)) D2)))))))
(CAPTURE_CANDIDATE (AND ((OR ((AND (A1 D3)) (AND ((NOT (A0)) D0)) (AND ((NOT (A1)) D2)))))))
(CAPTURE_CANDIDATE (AND ((OR ((AND (A1 (OR (D3 (NOT (A0)))))) (AND ((NOT (A0)) D0)) (AND ((NOT (A1)) D2)))))))
(CAPTURE_CANDIDATE (AND ((OR ((AND (A1 D3)) (AND ((NOT (A0)) D0)) (AND ((NOT (A1)) D2)))) (OR (A0 D0)))))
(CAPTURE_CANDIDATE (AND ((OR ((AND (D3 (OR (A1 (NOT (A0)))))) (AND ((NOT (A0)) D0)) (AND ((NOT (A1)) D2)))))))
(CAPTURE_CANDIDATE (AND ((OR (D3 (AND ((NOT (A0)) D0)) (AND ((NOT (A1)) D2)))))))
(CAPTURE_CANDIDATE (AND (D1 (OR ((AND (A1 D3)) (AND ((NOT (A0)) D0)) (AND ((NOT (A1)) D2)))))))
(CAPTURE_CANDIDATE (AND ((OR ((AND ((NOT (A0)) D0)) (AND ((NOT (A1)) D2)))))))
(CAPTURE_CANDIDATE (AND ((OR ((AND (A1 D3)) (AND ((NOT (A0)) D0)) (AND ((NOT (A1)) D2)) A0)))))
(CAPTURE_CANDIDATE (AND ((OR ((AND (A1 D3)) (AND ((NOT (A0)) D0)) (AND ((NOT (A1)) D2)))))))
(CAPTURE_CANDIDATE (AND ((OR ((AND (A0 A1 D3)) (AND ((NOT (A0)) D0)) (AND ((NOT (A1)) D2)))))))
(CAPTURE_CANDIDATE (AND ((OR ((AND (A1 D3)) (AND ((NOT (A0)) (OR (D0 D1)))) (AND ((NOT (A1)) D2)))))))
(CAPTURE_CANDIDATE (AND ((OR ((AND (A1 D3)) (AND ((NOT (A0)) D0 (NOT (D3)))) (AND ((NOT (A1)) D2)))))))
(CAPTURE_CANDIDATE (AND ((OR ((AND (A1 D3)) (AND ((NOT (A0)) D0)) (AND ((NOT (A1)) D2)) (NOT (D3)))))))
(CAPTURE_CANDIDATE (AND ((OR ((AND (A1 D3)) (AND ((NOT (A0)) D0)) (AND ((NOT (D1)) D3)) (AND ((NOT (A1)) D2)))))))
(CAPTURE_CANDIDATE (AND ((OR ((AND (D3 (OR (A1 A0)))) (AND ((NOT (A0)) D0)) (AND ((NOT (A1)) D2)))))))
(CAPTURE_CANDIDATE (AND ((OR ((AND (A1 D3)) (AND ((NOT (D1)) (NOT (A0)) D0)) (AND ((NOT (A1)) D2)))))))
(CAPTURE_CANDIDATE (AND ((OR ((AND (A1 D3 (NOT (D2)))) (AND ((NOT (A0)) D0)) (AND ((NOT (A1)) D2)))))))
(CAPTURE_CANDIDATE (AND ((OR ((AND (A1 D3)) (AND ((NOT (A0)) D0)) (AND (D2 (OR ((NOT (A0)) (NOT (A1)))))))))))
(CAPTURE_CANDIDATE (AND ((OR ((AND (A1 D3)) (AND ((NOT (A0)) D0)) (AND ((NOT (A1)) D2)))))))
(CAPTURE_CANDIDATE (AND ((OR ((NOT (D0)) (AND (A1 D3)) (AND ((NOT (A0)) D0)) (AND ((NOT (A1)) D2)))))))
(CAPTURE_CANDIDATE (AND ((OR ((AND ((NOT (D2)) A1 D3)) (AND ((NOT (A0)) D0)) (AND ((NOT (A1)) D2)))))))
(CAPTURE_CANDIDATE (AND ((OR (D3 (AND ((NOT (A0)) D0)) (AND ((NOT (A1)) D2)))))))
(CAPTURE_CANDIDATE (AND ((OR (D3 (AND (A1 D3)) (AND ((NOT (A0)) D0)) (AND ((NOT (A1)) D2)))))))
(CAPTURE_CANDIDATE (AND ((OR ((AND (A1 D3 A0)) (AND ((NOT (A0)) D0)) (AND ((NOT (A1)) D2)))))))
(CAPTURE_CANDIDATE (AND ((OR (A1 (AND ((NOT (A0)) D0)) (AND ((NOT (A1)) D2)))))))
(CAPTURE_CANDIDATE (AND ((OR ((AND (A1 D3 (NOT (D2)))) (AND ((NOT (A0)) D0)) (AND ((NOT (A1)) D2)))))))
(CAPTURE_CANDIDATE (AND ((OR ((AND (A1 D3)) (AND ((NOT (A0)) (OR (D0 A1)))) (AND ((NOT (A1)) D2)))))))
(CAPTURE_CANDIDATE (AND ((OR ((AND (A1 D3)) (AND ((NOT (A0)) D0)) (AND ((NOT (D1)) D3)) (AND ((NOT (A1)) D2)))))))
(CAPTURE_CANDIDATE (AND ((OR ((AND (A1 D3)) (AND (D0 (NOT (A0)))) (AND ((NOT (A1)) D2)))))))
(CAPTURE_CANDIDATE (AND ((OR ((AND (A1 D3)) (AND ((NOT (A0)) D0)) (AND ((NOT (A1)) D2)) D1)))))
(CAPTURE_CANDIDATE (AND ((OR ((AND (A1 D3)) (AND ((NOT (A0)) D0)) D1 (NOT (D3)) (AND ((NOT (A1)) D2)))))))
(CAPTURE_CANDIDATE (AND ((OR ((AND (A1 D3)) (AND ((NOT (A0)) D0)) (AND ((NOT (A1)) D2)))))))
(CAPTURE_CANDIDATE (AND (A1 (OR (D3 (AND ((NOT (A0)) D0)))))))
(CAPTURE_CANDIDATE (AND ((OR ((AND (A1 D3)) (AND ((NOT (A0)) D0)) (AND (D2 (OR ((NOT (A1)) (NOT (A1)) (NOT (D0)))))))))))
(CAPTURE_CANDIDATE (AND ((OR ((AND (A1 D3)) (AND ((NOT (A0)) D0)) (AND ((NOT (A1)) D2)))))))
(CAPTURE_CANDIDATE (AND ((OR ((AND (A1 D3)) (AND ((NOT (A0)) D0)) (AND ((NOT (A1)) D2)))) (OR ((NOT (A1)) D3)))))
(CAPTURE_CANDIDATE (AND ((OR ((AND (A1 D3)) (AND ((NOT (A0)) (OR (D0 (NOT (D2)) (NOT (D3)))))) (AND ((NOT (A1)) D2)))))))
(CAPTURE_CANDIDATE (AND ((OR ((AND (A1 D3)) (AND ((NOT (A0)) D0)) (AND ((NOT (A1)) D2 (NOT (A0)))))))))
(CAPTURE_CANDIDATE (AND ((OR ((AND (A1 D3)) (AND (D0 (NOT (A0)))) (AND ((NOT (A1)) D2)))))))
(CAPTURE_CANDIDATE (AND ((OR ((NOT (D0)) (AND (A1 D3)) (AND ((NOT (A0)) D0)) (AND ((NOT (A1)) D2)))))))
(CAPTURE_CANDIDATE (AND ((OR ((AND (A1 D3)) (AND ((NOT (A0)) D0)) (AND ((NOT (A1)) D2)) (AND ((NOT (D0)) (NOT (D1)))))))))
(CAPTURE_CANDIDATE (AND ((OR ((AND (A1 D3)) (AND ((NOT (A0)) D0 D2)) (AND ((NOT (A1)) D2)))))))
(CAPTURE_CANDIDATE (AND ((OR ((AND (A1 D3)) (AND (D0 (OR ((NOT (A0)) (NOT (A1)))))) (AND ((NOT (A1)) D2)))))))
(CAPTURE_CANDIDATE (AND ((OR ((AND (A1 D3)) (AND ((NOT (A0)) D0 D1)) (AND ((NOT (A1)) D2)))))))
(CAPTURE_CANDIDATE (AND ((OR ((AND (A1 D3)) (AND ((NOT (A0)) D0)) (AND ((NOT (A1)) D2)))))))
(CAPTURE_CANDIDATE (AND ((OR ((AND (A1 D3 A0)) (AND ((NOT (A0)) D0)) (AND ((NOT (A1)) D2)))))))
(CAPTURE_CANDIDATE (AND ((OR ((AND (A1 D3)) (AND ((NOT (A0)) D0)) D2)))))
(CAPTURE_CANDIDATE (AND ((OR ((NOT (D1)) (AND (A1 D3)) (AND ((NOT (A0)) D0)) (AND ((NOT (A1)) D2)))))))
(CAPTURE_CANDIDATE (AND ((OR ((AND (A1 D3)) (AND (D0 (OR ((NOT (A0)) (AND ((NOT (A1)) D2)))))) (AND ((NOT (A1)) D2)))))))
(CAPTURE_CANDIDATE (AND ((OR ((AND (A1 D3)) (AND ((NOT (A0)) D0)) (AND ((NOT (A1)) D2)))) (OR (A0 (NOT (A1)))))))
(CAPTURE_CANDIDATE (AND ((OR ((AND (A1 D3)) (AND ((NOT (A0)) (OR (D0 D3)))) (AND ((NOT (A1)) D2)))))))
(CAPTURE_CANDIDATE (AND ((OR ((AND (A1 (OR (D3 (NOT (D2)))))) (AND ((NOT (A0)) D0)) (AND ((NOT (A1)) D2)))))))
(CAPTURE_CANDIDATE (AND ((OR ((AND (A1 D3)) (AND (D3 (NOT (A0)) D0)) (AND ((NOT (A1)) D2)))))))
(CAPTURE_CANDIDATE (AND ((OR ((AND (A1 D3)) (AND ((NOT (D1)) (NOT (D3)) (NOT (A0)) D0)) (AND ((NOT (A1)) D2)))))))
(CAPTURE_CANDIDATE (AND ((OR ((AND (A1 D3)) (AND ((NOT (A0)) D0)) (AND ((NOT (A1)) D2)))))))
(CAPTURE_CANDIDATE (AND ((OR ((AND (A1 D3)) (AND ((NOT (A1)) D2)))))))
(CAPTURE_CANDIDATE (AND ((OR ((AND (A1 D3)) (AND ((NOT (A0)) D0)) (AND ((NOT (A1)) D2)))))))
(CAPTURE_CANDIDATE (AND ((OR ((AND (A1 D3)) (AND ((NOT (A0)) D0)) (AND ((NOT (A1)) D2)) (NOT (D0)))))))
(CAPTURE_CANDIDATE (AND ((OR ((AND (A1 D3)) (AND ((NOT (A0)) D0)) (NOT (A1)))))))
(CAPTURE_CANDIDATE (AND ((OR (A1 (AND (A1 D3)) (AND ((NOT (A0)) D0)) (AND ((NOT (A1)) D2)))))))
(CAPTURE_CANDIDATE (AND ((OR ((AND (A1 D3)) (AND ((NOT (A0)) D0)) (AND ((NOT (A1)) D2)))))))
(CAPTURE_CANDIDATE (AND ((OR ((AND (A1 D3)) (AND ((NOT (A0)) D0)) (AND ((NOT (A1)) D2)))) (OR (A0 (NOT (A1)))))))
(CAPTURE_CANDIDATE (AND ((OR ((AND (A1 D3)) (AND ((NOT (A0)) D0)) (AND ((NOT (A1)) D2 (NOT (A0)))))))))
(CAPTURE_CANDIDATE (AND ((OR ((AND (A1 D3)) (AND ((NOT (A0)) (OR (D0 (NOT (D1)))))) (AND ((NOT (A1)) D2)))))))
(CAPTURE_CANDIDATE (AND (A1 (NOT (D0)) D3)))
(CAPTURE_CANDIDATE (AND (A1 D2 (OR (D3 (AND ((NOT (A0)) D0)))))))
(CAPTURE_CANDIDATE (AND ((OR ((AND (A1 D3)) (AND ((NOT (A0)) D0)) (AND (A0 (NOT (A1)) D2)))))))
(CAPTURE_CANDIDATE (AND ((OR ((AND (A1 D3)) (AND ((NOT (A0)) D0)) (AND ((NOT (A1)) D2)))))))
(CAPTURE_CANDIDATE (AND ((OR ((NOT (A1)) (NOT (D3)) (AND ((NOT (A0)) D0)) (AND ((NOT (A1)) D2)))))))
(CAPTURE_CANDIDATE (AND ((OR ((AND (A1 D3)) (AND ((NOT (A0)) D0)) (AND ((NOT (A1)) D2 (NOT (A0)) D3)))))))
(CAPTURE_CANDIDATE (AND ((OR ((NOT (A0)) (AND (A1 D3)) (AND ((NOT (A0)) D0)) (AND ((NOT (A1)) D2)))))))
(CAPTURE_CANDIDATE (AND ((OR ((AND (A1 D3)) (AND (D0 (OR ((NOT (A0)) D1 (NOT (D2)))))) (AND ((NOT (A1)) D2)))))))
(CAPTURE_CANDIDATE (AND ((OR ((AND (A1 D3)) (AND ((NOT (A0)) (OR (D0 (AND (D2 D3)))))) (AND ((NOT (A1)) D2)))))))
(CAPTURE_CANDIDATE (AND ((NOT (D1)) (OR ((AND (A1 D3)) (AND ((NOT (A0)) D0)) (AND ((NOT (A1)) D2)))))))
(CAPTURE_CANDIDATE (AND ((OR ((AND (A1 D3)) (AND ((NOT (D1)) (NOT (D3)) (NOT (A0)) D0)) (AND ((NOT (A1)) D2)))))))
(CAPTURE_CANDIDATE (AND (D3 (OR (A1 (AND ((NOT (A0)) D0)) (AND ((NOT (A1)) D2)))))))
(CAPTURE_CANDIDATE (AND ((OR ((AND (A1 D3)) (AND ((NOT (A0)) D0)) (AND (D2 (OR ((NOT (A1)) (AND (A0 D3)))))))))))
(CAPTURE_CANDIDATE (AND ((OR ((AND ((NOT (D1)) D3)) (AND (A1 D3)) (AND ((NOT (A0)) D0)) (AND ((NOT (A1)) D2)))))))
(CAPTURE_CANDIDATE (AND ((OR ((NOT (D0)) (AND (A1 D3)) (AND ((NOT (A0)) D0)) (AND ((NOT (A1)) D2)))))))
(CAPTURE_CANDIDATE (AND ((OR ((AND (A1 D3 (NOT (D1)))) (AND ((NOT (A0)) D0)) (AND ((NOT (A1)) D2)))))))
(CAPTURE_CANDIDATE (AND ((OR ((AND ((NOT (A0)) D0)) (AND ((NOT (A1)) D2)))))))
(CAPTURE_CANDIDATE (AND ((NOT (A0)) D1 (OR ((AND (A1 D3)) D0 (AND ((NOT (A1)) D2)))))))
(CAPTURE_CANDIDATE (AND ((NOT (D3)) (OR ((AND ((NOT (A0)) D0)) (AND ((NOT (A1)) D2)))))))
(CAPTURE_CANDIDATE (AND ((OR ((AND (A1 D3 (NOT (D2)))) (AND ((NOT (A0)) D0)) (AND ((NOT (A1)) D2)))))))
(CAPTURE_CANDIDATE (AND ((OR ((AND (A1 D3)) (AND ((NOT (A0)) D0)) (NOT (A1)))))))
(CAPTURE_CANDIDATE (AND ((OR ((AND (A1 D3)) (AND ((NOT (A0)) D0)) (AND (D2 (OR ((NOT (A1)) D3)))))))))
(CAPTURE_CANDIDATE (AND ((OR ((AND (A1 D3)) (AND ((NOT (A0)) D0)) (AND ((NOT (A1)) D2 (OR (D0 D3)))))))))
(CAPTURE_CANDIDATE (AND ((OR ((AND (A1 D3)) (AND (D0 (OR ((NOT (A0)) (NOT (A1)) (NOT (D2)))))) (AND ((NOT (A1)) D2)))))))
(CAPTURE_CANDIDATE (AND ((NOT (A1)) (OR ((AND ((NOT (A0)) D0)) D2)))))
(CAPTURE_CANDIDATE (AND ((OR ((AND (A1 D3 (NOT (D2)))) (AND ((NOT (A0)) D0)) (AND ((NOT (A1)) D2)))))))
(CAPTURE_CANDIDATE (AND ((OR ((AND (A1 D3)) (AND (D0 (OR ((NOT (A0)) A1)))) (AND ((NOT (A1)) D2)))))))
(CAPTURE_CANDIDATE (AND ((OR ((AND (D2 A1 D3)) (AND ((NOT (A0)) D0)) (AND ((NOT (A1)) D2)))))))
(CAPTURE_CANDIDATE (AND ((OR ((AND (A1 D3)) (AND ((NOT (A0)) D0)) (AND ((NOT (A1)) D2)) D0)))))
(CAPTURE_CANDIDATE (AND ((OR ((AND (A1 D3)) (AND (D0 (OR ((NOT (A0)) (NOT (D1)))))) (AND ((NOT (A1)) D2)))))))
(CAPTURE_CANDIDATE (AND ((OR ((AND (A1 D3)) (AND ((NOT (A0)) D0)) (AND (D2 (OR ((NOT (A1)) (NOT (A1)) (NOT (D0)))))))))))
(CAPTURE_CANDIDATE (AND ((OR ((AND (A1 D3)) (AND ((NOT (A0)) D0)) A1 (NOT (D2)))))))
(CAPTURE_CANDIDATE (AND ((OR ((AND (A1 D3)) (AND ((NOT (D1)) (NOT (D3)) (NOT (A0)) D0)) (AND ((NOT (A1)) D2)))))))
(CAPTURE_CANDIDATE (AND ((NOT (D0)) (OR ((AND (A1 D3)) (AND ((NOT (A1)) D2)))))))
(CAPTURE_CANDIDATE (AND ((OR ((AND (D3 (OR (A1 A0 (NOT (D0)))))) (AND ((NOT (A0)) D0)) (AND ((NOT (A1)) D2)))))))
(CAPTURE_CANDIDATE (AND ((OR ((AND (A1 D3)) (AND ((NOT (A0)) D0 (NOT (D2)))) (AND ((NOT (A1)) D2)))))))
(CAPTURE_CANDIDATE (AND ((OR ((AND (A1 D3)) (AND ((NOT (A1)) D2)))))))
(CAPTURE_CANDIDATE (AND ((OR ((AND (A1 D3)) (AND ((NOT (A0)) (OR (D0 (NOT (D2)) (NOT (D3)))))) (AND ((NOT (A1)) D2)))))))
(CAPTURE_CANDIDATE (AND ((OR ((AND ((NOT (A0)) A1 D3)) (AND ((NOT (A0)) D0)) (AND ((NOT (A1)) D2)))))))
(CAPTURE_CANDIDATE (AND (A1 (OR (D3 (AND ((NOT (A0)) D0)))))))
(CAPTURE_CANDIDATE (AND ((OR (A1 (NOT (D3)) (AND (A1 D3)) (AND ((NOT (A0)) D0)) (AND ((NOT (A1)) D2)))))))
(CAPTURE_CANDIDATE (AND ((OR ((AND (A1 D3)) (AND ((NOT (A0)) D0 (NOT (D1)))) (AND ((NOT (A1)) D2)))))))
(CAPTURE_CANDIDATE (AND ((OR (D0 (AND (A1 D3)) (AND ((NOT (A0)) D0)) (AND ((NOT (A1)) D2)))))))
(CAPTURE_CANDIDATE (AND ((OR ((AND (A1 D3)) (AND ((NOT (A0)) D0)) (AND ((NOT (A1)) D2 (NOT (A0)) D0)))))))
(CAPTURE_CANDIDATE (AND ((OR ((AND (A1 D3)) (AND ((NOT (A0)) D0)) (AND ((NOT (A1)) D2 (OR (A0 (NOT (D0)))))))))))
(CAPTURE_CANDIDATE (AND ((OR ((NOT (A1)) (AND (A1 D3)) (AND ((NOT (A0)) D0)) (AND ((NOT (A1)) D2)))))))
(CAPTURE_CANDIDATE (AND ((OR ((AND (A0 D3)) (AND (A1 D3)) (AND ((NOT (A0)) D0)) (AND ((NOT (A1)) D2)))))))
(CAPTURE_CANDIDATE (AND ((OR ((AND (A1 D3)) (AND ((NOT (A0)) D0)) (AND ((NOT (A1)) D2)))))))
(CAPTURE_CANDIDATE (AND ((OR ((AND (A1 (OR (D3 D0 (NOT (D1)))))) (AND ((NOT (A0)) D0)) (AND ((NOT (A1)) D2)))))))
(CAPTURE_CANDIDATE (AND ((OR ((AND (A1 D3)) (AND ((NOT (A0)) D0)) (AND ((NOT (A1)) D2)) D0 D1)))))
(CAPTURE_CANDIDATE (AND ((OR ((AND ((NOT (A0)) A1 D3)) (AND ((NOT (A0)) D0)) (AND ((NOT (A1)) D2)))))))
(CAPTURE_CANDIDATE (AND ((OR ((AND (D3 (OR (A1 A0)))) (AND ((NOT (A0)) D0)) (AND ((NOT (A1)) D2)))))))
(CAPTURE_CANDIDATE (AND ((OR ((AND (A1 D3)) (NOT (A0)) (AND ((NOT (A1)) D2)))))))
(CAPTURE_CANDIDATE (AND ((OR ((AND (A1 D3)) (AND ((NOT (A0)) D0)) (AND ((NOT (A1)) D2)) (AND (D1 (NOT (D2)))))))))
(CAPTURE_CANDIDATE (AND ((OR ((AND (A1 D3)) (AND (D0 (OR ((NOT (A0)) D2)))) (AND ((NOT (A1)) D2)))))))
(CAPTURE_CANDIDATE (AND ((OR ((AND (A1 D3)) (AND ((NOT (D0)) (NOT (A0)))) (AND ((NOT (A1)) D2)))))))
(CAPTURE_CANDIDATE (AND ((OR ((AND (A1 D3)) (AND ((NOT (A0)) D0)) (AND ((NOT (A1)) D2)))))))
(CAPTURE_CANDIDATE (AND ((OR ((AND ((NOT (A1)) D3)) (AND ((NOT (A0)) D0)) (AND ((NOT (A1)) D2)))))))
(CAPTURE_CANDIDATE (AND ((OR ((AND (A1 D3)) (AND ((NOT (A0)) D0)) (AND ((NOT (A1)) D2)) D3)))))
(CAPTURE_CANDIDATE (AND ((OR ((AND (A1 D3)) (AND ((NOT (A0)) D0)) (AND ((NOT (D3)) (NOT (A1)) D2)))))))
(CAPTURE_CANDIDATE (AND ((OR ((AND (A1 D3)) (AND ((NOT (A0)) D0)) (AND ((NOT (D1)) D3)) (AND ((NOT (A1)) D2)))))))
(CAPTURE_CANDIDATE (AND ((OR ((AND ((NOT (A0)) D0)) (AND ((NOT (A1)) D2)))))))
(CAPTURE_CANDIDATE (AND ((OR ((AND (A1 D3)) (AND ((NOT (A1)) D2)))))))
(CAPTURE_CANDIDATE (AND ((OR ((AND (A1 D3)) (AND ((NOT (A0)) (OR (D0 (NOT (D2)))))) (AND ((NOT (A1)) D2)))))))
(CAPTURE_CANDIDATE (AND ((OR ((AND (A1 D3)) (AND (D0 (OR ((NOT (A0)) D3)))) (AND ((NOT (A1)) D2)))))))
(CAPTURE_CANDIDATE (AND ((OR (D1 (AND (A1 D3)) (AND ((NOT (A0)) D0)) (AND ((NOT (A1)) D2)))))))
(CAPTURE_CANDIDATE (AND ((OR ((AND (A1 D3)) (AND ((NOT (A0)) D0 D2)) (AND ((NOT (A1)) D2)))))))
(CAPTURE_CANDIDATE (AND ((OR ((AND (A1 D3)) (AND ((NOT (A0)) D0)) (AND ((NOT (A1)) D1 D2)))))))
(CAPTURE_CANDIDATE (AND ((OR ((AND (A1 D3)) (AND (D0 (OR ((NOT (A0)) D3)))) (AND ((NOT (A1)) D2)))))))
(CAPTURE_CANDIDATE (AND ((OR ((AND (A1 (OR (D3 A0)))) (AND ((NOT (A0)) D0)) (AND ((NOT (A1)) D2)))))))
(CAPTURE_CANDIDATE (AND ((OR ((AND ((NOT (A0)) D0)) (AND ((NOT (A1)) D2)))))))
(CAPTURE_CANDIDATE (AND (D0 (OR ((AND (A1 D3)) (NOT (A0)) (AND ((NOT (A1)) D2)))))))
(CAPTURE_CANDIDATE (AND ((OR ((AND (A1 (OR (D3 (NOT (A0)))))) (AND ((NOT (A0)) D0)) (AND ((NOT (A1)) D2)))))))
(CAPTURE_CANDIDATE (AND ((OR ((AND (A1 D3)) (AND ((NOT (A0)) D0)) (AND ((NOT (A1)) (OR (D2 D1)))))))))
(CAPTURE_CANDIDATE (AND ((OR ((AND (A1 D3)) (AND ((NOT (A0)) D0)) (AND ((NOT (A1)) D2)) (NOT (D2)))))))
(CAPTURE_CANDIDATE (AND ((OR ((AND (A1 D3)) (AND ((NOT (A0)) D0)) (AND ((NOT (A1)) D2)))) (OR (A0 (NOT (D2)))))))
(CAPTURE_CANDIDATE (AND ((OR ((AND (A1 D3)) (AND (D0 (OR ((NOT (A0)) (NOT (A1)) (NOT (D2)))))) (AND ((NOT (A1)) D2)))))))
(CAPTURE_CANDIDATE (AND ((NOT (A1)) (OR ((AND ((NOT (A0)) D0)) D2)))))
(CAPTURE_CANDIDATE (AND ((OR ((AND (A1 D3)) (AND ((NOT (A0)) D0)) (AND (D2 (OR ((NOT (A1)) A0)))))))))
(CAPTURE_CANDIDATE (AND ((OR ((AND (A1 D3)) (AND ((NOT (A0)) D0 (NOT (D2)))) (AND ((NOT (A1)) D2)))))))
(CAPTURE_CANDIDATE (AND ((OR ((AND (A1 D3)) (AND ((NOT (A0)) D0)) (AND ((NOT (A1)) D2)) (NOT (D2)))))))
(CAPTURE_CANDIDATE (AND ((OR ((AND (D3 (OR (A1 A0 (NOT (D0)))))) (AND ((NOT (A0)) D0)) (AND ((NOT (A1)) D2)))))))
(CAPTURE_CANDIDATE (AND ((OR ((AND (A1 (OR (D3 D2)))) (AND ((NOT (A0)) D0)) (AND ((NOT (A1)) D2)))))))
(CAPTURE_CANDIDATE (AND ((OR ((AND ((NOT (D0)) D1)) (AND (A1 D3)) (AND ((NOT (A0)) D0)) (AND ((NOT (A1)) D2)))))))
(CAPTURE_CANDIDATE (AND ((OR ((AND ((NOT (D3)) A1)) (AND ((NOT (A0)) D0)) (AND ((NOT (A1)) D2)))))))
(CAPTURE_CANDIDATE (AND ((OR ((NOT (A0)) (AND (A1 D3)) (AND ((NOT (A0)) D0)) (AND ((NOT (A1)) D2)))))))
(CAPTURE_CANDIDATE (AND ((OR ((AND (A1 D3)) (AND ((NOT (A0)) D0)) (AND ((NOT (A1)) D2 D1)))))))
(CAPTURE_CANDIDATE (AND ((OR ((AND (A1 D3)) (AND ((NOT (A0)) D0)))))))
(CAPTURE_CANDIDATE (AND ((OR ((NOT (A1)) (AND (A1 D3)) (AND ((NOT (A0)) D0)) (AND ((NOT (A1)) D2)))))))
(CAPTURE_CANDIDATE (AND ((OR ((AND (A1 D3)) (AND ((NOT (A0)) D0)) (AND ((NOT (A1)) D2 D1)))))))
(CAPTURE_CANDIDATE (AND ((OR ((AND (A1 D3)) (AND ((NOT (A0)) D0)) (AND ((NOT (A1)) (OR (D2 (NOT (D0)))))))))))
(CAPTURE_CANDIDATE (AND ((OR ((AND (A1 D3)) (AND ((NOT (A0)) D0)) D2)))))
(CAPTURE_CANDIDATE (AND ((OR ((AND (A1 D3)) (AND ((NOT (A0)) (OR (D0 D1)))) (AND ((NOT (A1)) D2)))))))
(CAPTURE_CANDIDATE (AND ((OR ((AND (A1 D3)) (AND (D2 (NOT (A0)) D0)) (AND ((NOT (A1)) D2)))))))
(CAPTURE_CANDIDATE (AND ((OR ((AND (A1 D3)) (AND ((NOT (A0)) D0)) (AND ((NOT (A1)) (OR (D2 D0)))))))))
(CAPTURE_CANDIDATE (AND ((OR ((NOT (D1)) (AND (A1 D3)) (AND ((NOT (A0)) D0)) (AND ((NOT (A1)) D2)))))))
(CAPTURE_CANDIDATE (AND ((OR ((AND (A1 D3)) (AND (A0 D0)) (AND ((NOT (A1)) D2)))))))
(CAPTURE_CANDIDATE (AND ((OR ((AND (A1 D3)) (AND ((NOT (A1)) (NOT (A0)) D0)) (AND ((NOT (A1)) D2)))))))
(CAPTURE_CANDIDATE (AND ((OR ((AND ((NOT (D0)) D3)) (AND (A1 D3)) (AND ((NOT (A0)) D0)) (AND ((NOT (A1)) D2)))))))
(CAPTURE_CANDIDATE (AND ((OR ((AND (D3 (OR (A1 (NOT (A0)))))) (AND ((NOT (A0)) D0)) (AND ((NOT (A1)) D2)))))))
(CAPTURE_CANDIDATE (AND ((OR ((AND (A1 D3)) (AND ((NOT (A0)) D0)) (AND ((NOT (A1)) D2)))) (OR ((NOT (A1)) D1)))))
(CAPTURE_CANDIDATE (AND ((OR ((AND (A1 D3)) (AND ((NOT (A0)) D0)) (AND ((NOT (D3)) (NOT (A1)) D2)))))))
(CAPTURE_CANDIDATE (AND ((OR ((AND (D3 (OR (A1 A0)))) (AND ((NOT (A0)) D0)) (AND ((NOT (A1)) D2)))))))
(CAPTURE_CANDIDATE (AND ((OR ((AND (A1 (OR (D3 (NOT (D0)) (NOT (D2)))))) (AND ((NOT (A0)) D0)) (AND ((NOT (A1)) D2)))))))
(CAPTURE_CANDIDATE (AND ((OR ((AND (A1 D3)) (AND ((NOT (A0)) D0)) (AND ((NOT (A1)) D2)))))))
(CAPTURE_CANDIDATE (AND ((OR ((AND (A1 (OR (D3 (NOT (D2)) (NOT (D3)))))) (AND ((NOT (A0)) D0)) (AND ((NOT (A1)) D2)))))))
(CAPTURE_CANDIDATE (AND ((OR ((AND (A1 D3)) (AND ((NOT (A0)) D0)) (AND ((NOT (A1)) D2)))))))
(CAPTURE_CANDIDATE (AND ((OR (D0 (NOT (D1)) (AND (A1 D3)) (AND ((NOT (A0)) D0)) (AND ((NOT (A1)) D2)))))))
(CAPTURE_CANDIDATE (AND ((OR ((AND (A1 D3)) (AND ((NOT (A0)) D0)) (AND (D2 (OR (A0 (NOT (A1)))))))))))
(CAPTURE_CANDIDATE (AND ((OR ((NOT (D0)) (AND (A1 D3)) (AND ((NOT (A0)) D0)) (AND ((NOT (A1)) D2)))))))
(CAPTURE_CANDIDATE (AND ((OR ((AND (A1 D3)) (AND ((NOT (A0)) D0)) (AND ((NOT (A1)) D2)))))))
(CAPTURE_CANDIDATE (AND ((NOT (A0)) (OR ((AND (A1 D3)) D0 (AND ((NOT (A1)) D2)))))))
(CAPTURE_CANDIDATE (AND ((OR ((AND (A1 D3)) (AND ((NOT (A0)) D0)) (AND ((NOT (A1)) D2)))))))
(CAPTURE_CANDIDATE (AND ((OR ((AND (A1 D3)) (AND ((NOT (A0)) D0 D2)) (AND ((NOT (A1)) D2)))))))
(CAPTURE_CANDIDATE (AND ((OR ((AND (A1 D3)) (AND ((NOT (A0)) D0)) (AND ((NOT (A1)) D2)))) (OR ((NOT (A1)) D3)))))
(CAPTURE_CANDIDATE (AND ((OR ((AND (A1 (OR (D3 D0)))) (AND ((NOT (A0)) D0)) (AND ((NOT (A1)) D2)))))))
(CAPTURE_CANDIDATE (AND ((OR ((AND (A1 D3)) (AND ((NOT (A0)) D0)) (AND ((NOT (A1)) D2)) (NOT (A0)) D1)))))
(CAPTURE_CANDIDATE (AND ((OR ((AND (A1 D3)) (AND (D0 (OR ((NOT (A0)) (AND (A1 D2)))))) (AND ((NOT (A1)) D2)))))))
(CAPTURE_CANDIDATE (AND ((OR ((AND (A1 D3)) (AND ((NOT (A0)) D0 D2)) (AND ((NOT (A1)) D2)))))))
(CAPTURE_CANDIDATE (AND ((OR ((AND (A0 (NOT (D2)))) (AND (A1 D3)) (AND ((NOT (A0)) D0)) (AND ((NOT (A1)) D2)))))))
(CAPTURE_CANDIDATE (AND ((OR ((AND (A1 D3)) (AND ((NOT (A0)) D0)) (AND (D2 (OR ((NOT (A1)) (NOT (D0)))))))))))
(CAPTURE_CANDIDATE (AND ((OR ((AND (A0 D3)) (AND (A1 D3)) (AND ((NOT (A0)) D0)) (AND ((NOT (A1)) D2)))))))
(CAPTURE_CANDIDATE (AND ((OR ((AND (A1 (OR (D3 (NOT (D2)))))) (AND ((NOT (A0)) D0)) (AND ((NOT (A1)) D2)))))))
(CAPTURE_CANDIDATE (AND ((OR ((AND (A1 D3)) (AND ((NOT (A0)) D0)) (AND ((NOT (A1)) D2)))))))
(CAPTURE_CANDIDATE (AND ((OR ((AND ((NOT (A0)) D0)) (AND ((NOT (A1)) D2)))))))
(CAPTURE_CANDIDATE (AND ((OR ((AND (A1 D3)) (AND ((NOT (A0)) D0)) (AND ((NOT (A1)) D2)))))))
(CAPTURE_CANDIDATE (AND ((OR ((NOT (D1)) (AND (A1 D3)) (AND ((NOT (A0)) D0)) (AND ((NOT (A1)) D2)))))))
(CAPTURE_CANDIDATE (AND ((OR ((AND (A1 D3)) (AND ((NOT (A0)) D0)) (AND ((NOT (A1)) (OR (D2 D1)))))))))
(CAPTURE_CANDIDATE (AND ((OR ((AND (A1 D3)) (AND ((NOT (A0)) D0)) (AND ((NOT (A1)) D2)) (AND ((NOT (A1)) (NOT (D3)))))))))
(CAPTURE_CANDIDATE (AND ((OR ((AND (A1 D3)) (AND ((NOT (A0)) D0)) (AND ((NOT (A1)) D2)))) (OR (A1 (NOT (D0)))))))
(CAPTURE_CANDIDATE (AND ((OR ((AND (A1 D3)) (AND ((NOT (A0)) D0)) (AND ((NOT (D0)) (NOT (A1)) D2)))))))
(CAPTURE_CANDIDATE (AND ((OR ((AND (A1 D3)) (AND ((NOT (A0)) D0)) (AND (A1 (NOT (D0)) D2)))))))
(CAPTURE_CANDIDATE (AND ((OR ((AND (A1 (OR (D3 (AND ((NOT (D0)) D1)))))) (AND ((NOT (A0)) D0)) (AND ((NOT (A1)) D2)))))))
(CAPTURE_CANDIDATE (AND ((OR (D2 (AND (A1 D3)) (AND ((NOT (A0)) D0)) (AND ((NOT (A1)) D2)))))))
(CAPTURE_CANDIDATE (AND ((OR ((AND (A1 D3)) (AND ((NOT (A0)) D0)) (AND ((NOT (A1)) (OR (D2 D3)))))))))
(CAPTURE_CANDIDATE (AND ((OR ((AND ((NOT (A1)) (NOT (D2)) D3)) (AND ((NOT (A0)) D0)) (AND ((NOT (A1)) D2)))))))
(CAPTURE_CANDIDATE (AND ((OR ((AND (A1 (OR (D3 D2)))) (AND ((NOT (A0)) D0)) (AND ((NOT (A1)) D2)))))))
(CAPTURE_CANDIDATE (AND ((OR ((AND (A1 D3 D0)) (AND ((NOT (A0)) D0)) (AND ((NOT (A1)) D2)))))))
(CAPTURE_CANDIDATE (AND ((NOT (A1)) (OR ((AND ((NOT (A0)) D0)) D2)))))
(CAPTURE_CANDIDATE (AND (A0 (OR ((AND (A1 D3)) (AND ((NOT (A1)) D2)))))))
(CAPTURE_CANDIDATE (AND ((OR ((AND (A1 D3)) (AND (D0 (OR ((NOT (A0)) (NOT (D2)))))) (AND ((NOT (A1)) D2)))))))
(CAPTURE_CANDIDATE (AND ((OR ((NOT (A1)) (NOT (D3)) (AND ((NOT (A0)) D0)) (AND ((NOT (A1)) D2)))))))
(CAPTURE_CANDIDATE (AND ((OR ((AND (D3 (OR (A1 (NOT (D1)))))) (AND ((NOT (A0)) D0)) (AND ((NOT (A1)) D2)))))))
(CAPTURE_CANDIDATE (AND ((OR ((AND (A1 D3)) (AND ((NOT (A0)) D0)) (AND ((NOT (A1)) D2)))))))
(CAPTURE_CANDIDATE (AND ((NOT (D2)) (OR ((AND (A1 D3)) (AND ((NOT (A0)) D0)))))))
(CAPTURE_CANDIDATE (AND ((OR ((AND (A1 D3)) (AND ((NOT (A0)) D0)) (AND ((NOT (A1)) D2 (OR ((NOT (D0)) (NOT (D3)))))))))))
(CAPTURE_CANDIDATE (AND ((OR ((AND (A1 (OR (D3 (NOT (A0)))))) (AND ((NOT (A0)) D0)) (AND ((NOT (A1)) D2)))))))
(CAPTURE_CANDIDATE (AND ((OR ((AND (A1 D3)) (AND ((NOT (A0)) D0)) (AND ((NOT (A1)) (OR (D2 D0 (NOT (D2)))))))))))
(CAPTURE_CANDIDATE (AND ((OR ((AND (A1 D3 D1)) (AND ((NOT (A0)) D0)) (AND ((NOT (A1)) D2)))))))
(CAPTURE_CANDIDATE (AND ((OR ((AND (A1 D3)) (AND ((NOT (A0)) D0)))))))
(CAPTURE_CANDIDATE (AND ((OR ((AND (A1 D3)) (AND ((NOT (A0)) D0)) (AND (D2 (OR ((NOT (A0)) (NOT (A1)))))))))))
(CAPTURE_CANDIDATE (AND ((OR ((AND (A1 D3)) (AND ((NOT (A0)) D0 (OR (A1 D3)))) (AND ((NOT (A1)) D2)))))))
(CAPTURE_CANDIDATE (AND ((OR ((AND (A1 D3)) (AND ((NOT (A0)) D0)) (AND ((NOT (A1)) D2)) A1 D3)))))
(CAPTURE_CANDIDATE (AND ((OR ((AND (A1 D3)) (AND (D0 (OR ((NOT (A0)) (AND ((NOT (D1)) D2)))))) (AND ((NOT (A1)) D2)))))))
(CAPTURE_CANDIDATE (AND ((OR ((AND (A1 D3)) (AND ((NOT (A0)) D0)) (AND ((NOT (A1)) D2)))))))
(CAPTURE_CANDIDATE (AND ((OR ((AND (A1 D3)) (AND ((NOT (A0)) D0)) (AND (A1 D2)) (AND ((NOT (A1)) D2)))))))
(CAPTURE_CANDIDATE (AND ((OR ((NOT (A0)) (AND (A1 D3)) (AND ((NOT (A0)) D0)) (AND ((NOT (A1)) D2)))))))
(CAPTURE_CANDIDATE (AND ((OR ((AND (A1 D3)) (AND ((NOT (A0)) D0)) D2)))))
(CAPTURE_CANDIDATE (AND ((OR (A1 (AND ((NOT (A0)) D0)) (AND ((NOT (A1)) D2)))))))
(CAPTURE_CANDIDATE (AND ((OR ((AND (A1 D3)) (AND ((NOT (A0)) D0)) (AND ((NOT (A1)) D2)) (NOT (D1)) D2)))))
(CAPTURE_CANDIDATE (AND ((OR ((AND (A1 D3)) (AND ((NOT (A0)) D0)) (AND ((NOT (A1)) D2)))) (OR ((NOT (A1)) (NOT (D2)))))))
(CAPTURE_CANDIDATE (AND ((OR ((AND (A1 D3)) (AND ((NOT (A0)) D0 (OR (D1 D3)))) (AND ((NOT (A1)) D2)))))))
(CAPTURE_CANDIDATE (AND ((OR ((AND (A1 D3)) (AND ((NOT (A0)) D0)) (NOT (A1)))))))
(CAPTURE_CANDIDATE (AND ((OR (D1 (AND (A1 D3)) (AND ((NOT (A0)) D0)) (AND ((NOT (A1)) D2)))))))
(CAPTURE_CANDIDATE (AND ((OR ((AND (A1 D3)) (AND ((NOT (A0)) D0)) (AND ((NOT (D3)) (NOT (A1)) D2)))))))
(CAPTURE_CANDIDATE (AND ((OR ((AND (A1 D3)) (AND ((NOT (A0)) D0 (NOT (D2)))) (AND ((NOT (A1)) D2)))))))
(CAPTURE_CANDIDATE (AND ((OR ((AND ((NOT (A0)) D0)) (AND ((NOT (A1)) D2)))))))
(CAPTURE_CANDIDATE (AND ((OR ((AND (A1 D3)) (AND ((NOT (A0)) D0)) (AND ((NOT (A1)) D2)))))))
(CAPTURE_CANDIDATE (AND ((OR ((AND (A1 D3)) (AND ((NOT (A0)) D0)) (AND ((NOT (A1)) D2 (NOT (D3)))))))))
(CAPTURE_CANDIDATE (AND ((OR ((AND ((NOT (A1)) (NOT (D3)))) (AND (A1 D3)) (AND ((NOT (A0)) D0)) (AND ((NOT (A1)) D2)))))))
(CAPTURE_CANDIDATE (AND ((OR ((AND (A1 D3)) (AND ((NOT (A0)) D0)) (AND (A0 (NOT (A1)) D2)))))))
(CAPTURE_CANDIDATE (AND ((OR ((AND (A1 D3)) (AND ((NOT (A0)) D0)) (AND ((NOT (A1)) D2)) D2)))))
(CAPTURE_CANDIDATE (AND ((OR ((AND (A1 D3 A1)) (AND ((NOT (A0)) D0)) (AND ((NOT (A1)) D2)))))))
(CAPTURE_CANDIDATE (AND ((OR ((AND (A1 D3)) (AND ((NOT (A0)) D0)) (NOT (A1)))))))
(CAPTURE_CANDIDATE (AND ((OR ((AND (A1 D3)) (AND ((NOT (A0)) D0)) (AND ((NOT (A1)) D2)) D2)))))
(CAPTURE_CANDIDATE (AND ((OR ((AND (D0 (NOT (D1)))) (AND (A1 D3)) (AND ((NOT (A0)) D0)) (AND ((NOT (A1)) D2)))))))
(CAPTURE_CANDIDATE (AND ((OR ((NOT (A1)) (AND (A1 D3)) (AND ((NOT (A0)) D0)) (AND ((NOT (A1)) D2)))))))
(CAPTURE_CANDIDATE (AND ((OR ((AND (A1 D3)) (AND (D0 (OR ((NOT (A0)) D2)))) (AND ((NOT (A1)) D2)))))))
(CAPTURE_CANDIDATE (AND ((OR ((AND (D3 (OR (A1 (NOT (A0)))))) (AND ((NOT (A0)) D0)) (AND ((NOT (A1)) D2)))))))
(CAPTURE_CANDIDATE (AND ((OR ((AND (A1 D3 A0)) (AND ((NOT (A0)) D0)) (AND ((NOT (A1)) D2)))))))
(CAPTURE_CANDIDATE (AND ((OR ((AND (A1 D3)) (AND ((NOT (D3)) (NOT (A0)) D0)) (AND ((NOT (A1)) D2)))))))
(CAPTURE_CANDIDATE (AND ((OR ((AND (A1 D3)) (AND ((NOT (A0)) D0)) (AND ((NOT (A1)) D2 (NOT (A0)) D3)))))))
(CAPTURE_CANDIDATE (AND ((OR ((AND (A1 (OR (D3 (NOT (D3)))))) (AND ((NOT (A0)) D0)) (AND ((NOT (A1)) D2)))))))
(CAPTURE_CANDIDATE (AND ((OR ((AND (A1 D3)) (AND ((NOT (A0)) D0)) (AND ((NOT (A1)) D2 (NOT (A0)) D3)))))))
(CAPTURE_CANDIDATE (AND ((OR ((AND (A1 D3 D1)) (AND ((NOT (A0)) D0)) (AND ((NOT (A1)) D2)))))))
(CAPTURE_CANDIDATE (AND ((OR ((AND (A1 D3)) (AND ((NOT (A0)) D0 (OR (A1 D2)))) (AND ((NOT (A1)) D2)))))))
(CAPTURE_CANDIDATE (AND ((OR ((AND (A1 D3)) (AND ((NOT (A0)) D0)) (AND ((NOT (A1)) D2)) (NOT (D1)) D3)))))
(CAPTURE_CANDIDATE (AND ((OR ((AND (A1 D3)) (AND ((NOT (A0)) D0 (OR (D1 D3)))) (AND ((NOT (A1)) D2)))))))
(CAPTURE_CANDIDATE (AND ((OR ((AND (A1 D3)) (AND ((NOT (A0)) D0 D2)) (AND ((NOT (A1)) D2)))))))
(CAPTURE_CANDIDATE (AND ((OR ((AND ((NOT (A1)) D3)) (AND (A1 D3)) (AND ((NOT (A0)) D0)) (AND ((NOT (A1)) D2)))))))
(CAPTURE_CANDIDATE (AND ((OR ((AND ((NOT (D0)) D1)) (AND (A1 D3)) (AND ((NOT (A0)) D0)) (AND ((NOT (A1)) D2)))))))
(CAPTURE_CANDIDATE (AND ((OR ((AND (D3 (OR (A1 A0 (NOT (D1)))))) (AND ((NOT (A0)) D0)) (AND ((NOT (A1)) D2)))))))
(CAPTURE_CANDIDATE (AND (D3 (OR (A1 (AND ((NOT (A0)) D0)) (AND ((NOT (A1)) D2)))))))
(CAPTURE_CANDIDATE (AND ((OR ((AND (A1 D3)) (AND ((NOT (A1)) D2)))))))
(New best score: -10.0)
(Terminating because of maxEval ending)
(Terminating because of maxEval ending)
(OptimizedDeme: 500)
"Merging Deme"
(Demesize: 500)
(nEval: 10000 LenSInstList: 500)
(TopCnd: 500)
(Keep 100 Unique instances from 500)
(KeptUniqueTopCandidates NewSize: 100)
(TrimmedDownDeme: 5)
(CAPTURE_CANDIDATE (AND ((OR ((AND (A1 D3)) (AND ((NOT (A0)) D0)) (AND (A0 (NOT (A1)) D2)))))))
(CAPTURE_CANDIDATE (AND ((OR ((AND (A1 D3)) (AND ((NOT (A0)) D0)) (AND ((NOT (A1)) D2 A0)))))))
(CAPTURE_CANDIDATE (AND ((OR ((AND (A1 D3)) (AND ((NOT (A0)) D0)) (AND (A0 (NOT (A1)) D2)))))))
(CAPTURE_CANDIDATE (AND ((OR ((AND (A1 D3)) (AND ((NOT (A0)) D0)) (AND ((NOT (A1)) D2 (OR (A0 D0)))))))))
(CAPTURE_CANDIDATE (AND ((OR ((AND (A1 D3)) (AND ((NOT (A0)) D0)) (AND ((NOT (A1)) D2)))) (OR (A0 D0)))))
(Before getNewCandidates: 5)
(Going to merge 4 Instances)
(Metapop size before resize: 19)
(Metapop size after resize: 19)
""
(Generation 2)
"expand  deme returnn"
(SelectedTree: (AND (OR (AND A1 D3) (AND (NOT A0) D0) (AND (NOT A1) D2 A0))))
(GeneratedList: (0 0 0 0 0 0 0 0 0 0 0 0 0 0 0 0 0 0 0 0 0 0 0 0 0 0 0 0 0 0 0 0 0 0 0 0 0 1 0 0 0 1 0 0 0 0 0 0 0 0 0 0 0 0 0 0 0 0 0 0 0 0 0 0 0 0 0 0 0 0 0 0 0 0 0 0 0 0 0 0 0 0 1 0 1 0 0 0 0 0 0 0 0 0 1 0 0 0 0 0 0 0 0 0 0 0 0 0 0 0 0 0 0 0 0 0 0 0 0 0 0 0 0 0 0 0 0 0 0 1 1 0 0 1 0 0 0 0 0 0 0 0 0 0 0 0 0 0 0 0 0 0 0 1 0 0 0 0 0 0 0 0 0 0 0 0 0 0 0 0 0 0 0 0 0 0 0 0 0 0 0 0 0 0 0 0 0 0 0 0 0 0 0 0 0 0 0 0 0 0 0 0 0 0 0 0 0 0 0 0 0 0 0 0 0 0 0 0 0 0 0 0 0))
""
(Iteration 1 running)
(Crossover: false)
(CenterInst: (0 0 0 0 0 0 0 0 0 0 0 0 0 0 0 0 0 0 0 0 0 0 0 0 0 0 0 0 0 0 0 0 0 0 0 0 0 1 0 0 0 1 0 0 0 0 0 0 0 0 0 0 0 0 0 0 0 0 0 0 0 0 0 0 0 0 0 0 0 0 0 0 0 0 0 0 0 0 0 0 0 0 1 0 1 0 0 0 0 0 0 0 0 0 1 0 0 0 0 0 0 0 0 0 0 0 0 0 0 0 0 0 0 0 0 0 0 0 0 0 0 0 0 0 0 0 0 0 0 1 1 0 0 1 0 0 0 0 0 0 0 0 0 0 0 0 0 0 0 0 0 0 0 1 0 0 0 0 0 0 0 0 0 0 0 0 0 0 0 0 0 0 0 0 0 0 0 0 0 0 0 0 0 0 0 0 0 0 0 0 0 0 0 0 0 0 0 0 0 0 0 0 0 0 0 0 0 0 0 0 0 0 0 0 0 0 0 0 0 0 0 0 0))
(size: 64)
(1 : 1 : 0)
(CAPTURE_CANDIDATE (AND ((OR ((AND (A1 D3)) (AND ((NOT (A0)) D0)) (AND (A0 (NOT (A1)) D2)))))))
(New best score: -10.0)
""
(Iteration 2 running)
(Crossover: false)
(CenterInst: (0 0 0 0 0 0 0 0 0 0 0 0 0 0 0 0 0 0 0 0 0 0 0 0 0 0 0 0 0 0 0 0 0 0 0 0 0 1 0 0 0 1 0 0 0 0 0 0 0 0 0 0 0 0 0 0 0 0 0 0 0 0 0 0 0 0 0 0 0 0 0 0 0 0 0 0 0 0 0 0 0 0 1 0 1 0 0 0 0 0 0 0 0 0 1 0 0 0 0 0 0 0 0 0 0 0 0 0 0 0 0 0 0 0 0 0 0 0 0 0 0 0 0 0 0 0 0 0 0 1 1 0 0 1 0 0 0 0 0 0 0 0 0 0 0 0 0 0 0 0 0 0 0 1 0 0 0 0 0 0 0 0 0 0 0 0 0 0 0 0 0 0 0 0 0 0 0 0 0 0 0 0 0 0 0 0 0 0 0 0 0 0 0 0 0 0 0 0 0 0 0 0 0 0 0 0 0 0 0 0 0 0 0 0 0 0 0 0 0 0 0 0 0))
(size: 64)
(1338 : 499 : 1)
(CAPTURE_CANDIDATE (AND ((OR ((AND (A1 D3)) (AND ((NOT (A0)) D0)) (AND (A0 (NOT (A1)) D2)))))))
(CAPTURE_CANDIDATE (AND ((OR (D0 (NOT (D2)) (AND (A1 D3)) (AND ((NOT (A0)) D0)) (AND (A0 (NOT (A1)) D2)))))))
(CAPTURE_CANDIDATE (AND ((OR ((AND (A1 D3)) (AND ((NOT (A0)) A1 D0)) (AND (A0 (NOT (A1)) D2)))))))
(CAPTURE_CANDIDATE (AND ((OR ((AND (A1 D3)) (AND (D0 (OR ((NOT (A0)) (NOT (D1)) (NOT (D3)))))) (AND (A0 (NOT (A1)) D2)))))))
(CAPTURE_CANDIDATE (AND ((OR ((AND (A1 D3)) (AND ((NOT (A0)) D0 D3)) (AND (A0 (NOT (A1)) D2)))))))
(CAPTURE_CANDIDATE (AND ((OR ((NOT (D3)) (AND (A1 D3)) (AND ((NOT (A0)) D0)) (AND (A0 (NOT (A1)) D2)))))))
(CAPTURE_CANDIDATE (AND ((OR ((AND (A1 D3)) (AND ((NOT (A0)) D0)) (AND (A0 (NOT (A1)) D2)) D0)))))
(CAPTURE_CANDIDATE (AND ((OR ((AND (A1 (OR (D3 (NOT (A0)))))) (AND ((NOT (A0)) D0)) (AND (A0 (NOT (A1)) D2)))))))
(CAPTURE_CANDIDATE (AND ((OR ((AND (A1 D3)) (AND ((NOT (A0)) D0)) (AND (A0 (NOT (A1)) D2)))))))
(CAPTURE_CANDIDATE (AND ((OR ((AND (A1 D3)) (AND ((NOT (A0)) D0)) (AND (A0 (NOT (A1)) D2)) (AND ((NOT (A0)) (NOT (D3)))))))))
(CAPTURE_CANDIDATE (AND ((OR ((AND (A1 D3)) (AND (D0 (OR ((NOT (A0)) (NOT (D2)))))) (AND (A0 (NOT (A1)) D2)))))))
(CAPTURE_CANDIDATE (AND ((OR ((AND (D3 (OR (A1 (NOT (D2)))))) (AND ((NOT (A0)) D0)) (AND (A0 (NOT (A1)) D2)))))))
(CAPTURE_CANDIDATE (AND ((OR ((AND (A1 D3)) (AND ((NOT (A0)) D0)) (AND ((NOT (A1)) D2 A0)))))))
(CAPTURE_CANDIDATE (AND (A1 D1 (OR (D3 (AND ((NOT (A0)) D0)))))))
(CAPTURE_CANDIDATE (AND ((OR ((AND (A1 D3)) (AND ((NOT (A0)) D0)) (AND ((NOT (A1)) D2 (OR (A0 D0 (NOT (D1)))))))))))
(CAPTURE_CANDIDATE (AND ((OR (A1 (AND ((NOT (A0)) D0)) (AND (A0 (NOT (A1)) D2)))))))
(CAPTURE_CANDIDATE (AND ((OR ((AND (A1 D3)) (NOT (A0)) (AND (A0 (NOT (A1)) D2)))))))
(CAPTURE_CANDIDATE (AND ((OR ((AND (A1 D3)) (AND ((NOT (A0)) D0)) (AND ((NOT (A1)) D2 (OR (A0 D1)))))))))
(CAPTURE_CANDIDATE (AND ((OR ((AND (A1 D3)) (AND ((NOT (A0)) D0)) (AND ((NOT (A1)) D2)))))))
(CAPTURE_CANDIDATE (AND ((OR ((AND (A1 D3)) (AND (A0 (NOT (D3)) D0)) (AND (A0 (NOT (A1)) D2)))))))
(CAPTURE_CANDIDATE (AND ((OR ((AND (A1 D3 (NOT (D2)))) (AND ((NOT (A0)) D0)) (AND (A0 (NOT (A1)) D2)))))))
(CAPTURE_CANDIDATE (AND ((OR ((AND (A1 D3)) (AND (A0 D0)) (AND (A0 (NOT (A1)) D2)))))))
(CAPTURE_CANDIDATE (AND ((NOT (A1)) (OR ((AND ((NOT (A0)) D0)) (AND (A0 D2)))))))
(CAPTURE_CANDIDATE (AND ((OR ((AND (A1 D3)) (AND ((NOT (A0)) D0)) (AND (A0 A1 D2)))))))
(CAPTURE_CANDIDATE (AND ((OR ((AND (A1 D3)) (AND ((NOT (A0)) D0)) (AND (A0 (NOT (A1)) D2)))))))
(CAPTURE_CANDIDATE (AND (D0 (OR ((AND (A1 D3)) (NOT (A0)) (AND (A0 (NOT (A1)) D2)))))))
(CAPTURE_CANDIDATE (AND ((OR ((AND (A1 D3)) (AND ((NOT (A0)) D0)) (AND ((NOT (A1)) D2 (OR (A0 D3)))))))))
(CAPTURE_CANDIDATE (AND ((OR ((AND (A1 D3)) (AND ((NOT (A0)) (OR (D0 (AND (A1 D2)))))) (AND (A0 (NOT (A1)) D2)))))))
(CAPTURE_CANDIDATE (AND ((OR ((AND (A1 D3)) (AND (D3 (NOT (A0)) D0)) (AND (A0 (NOT (A1)) D2)))))))
(CAPTURE_CANDIDATE (AND ((OR ((AND (A1 D3)) (AND ((NOT (A0)) D0)) (AND (A0 (NOT (A1)) D2 (NOT (D1)))))))))
(CAPTURE_CANDIDATE (AND ((OR ((AND (A1 D3)) (AND ((NOT (A0)) D0)) (AND (A0 (NOT (A1)) (OR (D2 (NOT (D3)))))))))))
(CAPTURE_CANDIDATE (AND ((OR ((AND (A1 D3)) (AND ((NOT (A0)) D0)) (AND (A0 (NOT (A1)) D2)) D2)))))
(CAPTURE_CANDIDATE (AND ((NOT (D3)) (OR ((AND ((NOT (A0)) D0)) (AND (A0 (NOT (A1)) D2)))))))
(CAPTURE_CANDIDATE (AND ((OR ((AND (A1 D3)) (AND ((NOT (A0)) D0)) (AND (A0 (NOT (A1)) D2)))))))
(CAPTURE_CANDIDATE (AND ((OR ((AND (A1 D3)) (AND ((NOT (A0)) D0)) (AND (A0 (NOT (A1)) D2 (OR ((NOT (D1)) D3)))))))))
(CAPTURE_CANDIDATE (AND (D2 (OR ((AND (A1 D3)) (AND ((NOT (A0)) D0)) (AND (A0 (NOT (A1)))))))))
(CAPTURE_CANDIDATE (AND ((OR ((AND (A1 D3)) (AND ((NOT (A0)) D0)) (AND (A0 D3 (NOT (A1)) D2)))))))
(CAPTURE_CANDIDATE (AND ((OR ((AND (A1 D3)) (AND ((NOT (A0)) D0)) (AND ((NOT (A0)) (NOT (A1)) D2)))))))
(CAPTURE_CANDIDATE (AND ((OR ((AND (A1 D3)) (AND ((NOT (A0)) D0)) (AND (A0 (NOT (A1)) D2)) (AND ((NOT (A0)) (NOT (D0)))))))))
(CAPTURE_CANDIDATE (AND ((OR ((AND (A1 (OR (D3 A0 (NOT (D3)))))) (AND ((NOT (A0)) D0)) (AND (A0 (NOT (A1)) D2)))))))
(CAPTURE_CANDIDATE (AND ((OR ((AND (A1 D3 D0)) (AND ((NOT (A0)) D0)) (AND (A0 (NOT (A1)) D2)))))))
(CAPTURE_CANDIDATE (AND ((OR ((AND (A1 D3)) (AND ((NOT (A0)) (OR (D0 (NOT (D2)))))) (AND (A0 (NOT (A1)) D2)))))))
(CAPTURE_CANDIDATE (AND ((OR ((AND (A1 (OR (D3 A0)))) (AND ((NOT (A0)) D0)) (AND (A0 (NOT (A1)) D2)))))))
(CAPTURE_CANDIDATE (AND ((OR ((AND (A1 D3)) (AND (D3 (NOT (A0)) D0)) (AND (A0 (NOT (A1)) D2)))))))
(CAPTURE_CANDIDATE (AND ((OR ((AND (A1 D3)) (AND ((NOT (A0)) D0)) (AND (A0 (NOT (A1)) D2 (NOT (D3)))))))))
(CAPTURE_CANDIDATE (AND (D1 (OR ((AND (A1 D3)) (AND ((NOT (A0)) D0)) (AND (A0 (NOT (A1)) D2)))))))
(CAPTURE_CANDIDATE (AND ((OR (D3 (AND (A1 D3)) (AND ((NOT (A0)) D0)) (AND (A0 (NOT (A1)) D2)))))))
(CAPTURE_CANDIDATE (AND ((OR ((AND (A1 D3)) (AND ((NOT (A0)) D0)) (AND (A0 (NOT (A1)) D2)) D3)))))
(CAPTURE_CANDIDATE (AND ((NOT (A1)) (OR ((AND ((NOT (A0)) D0)) (AND (A0 D2)))))))
(CAPTURE_CANDIDATE (AND ((OR ((AND (A1 D3)) (AND ((NOT (A1)) (NOT (D3)) (NOT (A0)) D0)) (AND (A0 (NOT (A1)) D2)))))))
(CAPTURE_CANDIDATE (AND ((OR (D0 (NOT (D2)) (AND (A1 D3)) (AND ((NOT (A0)) D0)) (AND (A0 (NOT (A1)) D2)))))))
(CAPTURE_CANDIDATE (AND ((OR ((AND (A1 D3)) (AND ((NOT (A0)) D0)) (AND (A0 D2 (OR ((NOT (A1)) D1)))))))))
(CAPTURE_CANDIDATE (AND ((OR ((NOT (D2)) (AND (A1 D3)) (AND ((NOT (A0)) D0)) (AND (A0 (NOT (A1)) D2)))))))
(CAPTURE_CANDIDATE (AND ((OR ((AND (A1 D3)) (AND ((NOT (A0)) D0)) (AND (A0 (NOT (A1)) D2 (OR ((NOT (D1)) D3)))))))))
(CAPTURE_CANDIDATE (AND ((OR ((AND (A1 D3)) (AND ((NOT (A0)) D0)) (AND (A0 (NOT (A1)) (OR (D2 D1)))))))))
(CAPTURE_CANDIDATE (AND ((OR ((AND (A1 D3)) (AND ((NOT (A0)) D0)) (AND (A0 D2)))))))
(CAPTURE_CANDIDATE (AND ((OR ((AND (A1 D3)) (AND ((NOT (A0)) D0)) (AND (A0 D2 (OR ((NOT (A1)) (NOT (D1)) (NOT (D3)))))))))))
(CAPTURE_CANDIDATE (AND ((OR (D2 (AND (A1 D3)) (AND ((NOT (A0)) D0)) (AND (A0 (NOT (A1)) D2)))))))
(CAPTURE_CANDIDATE (AND ((OR ((AND (A1 D3)) (AND ((NOT (A0)) D0)) (AND ((NOT (A1)) D2)))))))
(CAPTURE_CANDIDATE (AND ((OR ((AND (A1 D3 A0)) (AND ((NOT (A0)) D0)) (AND (A0 (NOT (A1)) D2)))))))
(CAPTURE_CANDIDATE (AND ((OR ((AND (A1 D3)) (AND ((NOT (A0)) D0)) (AND (A0 (NOT (A1)) D2)) (AND (A1 (NOT (D2)))))))))
(CAPTURE_CANDIDATE (AND ((NOT (A0)) (NOT (A1)) D0)))
(CAPTURE_CANDIDATE (AND ((OR ((AND (A1 D3)) (AND ((NOT (A0)) D0)) (AND (A0 (NOT (A1)) D2)))))))
(CAPTURE_CANDIDATE (AND ((OR ((AND (A1 D3)) (AND ((NOT (A0)) D0)) (AND (A0 (NOT (A1)) D2)) D2 D3)))))
(CAPTURE_CANDIDATE (AND ((OR ((AND (D3 (OR (A1 A0)))) (AND ((NOT (A0)) D0)) (AND (A0 (NOT (A1)) D2)))))))
(CAPTURE_CANDIDATE (AND ((OR ((AND (A1 D3)) (AND ((NOT (A0)) (OR (D0 (AND (A1 D3)))))) (AND (A0 (NOT (A1)) D2)))))))
(CAPTURE_CANDIDATE (AND ((OR ((AND (A1 D3)) (AND ((NOT (A0)) (OR (D0 (NOT (D2)))))) (AND (A0 (NOT (A1)) D2)))))))
(CAPTURE_CANDIDATE (AND ((OR ((AND (A1 (OR (D3 D1 (NOT (D3)))))) (AND ((NOT (A0)) D0)) (AND (A0 (NOT (A1)) D2)))))))
(CAPTURE_CANDIDATE (AND ((OR ((AND (A1 D3)) (NOT (A0)) (AND (A0 (NOT (A1)) D2)))))))
(CAPTURE_CANDIDATE (AND ((OR ((AND (A1 D3)) (AND ((NOT (A0)) D0)) (AND (A0 D2 (NOT (A1)))))))))
(CAPTURE_CANDIDATE (AND ((NOT (A0)) (NOT (D3)) D0)))
(CAPTURE_CANDIDATE (AND ((OR (A1 (NOT (D0)) (AND (A1 D3)) (AND ((NOT (A0)) D0)) (AND (A0 (NOT (A1)) D2)))))))
(CAPTURE_CANDIDATE (AND ((OR ((NOT (D0)) (AND (A1 D3)) (AND ((NOT (A0)) D0)) (AND (A0 (NOT (A1)) D2)))))))
(CAPTURE_CANDIDATE (AND ((OR ((AND (D3 (OR (A1 (NOT (D2)))))) (AND ((NOT (A0)) D0)) (AND (A0 (NOT (A1)) D2)))))))
(CAPTURE_CANDIDATE (AND ((OR ((AND (A1 D3)) (AND (D0 (OR ((NOT (A0)) (NOT (D2)))))) (AND (A0 (NOT (A1)) D2)))))))
(CAPTURE_CANDIDATE (AND ((OR ((AND (A1 D3)) (AND ((NOT (A0)) D0)) (AND (A0 (NOT (A1)) D2)) (AND (A0 (NOT (A1)))))))))
(CAPTURE_CANDIDATE (AND ((OR ((AND (A1 D3)) (AND ((NOT (A0)) D0)) (AND (A0 (NOT (A1)) D2 D1)))))))
(CAPTURE_CANDIDATE (AND ((OR ((AND (A1 D3)) (AND ((NOT (A0)) D0)) (AND ((NOT (A1)) D2 (OR (A0 (NOT (D1)))))))))))
(CAPTURE_CANDIDATE (AND ((OR ((AND (A1 D3)) (AND ((NOT (A0)) D0)) (AND (A0 (NOT (A1)) D2)))))))
(CAPTURE_CANDIDATE (AND ((OR ((AND (A1 D3)) (AND ((NOT (A0)) D0)) (AND ((NOT (A1)) D2 A0)))))))
(CAPTURE_CANDIDATE (AND ((OR ((AND (A1 D3)) (AND (A1 (NOT (A0)) D0)) (AND (A0 (NOT (A1)) D2)))))))
(CAPTURE_CANDIDATE (AND ((OR ((AND (A1 D3)) (AND (D0 (OR ((NOT (A0)) A0 (NOT (A1)))))) (AND (A0 (NOT (A1)) D2)))))))
(CAPTURE_CANDIDATE (AND ((OR ((AND (A1 D3)) (AND ((NOT (A0)) D0)) (AND (A0 (NOT (A1)))))))))
(CAPTURE_CANDIDATE (AND ((OR ((AND ((NOT (A0)) D3)) (AND (A1 D3)) (AND ((NOT (A0)) D0)) (AND (A0 (NOT (A1)) D2)))))))
(CAPTURE_CANDIDATE (AND ((OR ((AND (A1 D3)) (AND ((NOT (A0)) D0)) (AND ((NOT (A1)) D2 A0)))))))
(CAPTURE_CANDIDATE (AND ((OR ((AND (A1 D3)) (AND ((NOT (A0)) D0 (OR (A1 D3)))) (AND (A0 (NOT (A1)) D2)))))))
(CAPTURE_CANDIDATE (AND (D3 (OR (A1 (AND ((NOT (A0)) D0)) (AND (A0 (NOT (A1)) D2)))))))
(CAPTURE_CANDIDATE (AND ((OR ((AND (A1 D3)) (AND ((NOT (A0)) D0)))))))
(CAPTURE_CANDIDATE (AND ((OR ((AND (A1 D3)) (AND ((NOT (A0)) D0)) (AND (A0 (NOT (A1)))))))))
(CAPTURE_CANDIDATE (AND ((OR ((NOT (A1)) (NOT (D0)) (AND (A1 D3)) (AND ((NOT (A0)) D0)) (AND (A0 (NOT (A1)) D2)))))))
(CAPTURE_CANDIDATE (AND ((OR (D2 (AND (A1 D3)) (AND ((NOT (A0)) D0)) (AND (A0 (NOT (A1)) D2)))))))
(CAPTURE_CANDIDATE (AND ((OR ((AND (A1 D3 (OR ((NOT (D1)) (NOT (D2)))))) (AND ((NOT (A0)) D0)) (AND (A0 (NOT (A1)) D2)))))))
(CAPTURE_CANDIDATE (AND ((OR ((AND (A1 D3)) (AND ((NOT (A0)) D0)) (AND (A0 (NOT (A1)) D2)) D0 (NOT (D1)))))))
(CAPTURE_CANDIDATE (AND ((OR ((AND (A1 D3)) (AND (D0 (OR ((NOT (A0)) (AND (A0 A1)))))) (AND (A0 (NOT (A1)) D2)))))))
(CAPTURE_CANDIDATE (AND ((OR ((AND (A1 D3)) (AND ((NOT (A0)) D0)) (AND (A0 D2)))))))
(CAPTURE_CANDIDATE (AND ((OR ((AND (A1 D3)) (AND (D0 (OR ((NOT (A0)) (NOT (D1)) (NOT (D3)))))) (AND (A0 (NOT (A1)) D2)))))))
(CAPTURE_CANDIDATE (AND ((OR ((AND (A1 D3)) (AND ((NOT (A0)) D0)) (AND (A0 D2)))))))
(CAPTURE_CANDIDATE (AND ((OR (A1 (AND ((NOT (A0)) D0)) (AND (A0 (NOT (A1)) D2)))))))
(CAPTURE_CANDIDATE (AND ((OR ((AND (A1 D3)) (AND ((NOT (A0)) D0)) (AND (A0 (NOT (A1)) D2)) (NOT (D1)) (NOT (D3)))))))
(CAPTURE_CANDIDATE (AND ((OR ((AND (A1 D3)) (AND ((NOT (A0)) D0)) (AND (A0 (NOT (A1)) D2 D3)))))))
(CAPTURE_CANDIDATE (AND ((OR ((AND (A1 D3)) (AND ((NOT (A0)) D0)) (AND (A0 (NOT (A1)) D2 (NOT (D0)) D1)))))))
(CAPTURE_CANDIDATE (AND ((OR ((AND (A1 D3)) (AND ((NOT (A0)) D0)) (AND (A0 (NOT (A1)) D2)))) (OR (A0 (NOT (D0)))))))
(CAPTURE_CANDIDATE (AND ((OR ((AND ((NOT (D0)) (NOT (D2)) A1 D3)) (AND ((NOT (A0)) D0)) (AND (A0 (NOT (A1)) D2)))))))
(CAPTURE_CANDIDATE (AND (D3 (OR (A1 (AND ((NOT (A0)) D0)) (AND (A0 (NOT (A1)) D2)))))))
(CAPTURE_CANDIDATE (AND ((OR ((AND (A1 D3)) (AND ((NOT (A0)) D0)) (AND (A0 (NOT (A1)) D2)))) (OR (A0 D2)))))
(CAPTURE_CANDIDATE (AND ((OR ((AND (A1 D3)) (AND ((NOT (A0)) D0)) (AND (A0 (NOT (A1)) D2)))) (OR ((NOT (D0)) (NOT (D1)))))))
(CAPTURE_CANDIDATE (AND ((OR ((AND (D3 (OR (A1 (NOT (D2)))))) (AND ((NOT (A0)) D0)) (AND (A0 (NOT (A1)) D2)))))))
(CAPTURE_CANDIDATE (AND ((OR ((AND (A1 D3)) (AND ((NOT (A1)) (NOT (A0)) D0)) (AND (A0 (NOT (A1)) D2)))))))
(CAPTURE_CANDIDATE (AND ((NOT (A1)) (OR ((AND ((NOT (A0)) D0)) (AND (A0 D2)))))))
(CAPTURE_CANDIDATE (AND ((OR ((AND (A1 D3)) (AND ((NOT (A0)) D0)) (AND ((NOT (D1)) A0 (NOT (A1)) D2)))))))
(CAPTURE_CANDIDATE (AND ((OR ((AND ((NOT (D1)) A1 D3)) (AND ((NOT (A0)) D0)) (AND (A0 (NOT (A1)) D2)))))))
(CAPTURE_CANDIDATE (AND ((OR ((AND (A1 D3)) (AND ((NOT (A0)) D0)) (AND ((NOT (A1)) D2 A0)))))))
(CAPTURE_CANDIDATE (AND ((OR ((AND ((NOT (D0)) D2)) (AND (A1 D3)) (AND ((NOT (A0)) D0)) (AND (A0 (NOT (A1)) D2)))))))
(CAPTURE_CANDIDATE (AND ((OR ((AND (A1 D3)) (AND ((NOT (A0)) D0)) (AND (A0 (NOT (A1)))))))))
(CAPTURE_CANDIDATE (AND ((OR ((AND (A1 D3)) (AND ((NOT (A0)) D0)) (AND (A0 (NOT (A1)) D2)) (AND ((NOT (A0)) (NOT (D0)))))))))
(CAPTURE_CANDIDATE (AND (A0 D1 (OR ((AND (A1 D3)) (AND ((NOT (A1)) D2)))))))
(CAPTURE_CANDIDATE (AND ((OR ((AND (D3 (OR (A1 (NOT (D0)))))) (AND ((NOT (A0)) D0)) (AND (A0 (NOT (A1)) D2)))))))
(CAPTURE_CANDIDATE (AND ((OR ((AND (A1 D3)) (AND ((NOT (A0)) D0)) (AND (A0 D2)))))))
(CAPTURE_CANDIDATE (AND ((OR ((AND (A1 D3)) (AND ((NOT (A0)) D0)) (AND (A0 (NOT (A1)) D2)))) (OR ((NOT (D1)) (NOT (D3)))))))
(CAPTURE_CANDIDATE (AND ((OR ((AND (A1 D3)) (AND ((NOT (A0)) D0)) (AND (A0 (NOT (A1)))))))))
(CAPTURE_CANDIDATE (AND ((OR ((AND (A1 D3)) (AND ((NOT (A0)) D0)) (AND (A0 (NOT (A1)) D2)))))))
(CAPTURE_CANDIDATE (AND ((OR ((AND (A1 D3)) (AND ((NOT (A0)) D0)) (AND (A0 (NOT (A1)) (OR (D2 D1)))))))))
(CAPTURE_CANDIDATE (AND ((OR ((AND (A1 D3)) (AND ((NOT (A0)) D0 D2)) (AND (A0 (NOT (A1)) D2)))))))
(CAPTURE_CANDIDATE (AND ((OR ((AND (A1 D3)) (AND ((NOT (A0)) D0)) (AND (A0 (NOT (A1)) D2 D3)))))))
(CAPTURE_CANDIDATE (AND ((OR ((AND (A1 D3)) (AND ((NOT (A0)) D0)) (AND (A0 (NOT (A1)) D2)))) (OR (A0 (NOT (D0)))))))
(CAPTURE_CANDIDATE (AND ((OR (A0 (AND (A1 D3)) (AND ((NOT (A0)) D0)) (AND (A0 (NOT (A1)) D2)))))))
(CAPTURE_CANDIDATE (AND ((OR ((AND (A1 D3)) (AND ((NOT (A0)) D0)) (AND (A0 (NOT (A1)) D2)) (NOT (D0)))))))
(CAPTURE_CANDIDATE (AND ((OR ((AND (A1 D3)) (AND ((NOT (A0)) D0)) (AND (A0 D2 (OR ((NOT (A1)) (NOT (D1)))))))))))
(CAPTURE_CANDIDATE (AND ((OR ((AND (A1 D3)) (AND ((NOT (A0)) D0)) (AND ((NOT (A1)) D2 (OR (A0 (NOT (D3)))))))))))
(CAPTURE_CANDIDATE (AND ((OR ((AND (A1 D3)) (AND ((NOT (D1)) (NOT (A0)) D0)) (AND (A0 (NOT (A1)) D2)))))))
(CAPTURE_CANDIDATE (AND ((OR ((AND (A1 D3)) (AND ((NOT (A0)) D0)) (AND ((NOT (D0)) A0 (NOT (A1)) D2)))))))
(CAPTURE_CANDIDATE (AND ((OR (D2 (AND (A1 D3)) (AND ((NOT (A0)) D0)) (AND (A0 (NOT (A1)) D2)))))))
(CAPTURE_CANDIDATE (AND ((OR ((AND (A1 D3)) (AND ((NOT (A0)) D0)) (AND (A0 (NOT (A1)) D2)) (NOT (D1)) (NOT (D3)))))))
(CAPTURE_CANDIDATE (AND ((OR (D3 (AND (A1 D3)) (AND ((NOT (A0)) D0)) (AND (A0 (NOT (A1)) D2)))))))
(CAPTURE_CANDIDATE (AND ((OR ((AND (A1 D3)) (AND ((NOT (A0)) D0)) (AND (A0 (NOT (A1)) D2)) A0)))))
(CAPTURE_CANDIDATE (AND ((OR ((NOT (D2)) (AND (A1 D3)) (AND ((NOT (A0)) D0)) (AND (A0 (NOT (A1)) D2)))))))
(CAPTURE_CANDIDATE (AND ((OR ((AND (A1 D3)) (AND ((NOT (A0)) D0)) (AND (A0 D2 (OR ((NOT (A1)) D1)))))))))
(CAPTURE_CANDIDATE (AND ((OR ((NOT (A1)) (NOT (D0)) (AND (A1 D3)) (AND ((NOT (A0)) D0)) (AND (A0 (NOT (A1)) D2)))))))
(CAPTURE_CANDIDATE (AND ((OR ((AND (A1 D3)) (AND ((NOT (A0)) D0)) (AND (A0 (NOT (A1)) D2)))))))
(CAPTURE_CANDIDATE (AND ((OR ((AND (A1 D3)) (AND ((NOT (A0)) D0)) (AND (A0 (NOT (A1)) D2 (NOT (D1)))))))))
(CAPTURE_CANDIDATE (AND ((NOT (D2)) (OR ((AND (A1 D3)) (AND ((NOT (A0)) D0)))))))
(CAPTURE_CANDIDATE (AND (A1 (OR (D3 (AND ((NOT (A0)) D0)))))))
(CAPTURE_CANDIDATE (AND ((OR ((AND (A1 D3)) (AND ((NOT (A0)) D0 (OR ((NOT (A1)) D1)))) (AND (A0 (NOT (A1)) D2)))))))
(CAPTURE_CANDIDATE (AND ((OR ((AND (A1 D3)) (AND (D0 (OR ((NOT (A0)) (AND (A0 A1)))))) (AND (A0 (NOT (A1)) D2)))))))
(CAPTURE_CANDIDATE (AND ((OR ((AND (A1 D3)) (AND ((NOT (A0)) (OR (D0 (NOT (A1)) (NOT (D3)))))) (AND (A0 (NOT (A1)) D2)))))))
(CAPTURE_CANDIDATE (AND ((OR ((AND (A1 D3)) (AND ((NOT (A0)) D0)) (AND (A0 D2 (OR ((NOT (A1)) (NOT (D0)))))))))))
(CAPTURE_CANDIDATE (AND ((OR ((AND (A1 D3)) (AND ((NOT (A0)) D0)) (AND (A0 (NOT (A1)))))))))
(CAPTURE_CANDIDATE (AND ((OR ((AND (A1 D3)) (AND ((NOT (A0)) D0)) (AND ((NOT (A1)) D2 A0)))))))
(CAPTURE_CANDIDATE (AND ((OR ((AND (A1 D3)) (AND (D0 (OR ((NOT (A0)) (AND (D1 D2)))))) (AND (A0 (NOT (A1)) D2)))))))
(CAPTURE_CANDIDATE (AND ((OR (A1 (NOT (D0)) (AND (A1 D3)) (AND ((NOT (A0)) D0)) (AND (A0 (NOT (A1)) D2)))))))
(CAPTURE_CANDIDATE (AND ((OR ((AND (A1 D3)) (AND ((NOT (A0)) D0)) (AND (A0 (NOT (A1)) D2)))) (OR (A1 (NOT (D3)))))))
(CAPTURE_CANDIDATE (AND ((OR ((AND (D3 (OR (A1 (NOT (A0)))))) (AND ((NOT (A0)) D0)) (AND (A0 (NOT (A1)) D2)))))))
(CAPTURE_CANDIDATE (AND ((NOT (D2)) (OR ((AND (A1 D3)) (AND ((NOT (A0)) D0)))))))
(CAPTURE_CANDIDATE (AND ((OR ((AND (A1 D3)) (AND ((NOT (A0)) D0)) (AND (A0 (NOT (A1)) D2)) A0)))))
(CAPTURE_CANDIDATE (AND ((OR ((NOT (D2)) (NOT (D3)) (AND (A1 D3)) (AND ((NOT (A0)) D0)) (AND (A0 (NOT (A1)) D2)))))))
(CAPTURE_CANDIDATE (AND ((OR (D3 (AND (A1 D3)) (AND ((NOT (A0)) D0)) (AND (A0 (NOT (A1)) D2)))))))
(CAPTURE_CANDIDATE (AND ((OR ((AND (A1 D3)) (AND (D0 (OR ((NOT (A0)) (AND (D1 D3)))))) (AND (A0 (NOT (A1)) D2)))))))
(CAPTURE_CANDIDATE (AND ((OR ((AND (A1 D3)) (AND (A0 D0)) (AND (A0 (NOT (A1)) D2)))))))
(CAPTURE_CANDIDATE (AND ((NOT (D1)) (OR ((AND (A1 D3)) (AND ((NOT (A0)) D0)) (AND (A0 (NOT (A1)) D2)))))))
(CAPTURE_CANDIDATE (AND ((OR ((AND (A1 D3)) (AND ((NOT (A0)) D0 D2)) (AND (A0 (NOT (A1)) D2)))))))
(CAPTURE_CANDIDATE (AND ((OR ((AND (A1 D3)) (AND ((NOT (A0)) D0)) (AND (A0 (NOT (A1)) D2)) (NOT (D1)) D2)))))
(CAPTURE_CANDIDATE (AND ((OR ((AND (A1 D3)) (AND ((NOT (A0)) D0)) (AND (D0 (NOT (D3)) A0 (NOT (A1)) D2)))))))
(CAPTURE_CANDIDATE (AND ((NOT (D1)) (OR ((AND (A1 D3)) (AND ((NOT (A0)) D0)) (AND (A0 (NOT (A1)) D2)))))))
(CAPTURE_CANDIDATE (AND ((OR ((AND ((NOT (A1)) D0)) (AND (A1 D3)) (AND ((NOT (A0)) D0)) (AND (A0 (NOT (A1)) D2)))))))
(CAPTURE_CANDIDATE (AND ((OR (D1 (AND (A1 D3)) (AND ((NOT (A0)) D0)) (AND (A0 (NOT (A1)) D2)))))))
(CAPTURE_CANDIDATE (AND ((OR ((AND (A1 D3)) (AND ((NOT (D1)) (NOT (A0)) D0)) (AND (A0 (NOT (A1)) D2)))))))
(CAPTURE_CANDIDATE (AND ((OR ((AND (A1 D3)) (AND ((NOT (A0)) D0)) (AND (A0 (NOT (A1)) D2)) (NOT (A1)))))))
(CAPTURE_CANDIDATE (AND ((OR ((AND ((NOT (D0)) D3)) (AND (A1 D3)) (AND ((NOT (A0)) D0)) (AND (A0 (NOT (A1)) D2)))))))
(CAPTURE_CANDIDATE (AND ((OR ((AND (A1 D3)) (AND ((NOT (A0)) D0)) (AND ((NOT (D1)) A0 (NOT (A1)) D2)))))))
(CAPTURE_CANDIDATE (AND ((OR ((AND ((NOT (D0)) D2)) (AND (A1 D3)) (AND ((NOT (A0)) D0)) (AND (A0 (NOT (A1)) D2)))))))
(CAPTURE_CANDIDATE (AND ((OR ((AND (A1 D3)) (AND (D0 (NOT (A0)))) (AND (A0 (NOT (A1)) D2)))))))
(CAPTURE_CANDIDATE (AND ((OR ((AND (D2 A1 D3)) (AND ((NOT (A0)) D0)) (AND (A0 (NOT (A1)) D2)))))))
(CAPTURE_CANDIDATE (AND ((OR (A1 (AND ((NOT (A0)) D0)) (AND (A0 (NOT (A1)) D2)))))))
(CAPTURE_CANDIDATE (AND (A0 (OR ((AND (A1 D3)) (AND ((NOT (A1)) D2)))))))
(CAPTURE_CANDIDATE (AND ((OR ((AND (A1 D3)) (AND ((NOT (A0)) D0)) (AND (A0 D2 (NOT (A1)))))))))
(CAPTURE_CANDIDATE (AND ((OR ((AND (A1 D3)) (AND ((NOT (A0)) D0)) (AND (A0 D2 (OR ((NOT (A1)) (NOT (D3)))))))))))
(CAPTURE_CANDIDATE (AND ((OR ((NOT (D2)) (NOT (D3)) (AND (A1 D3)) (AND ((NOT (A0)) D0)) (AND (A0 (NOT (A1)) D2)))))))
(CAPTURE_CANDIDATE (AND ((OR ((AND (A1 D3)) (AND ((NOT (A0)) D0)) (AND (A0 D2 (OR ((NOT (A1)) (NOT (D1)) (NOT (D3)))))))))))
(CAPTURE_CANDIDATE (AND ((OR ((AND (A1 D0)) (AND (A1 D3)) (AND ((NOT (A0)) D0)) (AND (A0 (NOT (A1)) D2)))))))
(CAPTURE_CANDIDATE (AND ((OR ((AND (A1 (OR (D3 (NOT (D0)))))) (AND ((NOT (A0)) D0)) (AND (A0 (NOT (A1)) D2)))))))
(CAPTURE_CANDIDATE (AND ((OR ((AND (A1 D3)) (NOT (A0)) (AND (A0 (NOT (A1)) D2)))))))
(CAPTURE_CANDIDATE (AND ((OR ((AND (A1 D3)) (AND ((NOT (A0)) D0)) (AND (A0 (NOT (A1)) D2)))))))
(CAPTURE_CANDIDATE (AND ((OR ((AND (D3 (OR (A1 (AND ((NOT (A0)) D2)))))) (AND ((NOT (A0)) D0)) (AND (A0 (NOT (A1)) D2)))))))
(CAPTURE_CANDIDATE (AND ((OR ((AND (A1 D3)) (AND ((NOT (A0)) (OR (D0 (NOT (A1)))))) (AND (A0 (NOT (A1)) D2)))))))
(CAPTURE_CANDIDATE (AND ((OR ((AND (A1 D3)) (AND ((NOT (A0)) D0 A1)) (AND (A0 (NOT (A1)) D2)))))))
(CAPTURE_CANDIDATE (AND ((OR ((AND (A1 D3)) (AND (D0 (OR ((NOT (A0)) D2)))) (AND (A0 (NOT (A1)) D2)))))))
(CAPTURE_CANDIDATE (AND ((OR (A1 (AND ((NOT (A0)) D0)) (AND (A0 (NOT (A1)) D2)))))))
(CAPTURE_CANDIDATE (AND ((OR ((AND (A1 D3)) (AND ((NOT (A0)) D0)))))))
(CAPTURE_CANDIDATE (AND ((OR ((AND (A1 D3)) (AND ((NOT (A0)) D0)))))))
(CAPTURE_CANDIDATE (AND ((OR ((AND (D0 A1 D3)) (AND ((NOT (A0)) D0)) (AND (A0 (NOT (A1)) D2)))))))
(CAPTURE_CANDIDATE (AND ((OR ((NOT (D2)) (NOT (D3)) (AND (A1 D3)) (AND ((NOT (A0)) D0)) (AND (A0 (NOT (A1)) D2)))))))
(CAPTURE_CANDIDATE (AND ((OR ((AND (A1 D3)) (AND ((NOT (A0)) D0)) (AND (A0 D2)))))))
(CAPTURE_CANDIDATE (AND ((OR ((AND ((NOT (D0)) D2)) (AND (A1 D3)) (AND ((NOT (A0)) D0)) (AND (A0 (NOT (A1)) D2)))))))
(CAPTURE_CANDIDATE (AND ((OR ((AND (A1 D3)) (AND ((NOT (A0)) D0)) (AND (A0 (NOT (A1)) D2)) (NOT (A0)) A1)))))
(CAPTURE_CANDIDATE (AND ((OR ((AND (A1 D3)) (AND ((NOT (A0)) D0)) (AND ((NOT (A1)) D2)))))))
(CAPTURE_CANDIDATE (AND (A0 (OR ((AND (A1 D3)) (AND ((NOT (A1)) D2)))))))
(CAPTURE_CANDIDATE (AND ((OR ((AND (A1 D3)) (AND ((NOT (A0)) D0)) (AND (A0 (NOT (A1)))))))))
(CAPTURE_CANDIDATE (AND (D0 (OR ((AND (A1 D3)) (NOT (A0)) (AND (A0 (NOT (A1)) D2)))))))
(CAPTURE_CANDIDATE (AND ((OR ((AND (A1 D3)) (AND ((NOT (A0)) (OR (D0 (NOT (A1)))))) (AND (A0 (NOT (A1)) D2)))))))
(CAPTURE_CANDIDATE (AND ((OR ((AND (A1 D3)) (AND ((NOT (A0)) D0)) (AND ((NOT (A1)) D2 (OR (A0 (NOT (D3)))))))))))
(CAPTURE_CANDIDATE (AND ((OR ((AND (A1 D3)) (AND ((NOT (A0)) D0)))))))
(CAPTURE_CANDIDATE (AND ((OR ((AND (A1 D3)) (AND ((NOT (A0)) D0)) (AND (A0 (NOT (A1)) D2)) A1 (NOT (D2)))))))
(CAPTURE_CANDIDATE (AND ((OR ((AND (A1 D3)) (AND ((NOT (A0)) D0)) (AND (A0 D2)))))))
(CAPTURE_CANDIDATE (AND ((OR ((AND (A1 D3)) (AND ((NOT (A0)) D0)))))))
(CAPTURE_CANDIDATE (AND ((OR ((AND (A1 D3)) (AND ((NOT (A0)) D0)) (AND (A0 (NOT (A1)) D2)))) (OR ((NOT (A1)) D3)))))
(CAPTURE_CANDIDATE (AND ((OR ((AND (A1 D3)) (AND (D0 (OR ((NOT (A0)) (NOT (A0)) (NOT (A1)))))) (AND (A0 (NOT (A1)) D2)))))))
(CAPTURE_CANDIDATE (AND ((OR ((AND (A1 D3)) (AND ((NOT (A0)) D0)) (AND (A0 (NOT (A1)) D2)) (NOT (A0)))))))
(CAPTURE_CANDIDATE (AND ((OR ((AND (A1 D3)) (AND ((NOT (A0)) D0)) (AND (A0 (NOT (A1)) D2)))))))
(CAPTURE_CANDIDATE (AND ((OR ((AND (A1 D3)) (AND ((NOT (A0)) D0 (NOT (D1)))) (AND (A0 (NOT (A1)) D2)))))))
(CAPTURE_CANDIDATE (AND ((OR ((AND (D3 (OR (A1 A0 (NOT (D2)))))) (AND ((NOT (A0)) D0)) (AND (A0 (NOT (A1)) D2)))))))
(CAPTURE_CANDIDATE (AND ((OR ((AND (A1 (OR (D3 (NOT (D0)))))) (AND ((NOT (A0)) D0)) (AND (A0 (NOT (A1)) D2)))))))
(CAPTURE_CANDIDATE (AND ((OR ((AND (A1 D3)) (AND ((NOT (A0)) A1 D0)) (AND (A0 (NOT (A1)) D2)))))))
(CAPTURE_CANDIDATE (AND ((OR ((NOT (D0)) (AND (A1 D3)) (AND ((NOT (A0)) D0)) (AND (A0 (NOT (A1)) D2)))))))
(CAPTURE_CANDIDATE (AND ((OR ((AND (A1 D3 (NOT (A0)))) (AND ((NOT (A0)) D0)) (AND (A0 (NOT (A1)) D2)))))))
(CAPTURE_CANDIDATE (AND ((OR ((AND (A1 D3)) (AND ((NOT (A0)) D0)) (AND (A0 (NOT (A1)) D2)))))))
(CAPTURE_CANDIDATE (AND ((OR ((AND (A1 D3)) (AND ((NOT (A0)) D0)) (AND (A0 D2 (OR ((NOT (A1)) (NOT (D0)))))))))))
(CAPTURE_CANDIDATE (AND ((OR ((AND (A1 D3)) (AND ((NOT (A0)) D0)) (AND (A0 (NOT (A1)) D2)))))))
(CAPTURE_CANDIDATE (AND ((OR (A0 (NOT (D3)) (AND (A1 D3)) (AND ((NOT (A0)) D0)) (AND (A0 (NOT (A1)) D2)))))))
(CAPTURE_CANDIDATE (AND ((OR ((AND ((NOT (A1)) (NOT (D2)))) (AND (A1 D3)) (AND ((NOT (A0)) D0)) (AND (A0 (NOT (A1)) D2)))))))
(CAPTURE_CANDIDATE (AND ((OR ((AND (A1 D3)) (AND ((NOT (A0)) D0)) (AND (A0 D2 (OR ((NOT (A1)) (AND (D1 D3)))))))))))
(CAPTURE_CANDIDATE (AND ((OR ((AND (A1 D3)) (AND ((NOT (A0)) D0)) (AND (A0 (NOT (A1)) D2)))))))
(CAPTURE_CANDIDATE (AND ((OR ((AND ((NOT (A0)) A1 D3)) (AND ((NOT (A0)) D0)) (AND (A0 (NOT (A1)) D2)))))))
(CAPTURE_CANDIDATE (AND ((OR ((NOT (D2)) (NOT (D3)) (AND (A1 D3)) (AND ((NOT (A0)) D0)) (AND (A0 (NOT (A1)) D2)))))))
(CAPTURE_CANDIDATE (AND ((OR ((AND (A1 D3)) (AND ((NOT (A0)) D0)) (AND (A0 (NOT (A1)) D2)) (NOT (A0)))))))
(CAPTURE_CANDIDATE (AND ((OR ((AND (A1 D3)) (AND ((NOT (A0)) (OR (D0 D3)))) (AND (A0 (NOT (A1)) D2)))))))
(CAPTURE_CANDIDATE (AND ((OR ((AND (A1 D3)) (AND ((NOT (A0)) D0)) (AND (A0 (NOT (A1)) D2)))))))
(CAPTURE_CANDIDATE (AND ((OR ((AND (A1 D3)) (AND ((NOT (A0)) D0)) (AND (A0 D2 (OR ((NOT (A1)) (NOT (D0)))))))))))
(CAPTURE_CANDIDATE (AND ((OR (A1 (AND ((NOT (A0)) D0)) (AND (A0 (NOT (A1)) D2)))))))
(CAPTURE_CANDIDATE (AND ((OR ((AND (A1 D3)) (AND ((NOT (D3)) (NOT (A0)) D0)) (AND (A0 (NOT (A1)) D2)))))))
(CAPTURE_CANDIDATE (AND ((OR ((AND (A1 D3)) (AND (D0 (OR ((NOT (A0)) (AND (D1 D2)))))) (AND (A0 (NOT (A1)) D2)))))))
(CAPTURE_CANDIDATE (AND ((OR ((AND (A1 D3)) (AND ((NOT (A0)) D0)) (AND ((NOT (A1)) D2)))))))
(CAPTURE_CANDIDATE (AND ((OR ((AND (A1 D3)) (AND ((NOT (A0)) D0)) (AND (A0 (NOT (A1)) D2)) A0 D3)))))
(CAPTURE_CANDIDATE (AND ((OR ((AND (A1 D3)) (AND (A0 D0)) (AND (A0 (NOT (A1)) D2)))))))
(CAPTURE_CANDIDATE (AND ((OR ((AND ((NOT (A0)) A1 D3)) (AND ((NOT (A0)) D0)) (AND (A0 (NOT (A1)) D2)))))))
(CAPTURE_CANDIDATE (AND ((OR ((AND (A1 D3)) (AND ((NOT (A0)) D0)) (AND (A0 (NOT (A1)) D2)) (AND ((NOT (A0)) (NOT (D1)))))))))
(CAPTURE_CANDIDATE (AND ((OR ((AND (A1 D3)) (AND ((NOT (A0)) D0)) (AND (A0 D2 (NOT (A1)))))))))
(CAPTURE_CANDIDATE (AND ((OR ((AND (D3 (OR (A1 (NOT (D1)))))) (AND ((NOT (A0)) D0)) (AND (A0 (NOT (A1)) D2)))))))
(CAPTURE_CANDIDATE (AND ((OR ((AND ((NOT (A1)) (NOT (D2)) D3)) (AND ((NOT (A0)) D0)) (AND (A0 (NOT (A1)) D2)))))))
(CAPTURE_CANDIDATE (AND ((OR ((AND ((NOT (A0)) D0)) (AND (A0 (NOT (A1)) D2)))))))
(CAPTURE_CANDIDATE (AND ((OR ((AND (A1 D3)) (AND ((NOT (A0)) D0)) (AND (A0 D2 (OR ((NOT (A1)) D1)))))))))
(CAPTURE_CANDIDATE (AND ((OR ((AND (A1 D3 (NOT (D2)))) (AND ((NOT (A0)) D0)) (AND (A0 (NOT (A1)) D2)))))))
(CAPTURE_CANDIDATE (AND ((OR (D0 (NOT (D3)) (AND (A1 D3)) (AND ((NOT (A0)) D0)) (AND (A0 (NOT (A1)) D2)))))))
(CAPTURE_CANDIDATE (AND ((OR ((AND (A1 (OR (D3 A0 (NOT (D3)))))) (AND ((NOT (A0)) D0)) (AND (A0 (NOT (A1)) D2)))))))
(CAPTURE_CANDIDATE (AND ((OR ((AND (A1 D3)) (AND ((NOT (A0)) D0)) (AND (A0 (NOT (A1)) D2 (NOT (D0)) D1)))))))
(CAPTURE_CANDIDATE (AND ((OR ((AND (A1 D3)) (AND ((NOT (A0)) D0)) (AND (A0 (NOT (A1)) D2)))))))
(CAPTURE_CANDIDATE (AND ((OR ((AND (A1 D3)) (AND ((NOT (A0)) D0)) (AND (A0 (NOT (A1)) D2)) (AND ((NOT (A0)) A1)))))))
(CAPTURE_CANDIDATE (AND ((OR ((AND (A1 D3)) (AND ((NOT (A0)) D0)) (AND (A0 D2 (NOT (A1)))))))))
(CAPTURE_CANDIDATE (AND ((OR ((AND (A1 D3 (OR (D0 D1)))) (AND ((NOT (A0)) D0)) (AND (A0 (NOT (A1)) D2)))))))
(CAPTURE_CANDIDATE (AND ((OR ((AND (A1 D3)) (AND ((NOT (A0)) (OR (D0 (NOT (D3)))))) (AND (A0 (NOT (A1)) D2)))))))
(CAPTURE_CANDIDATE (AND ((OR ((AND (A1 D3)) (AND ((NOT (A0)) D0 A1)) (AND (A0 (NOT (A1)) D2)))))))
(CAPTURE_CANDIDATE (AND ((OR ((AND (A1 D3)) (AND ((NOT (A0)) D0)) (AND (A0 (NOT (A1)))))))))
(CAPTURE_CANDIDATE (AND ((NOT (A0)) (OR ((AND (A1 D3)) D0)))))
(CAPTURE_CANDIDATE (AND ((OR ((AND (A1 D3)) (AND ((NOT (A0)) D0)) (AND (A0 (NOT (A1)) D2 D3)))))))
(CAPTURE_CANDIDATE (AND ((OR ((AND (A1 D3)) (AND ((NOT (A0)) D0)) (AND (A0 (NOT (A1)) D2)))))))
(CAPTURE_CANDIDATE (AND ((OR ((AND (D3 (OR (A1 (NOT (D2)))))) (AND ((NOT (A0)) D0)) (AND (A0 (NOT (A1)) D2)))))))
(CAPTURE_CANDIDATE (AND ((OR ((AND (D3 (OR (A1 (AND ((NOT (D0)) D2)))))) (AND ((NOT (A0)) D0)) (AND (A0 (NOT (A1)) D2)))))))
(CAPTURE_CANDIDATE (AND ((OR ((AND (A1 D3)) (AND ((NOT (A0)) D0)) (AND (D3 A0 (NOT (A1)) D2)))))))
(CAPTURE_CANDIDATE (AND ((OR ((AND (A1 D3)) (AND ((NOT (A0)) D0)) (AND (A0 (NOT (A1)) D2)))) (OR ((NOT (A0)) (NOT (D1)))))))
(CAPTURE_CANDIDATE (AND ((OR ((AND (A1 D3)) (AND (A1 (NOT (D1)) (NOT (A0)) D0)) (AND (A0 (NOT (A1)) D2)))))))
(CAPTURE_CANDIDATE (AND ((OR ((AND (A1 D3)) (AND ((NOT (A0)) D0)) (AND (A0 (NOT (A1)) D2)))))))
(CAPTURE_CANDIDATE (AND ((OR ((AND (A1 D3)) (AND ((NOT (A0)) D0)) (AND (A0 (NOT (A1)) D2)))))))
(CAPTURE_CANDIDATE (AND ((OR ((AND (A1 D3)) (AND ((NOT (A0)) D0)) (AND (A0 (NOT (A1)) D2)))) (OR (A1 (NOT (D3)))))))
(CAPTURE_CANDIDATE (AND ((OR ((AND (A1 D3)) (AND ((NOT (A0)) D0)) (AND (A0 (NOT (A1)) D2)) (AND (D0 (NOT (D1)))))))))
(CAPTURE_CANDIDATE (AND ((OR ((AND ((NOT (D2)) A1 D3)) (AND ((NOT (A0)) D0)) (AND (A0 (NOT (A1)) D2)))))))
(CAPTURE_CANDIDATE (AND ((OR ((AND (A1 D3)) (AND ((NOT (A0)) D0)) (AND (A0 D2 (OR ((NOT (A1)) (NOT (D1)) (NOT (D3)))))))))))
(CAPTURE_CANDIDATE (AND ((OR ((AND (A1 D3)) (AND ((NOT (A0)) D0)) (AND (A0 (NOT (A1)) D2)))))))
(CAPTURE_CANDIDATE (AND ((OR ((AND (A1 D3)) (AND (D0 (NOT (A0)))) (AND (A0 (NOT (A1)) D2)))))))
(CAPTURE_CANDIDATE (AND ((OR ((AND (A1 D3)) (AND ((NOT (A0)) D0)) (AND (A0 (NOT (A1)) D2)))))))
(CAPTURE_CANDIDATE (AND ((OR ((AND (A1 D3)) (AND (A0 (NOT (D3)) D0)) (AND (A0 (NOT (A1)) D2)))))))
(CAPTURE_CANDIDATE (AND ((OR ((AND (A1 D3)) (AND ((NOT (A0)) D0 (NOT (D1)))) (AND (A0 (NOT (A1)) D2)))))))
(CAPTURE_CANDIDATE (AND ((OR ((AND (A1 D3)) (AND (D0 (OR ((NOT (A0)) (NOT (A0)) (NOT (A1)))))) (AND (A0 (NOT (A1)) D2)))))))
(CAPTURE_CANDIDATE (AND (D0 D1 (OR ((AND (A1 D3)) (NOT (A0)) (AND (A0 (NOT (A1)) D2)))))))
(CAPTURE_CANDIDATE (AND ((OR ((AND (A1 D3)) (AND ((NOT (A0)) D0)) (AND (A0 (NOT (A1)) (OR (D2 D1)))))))))
(CAPTURE_CANDIDATE (AND ((OR (D3 (AND ((NOT (A0)) D0)) (AND (A0 (NOT (A1)) D2)))))))
(CAPTURE_CANDIDATE (AND ((OR ((AND (A1 D3)) (AND ((NOT (A0)) D0)) (AND ((NOT (A1)) D2 (OR (A0 D1)))))))))
(CAPTURE_CANDIDATE (AND ((OR ((AND (A1 D3)) (AND ((NOT (A0)) D0)) (AND (A0 (NOT (A1)) D2 D1)))))))
(CAPTURE_CANDIDATE (AND ((OR ((AND (A1 D3)) (AND ((NOT (A0)) D0)) (AND (A0 D2)))))))
(CAPTURE_CANDIDATE (AND ((OR ((AND (A1 D3 (NOT (A0)))) (AND ((NOT (A0)) D0)) (AND (A0 (NOT (A1)) D2)))))))
(CAPTURE_CANDIDATE (AND ((OR ((AND (A1 D3)) D0 (AND (A0 (NOT (A1)) D2)))))))
(CAPTURE_CANDIDATE (AND (D2 (OR ((AND (A1 D3)) (AND ((NOT (A0)) D0)) (AND (A0 (NOT (A1)))))))))
(CAPTURE_CANDIDATE (AND ((OR (D0 (AND (A1 D3)) (AND ((NOT (A0)) D0)) (AND (A0 (NOT (A1)) D2)))))))
(CAPTURE_CANDIDATE (AND ((OR ((AND (A1 D3)) (AND ((NOT (A1)) (NOT (D3)) (NOT (A0)) D0)) (AND (A0 (NOT (A1)) D2)))))))
(CAPTURE_CANDIDATE (AND ((OR ((AND (A1 D3 D0 D2)) (AND ((NOT (A0)) D0)) (AND (A0 (NOT (A1)) D2)))))))
(CAPTURE_CANDIDATE (AND ((OR ((AND (A1 D3)) (AND ((NOT (A0)) D0)) (AND (A0 (NOT (A1)) (OR (D2 D0 (NOT (D3)))))))))))
(CAPTURE_CANDIDATE (AND ((OR ((AND (A1 D3)) (AND (A0 D0)) (AND (A0 (NOT (A1)) D2)))))))
(CAPTURE_CANDIDATE (AND ((OR ((AND (A1 D3)) (AND ((NOT (A0)) D0)) (AND (A0 (NOT (A1)) (OR (D2 (NOT (D3)))))))))))
(CAPTURE_CANDIDATE (AND (D1 D3 (OR (A1 (AND ((NOT (A0)) D0)) (AND (A0 (NOT (A1)) D2)))))))
(CAPTURE_CANDIDATE (AND ((OR ((AND (D2 A1 D3)) (AND ((NOT (A0)) D0)) (AND (A0 (NOT (A1)) D2)))))))
(CAPTURE_CANDIDATE (AND (A0 (OR ((AND (A1 D3)) (AND ((NOT (A1)) D2)))))))
(CAPTURE_CANDIDATE (AND ((OR ((AND (D2 D3)) (AND (A1 D3)) (AND ((NOT (A0)) D0)) (AND (A0 (NOT (A1)) D2)))))))
(CAPTURE_CANDIDATE (AND ((OR ((AND (A1 D3)) (AND ((NOT (A0)) D0)) (AND ((NOT (D1)) A0 (NOT (A1)) D2)))))))
(CAPTURE_CANDIDATE (AND ((OR ((AND (A1 D3)) (AND ((NOT (A0)) D0)) (AND (A0 D2 (OR ((NOT (A1)) D1)))))))))
(CAPTURE_CANDIDATE (AND ((OR ((AND (A1 D3)) (AND ((NOT (A0)) (OR (D0 (NOT (A1)) (NOT (D3)))))) (AND (A0 (NOT (A1)) D2)))))))
(CAPTURE_CANDIDATE (AND ((OR ((AND (A1 (OR (D3 D1)))) (AND ((NOT (A0)) D0)) (AND (A0 (NOT (A1)) D2)))))))
(CAPTURE_CANDIDATE (AND ((OR ((AND (A1 D3)) (AND ((NOT (A0)) D0)) (AND ((NOT (A1)) D2 (OR (A0 (AND ((NOT (D0)) D1)))))))))))
(CAPTURE_CANDIDATE (AND ((OR ((AND (A1 D3)) (AND (D0 (OR ((NOT (A0)) D3)))) (AND (A0 (NOT (A1)) D2)))))))
(CAPTURE_CANDIDATE (AND ((OR ((AND (A1 D3)) (AND ((NOT (A0)) (OR (D0 (AND (A1 D3)))))) (AND (A0 (NOT (A1)) D2)))))))
(CAPTURE_CANDIDATE (AND ((OR ((AND (A1 D3)) D0 (AND (A0 (NOT (A1)) D2)))))))
(CAPTURE_CANDIDATE (AND ((OR ((AND (A1 D3)) (AND ((NOT (A0)) D0)) (AND (A0 (NOT (A1)) D2)))))))
(CAPTURE_CANDIDATE (AND ((OR ((AND (A1 D3)) (AND (D1 (NOT (A0)) D0)) (AND (A0 (NOT (A1)) D2)))))))
(CAPTURE_CANDIDATE (AND ((OR ((AND (A1 D3)) (AND ((NOT (A0)) D0)) (AND ((NOT (A0)) (NOT (A1)) D2)))))))
(CAPTURE_CANDIDATE (AND ((OR (A0 (NOT (D3)) (AND (A1 D3)) (AND ((NOT (A0)) D0)) (AND (A0 (NOT (A1)) D2)))))))
(CAPTURE_CANDIDATE (AND ((OR ((AND (A1 D3)) (AND ((NOT (A0)) D0)) (AND (A0 D2)))))))
(CAPTURE_CANDIDATE (AND ((OR ((AND (A1 (OR (D3 A0 (NOT (D3)))))) (AND ((NOT (A0)) D0)) (AND (A0 (NOT (A1)) D2)))))))
(CAPTURE_CANDIDATE (AND ((OR ((AND (A1 D3)) (AND ((NOT (A0)) D0)) (AND ((NOT (A1)) D2)))))))
(CAPTURE_CANDIDATE (AND ((OR ((AND (A1 D3)) (AND ((NOT (A0)) D0 (NOT (D2)))) (AND (A0 (NOT (A1)) D2)))))))
(CAPTURE_CANDIDATE (AND ((OR ((AND (A1 D3 (OR (D0 D2)))) (AND ((NOT (A0)) D0)) (AND (A0 (NOT (A1)) D2)))))))
(CAPTURE_CANDIDATE (AND ((OR ((AND (A1 D3)) (AND ((NOT (A0)) D0)))))))
(CAPTURE_CANDIDATE (AND ((OR ((AND ((NOT (D2)) A1 D3)) (AND ((NOT (A0)) D0)) (AND (A0 (NOT (A1)) D2)))))))
(CAPTURE_CANDIDATE (AND ((OR ((AND (A1 D3)) (AND ((NOT (A0)) D0)) (AND (A0 (NOT (A1)) D2)) D0 D1)))))
(CAPTURE_CANDIDATE (AND ((OR ((AND (A1 D3)) (AND ((NOT (A0)) D0 D2)) (AND (A0 (NOT (A1)) D2)))))))
(CAPTURE_CANDIDATE (AND ((NOT (D3)) (OR ((AND ((NOT (A0)) D0)) (AND (A0 (NOT (A1)) D2)))))))
(CAPTURE_CANDIDATE (AND ((OR ((AND (A1 D3)) (AND (D0 (OR ((NOT (A0)) A1 (NOT (D1)))))) (AND (A0 (NOT (A1)) D2)))))))
(CAPTURE_CANDIDATE (AND ((OR ((AND (A1 D3)) (AND ((NOT (A0)) D0)) (AND ((NOT (A1)) D2 (OR (A0 D0)))))))))
(CAPTURE_CANDIDATE (AND ((OR ((AND (A1 (OR (D3 (NOT (D1)))))) (AND ((NOT (A0)) D0)) (AND (A0 (NOT (A1)) D2)))))))
(CAPTURE_CANDIDATE (AND ((OR ((AND (D3 (OR (A1 (AND ((NOT (D0)) D2)))))) (AND ((NOT (A0)) D0)) (AND (A0 (NOT (A1)) D2)))))))
(CAPTURE_CANDIDATE (AND ((OR ((AND (A1 D3)) (AND ((NOT (A0)) D0)) (AND (A0 (NOT (A1)) D2)))))))
(CAPTURE_CANDIDATE (AND ((OR ((AND (A1 D3)) (AND ((NOT (A0)) D0 (OR (A1 D3)))) (AND (A0 (NOT (A1)) D2)))))))
(CAPTURE_CANDIDATE (AND ((OR ((AND (A1 D3)) (AND ((NOT (A0)) D0)) (AND (A0 (NOT (A1)) D2)) (AND ((NOT (A1)) D2)))))))
(CAPTURE_CANDIDATE (AND ((NOT (A0)) D0)))
(CAPTURE_CANDIDATE (AND ((OR ((AND (A1 D3)) (AND ((NOT (A0)) D0)) (AND ((NOT (A1)) D2 (OR (A0 (AND ((NOT (D0)) D1)))))))))))
(CAPTURE_CANDIDATE (AND ((OR (A1 (AND (A1 D3)) (AND ((NOT (A0)) D0)) (AND (A0 (NOT (A1)) D2)))))))
(CAPTURE_CANDIDATE (AND ((OR ((AND (A1 (NOT (D2)))) (AND (A1 D3)) (AND ((NOT (A0)) D0)) (AND (A0 (NOT (A1)) D2)))))))
(CAPTURE_CANDIDATE (AND ((OR ((AND (A1 D3)) (AND ((NOT (A0)) D0)) (AND ((NOT (A1)) D2 (OR (A0 (NOT (D0)))))))))))
(CAPTURE_CANDIDATE (AND ((OR ((AND (A1 D3)) (AND ((NOT (A0)) D0)))))))
(CAPTURE_CANDIDATE (AND ((OR ((AND (A1 D3)) (AND ((NOT (A0)) D0 (NOT (D2)))) (AND (A0 (NOT (A1)) D2)))))))
(CAPTURE_CANDIDATE (AND ((NOT (A0)) (OR ((AND (A1 D3)) D0)))))
(CAPTURE_CANDIDATE (AND ((OR ((AND (A1 D3)) (AND ((NOT (A0)) D0)) (AND (A0 (NOT (A1)) D2)) A0)))))
(CAPTURE_CANDIDATE (AND ((OR ((AND (A1 (OR (D3 D0)))) (AND ((NOT (A0)) D0)) (AND (A0 (NOT (A1)) D2)))))))
(CAPTURE_CANDIDATE (AND ((OR ((AND (A1 D3)) (AND ((NOT (A0)) D0 (OR (D1 (NOT (D3)))))) (AND (A0 (NOT (A1)) D2)))))))
(CAPTURE_CANDIDATE (AND ((OR ((AND (A1 D3 A0)) (AND ((NOT (A0)) D0)) (AND (A0 (NOT (A1)) D2)))))))
(CAPTURE_CANDIDATE (AND ((OR ((NOT (D0)) (AND (A1 D3)) (AND ((NOT (A0)) D0)) (AND (A0 (NOT (A1)) D2)))))))
(CAPTURE_CANDIDATE (AND ((OR ((AND (A1 D3)) (AND (A0 (NOT (A1)) D2)))))))
(CAPTURE_CANDIDATE (AND ((OR ((AND (A1 D3)) (AND ((NOT (A0)) D0)) (AND (A0 (NOT (A1)) D2)))) (OR (A0 D3)))))
(CAPTURE_CANDIDATE (AND ((OR ((AND (A1 D3 (NOT (D1)))) (AND ((NOT (A0)) D0)) (AND (A0 (NOT (A1)) D2)))))))
(CAPTURE_CANDIDATE (AND ((OR ((AND (D3 (OR (A1 A0 (NOT (D2)))))) (AND ((NOT (A0)) D0)) (AND (A0 (NOT (A1)) D2)))))))
(CAPTURE_CANDIDATE (AND ((OR ((AND (A1 D3)) (AND (D0 (OR ((NOT (A0)) D1)))) (AND (A0 (NOT (A1)) D2)))))))
(CAPTURE_CANDIDATE (AND ((OR ((AND (A1 (OR (D3 (NOT (A0)))))) (AND ((NOT (A0)) D0)) (AND (A0 (NOT (A1)) D2)))))))
(CAPTURE_CANDIDATE (AND ((OR ((AND (D3 (OR (A1 (NOT (D2)))))) (AND ((NOT (A0)) D0)) (AND (A0 (NOT (A1)) D2)))))))
(CAPTURE_CANDIDATE (AND ((OR ((AND (A1 D3)) (AND ((NOT (A0)) D0)) (AND (A0 (NOT (A1)) (OR (D2 (NOT (D3)))))))))))
(CAPTURE_CANDIDATE (AND ((OR ((AND (A1 D3 (NOT (D0)))) (AND ((NOT (A0)) D0)) (AND (A0 (NOT (A1)) D2)))))))
(CAPTURE_CANDIDATE (AND ((OR ((AND (A1 D3)) (AND ((NOT (A0)) D0)) (AND (A0 D2)))))))
(CAPTURE_CANDIDATE (AND ((OR (A1 (AND (A1 D3)) (AND ((NOT (A0)) D0)) (AND (A0 (NOT (A1)) D2)))))))
(CAPTURE_CANDIDATE (AND ((OR ((AND (A1 D3)) (AND (D0 (OR ((NOT (A0)) (NOT (A0)) (NOT (D3)))))) (AND (A0 (NOT (A1)) D2)))))))
(CAPTURE_CANDIDATE (AND ((OR ((AND (A1 D3)) (AND ((NOT (A0)) D0 (NOT (D2)))) (AND (A0 (NOT (A1)) D2)))))))
(CAPTURE_CANDIDATE (AND ((OR ((AND (D3 (OR (A1 D0 (NOT (D2)))))) (AND ((NOT (A0)) D0)) (AND (A0 (NOT (A1)) D2)))))))
(CAPTURE_CANDIDATE (AND ((OR ((AND (A1 D3)) (AND ((NOT (A0)) D0)) (AND (A0 D2)))))))
(CAPTURE_CANDIDATE (AND ((OR ((AND (A1 D3)) (AND ((NOT (A0)) (OR (D0 (NOT (D3)))))) (AND (A0 (NOT (A1)) D2)))))))
(CAPTURE_CANDIDATE (AND ((OR ((AND (A1 D3)) (AND (A1 (NOT (D1)) (NOT (A0)) D0)) (AND (A0 (NOT (A1)) D2)))))))
(CAPTURE_CANDIDATE (AND ((OR ((AND (A1 D3)) (AND ((NOT (A0)) D0)) (AND (A0 (NOT (A1)) D2)) (AND ((NOT (A0)) (NOT (D1)))))))))
(CAPTURE_CANDIDATE (AND ((OR ((AND (A1 D3)) (AND ((NOT (A0)) D0)) (AND (A0 (NOT (A1)) D2)) D2 D3)))))
(CAPTURE_CANDIDATE (AND ((OR ((AND (A1 D3)) (AND ((NOT (A0)) D0 (NOT (D3)))) (AND (A0 (NOT (A1)) D2)))))))
(CAPTURE_CANDIDATE (AND ((OR ((AND (A1 D3)) (AND ((NOT (A0)) D0)) (AND (A0 (NOT (A1)) D2)) (NOT (D1)) (NOT (D2)))))))
(CAPTURE_CANDIDATE (AND ((OR ((AND ((NOT (D1)) A1 D3)) (AND ((NOT (A0)) D0)) (AND (A0 (NOT (A1)) D2)))))))
(CAPTURE_CANDIDATE (AND ((OR ((AND (A1 (OR (D3 D1)))) (AND ((NOT (A0)) D0)) (AND (A0 (NOT (A1)) D2)))))))
(CAPTURE_CANDIDATE (AND ((OR ((AND (A1 D3)) (AND ((NOT (D2)) (NOT (A0)) D0)) (AND (A0 (NOT (A1)) D2)))))))
(CAPTURE_CANDIDATE (AND ((OR ((AND (D3 (OR (A1 (AND ((NOT (D0)) D2)))))) (AND ((NOT (A0)) D0)) (AND (A0 (NOT (A1)) D2)))))))
(CAPTURE_CANDIDATE (AND ((OR ((AND (A1 D3)) (AND ((NOT (A0)) D0)) (AND (A0 (NOT (A1)) (OR (D2 (NOT (D1)))))))))))
(CAPTURE_CANDIDATE (AND ((OR ((AND (A1 D3)) (AND (D0 (OR ((NOT (A0)) (NOT (D3)))))) (AND (A0 (NOT (A1)) D2)))))))
(CAPTURE_CANDIDATE (AND ((OR ((AND (A1 D3)) (AND ((NOT (A0)) D0)) (AND ((NOT (D0)) A0 (NOT (A1)) D2)))))))
(CAPTURE_CANDIDATE (AND ((OR ((AND (A1 D3)) (AND ((NOT (A0)) D0)) (AND ((NOT (A1)) D2)))))))
(CAPTURE_CANDIDATE (AND ((OR ((AND (A1 D3)) (AND ((NOT (A0)) D0)) (AND (A0 (NOT (A1)))))))))
(CAPTURE_CANDIDATE (AND ((OR ((AND (A1 D3)) (AND ((NOT (A0)) D0 (NOT (D2)))) (AND (A0 (NOT (A1)) D2)))))))
(CAPTURE_CANDIDATE (AND ((OR ((AND (A1 D3)) (AND (A0 (NOT (A1)) D2)))))))
(CAPTURE_CANDIDATE (AND ((OR ((AND (A1 D3 D1 D2)) (AND ((NOT (A0)) D0)) (AND (A0 (NOT (A1)) D2)))))))
(CAPTURE_CANDIDATE (AND ((NOT (A0)) (NOT (D3)) D0)))
(CAPTURE_CANDIDATE (AND ((OR ((AND (A1 D3 (OR ((NOT (D0)) (NOT (D2)))))) (AND ((NOT (A0)) D0)) (AND (A0 (NOT (A1)) D2)))))))
(CAPTURE_CANDIDATE (AND ((OR ((AND (D3 (OR (A1 D0 (NOT (D2)))))) (AND ((NOT (A0)) D0)) (AND (A0 (NOT (A1)) D2)))))))
(CAPTURE_CANDIDATE (AND (A0 (OR ((AND (A1 D3)) (AND ((NOT (A1)) D2)))))))
(CAPTURE_CANDIDATE (AND ((OR ((AND (A1 D3)) (AND (D0 (OR ((NOT (A0)) (AND (A0 A1)))))) (AND (A0 (NOT (A1)) D2)))))))
(CAPTURE_CANDIDATE (AND ((OR ((AND (A1 (OR (D3 D1)))) (AND ((NOT (A0)) D0)) (AND (A0 (NOT (A1)) D2)))))))
(CAPTURE_CANDIDATE (AND ((OR ((AND (A1 D3)) (AND ((NOT (A0)) D0)) (AND (A0 (NOT (A1)) D2)))))))
(CAPTURE_CANDIDATE (AND ((OR ((AND (A1 D3)) (AND ((NOT (A0)) D0)) (AND (A0 (NOT (A1)) D2)))))))
(CAPTURE_CANDIDATE (AND ((OR ((AND ((NOT (D0)) (NOT (D2)) A1 D3)) (AND ((NOT (A0)) D0)) (AND (A0 (NOT (A1)) D2)))))))
(CAPTURE_CANDIDATE (AND ((OR ((AND ((NOT (A1)) D0)) (AND (A1 D3)) (AND ((NOT (A0)) D0)) (AND (A0 (NOT (A1)) D2)))))))
(CAPTURE_CANDIDATE (AND ((OR ((AND (A1 D0)) (AND (A1 D3)) (AND ((NOT (A0)) D0)) (AND (A0 (NOT (A1)) D2)))))))
(CAPTURE_CANDIDATE (AND ((OR ((AND (A1 D3)) (AND (D0 (OR ((NOT (A0)) D1)))) (AND (A0 (NOT (A1)) D2)))))))
(CAPTURE_CANDIDATE (AND ((OR ((AND (A1 D3)) (AND ((NOT (A0)) D0)) (AND (A0 (NOT (A1)) D2)) (AND ((NOT (A0)) A1)))))))
(CAPTURE_CANDIDATE (AND ((NOT (A0)) D0)))
(CAPTURE_CANDIDATE (AND ((NOT (A0)) (NOT (D2)) (OR ((AND (A1 D3)) D0)))))
(CAPTURE_CANDIDATE (AND ((OR ((AND (D3 (OR (A1 D1)))) (AND ((NOT (A0)) D0)) (AND (A0 (NOT (A1)) D2)))))))
(CAPTURE_CANDIDATE (AND ((OR ((AND (A1 D3)) (AND ((NOT (A0)) D0)) (AND ((NOT (D2)) A0 (NOT (A1)))))))))
(CAPTURE_CANDIDATE (AND (D3 (OR (A1 (AND ((NOT (A0)) D0)) (AND (A0 (NOT (A1)) D2)))))))
(CAPTURE_CANDIDATE (AND ((OR ((AND (A1 (OR (D3 A0)))) (AND ((NOT (A0)) D0)) (AND (A0 (NOT (A1)) D2)))))))
(CAPTURE_CANDIDATE (AND ((OR ((AND (A1 D3)) (NOT (A0)) (AND (A0 (NOT (A1)) D2)))))))
(CAPTURE_CANDIDATE (AND ((OR ((AND (A1 D3)) (AND ((NOT (A0)) D0 D2)) (AND (A0 (NOT (A1)) D2)))))))
(CAPTURE_CANDIDATE (AND ((OR ((AND (A1 D3)) (AND ((NOT (A0)) D0)) (AND (A0 (NOT (A1)) D2)))))))
(CAPTURE_CANDIDATE (AND ((OR ((AND (A1 D3)) (AND (D0 (OR ((NOT (A0)) D1)))) (AND (A0 (NOT (A1)) D2)))))))
(CAPTURE_CANDIDATE (AND ((OR ((AND (A1 D3)) (AND ((NOT (A0)) D0)) (AND (A0 D2 (OR ((NOT (A1)) (NOT (D3)))))))))))
(CAPTURE_CANDIDATE (AND ((OR (A1 (NOT (D0)) (AND (A1 D3)) (AND ((NOT (A0)) D0)) (AND (A0 (NOT (A1)) D2)))))))
(CAPTURE_CANDIDATE (AND ((OR ((AND (A1 D3)) (AND ((NOT (A0)) D0)) (AND (A0 (NOT (A1)) D2 (NOT (D3)))))))))
(CAPTURE_CANDIDATE (AND ((OR ((NOT (A0)) (AND (A1 D3)) (AND ((NOT (A0)) D0)) (AND (A0 (NOT (A1)) D2)))))))
(CAPTURE_CANDIDATE (AND ((OR ((AND (A1 D3)) (AND ((NOT (A0)) D0)) (AND (A0 (NOT (A1)) (OR (D2 D0 (NOT (D3)))))))))))
(CAPTURE_CANDIDATE (AND ((OR ((AND (A1 D3)) (AND ((NOT (A0)) D0)) (AND (A0 (NOT (A1)))))))))
(CAPTURE_CANDIDATE (AND ((OR ((AND (A1 D3)) (AND ((NOT (A0)) D0)) (AND (A0 D2)))))))
(CAPTURE_CANDIDATE (AND ((OR ((AND (A1 (OR (D3 (AND ((NOT (D0)) D1)))))) (AND ((NOT (A0)) D0)) (AND (A0 (NOT (A1)) D2)))))))
(CAPTURE_CANDIDATE (AND ((OR ((AND (A1 D3)) (AND ((NOT (A0)) D0)))))))
(CAPTURE_CANDIDATE (AND ((OR ((AND (A1 D3 (NOT (D1)))) (AND ((NOT (A0)) D0)) (AND (A0 (NOT (A1)) D2)))))))
(CAPTURE_CANDIDATE (AND ((OR ((AND (A1 D3)) (AND ((NOT (A0)) D0)) (AND (A0 (NOT (A1)) D2 D0)))))))
(CAPTURE_CANDIDATE (AND ((OR ((AND (A1 D3)) (AND ((NOT (A0)) D0)) (AND (A0 D2)))))))
(CAPTURE_CANDIDATE (AND ((OR ((AND (A1 D3)) (AND (D0 (OR ((NOT (A0)) D1)))) (AND (A0 (NOT (A1)) D2)))))))
(CAPTURE_CANDIDATE (AND ((OR ((AND (A1 D3)) (AND ((NOT (A0)) D0)) (AND ((NOT (A1)) D2 A0)))))))
(CAPTURE_CANDIDATE (AND ((OR ((AND (D3 (OR (A1 (NOT (D2)))))) (AND ((NOT (A0)) D0)) (AND (A0 (NOT (A1)) D2)))))))
(CAPTURE_CANDIDATE (AND ((OR ((AND (A1 D3)) (AND ((NOT (A0)) D0)) (AND (A0 D2)))))))
(CAPTURE_CANDIDATE (AND ((OR ((AND (A1 D3)) (AND ((NOT (A0)) D0)) (AND ((NOT (A1)) D2 (OR (A0 D1)))))))))
(CAPTURE_CANDIDATE (AND ((OR ((AND (A1 D3)) (AND ((NOT (A0)) D0)) (AND (A0 (NOT (A1)) D2 (NOT (D0)))))))))
(CAPTURE_CANDIDATE (AND ((OR ((AND (A1 D3)) (AND ((NOT (A0)) D0)) (AND (A0 (NOT (A1)) D2)) D0 (NOT (D2)))))))
(CAPTURE_CANDIDATE (AND ((OR ((AND (A1 D3)) (AND ((NOT (A0)) D0 D1)) (AND (A0 (NOT (A1)) D2)))))))
(CAPTURE_CANDIDATE (AND ((OR ((AND (A1 D3)) (AND ((NOT (A0)) (OR (D0 (NOT (D0)) (NOT (D2)))))) (AND (A0 (NOT (A1)) D2)))))))
(CAPTURE_CANDIDATE (AND ((OR ((AND (A1 D3)) (AND ((NOT (A0)) D0)) (AND (A0 (NOT (A1)) D2)) D0 (NOT (D1)))))))
(CAPTURE_CANDIDATE (AND ((OR ((AND (A1 (OR (D3 (NOT (A0)))))) (AND ((NOT (A0)) D0)) (AND (A0 (NOT (A1)) D2)))))))
(CAPTURE_CANDIDATE (AND ((NOT (A0)) (NOT (D2)) (OR ((AND (A1 D3)) D0)))))
(CAPTURE_CANDIDATE (AND (A0 D1 (OR ((AND (A1 D3)) (AND ((NOT (A1)) D2)))))))
(CAPTURE_CANDIDATE (AND ((OR ((AND (A1 D3)) (AND ((NOT (A0)) D0 D2)) (AND (A0 (NOT (A1)) D2)))))))
(CAPTURE_CANDIDATE (AND ((OR ((AND (A1 D3)) (AND (A0 (NOT (D1)) D0)) (AND (A0 (NOT (A1)) D2)))))))
(CAPTURE_CANDIDATE (AND ((OR ((AND (A1 D3)) (AND ((NOT (A0)) D0)) (AND (A0 (NOT (A1)) D2)) (AND (A0 (NOT (A1)))))))))
(CAPTURE_CANDIDATE (AND ((OR ((NOT (D2)) (NOT (D3)) (AND (A1 D3)) (AND ((NOT (A0)) D0)) (AND (A0 (NOT (A1)) D2)))))))
(CAPTURE_CANDIDATE (AND ((OR ((AND (A1 D3)) (AND ((NOT (A0)) D0)))))))
(CAPTURE_CANDIDATE (AND ((OR ((AND (A1 D3)) (AND ((NOT (A0)) D0)) (AND ((NOT (A1)) D2)))))))
(CAPTURE_CANDIDATE (AND ((OR ((AND (A1 D3)) (AND ((NOT (A0)) D0)) (AND (A0 (NOT (A1)) D2)) (AND ((NOT (A0)) (NOT (D3)))))))))
(CAPTURE_CANDIDATE (AND ((OR ((AND (D3 (OR (A1 A0 (NOT (D2)))))) (AND ((NOT (A0)) D0)) (AND (A0 (NOT (A1)) D2)))))))
(CAPTURE_CANDIDATE (AND ((OR ((AND (A1 (OR (D3 (NOT (D0)))))) (AND ((NOT (A0)) D0)) (AND (A0 (NOT (A1)) D2)))))))
(CAPTURE_CANDIDATE (AND ((OR ((AND (A1 D3)) (AND ((NOT (A0)) D0 (NOT (D3)))) (AND (A0 (NOT (A1)) D2)))))))
(CAPTURE_CANDIDATE (AND ((OR ((AND (A0 A1 D3)) (AND ((NOT (A0)) D0)) (AND (A0 (NOT (A1)) D2)))))))
(CAPTURE_CANDIDATE (AND ((OR ((AND (A1 D3)) (AND ((NOT (A0)) (OR (D0 (NOT (A1)) (NOT (D3)))))) (AND (A0 (NOT (A1)) D2)))))))
(CAPTURE_CANDIDATE (AND ((OR ((AND (A1 D3)) (AND ((NOT (A1)) (NOT (D3)) (NOT (A0)) D0)) (AND (A0 (NOT (A1)) D2)))))))
(CAPTURE_CANDIDATE (AND ((OR ((AND (A1 D3)) (AND ((NOT (A0)) D0)) (AND (A0 D2)))))))
(CAPTURE_CANDIDATE (AND ((OR (A1 (AND (A1 D3)) (AND ((NOT (A0)) D0)) (AND (A0 (NOT (A1)) D2)))))))
(CAPTURE_CANDIDATE (AND ((OR ((AND (D3 (OR (A1 (NOT (A0)))))) (AND ((NOT (A0)) D0)) (AND (A0 (NOT (A1)) D2)))))))
(CAPTURE_CANDIDATE (AND ((OR ((AND (A1 D3)) (AND ((NOT (A0)) D0)) (AND (D1 A0 (NOT (A1)) D2)))))))
(CAPTURE_CANDIDATE (AND (D1 (OR ((AND (A1 D3)) (AND ((NOT (A0)) D0)) (AND (A0 (NOT (A1)) D2)))))))
(CAPTURE_CANDIDATE (AND ((OR ((AND (A1 D3)) (AND (D3 (NOT (A0)) D0)) (AND (A0 (NOT (A1)) D2)))))))
(CAPTURE_CANDIDATE (AND ((OR ((AND (A1 D3)) (AND (D1 (NOT (A0)) D0)) (AND (A0 (NOT (A1)) D2)))))))
(CAPTURE_CANDIDATE (AND ((OR ((AND (A1 D3)) (AND ((NOT (A0)) D0)) (AND (A0 (NOT (A1)) D2)) (AND ((NOT (A0)) (NOT (D1)))))))))
(CAPTURE_CANDIDATE (AND ((OR ((AND (A1 D3)) (AND (D0 (OR ((NOT (A0)) D3)))) (AND (A0 (NOT (A1)) D2)))))))
(CAPTURE_CANDIDATE (AND ((OR ((AND (A1 D3)) (AND (D0 (OR ((NOT (A0)) (NOT (D1)) (NOT (D2)))))) (AND (A0 (NOT (A1)) D2)))))))
(CAPTURE_CANDIDATE (AND ((OR ((AND (D3 (OR (A1 D0)))) (AND ((NOT (A0)) D0)) (AND (A0 (NOT (A1)) D2)))))))
(CAPTURE_CANDIDATE (AND ((OR ((AND (A1 D3)) (AND (D0 (OR ((NOT (A0)) (AND ((NOT (A1)) D1)))))) (AND (A0 (NOT (A1)) D2)))))))
(CAPTURE_CANDIDATE (AND ((NOT (D0)) (OR ((AND (A1 D3)) (AND (A0 (NOT (A1)) D2)))))))
(CAPTURE_CANDIDATE (AND ((OR ((AND (A1 D3)) (AND ((NOT (A0)) D0)) (AND (A0 (NOT (A1)) D2)) (NOT (A1)) D2)))))
(CAPTURE_CANDIDATE (AND ((OR ((AND (A1 D3)) (AND ((NOT (A0)) D0)) (AND (A0 (NOT (A1)) D2)))))))
(CAPTURE_CANDIDATE (AND ((OR ((AND ((NOT (D0)) (NOT (D2)) A1 D3)) (AND ((NOT (A0)) D0)) (AND (A0 (NOT (A1)) D2)))))))
(CAPTURE_CANDIDATE (AND ((OR ((AND ((NOT (D0)) A1 D3)) (AND ((NOT (A0)) D0)) (AND (A0 (NOT (A1)) D2)))))))
(CAPTURE_CANDIDATE (AND ((OR ((AND (A1 D3)) (AND ((NOT (A0)) D0)) (AND (A0 (NOT (A1)) D2)))))))
(CAPTURE_CANDIDATE (AND ((OR ((AND (A1 D3)) (AND ((NOT (A0)) D0)) (AND (A0 A1 D2)))))))
(CAPTURE_CANDIDATE (AND ((OR ((AND ((NOT (D0)) D3)) (AND (A1 D3)) (AND ((NOT (A0)) D0)) (AND (A0 (NOT (A1)) D2)))))))
(CAPTURE_CANDIDATE (AND ((OR ((AND (A1 D3)) (AND ((NOT (A0)) D0)) (AND (A0 (NOT (A1)) D2)))))))
(CAPTURE_CANDIDATE (AND ((OR ((AND (A1 D3)) (AND ((NOT (A0)) D0)) (AND ((NOT (A1)) D2 (OR (A0 D0)))))))))
(CAPTURE_CANDIDATE (AND ((OR (A0 (AND (A1 D3)) (AND ((NOT (A0)) D0)) (AND (A0 (NOT (A1)) D2)))))))
(CAPTURE_CANDIDATE (AND (D1 (OR ((AND (A1 D3)) (AND ((NOT (A0)) D0)) (AND (A0 (NOT (A1)) D2)))))))
(CAPTURE_CANDIDATE (AND ((OR ((AND (A1 (OR (D3 (NOT (D1)))))) (AND ((NOT (A0)) D0)) (AND (A0 (NOT (A1)) D2)))))))
(CAPTURE_CANDIDATE (AND ((OR ((AND (A1 D3)) (AND ((NOT (A0)) D0)) (AND (A0 (NOT (A1)) D2)))))))
(CAPTURE_CANDIDATE (AND ((OR ((AND (A1 D3)) (AND ((NOT (A0)) D0)) (AND (A0 (NOT (A1)) D2)))))))
(CAPTURE_CANDIDATE (AND ((OR ((AND (A1 (NOT (D2)))) (AND (A1 D3)) (AND ((NOT (A0)) D0)) (AND (A0 (NOT (A1)) D2)))))))
(CAPTURE_CANDIDATE (AND ((OR ((AND (A1 D3)) (AND ((NOT (A0)) D0)) (AND (A0 (NOT (A1)))))))))
(CAPTURE_CANDIDATE (AND ((OR ((AND (A1 D3)) (AND ((NOT (A0)) D0)) (AND (A0 (NOT (A1)) (OR (D2 (NOT (D1)))))))))))
(CAPTURE_CANDIDATE (AND ((OR ((AND (A1 D3)) (AND ((NOT (A0)) D0 D3)) (AND (A0 (NOT (A1)) D2)))))))
(CAPTURE_CANDIDATE (AND ((OR ((AND ((NOT (D3)) A1)) (AND ((NOT (A0)) D0)) (AND (A0 (NOT (A1)) D2)))))))
(CAPTURE_CANDIDATE (AND ((OR ((AND (A1 D3)) (AND ((NOT (A0)) D0)) (AND ((NOT (A1)) D2 (OR (A0 (NOT (D0)))))))))))
(CAPTURE_CANDIDATE (AND ((OR ((AND (A1 D3)) (AND ((NOT (A0)) D0)) (AND (A0 (NOT (A1)) D2)))))))
(CAPTURE_CANDIDATE (AND ((OR ((AND (A1 D3)) (AND (D0 (OR ((NOT (A0)) A1 (NOT (D1)))))) (AND (A0 (NOT (A1)) D2)))))))
(CAPTURE_CANDIDATE (AND ((OR ((AND (A1 D3)) (AND ((NOT (A0)) D0)) (AND (A0 (NOT (A1)))))))))
(CAPTURE_CANDIDATE (AND ((OR ((NOT (D3)) (AND (A1 D3)) (AND ((NOT (A0)) D0)) (AND (A0 (NOT (A1)) D2)))))))
(CAPTURE_CANDIDATE (AND (D3 (OR (A1 (AND ((NOT (A0)) D0)) (AND (A0 (NOT (A1)) D2)))))))
(CAPTURE_CANDIDATE (AND ((OR ((AND (D3 (OR (A1 D2)))) (AND ((NOT (A0)) D0)) (AND (A0 (NOT (A1)) D2)))))))
(CAPTURE_CANDIDATE (AND ((OR ((AND (A1 D3)) (AND ((NOT (A0)) D0)) (AND (A0 (NOT (A1)) D2)) D3)))))
(CAPTURE_CANDIDATE (AND ((OR ((AND (A1 D3)) (AND (D0 (OR ((NOT (A0)) A1 (NOT (D1)))))) (AND (A0 (NOT (A1)) D2)))))))
(CAPTURE_CANDIDATE (AND ((OR ((AND (A1 D3)) (AND ((NOT (A0)) D0)))))))
(CAPTURE_CANDIDATE (AND ((OR ((AND (A1 D3)) D0 (AND (A0 (NOT (A1)) D2)))))))
(CAPTURE_CANDIDATE (AND ((OR ((NOT (D3)) (AND (A1 D3)) (AND ((NOT (A0)) D0)) (AND (A0 (NOT (A1)) D2)))))))
(CAPTURE_CANDIDATE (AND ((OR ((AND (D3 (OR (A1 (NOT (D2)))))) (AND ((NOT (A0)) D0)) (AND (A0 (NOT (A1)) D2)))))))
(CAPTURE_CANDIDATE (AND ((OR ((AND ((NOT (D0)) (NOT (D1)))) (AND (A1 D3)) (AND ((NOT (A0)) D0)) (AND (A0 (NOT (A1)) D2)))))))
(CAPTURE_CANDIDATE (AND ((OR ((AND (A1 D3)) (AND ((NOT (A0)) D0)) (AND ((NOT (A1)) D2 (OR (A0 (NOT (D1)))))))))))
(CAPTURE_CANDIDATE (AND ((OR ((AND (A1 D3)) (AND ((NOT (A0)) D0)) (AND (A0 (NOT (A1)) D2)))))))
(CAPTURE_CANDIDATE (AND ((OR ((AND (A1 D3)) (AND ((NOT (A0)) D0)) (AND (A0 D2 (OR ((NOT (A1)) D1)))))))))
(CAPTURE_CANDIDATE (AND ((OR ((AND (A1 D3)) (AND ((NOT (A0)) D0)))))))
(CAPTURE_CANDIDATE (AND ((OR ((AND (A1 D3)) (AND ((NOT (A0)) D0)) (AND (D1 (NOT (D3)) A0 (NOT (A1)) D2)))))))
(CAPTURE_CANDIDATE (AND ((OR ((AND (A1 D3)) (AND ((NOT (A0)) D0)) (AND (A0 (NOT (A1)) D2)))))))
(CAPTURE_CANDIDATE (AND ((OR ((AND (A1 D3)) (AND ((NOT (A0)) D0)) (AND (A0 (NOT (A1)) D2 D3)))))))
(CAPTURE_CANDIDATE (AND ((NOT (A0)) (NOT (D2)) (OR ((AND (A1 D3)) D0)))))
(CAPTURE_CANDIDATE (AND ((OR ((AND (A1 D3)) (AND ((NOT (A0)) D0)) (AND (A0 (NOT (A1)) D2)) D3)))))
(CAPTURE_CANDIDATE (AND ((OR ((AND (D3 A1)) (AND ((NOT (A0)) D0)) (AND (A0 (NOT (A1)) D2)))))))
(CAPTURE_CANDIDATE (AND ((OR ((AND (A1 D3)) (AND ((NOT (A0)) D0)) (AND (A0 D2 (OR ((NOT (A1)) (NOT (D3)))))))))))
(CAPTURE_CANDIDATE (AND ((OR ((AND (A1 D3)) (AND ((NOT (A0)) D0)) (AND (A0 (NOT (A1)) D2)))))))
(CAPTURE_CANDIDATE (AND ((OR ((AND (A1 D3)) (AND ((NOT (A0)) D0)) (AND (A0 (NOT (A1)) D2)) D1)))))
(CAPTURE_CANDIDATE (AND ((OR ((AND (A1 D3)) (AND ((NOT (A0)) D0)) (AND (A0 (NOT (A1)) D2)) A0 D1)))))
(CAPTURE_CANDIDATE (AND ((OR ((AND (A1 D3)) (AND ((NOT (A0)) D0)) (AND (A0 D2 (OR ((NOT (A1)) D3)))))))))
(CAPTURE_CANDIDATE (AND ((OR ((AND (A1 D3)) (AND ((NOT (A0)) D0)) (AND ((NOT (A1)) D2 (OR (A0 D0 (NOT (D1)))))))))))
(CAPTURE_CANDIDATE (AND ((OR ((AND ((NOT (D1)) A1 D3)) (AND ((NOT (A0)) D0)) (AND (A0 (NOT (A1)) D2)))))))
(CAPTURE_CANDIDATE (AND ((OR ((AND (A1 (OR (D3 (NOT (A0)))))) (AND ((NOT (A0)) D0)) (AND (A0 (NOT (A1)) D2)))))))
(CAPTURE_CANDIDATE (AND ((OR ((AND (A1 D3)) (AND ((NOT (A0)) D0)) (AND ((NOT (A1)) D2)))))))
(CAPTURE_CANDIDATE (AND ((OR ((AND (A1 D3)) (AND ((NOT (A0)) D0)) (AND (A0 (NOT (A1)) D2)))))))
(CAPTURE_CANDIDATE (AND ((OR ((AND (A1 D3)) (AND (D0 (OR ((NOT (A0)) (NOT (D1)))))) (AND (A0 (NOT (A1)) D2)))))))
(CAPTURE_CANDIDATE (AND ((OR ((AND (A1 D3)) (AND ((NOT (A0)) D0)) (AND (A0 (NOT (A1)) D2)) (NOT (D1)))))))
(CAPTURE_CANDIDATE (AND ((OR ((AND (D3 (OR (A1 D0 (NOT (D2)))))) (AND ((NOT (A0)) D0)) (AND (A0 (NOT (A1)) D2)))))))
(CAPTURE_CANDIDATE (AND ((OR ((AND (A1 D3)) (AND ((NOT (A0)) D0)) (AND (A0 (NOT (A1)) D2)))) (OR (D1 D2)))))
(CAPTURE_CANDIDATE (AND ((OR ((AND ((NOT (D1)) A1 D3)) (AND ((NOT (A0)) D0)) (AND (A0 (NOT (A1)) D2)))))))
(CAPTURE_CANDIDATE (AND ((OR ((AND (A1 D3)) (AND ((NOT (A0)) D0)) (AND (A0 D2 (OR ((NOT (A1)) (NOT (D1)) (NOT (D3)))))))))))
(CAPTURE_CANDIDATE (AND ((NOT (D2)) (OR ((AND (A1 D3)) (AND ((NOT (A0)) D0)))))))
(CAPTURE_CANDIDATE (AND ((OR ((AND (A1 D3)) (NOT (A0)) (AND (A0 (NOT (A1)) D2)))))))
(New best score: -8.571428571428571)
(Terminating because of maxEval ending)
(Terminating because of maxEval ending)
(OptimizedDeme: 500)
"Merging Deme"
(Demesize: 500)
(nEval: 10000 LenSInstList: 500)
(TopCnd: 500)
(Keep 100 Unique instances from 500)
(KeptUniqueTopCandidates NewSize: 100)
(TrimmedDownDeme: 32)
(CAPTURE_CANDIDATE (AND ((OR ((AND (A1 D3)) (AND ((NOT (A0)) D0 (OR ((NOT (A1)) D1)))) (AND (A0 (NOT (A1)) D2)))))))
(CAPTURE_CANDIDATE (AND ((OR ((AND (A1 D3)) (AND ((NOT (A0)) D0)) (AND (A0 (NOT (A1)) D2)))))))
(CAPTURE_CANDIDATE (AND ((OR ((AND (A1 D3)) (AND ((NOT (A0)) D0)) (AND ((NOT (A1)) D2 A0)))))))
(CAPTURE_CANDIDATE (AND ((OR ((AND (A1 D3)) (AND ((NOT (A0)) D0)) (AND (A0 (NOT (A1)) D2)))))))
(CAPTURE_CANDIDATE (AND ((OR ((AND (A1 D3)) (AND ((NOT (A0)) D0)) (AND (A0 D2 (NOT (A1)))))))))
(CAPTURE_CANDIDATE (AND ((OR ((AND (A1 D3)) (AND ((NOT (A0)) D0)) (AND (A0 (NOT (A1)) D2)))))))
(CAPTURE_CANDIDATE (AND ((OR ((AND (A1 D3)) (AND ((NOT (A0)) D0)) (AND ((NOT (A1)) D2 A0)))))))
(CAPTURE_CANDIDATE (AND ((OR ((AND (A1 D3)) (AND ((NOT (A0)) D0)) (AND (A0 (NOT (A1)) D2)))))))
(CAPTURE_CANDIDATE (AND ((OR ((AND (A1 D3)) (AND ((NOT (A0)) D0)) (AND ((NOT (A1)) D2 A0)))))))
(CAPTURE_CANDIDATE (AND ((OR ((AND (A1 D3)) (AND (D0 (NOT (A0)))) (AND (A0 (NOT (A1)) D2)))))))
(CAPTURE_CANDIDATE (AND ((OR ((AND (A1 D3)) (AND ((NOT (A0)) D0)) (AND (A0 D2 (NOT (A1)))))))))
(CAPTURE_CANDIDATE (AND ((OR ((AND (A1 D3)) (AND ((NOT (A0)) D0)) (AND (A0 (NOT (A1)) D2)))))))
(CAPTURE_CANDIDATE (AND ((OR ((AND (A1 D3)) (AND ((NOT (A0)) D0)) (AND (A0 D2 (NOT (A1)))))))))
(CAPTURE_CANDIDATE (AND ((OR ((AND (A1 D3)) (AND ((NOT (A0)) D0)) (AND (A0 (NOT (A1)) D2)))))))
(CAPTURE_CANDIDATE (AND ((OR ((AND (A1 D3)) (AND ((NOT (A0)) D0)) (AND (A0 D2 (NOT (A1)))))))))
(CAPTURE_CANDIDATE (AND ((OR ((AND (A1 D3)) (AND ((NOT (A0)) D0)) (AND (A0 (NOT (A1)) D2)))))))
(CAPTURE_CANDIDATE (AND ((OR ((AND (A1 D3)) (AND (D0 (NOT (A0)))) (AND (A0 (NOT (A1)) D2)))))))
(CAPTURE_CANDIDATE (AND ((OR ((AND (A1 D3)) (AND ((NOT (A0)) D0)) (AND (A0 (NOT (A1)) D2)))))))
(CAPTURE_CANDIDATE (AND ((OR ((AND (A1 D3)) (AND ((NOT (A0)) D0)) (AND ((NOT (A1)) D2 A0)))))))
(CAPTURE_CANDIDATE (AND ((OR ((AND (A1 D3)) (AND ((NOT (A0)) D0)) (AND (A0 (NOT (A1)) D2)))))))
(CAPTURE_CANDIDATE (AND ((OR ((AND (D3 A1)) (AND ((NOT (A0)) D0)) (AND (A0 (NOT (A1)) D2)))))))
(CAPTURE_CANDIDATE (AND ((OR ((AND (A1 D3)) (AND ((NOT (A0)) D0)) (AND (A0 (NOT (A1)) D2)))))))
(CAPTURE_CANDIDATE (AND ((OR ((AND (A1 (OR (D3 (NOT (A0)))))) (AND ((NOT (A0)) D0)) (AND (A0 (NOT (A1)) D2)))))))
(CAPTURE_CANDIDATE (AND ((OR ((AND (A1 D3 A0)) (AND ((NOT (A0)) D0)) (AND (A0 (NOT (A1)) D2)))))))
(CAPTURE_CANDIDATE (AND ((OR ((AND (A1 D3)) (AND ((NOT (A1)) (NOT (A0)) D0)) (AND (A0 (NOT (A1)) D2)))))))
(CAPTURE_CANDIDATE (AND ((OR ((AND (A1 D3)) (AND ((NOT (A0)) D0)) (AND ((NOT (A1)) D2 (OR (A0 D0)))))))))
(CAPTURE_CANDIDATE (AND ((OR ((AND (A1 D3 A0)) (AND ((NOT (A0)) D0)) (AND (A0 (NOT (A1)) D2)))))))
(CAPTURE_CANDIDATE (AND ((OR ((AND (A1 (OR (D3 (NOT (A0)))))) (AND ((NOT (A0)) D0)) (AND (A0 (NOT (A1)) D2)))))))
(CAPTURE_CANDIDATE (AND ((OR ((AND (A0 A1 D3)) (AND ((NOT (A0)) D0)) (AND (A0 (NOT (A1)) D2)))))))
(CAPTURE_CANDIDATE (AND ((OR ((AND (A1 D3)) (AND ((NOT (A0)) D0)) (AND ((NOT (A1)) D2 (OR (A0 D0)))))))))
(CAPTURE_CANDIDATE (AND ((OR ((AND (A1 D3)) (AND ((NOT (A0)) D0)) (AND (A0 D2 (OR ((NOT (A1)) D3)))))))))
(CAPTURE_CANDIDATE (AND ((OR ((AND (A1 (OR (D3 (NOT (A0)))))) (AND ((NOT (A0)) D0)) (AND (A0 (NOT (A1)) D2)))))))
(Before getNewCandidates: 32)
(Going to merge 4 Instances)
(Metapop size before resize: 23)
(Metapop size after resize: 8)
""
(Generation 1)
"expand  deme returnn"
(SelectedTree: (AND (OR (AND A1 D3) (AND (NOT A0) D0 (OR (NOT A1) D1)) (AND A0 (NOT A1) D2))))
(GeneratedList: (0 0 0 0 0 0 0 0 0 0 0 0 0 0 0 0 0 0 0 0 0 0 0 0 0 0 0 0 0 0 0 0 0 0 0 0 0 1 0 0 0 1 0 0 0 0 0 0 0 0 0 0 0 0 0 0 0 0 0 0 0 0 0 0 0 0 0 0 0 0 0 0 0 0 0 0 0 0 0 0 0 0 1 0 1 0 0 0 0 0 0 0 0 0 0 1 0 1 0 0 0 0 0 0 0 0 0 1 0 0 0 0 0 0 0 0 0 0 0 0 0 0 0 0 0 0 0 0 0 0 0 0 0 0 0 0 0 0 0 0 0 1 0 0 0 0 0 0 0 0 0 0 0 0 0 0 0 0 0 0 0 0 0 0 0 0 0 0 0 0 0 0 0 0 0 0 1 1 0 0 1 0 0 0 0 0 0 0 0 0 0 0 0 0 0 0 0 0 0 0 1 0 0 0 0 0 0 0 0 0 0 0 0 0 0 0 0 0 0 0 0 0 0 0 0 0 0 0 0 0 0 0 0 0 0 0 0 0 0 0 0 0 0 0 0 0 0 0 0 0 0 0 0 0 0 0 0 0 0 0 0 0 0 0 0 0 0 0 0 0))
""
(Iteration 1 running)
(Crossover: false)
(CenterInst: (0 0 0 0 0 0 0 0 0 0 0 0 0 0 0 0 0 0 0 0 0 0 0 0 0 0 0 0 0 0 0 0 0 0 0 0 0 1 0 0 0 1 0 0 0 0 0 0 0 0 0 0 0 0 0 0 0 0 0 0 0 0 0 0 0 0 0 0 0 0 0 0 0 0 0 0 0 0 0 0 0 0 1 0 1 0 0 0 0 0 0 0 0 0 0 1 0 1 0 0 0 0 0 0 0 0 0 1 0 0 0 0 0 0 0 0 0 0 0 0 0 0 0 0 0 0 0 0 0 0 0 0 0 0 0 0 0 0 0 0 0 1 0 0 0 0 0 0 0 0 0 0 0 0 0 0 0 0 0 0 0 0 0 0 0 0 0 0 0 0 0 0 0 0 0 0 1 1 0 0 1 0 0 0 0 0 0 0 0 0 0 0 0 0 0 0 0 0 0 0 1 0 0 0 0 0 0 0 0 0 0 0 0 0 0 0 0 0 0 0 0 0 0 0 0 0 0 0 0 0 0 0 0 0 0 0 0 0 0 0 0 0 0 0 0 0 0 0 0 0 0 0 0 0 0 0 0 0 0 0 0 0 0 0 0 0 0 0 0 0))
(size: 64)
(1 : 1 : 0)
(CAPTURE_CANDIDATE (AND ((OR ((AND (A1 D3)) (AND ((NOT (A0)) D0 (OR ((NOT (A1)) D1)))) (AND (A0 (NOT (A1)) D2)))))))
(New best score: -8.571428571428571)
""
(Iteration 2 running)
(Crossover: false)
(CenterInst: (0 0 0 0 0 0 0 0 0 0 0 0 0 0 0 0 0 0 0 0 0 0 0 0 0 0 0 0 0 0 0 0 0 0 0 0 0 1 0 0 0 1 0 0 0 0 0 0 0 0 0 0 0 0 0 0 0 0 0 0 0 0 0 0 0 0 0 0 0 0 0 0 0 0 0 0 0 0 0 0 0 0 1 0 1 0 0 0 0 0 0 0 0 0 0 1 0 1 0 0 0 0 0 0 0 0 0 1 0 0 0 0 0 0 0 0 0 0 0 0 0 0 0 0 0 0 0 0 0 0 0 0 0 0 0 0 0 0 0 0 0 1 0 0 0 0 0 0 0 0 0 0 0 0 0 0 0 0 0 0 0 0 0 0 0 0 0 0 0 0 0 0 0 0 0 0 1 1 0 0 1 0 0 0 0 0 0 0 0 0 0 0 0 0 0 0 0 0 0 0 1 0 0 0 0 0 0 0 0 0 0 0 0 0 0 0 0 0 0 0 0 0 0 0 0 0 0 0 0 0 0 0 0 0 0 0 0 0 0 0 0 0 0 0 0 0 0 0 0 0 0 0 0 0 0 0 0 0 0 0 0 0 0 0 0 0 0 0 0 0))
(size: 64)
(1620 : 499 : 1)
(CAPTURE_CANDIDATE (AND ((OR ((AND (A1 D3)) (AND ((NOT (A0)) D0 (OR ((NOT (A1)) D1)))) (AND (A0 (NOT (A1)) D2)))))))
(CAPTURE_CANDIDATE (AND ((OR ((AND (A1 D3)) (AND ((NOT (A0)) D0 (OR ((NOT (A1)) D1)))) (AND (A0 (NOT (A1)) D2)))))))
(CAPTURE_CANDIDATE (AND (D2 (OR ((AND (A1 D3)) (AND ((NOT (A0)) D0 (OR ((NOT (A1)) D1)))) (AND (A0 (NOT (A1)))))))))
(CAPTURE_CANDIDATE (AND ((OR ((NOT (D2)) (AND (A1 D3)) (AND ((NOT (A0)) D0 (OR ((NOT (A1)) D1)))) (AND (A0 (NOT (A1)) D2)))))))
(CAPTURE_CANDIDATE (AND ((OR ((AND ((NOT (D1)) A1 D3)) (AND ((NOT (A0)) D0 (OR ((NOT (A1)) D1)))) (AND (A0 (NOT (A1)) D2)))))))
(CAPTURE_CANDIDATE (AND ((OR ((AND (A1 D3)) (AND ((NOT (A0)) (OR ((NOT (A1)) D1)) (OR (D0 (NOT (A1)) (NOT (D0)))))) (AND (A0 (NOT (A1)) D2)))))))
(CAPTURE_CANDIDATE (AND ((OR ((AND (A1 D3)) (AND ((NOT (A0)) D0 (OR ((NOT (A1)) D1)))) (AND (A0 (NOT (A1)) D2)) A0)))))
(CAPTURE_CANDIDATE (AND ((OR ((AND (A1 D3)) (AND ((NOT (A0)) D0 (OR ((NOT (A1)) D1)))) (AND (A0 (NOT (A1)) D2)) (NOT (D0)) D3)))))
(CAPTURE_CANDIDATE (AND ((OR ((AND (A1 D3)) (AND ((NOT (A0)) D0 (OR ((NOT (A1)) D1 D1)))) (AND (A0 (NOT (A1)) D2)))))))
(CAPTURE_CANDIDATE (AND ((OR ((AND (A1 D3)) (AND ((NOT (A0)) D0 (OR ((NOT (A1)) D1)))) (AND ((NOT (A1)) D2)))))))
(CAPTURE_CANDIDATE (AND ((OR ((AND (A1 D3)) (AND (D0 (OR ((NOT (A1)) D1)))) (AND (A0 (NOT (A1)) D2)))))))
(CAPTURE_CANDIDATE (AND ((OR ((AND (A1 D3)) (AND ((NOT (A0)) D0)) (AND (A0 (NOT (A1)) D2)))))))
(CAPTURE_CANDIDATE (AND ((NOT (D2)) (OR ((AND (A1 D3)) (AND ((NOT (A0)) D0 (OR ((NOT (A1)) D1)))))))))
(CAPTURE_CANDIDATE (AND ((OR ((AND (A1 (OR (D3 (NOT (D1)))))) (AND ((NOT (A0)) D0 (OR ((NOT (A1)) D1)))) (AND (A0 (NOT (A1)) D2)))))))
(CAPTURE_CANDIDATE (AND ((OR ((AND (A1 D3)) (AND ((NOT (A0)) D0 (OR ((NOT (A1)) D1)))) (AND ((NOT (A1)) D2)))))))
(CAPTURE_CANDIDATE (AND ((OR ((AND (A1 D3)) (AND ((NOT (A0)) D0 (OR ((NOT (A1)) D1)))) (AND (A0 (NOT (A1)) D2)) A0 A1)))))
(CAPTURE_CANDIDATE (AND ((OR ((AND (A1 D3)) (AND ((NOT (A0)) D0 (OR ((NOT (A1)) D1)))) (AND (A0 (NOT (A1)) D2)))))))
(CAPTURE_CANDIDATE (AND ((OR ((AND (A1 D3)) (AND ((NOT (A0)) D0 (OR ((NOT (A1)) D1)))) (AND ((NOT (A1)) D2 A0)))))))
(CAPTURE_CANDIDATE (AND ((OR ((AND (A1 D3)) (AND ((NOT (A0)) D0 (OR ((NOT (A1)) (AND (D1 D3)))))) (AND (A0 (NOT (A1)) D2)))))))
(CAPTURE_CANDIDATE (AND ((OR ((AND (A1 D3)) (AND ((NOT (A0)) (OR ((NOT (A1)) D1)) (OR (D0 D3)))) (AND (A0 (NOT (A1)) D2)))))))
(CAPTURE_CANDIDATE (AND ((OR ((AND (A1 D3)) (AND ((NOT (A0)) D0 (OR ((NOT (A1)) D1)) (OR ((NOT (D1)) D3)))) (AND (A0 (NOT (A1)) D2)))))))
(CAPTURE_CANDIDATE (AND ((OR ((AND (A1 D3)) (AND ((NOT (A0)) D0 (OR ((NOT (A1)) D1)))) (AND (A0 (NOT (A1)) D2 D0)))))))
(CAPTURE_CANDIDATE (AND ((OR ((AND (A1 D3)) (AND ((NOT (A0)) D0 (OR ((NOT (A1)) D1)))) (AND ((NOT (A0)) (NOT (D0)) (NOT (A1)) D2)))))))
(CAPTURE_CANDIDATE (AND ((OR ((AND (A1 (OR (D3 D2)))) (AND ((NOT (A0)) D0 (OR ((NOT (A1)) D1)))) (AND (A0 (NOT (A1)) D2)))))))
(CAPTURE_CANDIDATE (AND ((OR ((AND (A1 D3)) (AND ((NOT (A0)) D0 (OR ((NOT (A1)) D1)))) (AND (A0 (NOT (A1)) D2)))) (OR (A0 (NOT (D2)))))))
(CAPTURE_CANDIDATE (AND ((OR ((AND (A1 D3)) (AND ((NOT (A0)) D0 (OR ((NOT (A1)) D1)))) (AND (A0 (NOT (A1)) D2)))))))
(CAPTURE_CANDIDATE (AND ((OR ((AND (A1 D3)) (AND ((NOT (A0)) D0 (OR ((NOT (A1)) D1)))) (AND (A0 (NOT (A1)) (OR (D2 (NOT (D3)))))))))))
(CAPTURE_CANDIDATE (AND ((OR ((AND (A1 D3)) (AND ((NOT (A0)) D0 (OR ((NOT (A1)) D1)))) (AND (A0 (NOT (A1)) D2)) D3)))))
(CAPTURE_CANDIDATE (AND ((OR ((AND (A1 (NOT (D1)))) (AND (A1 D3)) (AND ((NOT (A0)) D0 (OR ((NOT (A1)) D1)))) (AND (A0 (NOT (A1)) D2)))))))
(CAPTURE_CANDIDATE (AND ((OR ((AND (A1 D3)) (AND ((NOT (A0)) D0 (OR ((NOT (A1)) D1 (AND ((NOT (D2)) D3)))))) (AND (A0 (NOT (A1)) D2)))))))
(CAPTURE_CANDIDATE (AND ((OR ((AND (A1 D3 A0 D1)) (AND ((NOT (A0)) D0 (OR ((NOT (A1)) D1)))) (AND (A0 (NOT (A1)) D2)))))))
(CAPTURE_CANDIDATE (AND ((OR ((AND (A1 D3)) (AND ((NOT (A0)) (OR ((NOT (A1)) D1)) (OR (D0 A1)))) (AND (A0 (NOT (A1)) D2)))))))
(CAPTURE_CANDIDATE (AND ((OR ((AND (A1 D3)) (AND ((NOT (A0)) D0 (OR (A1 D1)))) (AND (A0 (NOT (A1)) D2)))))))
(CAPTURE_CANDIDATE (AND (A1 (OR (D3 (AND ((NOT (A0)) D0 D1)))))))
(CAPTURE_CANDIDATE (AND ((OR ((AND (A1 D3)) (AND ((NOT (A1)) D1 (NOT (A0)) D0)) (AND (A0 (NOT (A1)) D2)))))))
(CAPTURE_CANDIDATE (AND ((OR ((AND (A1 D3 A0 D2)) (AND ((NOT (A0)) D0 (OR ((NOT (A1)) D1)))) (AND (A0 (NOT (A1)) D2)))))))
(CAPTURE_CANDIDATE (AND ((OR ((AND (A1 (OR (D3 (AND ((NOT (A0)) D0)))))) (AND ((NOT (A0)) D0 (OR ((NOT (A1)) D1)))) (AND (A0 (NOT (A1)) D2)))))))
(CAPTURE_CANDIDATE (AND ((OR ((AND (A1 D3)) (AND ((NOT (A1)) D1 (NOT (D3)) (NOT (A0)) D0)) (AND (A0 (NOT (A1)) D2)))))))
(CAPTURE_CANDIDATE (AND ((OR (D1 (NOT (D3)) (AND (A1 D3)) (AND ((NOT (A0)) D0 (OR ((NOT (A1)) D1)))) (AND (A0 (NOT (A1)) D2)))))))
(CAPTURE_CANDIDATE (AND ((OR ((AND (A1 D3)) (AND ((NOT (A0)) D0 (OR ((NOT (A1)) D1)))) (AND (A0 (NOT (A1)) D2)))))))
(CAPTURE_CANDIDATE (AND ((OR ((AND (A1 D3)) (AND ((NOT (A0)) D0 (OR ((NOT (A1)) D1)))) (AND (A0 D2 (NOT (A1)))))))))
(CAPTURE_CANDIDATE (AND ((OR ((AND (A1 D3)) (AND ((NOT (A0)) D0 (OR ((NOT (A1)) D1)))) (AND ((NOT (A1)) D2)))))))
(CAPTURE_CANDIDATE (AND ((OR ((AND (A1 D3)) (AND ((NOT (A0)) D0 D1)) (AND (A0 (NOT (A1)) D2)))))))
(CAPTURE_CANDIDATE (AND ((OR ((AND ((NOT (A0)) (NOT (D2)))) (AND (A1 D3)) (AND ((NOT (A0)) D0 (OR ((NOT (A1)) D1)))) (AND (A0 (NOT (A1)) D2)))))))
(CAPTURE_CANDIDATE (AND ((OR (D3 (AND ((NOT (A0)) D0 (OR ((NOT (A1)) D1)))) (AND (A0 (NOT (A1)) D2)))))))
(CAPTURE_CANDIDATE (AND ((OR ((AND (A1 D3 (OR ((NOT (A0)) D2)))) (AND ((NOT (A0)) D0 (OR ((NOT (A1)) D1)))) (AND (A0 (NOT (A1)) D2)))))))
(CAPTURE_CANDIDATE (AND ((OR (A1 (AND ((NOT (A0)) D0 (OR ((NOT (A1)) D1)))) (AND (A0 (NOT (A1)) D2)))))))
(CAPTURE_CANDIDATE (AND ((OR ((AND (A1 D3)) (AND ((NOT (A0)) D0 (NOT (A1)))) (AND (A0 (NOT (A1)) D2)))))))
(CAPTURE_CANDIDATE (AND ((OR ((AND (A1 D3)) (AND ((NOT (A0)) D0 (OR ((NOT (A1)) D1)))) (AND (A0 (NOT (A1)) D2)))))))
(CAPTURE_CANDIDATE (AND ((OR ((AND (A1 D3)) (AND ((NOT (A0)) D0 (OR ((NOT (A1)) D1)))) (AND (A0 (NOT (A1)) D2)))))))
(CAPTURE_CANDIDATE (AND ((OR ((AND (A1 D3)) (AND ((NOT (A0)) D0 (OR ((NOT (A1)) D1)))) (AND (A0 D2 (OR ((NOT (A1)) (NOT (D1)))))))))))
(CAPTURE_CANDIDATE (AND ((OR ((AND (D1 A1 D3)) (AND ((NOT (A0)) D0 (OR ((NOT (A1)) D1)))) (AND (A0 (NOT (A1)) D2)))))))
(CAPTURE_CANDIDATE (AND ((OR ((AND (A1 D3)) (AND ((NOT (A0)) D0 (OR ((NOT (A1)) D1)))) (AND (A0 (NOT (A1)) D2)))))))
(CAPTURE_CANDIDATE (AND ((OR ((AND (A1 D3)) (AND ((NOT (A0)) D0 (OR ((NOT (A1)) D1)))) (AND (A0 (NOT (A1)) D2)))) (OR ((NOT (A0)) D2)))))
(CAPTURE_CANDIDATE (AND ((OR (D1 (AND (A1 D3)) (AND ((NOT (A0)) D0 (OR ((NOT (A1)) D1)))) (AND (A0 (NOT (A1)) D2)))))))
(CAPTURE_CANDIDATE (AND ((OR ((AND (A1 D3)) (AND ((NOT (A0)) D0 (OR ((NOT (A1)) D1)))))))))
(CAPTURE_CANDIDATE (AND ((OR ((AND (A1 D3)) (AND ((NOT (A0)) D0 (OR ((NOT (A1)) D1)))) (AND (A0 (NOT (A1)) D2)))))))
(CAPTURE_CANDIDATE (AND ((OR ((NOT (D0)) (AND (A1 D3)) (AND ((NOT (A0)) D0 (OR ((NOT (A1)) D1)))) (AND (A0 (NOT (A1)) D2)))))))
(CAPTURE_CANDIDATE (AND ((OR ((AND (D0 D3)) (AND (A1 D3)) (AND ((NOT (A0)) D0 (OR ((NOT (A1)) D1)))) (AND (A0 (NOT (A1)) D2)))))))
(CAPTURE_CANDIDATE (AND ((OR ((AND (A1 D3)) (AND ((NOT (A0)) D0 (OR ((NOT (A1)) D1)))) (AND ((NOT (D1)) A0 (NOT (A1)) D2)))))))
(CAPTURE_CANDIDATE (AND ((OR ((AND (A1 D3)) (AND ((NOT (A0)) D0 (OR ((NOT (A1)) D1)))))))))
(CAPTURE_CANDIDATE (AND ((OR ((AND (A1 D3)) (AND ((NOT (A0)) D0 (OR ((NOT (A1)) D1)))) (AND (A0 (NOT (A1)) D2)))) (OR (A0 (NOT (D1)))))))
(CAPTURE_CANDIDATE (AND ((OR ((AND (A1 (OR (D3 (NOT (A0)))))) (AND ((NOT (A0)) D0 (OR ((NOT (A1)) D1)))) (AND (A0 (NOT (A1)) D2)))))))
(CAPTURE_CANDIDATE (AND ((OR ((AND (A1 D3)) (AND ((NOT (A0)) D0 (OR ((NOT (A1)) D1)))) (AND (A0 (NOT (A1)) D2)) A1 D1)))))
(CAPTURE_CANDIDATE (AND ((OR ((AND (A1 D3)) (AND ((NOT (A0)) D0 (OR ((NOT (A1)) D1)))) (AND (A0 D2 (NOT (A1)))))))))
(CAPTURE_CANDIDATE (AND ((OR ((AND (A1 D3)) (AND ((NOT (A0)) D0 (OR ((NOT (A1)) D1)))) (AND (A0 (NOT (A1)) D2)) (AND (D0 (NOT (D3)))))))))
(CAPTURE_CANDIDATE (AND ((OR ((AND (A1 D3)) (AND ((NOT (A0)) D0 (OR ((NOT (A1)) D1)))) (AND (A0 (NOT (A1)) D2 D1)))))))
(CAPTURE_CANDIDATE (AND ((OR ((AND (A1 D3)) (AND ((NOT (A0)) D0 (OR ((NOT (A1)) D1)))) (AND (A0 (NOT (A1)) D2)) (AND (A0 (NOT (D1)))))))))
(CAPTURE_CANDIDATE (AND ((OR ((AND (A1 D3)) (AND ((NOT (A0)) D0 (NOT (D3)) (OR ((NOT (A1)) D1)))) (AND (A0 (NOT (A1)) D2)))))))
(CAPTURE_CANDIDATE (AND ((OR ((AND (A1 D3)) (AND ((NOT (A0)) D0 (OR ((NOT (A1)) D1)))) (AND ((NOT (A1)) D2)))))))
(CAPTURE_CANDIDATE (AND ((OR ((AND (A1 D3)) (AND ((NOT (A0)) D0 (OR ((NOT (A1)) D1)))) (AND (A0 D2 (OR ((NOT (A1)) (NOT (D0)))))))))))
(CAPTURE_CANDIDATE (AND ((OR ((AND (A1 D3)) (AND ((NOT (A0)) D0 (OR ((NOT (A1)) D1)))) (AND (A0 (NOT (A1)) D2)))))))
(CAPTURE_CANDIDATE (AND ((OR ((AND (A1 D3)) (AND ((NOT (A0)) D0 (OR ((NOT (A1)) D1)))) (AND (A0 (NOT (A1)) (OR (D2 D3)))))))))
(CAPTURE_CANDIDATE (AND ((OR ((AND (A1 D3)) (AND ((NOT (A0)) D0)) (AND (A0 (NOT (A1)) D2)))))))
(CAPTURE_CANDIDATE (AND ((OR (D0 (AND (A1 D3)) (AND ((NOT (A0)) D0 (OR ((NOT (A1)) D1)))) (AND (A0 (NOT (A1)) D2)))))))
(CAPTURE_CANDIDATE (AND ((OR ((AND (D0 (NOT (D3)))) (AND (A1 D3)) (AND ((NOT (A0)) D0 (OR ((NOT (A1)) D1)))) (AND (A0 (NOT (A1)) D2)))))))
(CAPTURE_CANDIDATE (AND ((OR ((AND (A1 D3)) (AND ((NOT (A0)) D0 (NOT (D1)) (NOT (A1)))) (AND (A0 (NOT (A1)) D2)))))))
(CAPTURE_CANDIDATE (AND ((OR ((AND (A1 D3)) (AND ((NOT (A0)) D0 (OR ((NOT (A1)) D1)))) (AND (A0 (NOT (A1)))))))))
(CAPTURE_CANDIDATE (AND ((OR ((AND (A1 D3)) (AND ((NOT (A0)) D0 (OR ((NOT (A1)) D1)))) (AND (A0 (NOT (A1)) D2 D0 D1)))))))
(CAPTURE_CANDIDATE (AND ((OR ((AND (A1 D3)) (AND ((NOT (A0)) D0 (OR ((NOT (A1)) D1 (NOT (D3)))))) (AND (A0 (NOT (A1)) D2)))))))
(CAPTURE_CANDIDATE (AND ((OR ((AND (A1 D3)) (AND ((NOT (A0)) D0 (OR ((NOT (A1)) D1)))) (AND (A0 (NOT (A1)) D2)) A0)))))
(CAPTURE_CANDIDATE (AND ((OR ((AND ((NOT (D0)) D2)) (AND (A1 D3)) (AND ((NOT (A0)) D0 (OR ((NOT (A1)) D1)))) (AND (A0 (NOT (A1)) D2)))))))
(CAPTURE_CANDIDATE (AND ((OR ((AND (D3 A1)) (AND ((NOT (A0)) D0 (OR ((NOT (A1)) D1)))) (AND (A0 (NOT (A1)) D2)))))))
(CAPTURE_CANDIDATE (AND ((OR (A0 (AND (A1 D3)) (AND ((NOT (A0)) D0 (OR ((NOT (A1)) D1)))) (AND (A0 (NOT (A1)) D2)))))))
(CAPTURE_CANDIDATE (AND ((OR ((AND (A1 D3)) (AND ((NOT (A0)) D0 (OR ((NOT (A1)) D1)))) (AND (A0 (NOT (A1)) D2)))))))
(CAPTURE_CANDIDATE (AND ((OR ((AND (A1 D3)) (AND ((NOT (A0)) D0 (OR ((NOT (A1)) D1)))) (AND ((NOT (A1)) (NOT (D3)) A0 D2)))))))
(CAPTURE_CANDIDATE (AND ((OR (D2 (AND (A1 D3)) (AND ((NOT (A0)) D0 (OR ((NOT (A1)) D1)))) (AND (A0 (NOT (A1)) D2)))))))
(CAPTURE_CANDIDATE (AND ((OR ((AND ((NOT (D1)) D3)) (AND (A1 D3)) (AND ((NOT (A0)) D0 (OR ((NOT (A1)) D1)))) (AND (A0 (NOT (A1)) D2)))))))
(CAPTURE_CANDIDATE (AND ((OR ((AND (A1 D3)) (AND ((NOT (A0)) (OR ((NOT (A1)) D1)) (OR (D0 (AND ((NOT (D1)) D3)))))) (AND (A0 (NOT (A1)) D2)))))))
(CAPTURE_CANDIDATE (AND ((OR ((AND (A1 D3)) (AND ((NOT (A0)) D0 (OR ((NOT (A1)) D1)))) (AND (A0 D2 (OR ((NOT (A1)) (NOT (D0)))))))))))
(CAPTURE_CANDIDATE (AND ((OR ((AND (A1 D3)) (AND ((NOT (A0)) D0 (OR ((NOT (A1)) D1)))) (AND ((NOT (A0)) (NOT (D0)) (NOT (A1)) D2)))))))
(CAPTURE_CANDIDATE (AND ((OR ((AND (A0 (NOT (D2)) A1 D3)) (AND ((NOT (A0)) D0 (OR ((NOT (A1)) D1)))) (AND (A0 (NOT (A1)) D2)))))))
(CAPTURE_CANDIDATE (AND ((OR ((AND (A1 (OR (D3 A0)))) (AND ((NOT (A0)) D0 (OR ((NOT (A1)) D1)))) (AND (A0 (NOT (A1)) D2)))))))
(CAPTURE_CANDIDATE (AND ((OR ((AND (A1 D3)) (AND ((NOT (A0)) D0 (OR ((NOT (A1)) D1)) (OR ((NOT (A1)) D2)))) (AND (A0 (NOT (A1)) D2)))))))
(CAPTURE_CANDIDATE (AND ((OR ((AND (A1 D3)) (AND ((NOT (A0)) D0 (OR ((NOT (A1)) D1)))) (AND (A0 (NOT (A1)) D2)))))))
(CAPTURE_CANDIDATE (AND ((OR ((AND (A1 D3)) (AND ((NOT (A0)) D0 (OR ((NOT (A1)) D1)))) (AND (A0 (NOT (A1)) D2)))))))
(CAPTURE_CANDIDATE (AND ((OR ((AND (A1 D3)) (AND ((NOT (A0)) D0 (OR ((NOT (A1)) D1 (NOT (D1)))))) (AND (A0 (NOT (A1)) D2)))))))
(CAPTURE_CANDIDATE (AND ((OR ((AND (A1 D3)) (AND ((NOT (A0)) D0 (OR ((NOT (A1)) D1)))) (AND (A0 (NOT (A1)) D2)))))))
(CAPTURE_CANDIDATE (AND ((NOT (D0)) D2 (OR ((AND (A1 D3)) (AND (A0 (NOT (A1)))))))))
(CAPTURE_CANDIDATE (AND ((OR ((NOT (A0)) (AND (A1 D3)) (AND ((NOT (A0)) D0 (OR ((NOT (A1)) D1)))) (AND (A0 (NOT (A1)) D2)))))))
(CAPTURE_CANDIDATE (AND ((OR ((AND (A1 D3)) (AND ((NOT (A0)) D0 (OR ((NOT (A1)) D1)))) (AND (A0 (NOT (A1)) D2)))))))
(CAPTURE_CANDIDATE (AND ((OR ((AND (A1 D3)) (AND ((NOT (A0)) D0 (OR ((NOT (A1)) D1)))) (AND (A0 (NOT (A1)) D2)) (NOT (D1)))))))
(CAPTURE_CANDIDATE (AND (D2 (OR ((AND (A1 D3)) (AND ((NOT (A0)) D0 (OR ((NOT (A1)) D1)))) (AND (A0 (NOT (A1)))))))))
(CAPTURE_CANDIDATE (AND ((NOT (D1)) D2 (OR ((AND (A1 D3)) (AND ((NOT (A0)) D0 (NOT (A1)))) (AND (A0 (NOT (A1)))))))))
(CAPTURE_CANDIDATE (AND ((OR ((AND (A1 D3)) (AND ((NOT (A0)) D0 (OR ((NOT (A1)) D1)))) (AND (A0 (NOT (A1)) (OR (D2 (NOT (D1)))))))))))
(CAPTURE_CANDIDATE (AND ((OR ((AND (A1 D3)) (AND ((NOT (A0)) D0 D3 (OR ((NOT (A1)) D1)))) (AND (A0 (NOT (A1)) D2)))))))
(CAPTURE_CANDIDATE (AND ((OR ((AND (A1 D3)) (AND ((NOT (A0)) D0 (OR ((NOT (A1)) D1)))) (AND (A0 (NOT (A1)) D2)) D0 (NOT (D2)))))))
(CAPTURE_CANDIDATE (AND ((OR ((AND (A1 D3 (NOT (A0)))) (AND ((NOT (A0)) D0 (OR ((NOT (A1)) D1)))) (AND (A0 (NOT (A1)) D2)))))))
(CAPTURE_CANDIDATE (AND ((OR ((AND (A1 D3)) (AND ((NOT (A0)) D0 (OR ((NOT (A1)) D1)))) (AND (A0 (NOT (A1)) D2)))))))
(CAPTURE_CANDIDATE (AND ((NOT (A0)) (OR ((AND (A1 D3)) (AND (D0 (OR ((NOT (A1)) D1)))))))))
(CAPTURE_CANDIDATE (AND ((OR ((AND (A1 D3)) (AND ((NOT (A0)) D0 (OR ((NOT (A1)) D1 A1 D3)))) (AND (A0 (NOT (A1)) D2)))))))
(CAPTURE_CANDIDATE (AND ((OR ((AND (A1 D3)) (AND ((NOT (A0)) D0 (OR ((NOT (A1)) D1)))) (AND (A0 (NOT (A1)) D2)) A0)))))
(CAPTURE_CANDIDATE (AND ((OR ((AND (D3 (OR (A1 A1 (NOT (D0)))))) (AND ((NOT (A0)) D0 (OR ((NOT (A1)) D1)))) (AND (A0 (NOT (A1)) D2)))))))
(CAPTURE_CANDIDATE (AND ((OR ((AND (A1 D3)) (AND ((NOT (A0)) D0 (OR ((NOT (A1)) D1)))) (AND (A0 D2 (OR ((NOT (A1)) (NOT (D0)) (NOT (D3)))))))))))
(CAPTURE_CANDIDATE (AND ((OR ((AND (A1 D3)) (AND ((NOT (A0)) D0 (OR ((NOT (A1)) D1)))) (AND (A0 (NOT (A1)) (OR (D2 D3)))))))))
(CAPTURE_CANDIDATE (AND ((OR ((AND (A1 D3)) (AND ((NOT (A0)) D0 (OR ((NOT (A1)) D1)))) (AND (A0 (NOT (A1)) (OR (D2 D1)))))))))
(CAPTURE_CANDIDATE (AND ((OR ((AND (A1 D3)) (AND ((NOT (A0)) D0 (OR ((NOT (A1)) D1)))) (AND (A0 (NOT (A1)) D2)))))))
(CAPTURE_CANDIDATE (AND ((OR ((AND (A1 D3)) (AND ((NOT (A0)) D0 (OR (A1 D1)))) (AND (A0 (NOT (A1)) D2)))))))
(CAPTURE_CANDIDATE (AND ((OR ((AND (A1 D3)) (AND (D0 (OR ((NOT (A1)) D1)) (OR ((NOT (A0)) (AND ((NOT (A1)) D1)))))) (AND (A0 (NOT (A1)) D2)))))))
(CAPTURE_CANDIDATE (AND ((OR ((AND (A1 D3)) (AND ((NOT (A0)) D0 (OR ((NOT (A1)) D1)))) (AND (A0 (NOT (A1)) (OR (D2 D1 (NOT (D3)))))))))))
(CAPTURE_CANDIDATE (AND ((OR ((AND (A1 D3)) (AND (D0 (OR ((NOT (A1)) D1)))) (AND (A0 (NOT (A1)) D2)))))))
(CAPTURE_CANDIDATE (AND ((OR ((AND (A1 D3)) (AND ((NOT (A0)) D0 (OR ((NOT (A1)) D1)))) (AND (A0 (NOT (A1)) D2)))))))
(CAPTURE_CANDIDATE (AND ((OR (D2 (AND (A1 D3)) (AND ((NOT (A0)) D0 (OR ((NOT (A1)) D1)))) (AND (A0 (NOT (A1)) D2)))))))
(CAPTURE_CANDIDATE (AND ((OR ((AND ((NOT (A0)) A1)) (AND (A1 D3)) (AND ((NOT (A0)) D0 (OR ((NOT (A1)) D1)))) (AND (A0 (NOT (A1)) D2)))))))
(CAPTURE_CANDIDATE (AND ((OR ((AND (A1 (OR (D3 (NOT (D1)))))) (AND ((NOT (A0)) D0 (OR ((NOT (A1)) D1)))) (AND (A0 (NOT (A1)) D2)))))))
(CAPTURE_CANDIDATE (AND ((OR ((AND (A1 D3)) (AND ((NOT (A0)) D0 (OR ((NOT (A1)) D1)))) (AND ((NOT (A1)) D2 (OR (A0 A0 (NOT (D1)))))))))))
(CAPTURE_CANDIDATE (AND ((NOT (A1)) (OR ((AND ((NOT (A0)) D0)) (AND (A0 D2)))))))
(CAPTURE_CANDIDATE (AND ((OR ((AND (A1 D3)) (AND ((NOT (A0)) D0 (OR ((NOT (A1)) D1)))) (AND (A0 (NOT (A1)) D2)))))))
(CAPTURE_CANDIDATE (AND ((OR ((AND (A1 D3)) (AND ((NOT (A0)) D0 (OR ((NOT (A1)) D1)))) (AND (A0 D2)))))))
(CAPTURE_CANDIDATE (AND ((OR ((AND (A1 D3)) (AND ((NOT (A0)) D0 (OR ((NOT (A1)) D1)))) (AND (A0 (NOT (A1)) D2)) A0)))))
(CAPTURE_CANDIDATE (AND ((OR ((AND (A1 D3)) (AND ((NOT (A0)) D0 (OR ((NOT (A1)) D1)))) (AND (A0 (NOT (A1)))))))))
(CAPTURE_CANDIDATE (AND ((OR ((AND (A1 D3)) (AND ((NOT (A0)) D0 (OR ((NOT (A1)) D1)))) (AND (A0 (NOT (A1)) D2)) (NOT (A0)))))))
(CAPTURE_CANDIDATE (AND ((OR ((AND (A1 (OR (D3 (NOT (D1)))))) (AND ((NOT (A0)) D0 (OR ((NOT (A1)) D1)))) (AND (A0 (NOT (A1)) D2)))))))
(CAPTURE_CANDIDATE (AND ((OR ((AND (A1 D3)) (AND ((NOT (A0)) D0 (OR ((NOT (A1)) D1)))) (AND (A0 D2 (OR ((NOT (A1)) (NOT (D0)))))))))))
(CAPTURE_CANDIDATE (AND ((OR ((AND (A1 D3)) (AND ((NOT (A0)) D0 (OR ((NOT (A1)) D1)))) (AND (A0 (NOT (A1)) D2)) (NOT (D2)))))))
(CAPTURE_CANDIDATE (AND ((OR ((AND (A1 D3 D2)) (AND ((NOT (A0)) D0 (OR ((NOT (A1)) D1)))) (AND (A0 (NOT (A1)) D2)))))))
(CAPTURE_CANDIDATE (AND ((OR ((AND (A1 D3)) (AND ((NOT (A0)) D0 D1)) (AND (A0 (NOT (A1)) D2)))))))
(CAPTURE_CANDIDATE (AND ((OR ((AND ((NOT (A1)) (NOT (D0)) D3)) (AND ((NOT (A0)) D0 (OR ((NOT (A1)) D1)))) (AND (A0 (NOT (A1)) D2)))))))
(CAPTURE_CANDIDATE (AND ((OR ((AND (A1 D3)) (AND (D0 (OR ((NOT (A1)) D1)) (OR ((NOT (A0)) (NOT (A0)) (NOT (A1)))))) (AND (A0 (NOT (A1)) D2)))))))
(CAPTURE_CANDIDATE (AND ((OR ((AND (A1 D3)) (AND ((NOT (A0)) D0 (OR ((NOT (A1)) D1)))) (AND (A0 (NOT (A1)) D2)))))))
(CAPTURE_CANDIDATE (AND ((OR ((AND (A1 D3)) (AND ((NOT (A0)) D0 (OR ((NOT (A1)) D1)))) (AND (A0 D2 (NOT (A1)) D3)))))))
(CAPTURE_CANDIDATE (AND ((OR ((AND (A1 D3)) (AND ((NOT (A0)) D0 (OR ((NOT (A1)) D1)))) (AND (A0 (NOT (A1)) D2)) D0)))))
(CAPTURE_CANDIDATE (AND ((OR ((NOT (D3)) (AND (A1 D3)) (AND ((NOT (A0)) D0 (OR ((NOT (A1)) D1)))) (AND (A0 (NOT (A1)) D2)))))))
(CAPTURE_CANDIDATE (AND ((OR ((AND (A1 D3 (NOT (A0)))) (AND ((NOT (A0)) D0 (OR ((NOT (A1)) D1)))) (AND (A0 (NOT (A1)) D2)))))))
(CAPTURE_CANDIDATE (AND ((OR (A1 (AND (A1 D3)) (AND ((NOT (A0)) D0 (OR ((NOT (A1)) D1)))) (AND (A0 (NOT (A1)) D2)))))))
(CAPTURE_CANDIDATE (AND ((OR ((AND (D3 (OR (A1 (NOT (D0)) (NOT (D1)))))) (AND ((NOT (A0)) D0 (OR ((NOT (A1)) D1)))) (AND (A0 (NOT (A1)) D2)))))))
(CAPTURE_CANDIDATE (AND ((OR ((NOT (D1)) (AND (A1 D3)) (AND ((NOT (A0)) D0 (OR ((NOT (A1)) D1)))) (AND (A0 (NOT (A1)) D2)))))))
(CAPTURE_CANDIDATE (AND ((OR ((AND (A1 D3 (NOT (D2)))) (AND ((NOT (A0)) D0 (OR ((NOT (A1)) D1)))) (AND (A0 (NOT (A1)) D2)))))))
(CAPTURE_CANDIDATE (AND ((OR ((AND (A1 D3)) (AND ((NOT (A0)) D0 (OR ((NOT (A1)) D1)))) (AND (A0 (NOT (A1)) D2)) (AND ((NOT (A1)) D1)))))))
(CAPTURE_CANDIDATE (AND ((OR ((AND (A1 D3)) (AND ((NOT (A0)) D0 (OR ((NOT (A1)) D1)))) (AND ((NOT (A1)) D2 (OR (A0 D1)))))))))
(CAPTURE_CANDIDATE (AND ((OR ((AND (A1 D3)) (AND ((NOT (A0)) D0)) (AND (A0 (NOT (A1)) D2)))))))
(CAPTURE_CANDIDATE (AND ((OR ((AND (A1 D3)) (AND ((NOT (A0)) D0 (NOT (D3)) (OR ((NOT (A1)) D1)))) (AND (A0 (NOT (A1)) D2)))))))
(CAPTURE_CANDIDATE (AND ((OR ((AND (A1 D3)) (AND ((NOT (A0)) D0 (OR ((NOT (A1)) D1)))) (AND (A0 (NOT (A1)) D2)) A1 D0)))))
(CAPTURE_CANDIDATE (AND ((OR ((AND ((NOT (D3)) A1)) (AND ((NOT (A0)) D0 (OR ((NOT (A1)) D1)))) (AND (A0 (NOT (A1)) D2)))))))
(CAPTURE_CANDIDATE (AND ((OR ((AND (A1 D3)) (AND ((NOT (A0)) D0 (OR ((NOT (A1)) D1)))) (AND (A0 (NOT (A1)) D2 (NOT (D0)))))))))
(CAPTURE_CANDIDATE (AND ((OR ((AND (A1 D3)) (AND ((NOT (A0)) D0 (OR ((NOT (A1)) D1)))) (AND (A0 D2 (OR ((NOT (A1)) A1 (NOT (D3)))))))))))
(CAPTURE_CANDIDATE (AND ((OR ((AND (A1 D3)) (AND ((NOT (A0)) D0 (OR ((NOT (A1)) D1)))) (AND (A0 (NOT (A1)) D2)))))))
(CAPTURE_CANDIDATE (AND ((OR ((AND (A1 D3)) (AND ((NOT (A0)) D0 (OR ((AND ((NOT (A1)) (OR ((NOT (D1)) D2)))) D1)))) (AND (A0 (NOT (A1)) D2)))))))
(CAPTURE_CANDIDATE (AND ((OR ((AND (A1 D3)) (AND ((NOT (A0)) D0 (OR ((NOT (A1)) D1)))) (AND (A0 D2 (OR ((NOT (A1)) (NOT (D3)))))))))))
(CAPTURE_CANDIDATE (AND ((OR ((AND (A1 D3)) (AND ((NOT (A0)) D0 (OR ((NOT (A1)) D1)))) (AND (A0 (NOT (A1)) D2)))))))
(CAPTURE_CANDIDATE (AND ((OR ((AND (A1 D3 D1)) (AND ((NOT (A0)) D0 (OR ((NOT (A1)) D1)))) (AND (A0 (NOT (A1)) D2)))))))
(CAPTURE_CANDIDATE (AND ((NOT (D3)) (OR ((AND ((NOT (A0)) D0 (OR ((NOT (A1)) D1)))) (AND (A0 (NOT (A1)) D2)))))))
(CAPTURE_CANDIDATE (AND ((OR ((AND (A1 (OR (D3 A0)))) (AND ((NOT (A0)) D0 (OR ((NOT (A1)) D1)))) (AND (A0 (NOT (A1)) D2)))))))
(CAPTURE_CANDIDATE (AND ((OR ((AND (A1 (NOT (D1)))) (AND (A1 D3)) (AND ((NOT (A0)) D0 (OR ((NOT (A1)) D1)))) (AND (A0 (NOT (A1)) D2)))))))
(CAPTURE_CANDIDATE (AND ((OR ((AND (A1 D3)) (AND ((NOT (A0)) (OR ((NOT (A1)) D1)) (OR (D0 (NOT (A1)))))) (AND (A0 (NOT (A1)) D2)))))))
(CAPTURE_CANDIDATE (AND ((OR ((AND (A1 D3)) (AND ((NOT (A0)) D0 (OR ((NOT (A1)) D1)))) (AND (A0 (NOT (A1)) D2)) (AND (D0 (NOT (D2)))))))))
(CAPTURE_CANDIDATE (AND ((OR ((AND (A1 D3)) (AND ((NOT (A0)) (OR ((NOT (A1)) D1)))) (AND (A0 (NOT (A1)) D2)))))))
(CAPTURE_CANDIDATE (AND ((OR ((NOT (D2)) (AND (A1 D3)) (AND ((NOT (A0)) D0 (OR ((NOT (A1)) D1)))) (AND (A0 (NOT (A1)) D2)))))))
(CAPTURE_CANDIDATE (AND ((OR ((AND (A1 D3)) (AND ((NOT (A0)) D0 (NOT (A1)))) (AND (A0 (NOT (A1)) D2)))))))
(CAPTURE_CANDIDATE (AND ((OR ((AND (A1 D3)) (AND ((NOT (A0)) D0 (OR ((NOT (A1)) D1)))) (AND ((NOT (A1)) D2)))))))
(CAPTURE_CANDIDATE (AND ((OR ((AND (A1 D3)) (AND ((NOT (A0)) D0 D3 (OR ((NOT (A1)) D1)))) (AND (A0 (NOT (A1)) D2)))))))
(CAPTURE_CANDIDATE (AND ((OR ((AND (A1 D3)) (AND ((NOT (A0)) D0 (OR ((NOT (A1)) (AND (D1 D3)))))) (AND (A0 (NOT (A1)) D2)))))))
(CAPTURE_CANDIDATE (AND ((OR ((AND (A1 D3)) (AND ((NOT (A0)) D0 (OR ((NOT (A1)) D1)))) (AND (A0 (NOT (A1)) D2)) (NOT (A0)) D1)))))
(CAPTURE_CANDIDATE (AND ((OR ((AND (A1 D3)) (AND ((NOT (A0)) D0 (OR ((NOT (A1)) D1)))) (AND ((NOT (A1)) D2)))))))
(CAPTURE_CANDIDATE (AND ((OR ((AND (A1 D3)) (AND ((NOT (A0)) D0 (OR ((NOT (A1)) D1)))) (AND (A0 (NOT (A1)) D2)))))))
(CAPTURE_CANDIDATE (AND ((OR ((AND (A1 D3)) (AND ((NOT (A0)) D0 (OR ((NOT (A1)) D1)))) (AND (A0 (NOT (A1)) D2)) A0 D0)))))
(CAPTURE_CANDIDATE (AND (D2 (NOT (D3)) (OR ((AND ((NOT (A0)) D0 (OR ((NOT (A1)) D1)))) (AND (A0 (NOT (A1)))))))))
(CAPTURE_CANDIDATE (AND (D2 (NOT (D3)) (OR ((AND ((NOT (A0)) D0 (OR ((NOT (A1)) D1)))) (AND (A0 (NOT (A1)))))))))
(CAPTURE_CANDIDATE (AND ((OR ((AND (A1 D3)) (AND (A0 (NOT (A1)) D2)))))))
(CAPTURE_CANDIDATE (AND ((OR ((AND (A1 D3)) (AND ((NOT (A0)) D0 (OR ((NOT (A1)) D1)))) (AND (A0 (NOT (A1)) D2)))))))
(CAPTURE_CANDIDATE (AND ((NOT (A1)) (OR ((AND ((NOT (A0)) D0)) (AND (A0 D2)))))))
(CAPTURE_CANDIDATE (AND ((OR (A0 (AND (A1 D3)) (AND ((NOT (A0)) D0 (OR ((NOT (A1)) D1)))) (AND (A0 (NOT (A1)) D2)))))))
(CAPTURE_CANDIDATE (AND ((OR ((AND (A1 D3)) (AND ((NOT (A0)) D0 (OR ((NOT (A1)) D1)))) (AND (A0 (NOT (A1)) D2)) (AND (D0 (NOT (D2)))))))))
(CAPTURE_CANDIDATE (AND ((OR ((AND (A1 D3)) (AND (D0 (OR ((NOT (A1)) D1)))) (AND (A0 (NOT (A1)) D2)))))))
(CAPTURE_CANDIDATE (AND ((OR ((AND (A1 D3)) (AND ((NOT (A0)) D0 (OR ((NOT (A1)) D1)))) (AND (A0 (NOT (A1)) D2)) A1 D1)))))
(CAPTURE_CANDIDATE (AND ((OR ((AND (A1 D3)) (AND ((NOT (A0)) D0 (OR ((NOT (A1)) D1)))) (AND ((NOT (A1)) D2 (OR (A0 A0 (NOT (D1)))))))))))
(CAPTURE_CANDIDATE (AND (A1 (OR (D3 (AND ((NOT (A0)) D0 D1)))))))
(CAPTURE_CANDIDATE (AND ((NOT (A1)) (OR ((AND ((NOT (A0)) D0)) (AND (A0 D2)))))))
(CAPTURE_CANDIDATE (AND ((OR ((AND (A1 D3)) (AND (A1 (NOT (D2)) D1 (NOT (A0)) D0)) (AND (A0 (NOT (A1)) D2)))))))
(CAPTURE_CANDIDATE (AND ((OR ((AND (A1 D3)) (AND ((NOT (A0)) (OR ((NOT (A1)) D1)) (OR (D0 D0 (NOT (D3)))))) (AND (A0 (NOT (A1)) D2)))))))
(CAPTURE_CANDIDATE (AND ((OR ((AND (A1 D3)) (AND ((NOT (A0)) D0 (OR ((NOT (A1)) D1)))) (AND (A0 (NOT (A1)) (OR (D2 D3)))))))))
(CAPTURE_CANDIDATE (AND ((OR ((NOT (D2)) (AND (A1 D3)) (AND ((NOT (A0)) D0 (OR ((NOT (A1)) D1)))) (AND (A0 (NOT (A1)) D2)))))))
(CAPTURE_CANDIDATE (AND ((OR ((AND (A1 D3)) (AND ((NOT (A0)) D0 (OR ((NOT (A1)) D1)))) (AND (A0 D2)))))))
(CAPTURE_CANDIDATE (AND ((OR ((AND (A1 D3)) (AND ((NOT (A0)) D0 (OR ((NOT (A1)) D1)))) (AND ((NOT (A1)) D2)))))))
(CAPTURE_CANDIDATE (AND ((OR ((AND (A1 D3)) (AND (D0 (NOT (A0)) (OR ((NOT (A1)) D1)))) (AND (A0 (NOT (A1)) D2)))))))
(CAPTURE_CANDIDATE (AND ((OR ((AND (A1 D3)) (AND ((NOT (A0)) D0 D1)) (AND (A0 (NOT (A1)) D2)))))))
(CAPTURE_CANDIDATE (AND ((OR ((AND (A1 D3)) (AND ((NOT (A1)) (NOT (A0)) D0)) (AND (A0 (NOT (A1)) D2)))))))
(CAPTURE_CANDIDATE (AND ((OR ((AND (A1 D3)) (AND ((NOT (A0)) D0 (OR ((NOT (A1)) D1)))) (AND (A0 (NOT (A1)) D2 D0 D1)))))))
(CAPTURE_CANDIDATE (AND ((OR ((AND (A1 D3)) (AND ((NOT (A0)) D0 D1 D3)) (AND (A0 (NOT (A1)) D2)))))))
(CAPTURE_CANDIDATE (AND ((OR ((AND (A1 D3)) (AND (A0 (NOT (A1)) D2)))))))
(CAPTURE_CANDIDATE (AND ((OR ((AND (A1 D3 (NOT (D1)))) (AND ((NOT (A0)) D0 (OR ((NOT (A1)) D1)))) (AND (A0 (NOT (A1)) D2)))))))
(CAPTURE_CANDIDATE (AND ((OR ((AND (A1 D3)) (AND ((NOT (A0)) D0 (OR ((NOT (A1)) D1)) (OR ((NOT (A1)) D2)))) (AND (A0 (NOT (A1)) D2)))))))
(CAPTURE_CANDIDATE (AND ((OR ((AND (A1 D3)) (AND ((NOT (A0)) D0 (OR ((NOT (A1)) D1)))) (AND (A0 (NOT (A1)) D2)))))))
(CAPTURE_CANDIDATE (AND ((OR ((AND (A1 D3)) (AND ((NOT (A0)) D0 (OR ((NOT (A1)) D1 D1)))) (AND (A0 (NOT (A1)) D2)))))))
(CAPTURE_CANDIDATE (AND ((OR ((AND (A1 D3)) (AND ((NOT (A0)) D0 (OR ((NOT (A1)) D1)))) (AND (A0 (NOT (A1)) D2 (OR ((NOT (D0)) D3)))))))))
(CAPTURE_CANDIDATE (AND ((OR ((AND ((NOT (A1)) (NOT (D0)) D3)) (AND ((NOT (A0)) D0 (OR ((NOT (A1)) D1)))) (AND (A0 (NOT (A1)) D2)))))))
(CAPTURE_CANDIDATE (AND ((OR ((AND (A1 D3)) (AND ((NOT (A0)) D0 (OR (A1 D1)))) (AND (A0 (NOT (A1)) D2)))))))
(CAPTURE_CANDIDATE (AND ((OR ((AND (A1 D3)) (AND ((NOT (A0)) D0 (OR ((NOT (A1)) D1)))) (AND (A0 D2 (NOT (A1)))))))))
(CAPTURE_CANDIDATE (AND ((OR (D2 (AND (A1 D3)) (AND ((NOT (A0)) D0 (OR ((NOT (A1)) D1)))) (AND (A0 (NOT (A1)) D2)))))))
(CAPTURE_CANDIDATE (AND ((OR ((AND (A1 D3)) (AND ((NOT (A0)) D0 (OR ((NOT (A1)) D1)))) (AND ((NOT (D3)) A0 (NOT (A1)) D2)))))))
(CAPTURE_CANDIDATE (AND ((OR ((AND (A1 D3)) (AND ((NOT (A0)) (OR ((NOT (A1)) D1)) (OR (D0 (AND ((NOT (D0)) D3)))))) (AND (A0 (NOT (A1)) D2)))))))
(CAPTURE_CANDIDATE (AND ((OR ((AND (A1 D3)) (AND ((NOT (A0)) D0 (OR ((NOT (A1)) D1)))) (AND (A0 (NOT (A1)) D2)))) (OR ((NOT (A0)) A1)))))
(CAPTURE_CANDIDATE (AND ((OR ((AND (A1 D3)) (AND ((NOT (A0)) D0 (OR ((NOT (A1)) D1 D1)))) (AND (A0 (NOT (A1)) D2)))))))
(CAPTURE_CANDIDATE (AND ((OR ((AND (A1 D3)) (AND ((NOT (A0)) D0 (OR ((NOT (A1)) D1)))) (AND (A0 (NOT (A1)) D2)) A0)))))
(CAPTURE_CANDIDATE (AND ((OR ((AND (A1 D3)) (AND ((NOT (A1)) (NOT (A0)) D0)) (AND (A0 (NOT (A1)) D2)))))))
(CAPTURE_CANDIDATE (AND ((NOT (D1)) (OR ((AND (A1 D3)) (AND ((NOT (A0)) D0 (NOT (A1)))) (AND (A0 (NOT (A1)) D2)))))))
(CAPTURE_CANDIDATE (AND ((OR ((AND (A1 D3)) (AND ((NOT (A0)) (OR ((NOT (A1)) D1)) (OR (D0 (NOT (D1)) (NOT (D2)))))) (AND (A0 (NOT (A1)) D2)))))))
(CAPTURE_CANDIDATE (AND ((OR ((AND (A1 D3)) (AND ((NOT (A0)) D0 (OR ((NOT (A1)) D1)))) (AND (A0 (NOT (A1)) D2)) D1)))))
(CAPTURE_CANDIDATE (AND ((OR ((AND (A1 D3)) (AND ((NOT (A0)) D0 (OR ((NOT (A1)) D1)))) (AND (A0 (NOT (A1)) D2)) (NOT (D0)) (NOT (D2)))))))
(CAPTURE_CANDIDATE (AND ((OR ((AND (A1 D3 (NOT (D0)))) (AND ((NOT (A0)) D0 (OR ((NOT (A1)) D1)))) (AND (A0 (NOT (A1)) D2)))))))
(CAPTURE_CANDIDATE (AND ((OR ((AND (A1 D3)) (AND ((NOT (A0)) D0 (OR ((NOT (A1)) D1)))) (AND (A0 (NOT (A1)) D2 (NOT (D0)))))))))
(CAPTURE_CANDIDATE (AND ((OR ((AND (A1 D3)) (AND ((NOT (A0)) D0 (OR ((NOT (A1)) D1)))) (AND (A0 (NOT (A1)))))))))
(CAPTURE_CANDIDATE (AND ((OR ((AND (A1 D3)) (AND ((NOT (A0)) D0 (OR ((NOT (A1)) D1)))) (AND ((NOT (A1)) D2)))))))
(CAPTURE_CANDIDATE (AND ((OR ((AND (A1 D3)) (AND ((NOT (A0)) D0 (OR ((NOT (A1)) D1)))) (AND (A0 (NOT (A1)) D2)))))))
(CAPTURE_CANDIDATE (AND ((OR ((AND (A1 D3)) (AND ((NOT (A0)) D0 (OR ((NOT (A1)) D1)))) (AND (A0 (NOT (A1)) D2)))))))
(CAPTURE_CANDIDATE (AND ((OR ((NOT (D2)) (AND (A1 D3)) (AND ((NOT (A0)) D0 (OR ((NOT (A1)) D1)))) (AND (A0 (NOT (A1)) D2)))))))
(CAPTURE_CANDIDATE (AND ((OR ((AND (D3 (OR (A1 D0)))) (AND ((NOT (A0)) D0 (OR ((NOT (A1)) D1)))) (AND (A0 (NOT (A1)) D2)))))))
(CAPTURE_CANDIDATE (AND ((OR ((AND ((NOT (D1)) D3)) (AND (A1 D3)) (AND ((NOT (A0)) D0 (OR ((NOT (A1)) D1)))) (AND (A0 (NOT (A1)) D2)))))))
(CAPTURE_CANDIDATE (AND ((OR ((AND (D3 (OR (A1 (NOT (A0)))))) (AND ((NOT (A0)) D0 (OR ((NOT (A1)) D1)))) (AND (A0 (NOT (A1)) D2)))))))
(CAPTURE_CANDIDATE (AND ((OR ((AND ((NOT (A0)) D0 (OR ((NOT (A1)) D1)))) (AND (A0 (NOT (A1)) D2)))))))
(CAPTURE_CANDIDATE (AND ((OR ((AND (A1 (OR (D3 (AND ((NOT (A0)) D0)))))) (AND ((NOT (A0)) D0 (OR ((NOT (A1)) D1)))) (AND (A0 (NOT (A1)) D2)))))))
(CAPTURE_CANDIDATE (AND ((OR ((AND (A1 D3)) (AND (D0 (OR ((NOT (A1)) D1)) (OR ((NOT (A0)) (NOT (A1)))))) (AND (A0 (NOT (A1)) D2)))))))
(CAPTURE_CANDIDATE (AND ((OR ((AND (A1 D3 D0)) (AND ((NOT (A0)) D0 (OR ((NOT (A1)) D1)))) (AND (A0 (NOT (A1)) D2)))))))
(CAPTURE_CANDIDATE (AND ((OR ((AND (A1 D3)) (AND ((NOT (A0)) D0 (OR ((NOT (A1)) D1)))) (AND (A0 (NOT (A1)) D2)))))))
(CAPTURE_CANDIDATE (AND ((OR ((AND (A1 (OR (D3 (AND (A0 D0)))))) (AND ((NOT (A0)) D0 (OR ((NOT (A1)) D1)))) (AND (A0 (NOT (A1)) D2)))))))
(CAPTURE_CANDIDATE (AND ((OR ((AND (A1 D3)) (AND ((NOT (A0)) D0 (OR ((NOT (A1)) D1 (NOT (D1)))))) (AND (A0 (NOT (A1)) D2)))))))
(CAPTURE_CANDIDATE (AND ((OR ((AND (A1 D3)) (AND ((NOT (A0)) (OR ((NOT (A1)) D1)) (OR (D0 D1)))) (AND (A0 (NOT (A1)) D2)))))))
(CAPTURE_CANDIDATE (AND ((OR ((AND (A1 D3)) (AND ((NOT (A0)) D0 (OR ((NOT (A1)) D1 A1 D3)))) (AND (A0 (NOT (A1)) D2)))))))
(CAPTURE_CANDIDATE (AND ((OR ((AND (D2 A1 D3)) (AND ((NOT (A0)) D0 (OR ((NOT (A1)) D1)))) (AND (A0 (NOT (A1)) D2)))))))
(CAPTURE_CANDIDATE (AND ((OR ((AND (A1 D3)) (AND ((NOT (A0)) D0 (OR ((NOT (A1)) D1)))) (AND (A0 D2 (OR ((NOT (A1)) D0)))))))))
(CAPTURE_CANDIDATE (AND ((OR ((AND (A1 D3)) (AND ((NOT (A0)) D0 (OR ((NOT (A1)) D1)))) (AND (A0 (NOT (A1)) D2)))))))
(CAPTURE_CANDIDATE (AND ((OR ((AND (A1 D3)) (AND ((NOT (A0)) D0 (OR ((NOT (A1)) D1)))) (AND ((NOT (D1)) A0 (NOT (A1)) D2)))))))
(CAPTURE_CANDIDATE (AND ((OR ((AND (A1 (OR (D3 (NOT (D0)) (NOT (D1)))))) (AND ((NOT (A0)) D0 (OR ((NOT (A1)) D1)))) (AND (A0 (NOT (A1)) D2)))))))
(CAPTURE_CANDIDATE (AND ((OR ((AND ((NOT (D3)) A1)) (AND ((NOT (A0)) D0 (OR ((NOT (A1)) D1)))) (AND (A0 (NOT (A1)) D2)))))))
(CAPTURE_CANDIDATE (AND ((OR ((AND (A1 D3)) (AND ((NOT (A0)) D0 (OR ((AND ((NOT (A1)) (OR ((NOT (D1)) D2)))) D1)))) (AND (A0 (NOT (A1)) D2)))))))
(CAPTURE_CANDIDATE (AND ((OR ((AND (A1 D3 D1)) (AND ((NOT (A0)) D0 (OR ((NOT (A1)) D1)))) (AND (A0 (NOT (A1)) D2)))))))
(CAPTURE_CANDIDATE (AND ((OR ((NOT (A1)) (AND (A1 D3)) (AND ((NOT (A0)) D0 (OR ((NOT (A1)) D1)))) (AND (A0 (NOT (A1)) D2)))))))
(CAPTURE_CANDIDATE (AND ((OR ((AND (A1 (OR (D3 (AND ((NOT (A0)) D0)))))) (AND ((NOT (A0)) D0 (OR ((NOT (A1)) D1)))) (AND (A0 (NOT (A1)) D2)))))))
(CAPTURE_CANDIDATE (AND (D0 (OR ((AND (A1 D3)) (AND ((NOT (A0)) (OR ((NOT (A1)) D1)))) (AND (A0 (NOT (A1)) D2)))))))
(CAPTURE_CANDIDATE (AND ((OR ((AND (A1 D3)) (AND ((NOT (A0)) D0 (OR ((NOT (A1)) D1)))) (AND (A0 (NOT (A1)) D2)))) (OR (D1 (NOT (D2)))))))
(CAPTURE_CANDIDATE (AND ((OR ((AND (A1 D3)) (AND ((NOT (A0)) D0 (OR ((AND ((NOT (A1)) (OR ((NOT (D1)) D2)))) D1)))) (AND (A0 (NOT (A1)) D2)))))))
(CAPTURE_CANDIDATE (AND ((OR ((AND (A1 D3)) (AND ((NOT (A0)) D0 (OR ((NOT (A1)) D1)))) (AND (A0 (NOT (A1)) D2 (OR ((NOT (D0)) (NOT (D1)))))))))))
(CAPTURE_CANDIDATE (AND ((OR ((AND (A1 D3)) (AND ((NOT (A0)) D0 (OR ((NOT (A1)) D1)))) (AND (A0 (NOT (A1)) D2)))))))
(CAPTURE_CANDIDATE (AND ((OR ((AND (A1 D3)) (AND ((NOT (A0)) D0)) (AND (A0 (NOT (A1)) D2)))))))
(CAPTURE_CANDIDATE (AND ((OR ((AND (D3 (OR (A1 (NOT (D2)))))) (AND ((NOT (A0)) D0 (OR ((NOT (A1)) D1)))) (AND (A0 (NOT (A1)) D2)))))))
(CAPTURE_CANDIDATE (AND ((NOT (D2)) (OR ((AND (A1 D3)) (AND ((NOT (A0)) D0 (OR ((NOT (A1)) D1)))))))))
(CAPTURE_CANDIDATE (AND ((OR ((AND (A1 D3)) (AND ((NOT (A0)) D0 (OR ((NOT (A1)) D1)))) (AND ((NOT (D2)) A0 (NOT (A1)))))))))
(CAPTURE_CANDIDATE (AND ((OR ((AND (A1 D3)) (AND ((NOT (A0)) D0 (OR ((AND ((NOT (A1)) (NOT (D3)))) D1)))) (AND (A0 (NOT (A1)) D2)))))))
(CAPTURE_CANDIDATE (AND ((OR ((AND (A1 D3)) (AND ((NOT (A0)) D0 (OR ((NOT (A1)) D1)))) (AND (A0 D2)))))))
(CAPTURE_CANDIDATE (AND ((OR ((AND (A1 D3)) (AND (A0 (NOT (A1)) D2)))))))
(CAPTURE_CANDIDATE (AND ((OR ((AND (D3 (OR (A1 (AND (D0 D1)))))) (AND ((NOT (A0)) D0 (OR ((NOT (A1)) D1)))) (AND (A0 (NOT (A1)) D2)))))))
(CAPTURE_CANDIDATE (AND ((OR ((AND (A1 D3)) (AND ((NOT (A0)) D0 (OR ((NOT (A1)) D1)))) (AND (A0 (NOT (A1)) D2)) (NOT (D0)) D3)))))
(CAPTURE_CANDIDATE (AND ((OR ((AND (A1 D3)) (AND ((NOT (A0)) D0 (OR ((NOT (A1)) D1)))) (AND (A0 (NOT (A1)) D2)) A1)))))
(CAPTURE_CANDIDATE (AND ((OR ((AND (A1 D3)) (AND ((NOT (A0)) D0 (OR ((NOT (A1)) D1)))) (AND (A0 (NOT (A1)))))))))
(CAPTURE_CANDIDATE (AND ((OR ((AND (A1 D3)) (AND ((NOT (A0)) D0 (OR ((NOT (A1)) D1 D3)))) (AND (A0 (NOT (A1)) D2)))))))
(CAPTURE_CANDIDATE (AND ((OR ((AND (A1 D3)) (AND ((NOT (A0)) D0 (OR ((NOT (A1)) D1)))) (AND (A0 (NOT (A1)) D2)) A1 (NOT (D2)))))))
(CAPTURE_CANDIDATE (AND ((OR ((AND (A1 D3)) (AND ((NOT (A0)) D0 (OR ((NOT (A1)) D1)))) (AND (A0 (NOT (A1)) D2 (NOT (D1)))))))))
(CAPTURE_CANDIDATE (AND ((OR ((AND (A1 D3)) (AND ((NOT (A0)) D0 (OR ((NOT (A1)) D1)))) (AND ((NOT (A1)) D2 (OR (A0 D3)))))))))
(CAPTURE_CANDIDATE (AND ((OR ((AND (A1 D3)) (AND ((NOT (A0)) D0 (OR ((NOT (A1)) D1)))) (AND ((NOT (A0)) (NOT (A1)) D2)))))))
(CAPTURE_CANDIDATE (AND ((OR ((AND (A1 D3)) (AND ((NOT (A0)) D0 (OR ((NOT (A1)) D1)))) (AND ((NOT (A1)) D2 A0)))))))
(CAPTURE_CANDIDATE (AND ((OR ((AND (A1 D3 A0 D1)) (AND ((NOT (A0)) D0 (OR ((NOT (A1)) D1)))) (AND (A0 (NOT (A1)) D2)))))))
(CAPTURE_CANDIDATE (AND ((OR ((AND (A1 D3)) (AND ((NOT (A0)) (OR ((NOT (A1)) D1)) (OR (D0 (NOT (D2)))))) (AND (A0 (NOT (A1)) D2)))))))
(CAPTURE_CANDIDATE (AND ((OR ((AND (D0 (NOT (D3)))) (AND (A1 D3)) (AND ((NOT (A0)) D0 (OR ((NOT (A1)) D1)))) (AND (A0 (NOT (A1)) D2)))))))
(CAPTURE_CANDIDATE (AND ((OR ((AND (A1 D3)) (AND ((NOT (A0)) D0 (OR (A1 D1)))) (AND (A0 (NOT (A1)) D2)))))))
(CAPTURE_CANDIDATE (AND ((OR ((AND (A1 D3)) (AND ((NOT (A0)) D0 (OR ((NOT (A1)) D1 (NOT (D1)))))) (AND (A0 (NOT (A1)) D2)))))))
(CAPTURE_CANDIDATE (AND ((OR ((AND (A1 D3 (OR ((NOT (A0)) D2)))) (AND ((NOT (A0)) D0 (OR ((NOT (A1)) D1)))) (AND (A0 (NOT (A1)) D2)))))))
(CAPTURE_CANDIDATE (AND ((OR ((AND (A1 D3)) (AND ((NOT (A0)) D0 (OR ((NOT (A1)) D1)))) (AND (A0 D2 (OR ((NOT (A1)) D0)))))))))
(CAPTURE_CANDIDATE (AND ((OR ((NOT (A1)) (AND (A1 D3)) (AND ((NOT (A0)) D0 (OR ((NOT (A1)) D1)))) (AND (A0 (NOT (A1)) D2)))))))
(CAPTURE_CANDIDATE (AND ((OR ((AND (A1 D3)) (AND (D1 (NOT (A0)) D0)) (AND (A0 (NOT (A1)) D2)))))))
(CAPTURE_CANDIDATE (AND ((OR ((AND (A1 D3)) (AND ((NOT (A0)) D0 (OR ((NOT (A1)) D1 (AND ((NOT (D2)) D3)))))) (AND (A0 (NOT (A1)) D2)))))))
(CAPTURE_CANDIDATE (AND ((OR ((AND (A1 D3)) (AND ((NOT (A0)) D0 (OR ((NOT (A1)) D1)))) (AND (A0 (NOT (A1)) D2)))))))
(CAPTURE_CANDIDATE (AND ((OR ((AND (A1 D3)) (AND ((NOT (A0)) D0 (OR ((NOT (A1)) D1)))) (AND ((NOT (A1)) D2 (OR (A0 (NOT (D0)) (NOT (D1)))))))))))
(CAPTURE_CANDIDATE (AND ((OR ((AND (A1 D3)) (AND ((NOT (A0)) D0 (OR ((NOT (A1)) D1)))) (AND (A0 (NOT (A1)) D2)) (AND ((NOT (A1)) D2)))))))
(CAPTURE_CANDIDATE (AND ((OR ((AND (A1 D3)) (AND ((NOT (A0)) D0 (OR ((NOT (A1)) D1)))) (AND (A0 (NOT (A1)) D2)) A0 D2)))))
(CAPTURE_CANDIDATE (AND ((OR ((AND (A1 D3)) (AND ((NOT (A0)) D0 (OR ((AND ((NOT (A1)) (NOT (D3)))) D1)))) (AND (A0 (NOT (A1)) D2)))))))
(CAPTURE_CANDIDATE (AND ((OR ((AND (A1 D3)) (AND ((NOT (A0)) D0 (OR ((NOT (A1)) D1)))) (AND (A0 (NOT (A1)) D2)))))))
(CAPTURE_CANDIDATE (AND ((OR ((AND (D3 (OR (A1 D2)))) (AND ((NOT (A0)) D0 (OR ((NOT (A1)) D1)))) (AND (A0 (NOT (A1)) D2)))))))
(CAPTURE_CANDIDATE (AND ((OR ((AND (A1 D3)) (AND ((NOT (A0)) D0 (OR ((NOT (A1)) D1 (NOT (D3)))))) (AND (A0 (NOT (A1)) D2)))))))
(CAPTURE_CANDIDATE (AND ((OR ((AND (A1 D3)) (AND ((NOT (A0)) D0 (OR ((NOT (A1)) D1)))) (AND (A0 D2 (OR ((NOT (A1)) (NOT (D1)))))))))))
(CAPTURE_CANDIDATE (AND ((OR ((AND (A1 D3)) (AND ((NOT (A0)) D0 (OR ((NOT (A1)) D1)))) (AND (A0 (NOT (A1)) D2)) D0 D3)))))
(CAPTURE_CANDIDATE (AND ((OR ((AND (A1 D3)) (AND ((NOT (A0)) D0 (OR ((NOT (A1)) D1)))) (AND ((NOT (D1)) A0 (NOT (A1)) D2)))))))
(CAPTURE_CANDIDATE (AND ((OR ((AND (A1 D3)) (AND ((NOT (A0)) D0 (OR ((NOT (A1)) D1 (AND ((NOT (A1)) D2)))))) (AND (A0 (NOT (A1)) D2)))))))
(CAPTURE_CANDIDATE (AND ((OR ((AND (A1 D3)) (AND ((NOT (A0)) D0)) (AND (A0 (NOT (A1)) D2)))))))
(CAPTURE_CANDIDATE (AND ((OR ((AND (A1 D3)) (AND ((NOT (A0)) D0 (OR ((AND ((NOT (A1)) D2)) D1)))) (AND (A0 (NOT (A1)) D2)))))))
(CAPTURE_CANDIDATE (AND ((OR (D1 (AND (A1 D3)) (AND ((NOT (A0)) D0 (OR ((NOT (A1)) D1)))) (AND (A0 (NOT (A1)) D2)))))))
(CAPTURE_CANDIDATE (AND ((OR ((AND (A1 D3)) (AND ((NOT (A0)) D0 (OR ((NOT (A1)) (AND (D1 (NOT (D2)))))))) (AND (A0 (NOT (A1)) D2)))))))
(CAPTURE_CANDIDATE (AND ((OR ((AND (A1 D3)) (AND ((NOT (A0)) D0 (OR ((NOT (A1)) D1)))) (AND (A0 (NOT (A1)) D2)) D0 D3)))))
(CAPTURE_CANDIDATE (AND ((OR ((AND (A1 D3)) (AND (A0 D0 (OR ((NOT (A1)) D1)))) (AND (A0 (NOT (A1)) D2)))))))
(CAPTURE_CANDIDATE (AND ((OR ((AND (A1 D3)) (AND ((NOT (A0)) D0 (OR ((NOT (A1)) D1)))) (AND (A0 A1 D2)))))))
(CAPTURE_CANDIDATE (AND ((OR ((AND (A1 D3)) (AND (D0 (OR ((NOT (A1)) D1)) (OR ((NOT (A0)) (NOT (A1)))))) (AND (A0 (NOT (A1)) D2)))))))
(CAPTURE_CANDIDATE (AND ((OR ((AND (A1 (OR (D3 (NOT (D2)))))) (AND ((NOT (A0)) D0 (OR ((NOT (A1)) D1)))) (AND (A0 (NOT (A1)) D2)))))))
(CAPTURE_CANDIDATE (AND ((OR ((AND (A1 D3)) (AND ((NOT (A0)) D0 (OR ((NOT (A1)) D1)))) (AND ((NOT (A1)) D2 (OR (A0 D0)))))))))
(CAPTURE_CANDIDATE (AND ((OR ((AND (A1 D3)) (AND ((NOT (A0)) D0 (OR ((NOT (A1)) D1)))) (AND (A0 (NOT (A1)) D2)))))))
(CAPTURE_CANDIDATE (AND ((OR ((AND (A1 D3)) (AND ((NOT (A0)) D0 (OR ((NOT (A1)) D1)))) (AND (A0 D2 (OR ((NOT (A1)) D3)))))))))
(CAPTURE_CANDIDATE (AND ((OR (D0 (NOT (D2)) (AND (A1 D3)) (AND ((NOT (A0)) D0 (OR ((NOT (A1)) D1)))) (AND (A0 (NOT (A1)) D2)))))))
(CAPTURE_CANDIDATE (AND ((OR ((AND (A1 D3)) (AND (D0 (OR ((NOT (A1)) D1)) (OR ((NOT (A0)) D1)))) (AND (A0 (NOT (A1)) D2)))))))
(CAPTURE_CANDIDATE (AND ((OR ((AND (D0 (NOT (D3)))) (AND (A1 D3)) (AND ((NOT (A0)) D0 (OR ((NOT (A1)) D1)))) (AND (A0 (NOT (A1)) D2)))))))
(CAPTURE_CANDIDATE (AND ((OR ((AND (A1 D3 D2)) (AND ((NOT (A0)) D0 (OR ((NOT (A1)) D1)))) (AND (A0 (NOT (A1)) D2)))))))
(CAPTURE_CANDIDATE (AND ((OR ((NOT (D0)) (AND (A1 D3)) (AND ((NOT (A0)) D0 (OR ((NOT (A1)) D1)))) (AND (A0 (NOT (A1)) D2)))))))
(CAPTURE_CANDIDATE (AND ((OR ((AND (A1 D3)) (AND ((NOT (A0)) D0 (OR ((NOT (A1)) D1)))) (AND (A0 (NOT (A1)) D2)))))))
(CAPTURE_CANDIDATE (AND ((OR ((AND (A1 D3)) (AND ((NOT (A0)) D0 (OR ((NOT (A1)) D1)))) (AND (A0 (NOT (A1)) D2 D3)))))))
(CAPTURE_CANDIDATE (AND ((OR ((AND (A1 D3)) (AND ((NOT (A0)) D0)) (AND (A0 (NOT (A1)) D2)))))))
(CAPTURE_CANDIDATE (AND ((OR ((AND ((NOT (A0)) (NOT (A1)))) (AND (A1 D3)) (AND ((NOT (A0)) D0 (OR ((NOT (A1)) D1)))) (AND (A0 (NOT (A1)) D2)))))))
(CAPTURE_CANDIDATE (AND ((OR ((AND (A1 D3)) (AND ((NOT (A0)) D0 (OR ((NOT (A1)) D1)))) (AND ((NOT (A1)) D2 (OR (A0 (NOT (D0)) (NOT (D1)))))))))))
(CAPTURE_CANDIDATE (AND ((OR ((AND (A1 D3)) (AND ((NOT (A0)) D0 (OR ((NOT (A1)) D1)))) (AND (A0 (NOT (A1)) D2)))) (OR (D2 D3)))))
(CAPTURE_CANDIDATE (AND ((OR ((AND (A1 D3)) (AND ((NOT (A0)) D0 (OR ((NOT (A1)) D1)))) (AND (A0 (NOT (A1)) D2 D1)))))))
(CAPTURE_CANDIDATE (AND ((OR ((AND (A1 D3)) (AND (D0 (OR ((NOT (A1)) D1)) (OR ((NOT (A0)) (AND (A0 A1)))))) (AND (A0 (NOT (A1)) D2)))))))
(CAPTURE_CANDIDATE (AND ((OR ((AND (A1 D3)) (AND ((NOT (A0)) D0 (OR ((NOT (A1)) D1)))) (AND (A0 (NOT (A1)) D2)) A0 D2)))))
(CAPTURE_CANDIDATE (AND ((NOT (D2)) (OR ((AND (A1 D3)) (AND ((NOT (A0)) D0 (OR ((NOT (A1)) D1)))))))))
(CAPTURE_CANDIDATE (AND ((OR ((AND (A1 D3 (NOT (A0)))) (AND ((NOT (A0)) D0 (OR ((NOT (A1)) D1)))) (AND (A0 (NOT (A1)) D2)))))))
(CAPTURE_CANDIDATE (AND ((OR ((AND (A1 D3)) (AND ((NOT (A0)) D0 (OR ((NOT (A1)) D1)))) (AND (A0 (NOT (A1)) (OR (D2 (NOT (D3)))))))))))
(CAPTURE_CANDIDATE (AND ((OR ((AND (A1 D3)) (AND ((NOT (A0)) D0 (OR ((NOT (A1)) D1)))) (AND (A0 (NOT (A1)) D2)))))))
(CAPTURE_CANDIDATE (AND ((OR ((AND (A1 D3 A0 D2)) (AND ((NOT (A0)) D0 (OR ((NOT (A1)) D1)))) (AND (A0 (NOT (A1)) D2)))))))
(CAPTURE_CANDIDATE (AND ((OR ((AND (A1 D3)) (AND ((NOT (A0)) D0 (OR ((NOT (A1)) D1)))))))))
(CAPTURE_CANDIDATE (AND ((OR ((AND (A1 D3)) (AND ((NOT (A0)) D0 (OR ((NOT (A1)) D1)))) (AND (A0 (NOT (A1)) D2)))))))
(CAPTURE_CANDIDATE (AND ((OR ((AND (A1 D3)) (AND ((NOT (A0)) (OR ((NOT (A1)) D1)))) (AND (A0 (NOT (A1)) D2)))))))
(CAPTURE_CANDIDATE (AND ((OR ((AND (D0 (NOT (D1)) A1 D3)) (AND ((NOT (A0)) D0 (OR ((NOT (A1)) D1)))) (AND (A0 (NOT (A1)) D2)))))))
(CAPTURE_CANDIDATE (AND ((OR ((AND (D3 (OR (A1 D1)))) (AND ((NOT (A0)) D0 (OR ((NOT (A1)) D1)))) (AND (A0 (NOT (A1)) D2)))))))
(CAPTURE_CANDIDATE (AND (A1 D3)))
(CAPTURE_CANDIDATE (AND ((OR ((AND (A1 D3)) (AND ((NOT (A0)) D0 (OR ((NOT (A1)) D1)))) (AND (A0 (NOT (A1)) D2)) A0 A1)))))
(CAPTURE_CANDIDATE (AND (D1 (OR ((AND (A1 D3)) (AND ((NOT (A0)) D0)) (AND (A0 (NOT (A1)) D2)))))))
(CAPTURE_CANDIDATE (AND ((OR ((AND (A1 D3)) (AND ((NOT (A0)) D0 (OR ((NOT (A1)) D1)))) (AND (A0 (NOT (A1)) D2)) (NOT (D2)))))))
(CAPTURE_CANDIDATE (AND ((OR ((AND (A1 D3)) (AND ((NOT (A0)) D0 (OR ((NOT (A1)) D1)))) (AND (A0 (NOT (A1)) D2)))))))
(CAPTURE_CANDIDATE (AND ((OR ((AND (A1 D3)) (AND (A1 D1 (NOT (A0)) D0)) (AND (A0 (NOT (A1)) D2)))))))
(CAPTURE_CANDIDATE (AND ((OR ((AND (A1 (OR (D3 D1)))) (AND ((NOT (A0)) D0 (OR ((NOT (A1)) D1)))) (AND (A0 (NOT (A1)) D2)))))))
(CAPTURE_CANDIDATE (AND ((NOT (D0)) D2 (OR ((AND (A1 D3)) (AND (A0 (NOT (A1)))))))))
(CAPTURE_CANDIDATE (AND ((OR ((AND (D0 D3)) (AND (A1 D3)) (AND ((NOT (A0)) D0 (OR ((NOT (A1)) D1)))) (AND (A0 (NOT (A1)) D2)))))))
(CAPTURE_CANDIDATE (AND ((OR ((AND (A1 D3 D1)) (AND ((NOT (A0)) D0 (OR ((NOT (A1)) D1)))) (AND (A0 (NOT (A1)) D2)))))))
(CAPTURE_CANDIDATE (AND ((OR ((AND (A1 D3 (NOT (A0)))) (AND ((NOT (A0)) D0 (OR ((NOT (A1)) D1)))) (AND (A0 (NOT (A1)) D2)))))))
(CAPTURE_CANDIDATE (AND ((OR ((AND (A1 D3)) (AND ((NOT (A0)) D0 (OR ((NOT (A1)) D1)))) (AND (A0 (NOT (A1)) D2)) (AND (A0 D2)))))))
(CAPTURE_CANDIDATE (AND ((OR ((AND (A1 D3)) (AND (D0 (OR ((NOT (A1)) D1)))) (AND (A0 (NOT (A1)) D2)))))))
(CAPTURE_CANDIDATE (AND ((OR ((AND (A1 D3)) (AND ((NOT (A0)) D0 (OR ((NOT (A1)) D1 (AND ((NOT (A1)) (NOT (D3)))))))) (AND (A0 (NOT (A1)) D2)))))))
(CAPTURE_CANDIDATE (AND ((OR ((AND (A1 D3)) (AND ((NOT (A0)) D0 (OR ((NOT (A1)) D1 (NOT (D1)))))) (AND (A0 (NOT (A1)) D2)))))))
(CAPTURE_CANDIDATE (AND ((OR ((AND (A1 D3)) (AND ((NOT (A0)) D0 (OR ((NOT (A1)) D1)))) (AND (A0 (NOT (A1)) D2)))) (OR (D1 D3)))))
(CAPTURE_CANDIDATE (AND ((OR ((AND (A1 D3 (NOT (D0)))) (AND ((NOT (A0)) D0 (OR ((NOT (A1)) D1)))) (AND (A0 (NOT (A1)) D2)))))))
(CAPTURE_CANDIDATE (AND ((OR ((AND (A1 D3)) (AND ((NOT (A0)) D0 (OR ((NOT (A1)) D1)))) (AND (A0 (NOT (A1)) D2)) (NOT (D0)) (NOT (D2)))))))
(CAPTURE_CANDIDATE (AND ((OR ((AND (A1 D3)) (AND ((NOT (A0)) D0 (OR ((NOT (A1)) D1)) (OR (A1 (NOT (D2)))))) (AND (A0 (NOT (A1)) D2)))))))
(CAPTURE_CANDIDATE (AND ((OR ((AND (A1 D3)) (AND ((NOT (A0)) D0 (OR ((NOT (A1)) D1)))) (AND (A0 D2 (OR ((NOT (A1)) (NOT (D0)))))))))))
(CAPTURE_CANDIDATE (AND ((OR ((NOT (A1)) (NOT (D2)) (AND (A1 D3)) (AND ((NOT (A0)) D0 (OR ((NOT (A1)) D1)))) (AND (A0 (NOT (A1)) D2)))))))
(CAPTURE_CANDIDATE (AND ((OR ((AND (A1 D3)) (AND ((NOT (A0)) D0 (OR ((NOT (A1)) D1)))) (AND (A0 (NOT (A1)) D2)))))))
(CAPTURE_CANDIDATE (AND ((OR ((AND (A1 D3)) (AND ((NOT (A0)) D0 (OR ((NOT (A1)) D1)))) (AND (A0 (NOT (A1)) D2)))))))
(CAPTURE_CANDIDATE (AND ((OR ((AND (A1 D3)) (AND ((NOT (A0)) D0 (OR ((NOT (A1)) (AND (D1 (OR (A1 D3)))))))) (AND (A0 (NOT (A1)) D2)))))))
(CAPTURE_CANDIDATE (AND ((OR ((AND (A1 D3)) (AND ((NOT (A0)) D0 (OR ((NOT (A1)) D1)))) (AND (A0 (NOT (A1)) D2 (NOT (D0)))))))))
(CAPTURE_CANDIDATE (AND ((OR ((NOT (D3)) (AND (A1 D3)) (AND ((NOT (A0)) D0 (OR ((NOT (A1)) D1)))) (AND (A0 (NOT (A1)) D2)))))))
(CAPTURE_CANDIDATE (AND ((OR ((AND (A1 D3)) (AND ((NOT (A0)) D0 (OR ((NOT (A1)) D1)))) (AND (A0 (NOT (A1)) (OR (D2 D3)))))))))
(CAPTURE_CANDIDATE (AND ((OR ((AND (A1 D3)) (AND ((NOT (A0)) D0 (NOT (D3)) (OR ((NOT (A1)) D1)))) (AND (A0 (NOT (A1)) D2)))))))
(CAPTURE_CANDIDATE (AND ((OR ((AND (A1 D3)) (AND ((NOT (A0)) D0)) (AND (A0 (NOT (A1)) D2)))))))
(CAPTURE_CANDIDATE (AND ((OR ((AND (D3 (OR (A1 (NOT (A0)))))) (AND ((NOT (A0)) D0 (OR ((NOT (A1)) D1)))) (AND (A0 (NOT (A1)) D2)))))))
(CAPTURE_CANDIDATE (AND ((OR ((AND (A1 D3)) (AND ((NOT (A0)) D0 (OR ((NOT (A1)) D1 A1 D3)))) (AND (A0 (NOT (A1)) D2)))))))
(CAPTURE_CANDIDATE (AND ((OR ((AND (A1 D3)) (AND ((NOT (A0)) D0 (OR ((NOT (A1)) D1 (NOT (D3)))))) (AND (A0 (NOT (A1)) D2)))))))
(CAPTURE_CANDIDATE (AND ((OR ((AND (D0 (NOT (D1)) A1 D3)) (AND ((NOT (A0)) D0 (OR ((NOT (A1)) D1)))) (AND (A0 (NOT (A1)) D2)))))))
(CAPTURE_CANDIDATE (AND ((OR ((AND (A1 D3 (NOT (D2)))) (AND ((NOT (A0)) D0 (OR ((NOT (A1)) D1)))) (AND (A0 (NOT (A1)) D2)))))))
(CAPTURE_CANDIDATE (AND ((NOT (A1)) (OR ((AND ((NOT (A0)) D0)) (AND (A0 D2)))))))
(CAPTURE_CANDIDATE (AND ((OR ((AND (A1 D3)) (AND ((NOT (A0)) D0 (OR ((NOT (A1)) D1)))) (AND (A0 (NOT (A1)) D2 D0)))))))
(CAPTURE_CANDIDATE (AND ((OR ((AND (A1 D3)) (AND (D0 (OR ((NOT (A1)) D1)) (OR ((NOT (A0)) (NOT (D3)))))) (AND (A0 (NOT (A1)) D2)))))))
(CAPTURE_CANDIDATE (AND ((OR ((AND (A1 D3)) (AND ((NOT (A0)) D0 (OR ((NOT (A1)) D1)))) (AND (A0 (NOT (A1)) D2)) D3)))))
(CAPTURE_CANDIDATE (AND ((OR ((AND (A1 D3)) (AND (D0 (OR ((NOT (A1)) D1)))) (AND (A0 (NOT (A1)) D2)))))))
(CAPTURE_CANDIDATE (AND ((OR ((AND (A1 D3)) (AND ((NOT (A0)) D0)) (AND (A0 (NOT (A1)) D2)))))))
(CAPTURE_CANDIDATE (AND ((OR ((AND (A1 D3)) (AND ((NOT (A0)) D0 (OR ((NOT (A1)) D1)))) (AND ((NOT (A1)) D2 (OR (A0 A0 (NOT (D1)))))))))))
(CAPTURE_CANDIDATE (AND ((OR ((AND (A1 D3)) (AND ((NOT (A0)) D0)) (AND (A0 (NOT (A1)) D2)))))))
(CAPTURE_CANDIDATE (AND ((OR ((AND (A1 D3)) (AND ((NOT (A0)) D0 (OR ((NOT (A1)) D1)))) (AND (A0 (NOT (A1)) D2)) (AND ((NOT (D0)) (NOT (D3)))))))))
(CAPTURE_CANDIDATE (AND ((OR ((NOT (D3)) (AND (A1 D3)) (AND ((NOT (A0)) D0 (OR ((NOT (A1)) D1)))) (AND (A0 (NOT (A1)) D2)))))))
(CAPTURE_CANDIDATE (AND ((OR ((AND (A1 (OR (D3 (NOT (D1)))))) (AND ((NOT (A0)) D0 (OR ((NOT (A1)) D1)))) (AND (A0 (NOT (A1)) D2)))))))
(CAPTURE_CANDIDATE (AND ((OR ((AND (A1 D3)) (AND ((NOT (A0)) D0)) (AND (A0 (NOT (A1)) D2)))))))
(CAPTURE_CANDIDATE (AND ((OR ((AND ((NOT (A0)) A1)) (AND (A1 D3)) (AND ((NOT (A0)) D0 (OR ((NOT (A1)) D1)))) (AND (A0 (NOT (A1)) D2)))))))
(CAPTURE_CANDIDATE (AND ((OR ((AND (A1 D3)) (AND ((NOT (A0)) D0 (NOT (A1)))) (AND (A0 (NOT (A1)) D2)))))))
(CAPTURE_CANDIDATE (AND ((OR ((AND (D3 (OR (A1 (AND ((NOT (A1)) D0)))))) (AND ((NOT (A0)) D0 (OR ((NOT (A1)) D1)))) (AND (A0 (NOT (A1)) D2)))))))
(CAPTURE_CANDIDATE (AND ((OR ((AND (A1 D3)) (AND ((NOT (A0)) D0 (OR ((NOT (A1)) D1)))) (AND (A0 (NOT (A1)) D2)))))))
(CAPTURE_CANDIDATE (AND ((OR ((AND (A1 D3)) (AND ((NOT (A0)) D0 A1 D1)) (AND (A0 (NOT (A1)) D2)))))))
(CAPTURE_CANDIDATE (AND ((OR ((AND (A1 D3)) (AND ((NOT (A0)) D0 (NOT (D3)) (OR ((NOT (A1)) D1)))) (AND (A0 (NOT (A1)) D2)))))))
(CAPTURE_CANDIDATE (AND ((OR ((AND (A1 (OR (D3 (AND ((NOT (A0)) D0)))))) (AND ((NOT (A0)) D0 (OR ((NOT (A1)) D1)))) (AND (A0 (NOT (A1)) D2)))))))
(CAPTURE_CANDIDATE (AND ((OR ((AND (A1 D3)) (AND ((NOT (A0)) D0 (OR ((NOT (A1)) (AND (D1 (NOT (D3)))))))) (AND (A0 (NOT (A1)) D2)))))))
(CAPTURE_CANDIDATE (AND ((OR ((AND (A1 D3)) (AND ((NOT (A0)) D0 (OR ((NOT (A1)) D1)))) (AND (A0 (NOT (A1)) D2)) (AND ((NOT (D0)) (NOT (D3)))))))))
(CAPTURE_CANDIDATE (AND ((OR ((AND (A1 D3)) (AND (A1 (NOT (D2)) D1 (NOT (A0)) D0)) (AND (A0 (NOT (A1)) D2)))))))
(CAPTURE_CANDIDATE (AND ((OR ((AND (A1 D3)) (AND ((NOT (A0)) D0 (OR ((NOT (A1)) D1)))) (AND (A0 (NOT (A1)))))))))
(CAPTURE_CANDIDATE (AND ((OR ((AND (A1 D3)) (AND ((NOT (A0)) D0 (OR ((NOT (A1)) D1)))) (AND (A0 D2 (OR ((NOT (A1)) (NOT (D3)))))))))))
(CAPTURE_CANDIDATE (AND ((OR ((AND (D3 (OR (A1 (AND (A0 D2)))))) (AND ((NOT (A0)) D0 (OR ((NOT (A1)) D1)))) (AND (A0 (NOT (A1)) D2)))))))
(CAPTURE_CANDIDATE (AND ((OR ((AND (A1 D3)) (AND ((NOT (A0)) D0 (OR ((NOT (A1)) D1)))) (AND (A0 (NOT (A1)) D2 D0)))))))
(CAPTURE_CANDIDATE (AND ((OR ((AND (D3 (OR (A1 D0)))) (AND ((NOT (A0)) D0 (OR ((NOT (A1)) D1)))) (AND (A0 (NOT (A1)) D2)))))))
(CAPTURE_CANDIDATE (AND ((OR ((AND (A1 (NOT (D1)))) (AND (A1 D3)) (AND ((NOT (A0)) D0 (OR ((NOT (A1)) D1)))) (AND (A0 (NOT (A1)) D2)))))))
(CAPTURE_CANDIDATE (AND ((OR ((AND (A1 D3)) (AND ((NOT (A0)) D0 (OR ((NOT (A1)) D1)))) (AND (A0 (NOT (A1)) D2)) A1 D1)))))
(CAPTURE_CANDIDATE (AND ((OR ((AND (A1 D3)) (AND ((NOT (A0)) D0 (OR ((NOT (A1)) D1)))) (AND (A0 D2 (OR ((NOT (A1)) D0)))))))))
(CAPTURE_CANDIDATE (AND ((OR ((AND (A1 D3)) (AND ((NOT (A0)) D0 (OR ((NOT (A1)) D1)))) (AND (A0 (NOT (A1)) (OR (D2 D3)))))))))
(CAPTURE_CANDIDATE (AND ((OR ((AND (A1 D3)) (AND (D0 (NOT (A0)) (OR ((NOT (A1)) D1)))) (AND (A0 (NOT (A1)) D2)))))))
(CAPTURE_CANDIDATE (AND ((OR ((AND (A1 D3)) (AND ((NOT (A0)) (OR ((NOT (A1)) D1)) (OR (D0 (NOT (A1)))))) (AND (A0 (NOT (A1)) D2)))))))
(CAPTURE_CANDIDATE (AND ((OR ((AND (A1 D3)) (AND ((NOT (A0)) D0 (OR ((NOT (A1)) D1)))) (AND (A0 (NOT (A1)) D2)) A0 D2)))))
(CAPTURE_CANDIDATE (AND ((OR ((AND (A1 D3)) (AND ((NOT (A0)) D0 D1 D3)) (AND (A0 (NOT (A1)) D2)))))))
(CAPTURE_CANDIDATE (AND ((OR ((AND (A1 D3 D1)) (AND ((NOT (A0)) D0 (OR ((NOT (A1)) D1)))) (AND (A0 (NOT (A1)) D2)))))))
(CAPTURE_CANDIDATE (AND ((OR ((AND ((NOT (A0)) D0 (OR ((NOT (A1)) D1)))) (AND (A0 (NOT (A1)) D2)))))))
(CAPTURE_CANDIDATE (AND ((OR ((AND (A1 D3)) (AND ((NOT (A0)) D0 (OR ((NOT (A1)) D1)) (OR ((NOT (D1)) (NOT (D3)))))) (AND (A0 (NOT (A1)) D2)))))))
(CAPTURE_CANDIDATE (AND ((OR ((AND (A1 D3)) (AND ((NOT (A0)) D0 (OR ((NOT (A1)) D1)))) (AND (A0 (NOT (A1)) D2)))))))
(CAPTURE_CANDIDATE (AND ((OR ((AND (A1 D3)) (AND ((NOT (A0)) D0 (OR ((NOT (A1)) D1)))) (AND ((NOT (A1)) D2 A0)))))))
(CAPTURE_CANDIDATE (AND ((OR ((AND (A1 D3)) (AND ((NOT (A0)) D0 (OR ((NOT (A1)) D1 D2)))) (AND (A0 (NOT (A1)) D2)))))))
(CAPTURE_CANDIDATE (AND ((OR ((AND (A1 D3)) (AND ((NOT (A0)) D0 (OR ((NOT (A1)) D1)))) (AND (A0 (NOT (A1)) D2)))))))
(CAPTURE_CANDIDATE (AND ((OR ((AND ((NOT (A0)) A1)) (AND (A1 D3)) (AND ((NOT (A0)) D0 (OR ((NOT (A1)) D1)))) (AND (A0 (NOT (A1)) D2)))))))
(CAPTURE_CANDIDATE (AND ((OR (D0 (AND (A1 D3)) (AND ((NOT (A0)) D0 (OR ((NOT (A1)) D1)))) (AND (A0 (NOT (A1)) D2)))))))
(CAPTURE_CANDIDATE (AND ((OR ((AND (A1 D3)) (AND ((NOT (A0)) D0 D2 (OR ((NOT (A1)) D1)))) (AND (A0 (NOT (A1)) D2)))))))
(CAPTURE_CANDIDATE (AND ((OR ((AND (A1 D3)) (AND ((NOT (A0)) D0 D2 (OR ((NOT (A1)) D1)))) (AND (A0 (NOT (A1)) D2)))))))
(CAPTURE_CANDIDATE (AND ((OR ((AND (A1 D3)) (AND ((NOT (A0)) D0 (OR ((NOT (A1)) D1)))) (AND (A0 (NOT (A1)) D2)))) (OR (A0 (NOT (D1)))))))
(CAPTURE_CANDIDATE (AND ((OR ((AND (A1 D3)) (AND ((NOT (A0)) D0 (OR ((NOT (A1)) D1)))) (AND (A0 (NOT (A1)) D2)))))))
(CAPTURE_CANDIDATE (AND ((OR ((AND (A1 D3)) (AND (D0 (OR ((NOT (A1)) D1)) (OR ((NOT (A0)) (AND (A0 A1)))))) (AND (A0 (NOT (A1)) D2)))))))
(CAPTURE_CANDIDATE (AND ((OR ((AND (A1 D3)) (AND ((NOT (A0)) D0 (OR ((NOT (A1)) D1)))) (AND (A0 (NOT (A1)) D2)))))))
(CAPTURE_CANDIDATE (AND ((OR ((AND (A1 D3)) (AND ((NOT (D0)) (NOT (A0)) (OR ((NOT (A1)) D1)))) (AND (A0 (NOT (A1)) D2)))))))
(CAPTURE_CANDIDATE (AND ((OR ((AND (A1 D3)) (AND ((NOT (A0)) (OR ((NOT (A1)) D1)))) (AND (A0 (NOT (A1)) D2)))))))
(CAPTURE_CANDIDATE (AND ((OR ((AND (A1 D3)) (AND ((NOT (A0)) D0 (OR ((NOT (A1)) D1)))) (AND (A0 (NOT (A1)) D2)) (NOT (D2)))))))
(CAPTURE_CANDIDATE (AND ((OR ((AND (A1 D3)) (AND ((NOT (D1)) (NOT (A1)) (NOT (A0)) D0)) (AND (A0 (NOT (A1)) D2)))))))
(CAPTURE_CANDIDATE (AND ((NOT (A1)) (OR ((AND ((NOT (A0)) D0)) (AND (A0 D2)))))))
(CAPTURE_CANDIDATE (AND ((OR ((AND ((NOT (A0)) D2)) (AND (A1 D3)) (AND ((NOT (A0)) D0 (OR ((NOT (A1)) D1)))) (AND (A0 (NOT (A1)) D2)))))))
(CAPTURE_CANDIDATE (AND ((OR ((AND (D3 (OR (A1 (NOT (D2)))))) (AND ((NOT (A0)) D0 (OR ((NOT (A1)) D1)))) (AND (A0 (NOT (A1)) D2)))))))
(CAPTURE_CANDIDATE (AND ((OR ((AND (A1 (NOT (D2)) D3)) (AND ((NOT (A0)) D0 (OR ((NOT (A1)) D1)))) (AND (A0 (NOT (A1)) D2)))))))
(CAPTURE_CANDIDATE (AND ((OR ((AND (A1 D3)) (AND ((NOT (A0)) D0 (OR ((NOT (A1)) D1)))) (AND (A0 (NOT (A1)) D2)))))))
(CAPTURE_CANDIDATE (AND ((OR ((AND (A1 D3)) (AND ((NOT (A0)) D0 (OR ((NOT (A1)) D1)))) (AND ((NOT (A1)) D2 A0)))))))
(CAPTURE_CANDIDATE (AND ((OR ((AND (A1 D3)) (AND ((NOT (A0)) D0 (OR ((NOT (A1)) D1)))) (AND (A0 (NOT (A1)) D2)) (NOT (D1)))))))
(CAPTURE_CANDIDATE (AND ((OR ((AND (A1 D3)) (AND ((NOT (A0)) D0 (OR (A1 D1)))) (AND (A0 (NOT (A1)) D2)))))))
(CAPTURE_CANDIDATE (AND ((OR ((NOT (D2)) (AND (A1 D3)) (AND ((NOT (A0)) D0 (OR ((NOT (A1)) D1)))) (AND (A0 (NOT (A1)) D2)))))))
(CAPTURE_CANDIDATE (AND ((OR ((AND (A1 D3)) (AND ((NOT (A1)) D1 (NOT (A0)) D0)) (AND (A0 (NOT (A1)) D2)))))))
(CAPTURE_CANDIDATE (AND ((OR ((AND (A1 D3)) (AND ((NOT (A0)) D0 (OR ((NOT (A1)) D1)))) (AND (A1 A0 D2)))))))
(CAPTURE_CANDIDATE (AND ((OR ((AND (A1 D3)) (AND ((NOT (A0)) D0 (OR ((NOT (A1)) D1)))) (AND (A0 (NOT (A1)) D2)) (AND (D0 (NOT (D3)))))))))
(CAPTURE_CANDIDATE (AND ((OR ((AND (A1 D3)) (AND ((NOT (A0)) D0)) (AND (A0 (NOT (A1)) D2)))))))
(CAPTURE_CANDIDATE (AND ((OR ((AND (A1 D3)) (AND ((NOT (A0)) D0)) (AND (A0 (NOT (A1)) D2)))))))
(CAPTURE_CANDIDATE (AND ((OR ((AND (A1 D3)) (AND (D1 (NOT (A0)) D0)) (AND (A0 (NOT (A1)) D2)))))))
(CAPTURE_CANDIDATE (AND ((OR ((AND (A1 D3)) (AND ((NOT (A0)) D0 (OR ((NOT (A1)) D1)))) (AND (A0 (NOT (A1)) D2)) (NOT (D0)))))))
(CAPTURE_CANDIDATE (AND ((OR ((NOT (A1)) (NOT (D2)) (AND (A1 D3)) (AND ((NOT (A0)) D0 (OR ((NOT (A1)) D1)))) (AND (A0 (NOT (A1)) D2)))))))
(CAPTURE_CANDIDATE (AND ((OR ((AND (A1 D3)) (AND ((NOT (A0)) D0 (OR ((NOT (A1)) D1)))) (AND (A0 (NOT (A1)) D2)) (AND (D0 (NOT (D3)))))))))
(CAPTURE_CANDIDATE (AND ((OR ((AND (A1 D3)) (AND ((NOT (A0)) D0 (OR ((NOT (A1)) (AND (D1 (OR (A1 D3)))))))) (AND (A0 (NOT (A1)) D2)))))))
(CAPTURE_CANDIDATE (AND ((OR ((AND (D3 A1)) (AND ((NOT (A0)) D0 (OR ((NOT (A1)) D1)))) (AND (A0 (NOT (A1)) D2)))))))
(CAPTURE_CANDIDATE (AND ((OR ((AND (A1 D3)) (AND ((NOT (A0)) D0 (OR ((NOT (A1)) D1)))) (AND (A0 (NOT (A1)) D2)) (NOT (D0)) D3)))))
(CAPTURE_CANDIDATE (AND ((OR ((AND (A1 D3)) (AND ((NOT (A0)) D0)) (AND (A0 (NOT (A1)) D2)))))))
(CAPTURE_CANDIDATE (AND ((OR ((AND (A1 D3)) (AND ((NOT (A0)) D0 D3 (OR ((NOT (A1)) D1)))) (AND (A0 (NOT (A1)) D2)))))))
(CAPTURE_CANDIDATE (AND ((NOT (D2)) (OR ((AND (A1 D3)) (AND ((NOT (A0)) D0 (OR ((NOT (A1)) D1)))))))))
(CAPTURE_CANDIDATE (AND ((OR ((AND (A1 D3)) (AND ((NOT (A0)) D0 (OR ((NOT (A1)) D1)))) (AND (A0 (NOT (A1)) D2)))))))
(CAPTURE_CANDIDATE (AND ((OR ((AND (A1 D3)) (AND ((NOT (A0)) D0 (OR ((NOT (A1)) D1)))) (AND (A0 (NOT (A1)) D2 (NOT (D1)))))))))
(CAPTURE_CANDIDATE (AND ((OR ((AND (D0 D3)) (AND (A1 D3)) (AND ((NOT (A0)) D0 (OR ((NOT (A1)) D1)))) (AND (A0 (NOT (A1)) D2)))))))
(CAPTURE_CANDIDATE (AND ((OR ((AND (A1 D3)) (AND ((NOT (A0)) D0 (OR ((NOT (A1)) D1 D1)))) (AND (A0 (NOT (A1)) D2)))))))
(CAPTURE_CANDIDATE (AND (D3 (OR (A1 (AND ((NOT (A0)) D0 (OR ((NOT (A1)) D1)))) (AND (A0 (NOT (A1)) D2)))))))
(CAPTURE_CANDIDATE (AND ((OR ((AND (A0 (NOT (D2)) A1 D3)) (AND ((NOT (A0)) D0 (OR ((NOT (A1)) D1)))) (AND (A0 (NOT (A1)) D2)))))))
(CAPTURE_CANDIDATE (AND ((OR ((AND (A1 D3)) (AND (D0 (OR ((NOT (A1)) D1)) (OR ((NOT (A0)) A1)))) (AND (A0 (NOT (A1)) D2)))))))
(CAPTURE_CANDIDATE (AND ((OR ((AND ((NOT (D2)) A1 D3)) (AND ((NOT (A0)) D0 (OR ((NOT (A1)) D1)))) (AND (A0 (NOT (A1)) D2)))))))
(CAPTURE_CANDIDATE (AND ((OR ((NOT (A1)) (NOT (D2)) (AND (A1 D3)) (AND ((NOT (A0)) D0 (OR ((NOT (A1)) D1)))) (AND (A0 (NOT (A1)) D2)))))))
(CAPTURE_CANDIDATE (AND ((OR ((AND (A1 D3)) (AND ((NOT (A0)) D0 D3 (OR ((NOT (A1)) D1)))) (AND (A0 (NOT (A1)) D2)))))))
(CAPTURE_CANDIDATE (AND ((OR ((AND (A1 D3)) (AND ((NOT (A0)) D0)) (AND (A0 (NOT (A1)) D2)))))))
(CAPTURE_CANDIDATE (AND ((OR ((AND (A1 D3)) (AND ((NOT (A0)) D0 (OR ((NOT (A1)) D1)))) (AND (A0 (NOT (A1)) (OR (D2 (NOT (D1)))))))))))
(CAPTURE_CANDIDATE (AND ((OR ((NOT (D3)) (AND (A1 D3)) (AND ((NOT (A0)) D0 (OR ((NOT (A1)) D1)))) (AND (A0 (NOT (A1)) D2)))))))
(CAPTURE_CANDIDATE (AND ((OR ((AND (A1 D3)) (AND ((NOT (A0)) D0 (OR ((NOT (A1)) D1)))) (AND (A0 (NOT (A1)) D2)) (AND ((NOT (A1)) D1)))))))
(CAPTURE_CANDIDATE (AND ((OR ((AND (A0 (NOT (D2)) A1 D3)) (AND ((NOT (A0)) D0 (OR ((NOT (A1)) D1)))) (AND (A0 (NOT (A1)) D2)))))))
(CAPTURE_CANDIDATE (AND ((OR ((AND (A1 D3)) (AND ((NOT (A0)) D0 (OR ((NOT (A1)) D1)))) (AND ((NOT (A1)) D2)))))))
(CAPTURE_CANDIDATE (AND ((OR ((AND (A1 D3)) (AND ((NOT (A0)) D0 (OR ((NOT (A1)) D1)))) (AND ((NOT (A1)) D2 A0)))))))
(CAPTURE_CANDIDATE (AND ((OR ((AND (A1 D3)) (AND (D0 (OR ((NOT (A1)) D1)) (OR ((NOT (A0)) (NOT (D1)))))) (AND (A0 (NOT (A1)) D2)))))))
(CAPTURE_CANDIDATE (AND ((OR ((AND (A1 D3)) (AND ((NOT (A0)) D0 (OR ((NOT (A1)) D1)))) (AND (A0 D2 (OR ((NOT (A1)) D0)))))))))
(CAPTURE_CANDIDATE (AND ((OR ((AND (A1 D3)) (AND ((NOT (A0)) D0 (OR ((NOT (A1)) D1)))))))))
(CAPTURE_CANDIDATE (AND (D0 (OR ((AND (A1 D3)) (AND ((NOT (A0)) (OR ((NOT (A1)) D1)))) (AND (A0 (NOT (A1)) D2)))))))
(CAPTURE_CANDIDATE (AND ((OR ((AND (A1 D3)) (AND ((NOT (A0)) D0 (OR ((NOT (A1)) D1)))) (AND (A0 D2 (OR ((NOT (A1)) (NOT (D3)))))))))))
(CAPTURE_CANDIDATE (AND ((OR ((AND (A1 D3)) (AND ((NOT (A0)) D0 (OR ((NOT (A1)) D1)))) (AND (A0 D2 (OR ((NOT (A1)) (NOT (D1)))))))))))
(CAPTURE_CANDIDATE (AND ((OR ((AND (A1 D3)) (AND ((NOT (A0)) D0 (OR ((NOT (A1)) D1)))) (AND (A0 (NOT (A1)) D2)) (AND ((NOT (A1)) (NOT (D0)))))))))
(CAPTURE_CANDIDATE (AND ((OR ((AND (A1 D3)) (AND ((NOT (A0)) (OR ((NOT (A1)) D1)) (OR (D0 (NOT (D1)))))) (AND (A0 (NOT (A1)) D2)))))))
(CAPTURE_CANDIDATE (AND ((OR ((AND (A1 D3)) (AND ((NOT (D3)) (NOT (A0)) D0 (OR ((NOT (A1)) D1)))) (AND (A0 (NOT (A1)) D2)))))))
(CAPTURE_CANDIDATE (AND (A0 (NOT (D3)) (NOT (A1)) D2)))
(CAPTURE_CANDIDATE (AND ((OR ((AND (A1 D3)) (AND ((NOT (A0)) D0 (OR ((NOT (A1)) D1)))) (AND (A0 (NOT (A1)) D2 (NOT (D0)))))))))
(CAPTURE_CANDIDATE (AND ((OR ((AND (A1 D3)) (AND ((NOT (A0)) (OR ((NOT (A1)) D1)) (OR (D0 (AND ((NOT (D1)) D3)))))) (AND (A0 (NOT (A1)) D2)))))))
(CAPTURE_CANDIDATE (AND ((OR ((AND (A1 D3)) (AND ((NOT (A0)) D0 D1)) (AND (A0 (NOT (A1)) D2)))))))
(CAPTURE_CANDIDATE (AND ((OR ((AND (A1 D3)) (AND ((NOT (A0)) D0 (OR ((NOT (A1)) D1)))) (AND (A0 (NOT (A1)) D2)))))))
(CAPTURE_CANDIDATE (AND ((NOT (A0)) (OR ((AND (A1 D3)) (AND (D0 (OR ((NOT (A1)) D1)))))))))
(CAPTURE_CANDIDATE (AND ((OR ((AND (A1 D3 (NOT (A0)))) (AND ((NOT (A0)) D0 (OR ((NOT (A1)) D1)))) (AND (A0 (NOT (A1)) D2)))))))
(CAPTURE_CANDIDATE (AND ((NOT (D0)) D2 (OR ((AND (A1 D3)) (AND (A0 (NOT (A1)))))))))
(CAPTURE_CANDIDATE (AND ((OR ((AND (D3 (OR (A1 D1)))) (AND ((NOT (A0)) D0 (OR ((NOT (A1)) D1)))) (AND (A0 (NOT (A1)) D2)))))))
(CAPTURE_CANDIDATE (AND (D2 (OR ((AND (A1 D3)) (AND ((NOT (A0)) D0 (OR ((NOT (A1)) D1)))) (AND (A0 (NOT (A1)))))))))
(CAPTURE_CANDIDATE (AND ((OR ((AND (A1 D3)) (AND ((NOT (A0)) D0 (OR ((NOT (A1)) D1)))) (AND (A0 (NOT (A1)) D2)))))))
(CAPTURE_CANDIDATE (AND ((OR ((AND ((NOT (A0)) (NOT (A1)))) (AND (A1 D3)) (AND ((NOT (A0)) D0 (OR ((NOT (A1)) D1)))) (AND (A0 (NOT (A1)) D2)))))))
(CAPTURE_CANDIDATE (AND ((OR ((AND (A1 D3)) (AND ((NOT (A0)) D0 (OR ((NOT (A1)) D1)))) (AND (A0 (NOT (A1)) (OR (D2 D3)))))))))
(CAPTURE_CANDIDATE (AND ((OR ((AND (A1 D3)) (AND (D0 (OR ((NOT (A1)) D1)) (OR ((NOT (A0)) (NOT (D2)))))) (AND (A0 (NOT (A1)) D2)))))))
(CAPTURE_CANDIDATE (AND ((OR ((AND (A1 D3)) (AND ((NOT (A0)) D0 (OR ((NOT (A1)) D1)))) (AND (A0 (NOT (A1)) D2 (NOT (D1)))))))))
(CAPTURE_CANDIDATE (AND ((OR ((AND (A1 D3)) (AND ((NOT (A0)) D0 (OR ((NOT (A1)) D1)))) (AND (A0 (NOT (A1)) D2)))) (OR ((NOT (A0)) D3)))))
(CAPTURE_CANDIDATE (AND ((OR ((AND (A1 D3)) (AND ((NOT (A0)) D0 (OR ((NOT (A1)) D1)))) (AND (A0 (NOT (A1)) D2)) A1 D1)))))
(CAPTURE_CANDIDATE (AND ((OR ((AND (D3 (OR (A1 (AND (A0 D2)))))) (AND ((NOT (A0)) D0 (OR ((NOT (A1)) D1)))) (AND (A0 (NOT (A1)) D2)))))))
(CAPTURE_CANDIDATE (AND ((OR ((AND (A1 D3)) (AND ((NOT (A0)) D0 (OR ((NOT (A1)) D1)))) (AND (A0 (NOT (A1)) D2)) (AND (D0 (NOT (D3)))))))))
(CAPTURE_CANDIDATE (AND ((OR ((AND (A1 D3)) (AND ((NOT (A0)) (OR ((NOT (A1)) D1)) (OR (D0 (NOT (D2)))))) (AND (A0 (NOT (A1)) D2)))))))
(CAPTURE_CANDIDATE (AND ((OR ((AND (A1 D3)) (AND ((NOT (A0)) D0 (OR ((NOT (A1)) D1)))) (AND (A0 D2)))))))
(CAPTURE_CANDIDATE (AND ((OR ((AND (A1 D3)) (AND ((NOT (A0)) D0 (OR ((NOT (A1)) D1)))) (AND (A0 (NOT (A1)) D2)))))))
(CAPTURE_CANDIDATE (AND ((OR ((AND (A1 D3)) (AND ((NOT (A0)) D0 (OR ((NOT (A1)) D1)))) (AND (A0 (NOT (A1)) D2)) D0)))))
(CAPTURE_CANDIDATE (AND ((OR ((AND (A1 D3)) (AND ((NOT (A0)) D0 (OR ((NOT (A1)) D1)))) (AND (A0 (NOT (A1)) D2)) (NOT (D0)) (NOT (D2)))))))
(CAPTURE_CANDIDATE (AND ((OR ((AND (A1 D3)) (AND (D1 (NOT (A1)) (NOT (D2)) (NOT (A0)) D0)) (AND (A0 (NOT (A1)) D2)))))))
(CAPTURE_CANDIDATE (AND ((OR ((AND (A1 D3)) (AND ((NOT (A0)) (OR ((NOT (A1)) D1)) (OR (D0 (AND ((NOT (D1)) D3)))))) (AND (A0 (NOT (A1)) D2)))))))
(CAPTURE_CANDIDATE (AND ((OR ((AND (A1 D3)) (AND ((NOT (A0)) D0 (OR ((NOT (A1)) D1)))) (AND ((NOT (A1)) D2 (OR (A0 (AND (D0 D1)))))))))))
(CAPTURE_CANDIDATE (AND ((OR ((AND (A1 D3)) (AND ((NOT (A0)) D0 (OR ((NOT (A1)) D1)))) (AND (A0 (NOT (A1)) (OR (D2 (AND ((NOT (D1)) D3)))))))))))
(CAPTURE_CANDIDATE (AND ((OR ((AND (A1 D3)) (AND ((NOT (A0)) D0 (OR ((NOT (A1)) D1)))) (AND (A0 (NOT (A1)) D2)))) (OR (D1 D3)))))
(CAPTURE_CANDIDATE (AND ((OR ((AND (A1 D3)) (AND ((NOT (A0)) D0 (OR ((NOT (A1)) D1)))) (AND ((NOT (A1)) D2 A0)))))))
(CAPTURE_CANDIDATE (AND ((OR ((AND (A1 D3)) (AND (D0 (OR ((NOT (A1)) D1)) (OR ((NOT (A0)) A1 (NOT (D1)))))) (AND (A0 (NOT (A1)) D2)))))))
(CAPTURE_CANDIDATE (AND ((OR ((AND (A1 D3)) (AND ((NOT (A0)) D0 (OR ((NOT (A1)) D1)))) (AND (A0 (NOT (A1)) D2)) D3)))))
(CAPTURE_CANDIDATE (AND (D2 (OR ((AND (A1 D3)) (AND ((NOT (A0)) D0 (OR ((NOT (A1)) D1)))) (AND (A0 (NOT (A1)))))))))
(CAPTURE_CANDIDATE (AND ((OR ((AND (A1 D3 (NOT (A0)))) (AND ((NOT (A0)) D0 (OR ((NOT (A1)) D1)))) (AND (A0 (NOT (A1)) D2)))))))
(New best score: -6.857142857142857)
(Terminating because of maxEval ending)
(Terminating because of maxEval ending)
(OptimizedDeme: 500)
"Merging Deme"
(Demesize: 500)
(nEval: 10000 LenSInstList: 500)
(TopCnd: 500)
(Keep 100 Unique instances from 500)
(KeptUniqueTopCandidates NewSize: 100)
(TrimmedDownDeme: 26)
(CAPTURE_CANDIDATE (AND ((OR ((AND (A1 D3)) (AND ((NOT (A0)) (OR ((NOT (A1)) D1)) (OR (D0 A1)))) (AND (A0 (NOT (A1)) D2)))))))
(CAPTURE_CANDIDATE (AND ((OR ((AND (A1 D3)) (AND ((NOT (A0)) D0 (OR ((NOT (A1)) D1)))) (AND (A0 (NOT (A1)) D2)))))))
(CAPTURE_CANDIDATE (AND ((OR ((AND (A1 D3)) (AND ((NOT (A0)) D0 (OR ((NOT (A1)) D1)))) (AND ((NOT (A1)) D2 A0)))))))
(CAPTURE_CANDIDATE (AND ((OR ((AND (A1 D3)) (AND ((NOT (A0)) D0 (OR ((NOT (A1)) D1)))) (AND (A0 (NOT (A1)) D2)))))))
(CAPTURE_CANDIDATE (AND ((OR ((AND (A1 D3)) (AND ((NOT (A0)) D0 (OR ((NOT (A1)) D1)))) (AND (A0 D2 (NOT (A1)))))))))
(CAPTURE_CANDIDATE (AND ((OR ((AND (A1 D3)) (AND ((NOT (A0)) D0 (OR ((NOT (A1)) D1)))) (AND (A0 (NOT (A1)) D2)))))))
(CAPTURE_CANDIDATE (AND ((OR ((AND (A1 D3)) (AND ((NOT (A0)) D0 (OR ((NOT (A1)) D1)))) (AND (A0 D2 (NOT (A1)))))))))
(CAPTURE_CANDIDATE (AND ((OR ((AND (A1 D3)) (AND ((NOT (A0)) D0 (OR ((NOT (A1)) D1)))) (AND (A0 (NOT (A1)) D2)))))))
(CAPTURE_CANDIDATE (AND ((OR ((AND (D3 A1)) (AND ((NOT (A0)) D0 (OR ((NOT (A1)) D1)))) (AND (A0 (NOT (A1)) D2)))))))
(CAPTURE_CANDIDATE (AND ((OR ((AND (A1 D3)) (AND ((NOT (A0)) D0 (OR ((NOT (A1)) D1)))) (AND (A0 (NOT (A1)) D2)))))))
(CAPTURE_CANDIDATE (AND ((OR ((AND (A1 D3)) (AND (D0 (NOT (A0)) (OR ((NOT (A1)) D1)))) (AND (A0 (NOT (A1)) D2)))))))
(CAPTURE_CANDIDATE (AND ((OR ((AND (A1 D3)) (AND ((NOT (A0)) D0 (OR ((NOT (A1)) D1)))) (AND (A0 (NOT (A1)) D2)))))))
(CAPTURE_CANDIDATE (AND ((OR ((AND (A1 D3)) (AND ((NOT (A0)) D0 (OR ((NOT (A1)) D1)))) (AND (A0 D2 (NOT (A1)))))))))
(CAPTURE_CANDIDATE (AND ((OR ((AND (A1 D3)) (AND ((NOT (A0)) D0 (OR ((NOT (A1)) D1)))) (AND (A0 (NOT (A1)) D2)))))))
(CAPTURE_CANDIDATE (AND ((OR ((AND (A1 D3)) (AND ((NOT (A0)) D0 (OR ((NOT (A1)) D1)))) (AND ((NOT (A1)) D2 A0)))))))
(CAPTURE_CANDIDATE (AND ((OR ((AND (A1 D3)) (AND ((NOT (A0)) D0 (OR ((NOT (A1)) D1)))) (AND (A0 (NOT (A1)) D2)))))))
(CAPTURE_CANDIDATE (AND ((OR ((AND (A1 D3)) (AND (D0 (NOT (A0)) (OR ((NOT (A1)) D1)))) (AND (A0 (NOT (A1)) D2)))))))
(CAPTURE_CANDIDATE (AND ((OR ((AND (A1 D3)) (AND ((NOT (A0)) D0 (OR ((NOT (A1)) D1)))) (AND (A0 (NOT (A1)) D2)))))))
(CAPTURE_CANDIDATE (AND ((OR ((AND (A1 D3)) (AND ((NOT (A0)) D0 (OR ((NOT (A1)) D1)))) (AND ((NOT (A1)) D2 A0)))))))
(CAPTURE_CANDIDATE (AND ((OR ((AND (A1 D3)) (AND ((NOT (A0)) D0 (OR ((NOT (A1)) D1)))) (AND (A0 (NOT (A1)) D2)))))))
(CAPTURE_CANDIDATE (AND ((OR ((AND (A1 D3)) (AND ((NOT (A0)) D0 (OR ((NOT (A1)) D1)))) (AND ((NOT (A1)) D2 A0)))))))
(CAPTURE_CANDIDATE (AND ((OR ((AND (D3 A1)) (AND ((NOT (A0)) D0 (OR ((NOT (A1)) D1)))) (AND (A0 (NOT (A1)) D2)))))))
(CAPTURE_CANDIDATE (AND ((OR ((AND (A1 D3)) (AND ((NOT (A0)) D0 (OR ((NOT (A1)) D1)))) (AND (A0 (NOT (A1)) D2)))))))
(CAPTURE_CANDIDATE (AND ((OR ((AND (A1 D3)) (AND ((NOT (A0)) D0 (OR ((NOT (A1)) D1)))) (AND ((NOT (A1)) D2 A0)))))))
(CAPTURE_CANDIDATE (AND ((OR ((AND (A1 D3)) (AND ((NOT (A0)) D0 (OR ((NOT (A1)) D1)))) (AND (A0 (NOT (A1)) D2)))))))
(CAPTURE_CANDIDATE (AND ((OR ((AND (A1 D3)) (AND ((NOT (A0)) D0 (OR ((NOT (A1)) D1)))) (AND ((NOT (A1)) D2 A0)))))))
(Before getNewCandidates: 26)
(Going to merge 1 Instances)
(Metapop size before resize: 9)
(Metapop size after resize: 9)
""
true
true
true
true
true
true
true
true
true
true
true
true
true
true
true
true
true
true
true
true
true
true
true
true
true
true
true
true
true
true
true
true
true
true
true
true
true
true
true
true
true
true
true
true
true
true
true
true
true
true
true
true
true
true
true
true
true
true
true
true
true
true
true
true
true
true
true
()
(FinalResult (((AND (OR (AND A1 D3) (AND (NOT A0) (OR (NOT A1) D1) (OR D0 A1)) (AND A0 (NOT A1) D2))) -4) ((AND (OR (AND A1 D3) (AND (NOT A0) D0 (OR (NOT A1) D1)) (AND A0 (NOT A1) D2))) -6) ((AND (OR (AND A1 D3) (AND (NOT A0) D0) (AND (NOT A1) D2 A0))) -8) ((AND (OR (AND A1 D3) (AND (NOT A0) D0) (AND A0 (NOT A1) D2))) -8) ((AND (OR (AND A1 (OR D3 (NOT A0))) (AND (NOT A0) D0) (AND A0 (NOT A1) D2))) -8) ((AND (OR (AND A1 D3 A0) (AND (NOT A0) D0) (AND A0 (NOT A1) D2))) -8) ((AND (OR (AND A0 A1 D3) (AND (NOT A0) D0) (AND A0 (NOT A1) D2))) -8) ((AND (OR (AND A1 D3) (AND (NOT A0) D0) (AND (NOT A1) D2 (OR A0 D0)))) -8) ((AND (OR (AND A1 D3) (AND (NOT A0) D0) (AND (NOT A1) D2)) (OR A0 D0)) -8)))
