(BestPossibleScore: 0)
(Generation 10)
"expand  deme returnn"
(SelectedTree: true)
(GeneratedList: (0 0 0 0 0 0 0 0 0 0 0 0 0 0 0 0 0 0 0 0 0 0 0 0))
""
(Iteration 1 running)
(Crossover: false)
(CenterInst: (0 0 0 0 0 0 0 0 0 0 0 0 0 0 0 0 0 0 0 0 0 0 0 0))
(size: 8)
(1 : 1 : 0)
(New best score: -8.0)
""
(Iteration 2 running)
(Crossover: false)
(CenterInst: (0 0 0 0 0 0 0 0 0 0 0 0 0 0 0 0 0 0 0 0 0 0 0 0))
(size: 8)
(144 : 288 : 1)
(CAPTURE_CANDIDATE X1)
(CAPTURE_CANDIDATE (NOT (X1)))
(CAPTURE_CANDIDATE X2)
(CAPTURE_CANDIDATE (NOT (X2)))
(CAPTURE_CANDIDATE X3)
(CAPTURE_CANDIDATE (NOT (X3)))
(CAPTURE_CANDIDATE (AND ((NOT (X2)) X3)))
(CAPTURE_CANDIDATE (AND ((OR (X2 (NOT (X3)))))))
(CAPTURE_CANDIDATE (AND ((NOT (X1)) X2)))
(CAPTURE_CANDIDATE (AND ((OR (X1 (NOT (X2)))))))
(CAPTURE_CANDIDATE (AND (X1 X2)))
(CAPTURE_CANDIDATE (AND ((OR ((NOT (X1)) (NOT (X2)))))))
(CAPTURE_CANDIDATE X1)
(CAPTURE_CANDIDATE (NOT (X1)))
(CAPTURE_CANDIDATE X2)
(CAPTURE_CANDIDATE (NOT (X2)))
(CAPTURE_CANDIDATE X3)
(CAPTURE_CANDIDATE (NOT (X3)))
(CAPTURE_CANDIDATE (AND ((OR (X1 X3)))))
(CAPTURE_CANDIDATE (AND ((NOT (X1)) (NOT (X3)))))
(CAPTURE_CANDIDATE (AND ((OR ((NOT (X2)) X3)))))
(CAPTURE_CANDIDATE (AND (X2 (NOT (X3)))))
(CAPTURE_CANDIDATE (AND ((OR (X1 X2)))))
(CAPTURE_CANDIDATE (AND ((NOT (X1)) (NOT (X2)))))
(CAPTURE_CANDIDATE X1)
(CAPTURE_CANDIDATE (NOT (X1)))
(CAPTURE_CANDIDATE X2)
(CAPTURE_CANDIDATE (NOT (X2)))
(CAPTURE_CANDIDATE X3)
(CAPTURE_CANDIDATE (NOT (X3)))
(CAPTURE_CANDIDATE (AND ((NOT (X2)) X3)))
(CAPTURE_CANDIDATE (AND ((OR (X2 (NOT (X3)))))))
(CAPTURE_CANDIDATE (AND (X1 X2)))
(CAPTURE_CANDIDATE (AND ((OR ((NOT (X1)) (NOT (X2)))))))
(CAPTURE_CANDIDATE (AND (X1 X3)))
(CAPTURE_CANDIDATE (AND ((OR ((NOT (X1)) (NOT (X3)))))))
(CAPTURE_CANDIDATE X1)
(CAPTURE_CANDIDATE (NOT (X1)))
(CAPTURE_CANDIDATE X2)
(CAPTURE_CANDIDATE (NOT (X2)))
(CAPTURE_CANDIDATE X3)
(CAPTURE_CANDIDATE (NOT (X3)))
(CAPTURE_CANDIDATE (AND ((OR ((NOT (X1)) X3)))))
(CAPTURE_CANDIDATE (AND (X1 (NOT (X3)))))
(CAPTURE_CANDIDATE (AND ((OR (X1 X3)))))
(CAPTURE_CANDIDATE (AND ((NOT (X1)) (NOT (X3)))))
(CAPTURE_CANDIDATE (AND ((OR (X1 X2)))))
(CAPTURE_CANDIDATE (AND ((NOT (X1)) (NOT (X2)))))
(New best score: -4.285714285714286)
""
(Iteration 3 running)
(Crossover: false)
(CenterInst: (0 0 0 0 0 0 0 0 0 0 0 0 0 0 0 0 0 0 0 0 2 0 0 0))
(size: 8)
(144 : 288 : 1)
(CAPTURE_CANDIDATE X1)
(CAPTURE_CANDIDATE (NOT (X1)))
(CAPTURE_CANDIDATE X2)
(CAPTURE_CANDIDATE (NOT (X2)))
(CAPTURE_CANDIDATE X3)
(CAPTURE_CANDIDATE (NOT (X3)))
(CAPTURE_CANDIDATE (AND ((NOT (X2)) X3)))
(CAPTURE_CANDIDATE (AND ((OR (X2 (NOT (X3)))))))
(CAPTURE_CANDIDATE (AND ((NOT (X1)) X2)))
(CAPTURE_CANDIDATE (AND ((OR (X1 (NOT (X2)))))))
(CAPTURE_CANDIDATE (AND (X1 X2)))
(CAPTURE_CANDIDATE (AND ((OR ((NOT (X1)) (NOT (X2)))))))
(CAPTURE_CANDIDATE X1)
(CAPTURE_CANDIDATE (NOT (X1)))
(CAPTURE_CANDIDATE X2)
(CAPTURE_CANDIDATE (NOT (X2)))
(CAPTURE_CANDIDATE X3)
(CAPTURE_CANDIDATE (NOT (X3)))
(CAPTURE_CANDIDATE (AND ((OR (X1 X3)))))
(CAPTURE_CANDIDATE (AND ((NOT (X1)) (NOT (X3)))))
(CAPTURE_CANDIDATE (AND ((OR ((NOT (X2)) X3)))))
(CAPTURE_CANDIDATE (AND (X2 (NOT (X3)))))
(CAPTURE_CANDIDATE (AND ((OR (X1 X2)))))
(CAPTURE_CANDIDATE (AND ((NOT (X1)) (NOT (X2)))))
(CAPTURE_CANDIDATE X1)
(CAPTURE_CANDIDATE (NOT (X1)))
(CAPTURE_CANDIDATE X2)
(CAPTURE_CANDIDATE (NOT (X2)))
(CAPTURE_CANDIDATE X3)
(CAPTURE_CANDIDATE (NOT (X3)))
(CAPTURE_CANDIDATE (AND ((NOT (X2)) X3)))
(CAPTURE_CANDIDATE (AND ((OR (X2 (NOT (X3)))))))
(CAPTURE_CANDIDATE (AND (X1 X2)))
(CAPTURE_CANDIDATE (AND ((OR ((NOT (X1)) (NOT (X2)))))))
(CAPTURE_CANDIDATE (AND (X1 X3)))
(CAPTURE_CANDIDATE (AND ((OR ((NOT (X1)) (NOT (X3)))))))
(CAPTURE_CANDIDATE X1)
(CAPTURE_CANDIDATE (NOT (X1)))
(CAPTURE_CANDIDATE X2)
(CAPTURE_CANDIDATE (NOT (X2)))
(CAPTURE_CANDIDATE X3)
(CAPTURE_CANDIDATE (NOT (X3)))
(CAPTURE_CANDIDATE (AND ((OR ((NOT (X1)) X3)))))
(CAPTURE_CANDIDATE (AND (X1 (NOT (X3)))))
(CAPTURE_CANDIDATE (AND ((OR (X1 X3)))))
(CAPTURE_CANDIDATE (AND ((NOT (X1)) (NOT (X3)))))
(CAPTURE_CANDIDATE (AND ((OR (X1 X2)))))
(CAPTURE_CANDIDATE (AND ((NOT (X1)) (NOT (X2)))))
(CAPTURE_CANDIDATE (AND ((OR (X1 (NOT (X3)))))))
(CAPTURE_CANDIDATE (AND ((OR ((NOT (X1)) (NOT (X3)))))))
(CAPTURE_CANDIDATE (AND ((OR (X2 (NOT (X3)))))))
(CAPTURE_CANDIDATE (AND ((OR ((NOT (X2)) (NOT (X3)))))))
(CAPTURE_CANDIDATE (AND ((OR (X3 (NOT (X3)))))))
(CAPTURE_CANDIDATE (NOT (X3)))
(CAPTURE_CANDIDATE (AND ((OR ((AND ((NOT (X2)) X3)) (NOT (X3)))))))
(CAPTURE_CANDIDATE (AND ((OR (X2 (NOT (X3)) (NOT (X3)))))))
(CAPTURE_CANDIDATE (AND ((OR ((AND ((NOT (X1)) X2)) (NOT (X3)))))))
(CAPTURE_CANDIDATE (AND ((OR (X1 (NOT (X2)) (NOT (X3)))))))
(CAPTURE_CANDIDATE (AND ((OR ((AND (X1 X2)) (NOT (X3)))))))
(CAPTURE_CANDIDATE (AND ((OR ((NOT (X1)) (NOT (X2)) (NOT (X3)))))))
(CAPTURE_CANDIDATE (AND ((OR (X1 (NOT (X3)))))))
(CAPTURE_CANDIDATE (AND ((OR ((NOT (X1)) (NOT (X3)))))))
(CAPTURE_CANDIDATE (AND ((OR (X2 (NOT (X3)))))))
(CAPTURE_CANDIDATE (AND ((OR ((NOT (X2)) (NOT (X3)))))))
(CAPTURE_CANDIDATE (AND ((OR (X3 (NOT (X3)))))))
(CAPTURE_CANDIDATE (NOT (X3)))
(CAPTURE_CANDIDATE (AND ((OR ((NOT (X3)) X1 X3)))))
(CAPTURE_CANDIDATE (AND ((NOT (X3)) (NOT (X1)))))
(CAPTURE_CANDIDATE (AND ((OR ((NOT (X3)) (NOT (X2)) X3)))))
(CAPTURE_CANDIDATE (AND ((NOT (X3)) X2)))
(CAPTURE_CANDIDATE (AND ((OR ((NOT (X3)) X1 X2)))))
(CAPTURE_CANDIDATE (AND ((OR ((AND ((NOT (X1)) (NOT (X2)))) (NOT (X3)))))))
(CAPTURE_CANDIDATE (AND ((OR ((NOT (X3)) X1)))))
(CAPTURE_CANDIDATE (AND ((OR ((NOT (X3)) (NOT (X1)))))))
(CAPTURE_CANDIDATE (AND ((OR ((NOT (X3)) X2)))))
(CAPTURE_CANDIDATE (AND ((OR ((NOT (X3)) (NOT (X2)))))))
(CAPTURE_CANDIDATE (AND ((OR ((NOT (X3)) X3)))))
(CAPTURE_CANDIDATE (NOT (X3)))
(CAPTURE_CANDIDATE (AND ((OR ((NOT (X3)) (AND ((NOT (X2)) X3)))))))
(CAPTURE_CANDIDATE (AND ((OR ((NOT (X3)) X2 (NOT (X3)))))))
(CAPTURE_CANDIDATE (AND ((OR ((NOT (X3)) (AND (X1 X2)))))))
(CAPTURE_CANDIDATE (AND ((OR ((NOT (X3)) (NOT (X1)) (NOT (X2)))))))
(CAPTURE_CANDIDATE (AND ((OR ((NOT (X3)) (AND (X1 X3)))))))
(CAPTURE_CANDIDATE (AND ((OR ((NOT (X3)) (NOT (X1)) (NOT (X3)))))))
(CAPTURE_CANDIDATE (AND (X1 (NOT (X3)))))
(CAPTURE_CANDIDATE (AND ((NOT (X1)) (NOT (X3)))))
(CAPTURE_CANDIDATE (AND (X2 (NOT (X3)))))
(CAPTURE_CANDIDATE (AND ((NOT (X2)) (NOT (X3)))))
(CAPTURE_CANDIDATE X3)
(CAPTURE_CANDIDATE (AND ((NOT (X3)) (NOT (X1)))))
(CAPTURE_CANDIDATE (AND ((NOT (X3)) X1)))
(CAPTURE_CANDIDATE (AND ((NOT (X3)) X1)))
(CAPTURE_CANDIDATE (AND ((NOT (X3)) (NOT (X1)))))
(CAPTURE_CANDIDATE (AND ((NOT (X3)) (OR (X1 X2)))))
(CAPTURE_CANDIDATE (AND ((NOT (X3)) (NOT (X1)) (NOT (X2)))))
(New best score: -3.857142857142857)
""
(Iteration 4 running)
(Crossover: true)
(CenterInst: (0 0 0 0 0 0 0 0 0 0 0 0 0 0 0 0 0 0 0 0 2 0 0 0))
(size: 8)
(2556 : 403 : 2)
(CAPTURE_CANDIDATE X1)
(CAPTURE_CANDIDATE (NOT (X1)))
(CAPTURE_CANDIDATE X2)
(CAPTURE_CANDIDATE (NOT (X2)))
(CAPTURE_CANDIDATE X3)
(CAPTURE_CANDIDATE (NOT (X3)))
(CAPTURE_CANDIDATE (AND ((NOT (X2)) X3)))
(CAPTURE_CANDIDATE (AND ((OR (X2 (NOT (X3)))))))
(CAPTURE_CANDIDATE (AND ((NOT (X1)) X2)))
(CAPTURE_CANDIDATE (AND ((OR (X1 (NOT (X2)))))))
(CAPTURE_CANDIDATE (AND (X1 X2)))
(CAPTURE_CANDIDATE (AND ((OR ((NOT (X1)) (NOT (X2)))))))
(CAPTURE_CANDIDATE X1)
(CAPTURE_CANDIDATE (NOT (X1)))
(CAPTURE_CANDIDATE X2)
(CAPTURE_CANDIDATE (NOT (X2)))
(CAPTURE_CANDIDATE X3)
(CAPTURE_CANDIDATE (NOT (X3)))
(CAPTURE_CANDIDATE (AND ((OR (X1 X3)))))
(CAPTURE_CANDIDATE (AND ((NOT (X1)) (NOT (X3)))))
(CAPTURE_CANDIDATE (AND ((OR ((NOT (X2)) X3)))))
(CAPTURE_CANDIDATE (AND (X2 (NOT (X3)))))
(CAPTURE_CANDIDATE (AND ((OR (X1 X2)))))
(CAPTURE_CANDIDATE (AND ((NOT (X1)) (NOT (X2)))))
(CAPTURE_CANDIDATE X1)
(CAPTURE_CANDIDATE (NOT (X1)))
(CAPTURE_CANDIDATE X2)
(CAPTURE_CANDIDATE (NOT (X2)))
(CAPTURE_CANDIDATE X3)
(CAPTURE_CANDIDATE (NOT (X3)))
(CAPTURE_CANDIDATE (AND ((NOT (X2)) X3)))
(CAPTURE_CANDIDATE (AND ((OR (X2 (NOT (X3)))))))
(CAPTURE_CANDIDATE (AND (X1 X2)))
(CAPTURE_CANDIDATE (AND ((OR ((NOT (X1)) (NOT (X2)))))))
(CAPTURE_CANDIDATE (AND (X1 X3)))
(CAPTURE_CANDIDATE (AND ((OR ((NOT (X1)) (NOT (X3)))))))
(CAPTURE_CANDIDATE X1)
(CAPTURE_CANDIDATE (NOT (X1)))
(CAPTURE_CANDIDATE X2)
(CAPTURE_CANDIDATE (NOT (X2)))
(CAPTURE_CANDIDATE X3)
(CAPTURE_CANDIDATE (NOT (X3)))
(CAPTURE_CANDIDATE (AND ((OR ((NOT (X1)) X3)))))
(CAPTURE_CANDIDATE (AND (X1 (NOT (X3)))))
(CAPTURE_CANDIDATE (AND ((OR (X1 X3)))))
(CAPTURE_CANDIDATE (AND ((NOT (X1)) (NOT (X3)))))
(CAPTURE_CANDIDATE (AND ((OR (X1 X2)))))
(CAPTURE_CANDIDATE (AND ((NOT (X1)) (NOT (X2)))))
(CAPTURE_CANDIDATE (AND ((OR (X1 (NOT (X3)))))))
(CAPTURE_CANDIDATE (AND ((OR ((NOT (X1)) (NOT (X3)))))))
(CAPTURE_CANDIDATE (AND ((OR (X2 (NOT (X3)))))))
(CAPTURE_CANDIDATE (AND ((OR ((NOT (X2)) (NOT (X3)))))))
(CAPTURE_CANDIDATE (AND ((OR (X3 (NOT (X3)))))))
(CAPTURE_CANDIDATE (NOT (X3)))
(CAPTURE_CANDIDATE (AND ((OR ((AND ((NOT (X2)) X3)) (NOT (X3)))))))
(CAPTURE_CANDIDATE (AND ((OR (X2 (NOT (X3)) (NOT (X3)))))))
(CAPTURE_CANDIDATE (AND ((OR ((AND ((NOT (X1)) X2)) (NOT (X3)))))))
(CAPTURE_CANDIDATE (AND ((OR (X1 (NOT (X2)) (NOT (X3)))))))
(CAPTURE_CANDIDATE (AND ((OR ((AND (X1 X2)) (NOT (X3)))))))
(CAPTURE_CANDIDATE (AND ((OR ((NOT (X1)) (NOT (X2)) (NOT (X3)))))))
(CAPTURE_CANDIDATE (AND ((OR (X1 (NOT (X3)))))))
(CAPTURE_CANDIDATE (AND ((OR ((NOT (X1)) (NOT (X3)))))))
(CAPTURE_CANDIDATE (AND ((OR (X2 (NOT (X3)))))))
(CAPTURE_CANDIDATE (AND ((OR ((NOT (X2)) (NOT (X3)))))))
(CAPTURE_CANDIDATE (AND ((OR (X3 (NOT (X3)))))))
(CAPTURE_CANDIDATE (NOT (X3)))
(CAPTURE_CANDIDATE (AND ((OR ((NOT (X3)) X1 X3)))))
(CAPTURE_CANDIDATE (AND ((NOT (X3)) (NOT (X1)))))
(CAPTURE_CANDIDATE (AND ((OR ((NOT (X3)) (NOT (X2)) X3)))))
(CAPTURE_CANDIDATE (AND ((NOT (X3)) X2)))
(CAPTURE_CANDIDATE (AND ((OR ((NOT (X3)) X1 X2)))))
(CAPTURE_CANDIDATE (AND ((OR ((AND ((NOT (X1)) (NOT (X2)))) (NOT (X3)))))))
(CAPTURE_CANDIDATE (AND ((OR ((NOT (X3)) X1)))))
(CAPTURE_CANDIDATE (AND ((OR ((NOT (X3)) (NOT (X1)))))))
(CAPTURE_CANDIDATE (AND ((OR ((NOT (X3)) X2)))))
(CAPTURE_CANDIDATE (AND ((OR ((NOT (X3)) (NOT (X2)))))))
(CAPTURE_CANDIDATE (AND ((OR ((NOT (X3)) X3)))))
(CAPTURE_CANDIDATE (NOT (X3)))
(CAPTURE_CANDIDATE (AND ((OR ((NOT (X3)) (AND ((NOT (X2)) X3)))))))
(CAPTURE_CANDIDATE (AND ((OR ((NOT (X3)) X2 (NOT (X3)))))))
(CAPTURE_CANDIDATE (AND ((OR ((NOT (X3)) (AND (X1 X2)))))))
(CAPTURE_CANDIDATE (AND ((OR ((NOT (X3)) (NOT (X1)) (NOT (X2)))))))
(CAPTURE_CANDIDATE (AND ((OR ((NOT (X3)) (AND (X1 X3)))))))
(CAPTURE_CANDIDATE (AND ((OR ((NOT (X3)) (NOT (X1)) (NOT (X3)))))))
(CAPTURE_CANDIDATE (AND (X1 (NOT (X3)))))
(CAPTURE_CANDIDATE (AND ((NOT (X1)) (NOT (X3)))))
(CAPTURE_CANDIDATE (AND (X2 (NOT (X3)))))
(CAPTURE_CANDIDATE (AND ((NOT (X2)) (NOT (X3)))))
(CAPTURE_CANDIDATE X3)
(CAPTURE_CANDIDATE (AND ((NOT (X3)) (NOT (X1)))))
(CAPTURE_CANDIDATE (AND ((NOT (X3)) X1)))
(CAPTURE_CANDIDATE (AND ((NOT (X3)) X1)))
(CAPTURE_CANDIDATE (AND ((NOT (X3)) (NOT (X1)))))
(CAPTURE_CANDIDATE (AND ((NOT (X3)) (OR (X1 X2)))))
(CAPTURE_CANDIDATE (AND ((NOT (X3)) (NOT (X1)) (NOT (X2)))))
(CAPTURE_CANDIDATE (AND ((OR (X1 (NOT (X2)) (AND (X1 X2)) (NOT (X3)))))))
(CAPTURE_CANDIDATE (AND ((OR ((AND ((NOT (X1)) (NOT (X2)))) X1 (NOT (X2)) (AND (X1 X2)) (NOT (X3)))))))
(CAPTURE_CANDIDATE (AND ((OR (X1 (NOT (X2)) (AND (X1 X2)) (NOT (X3)) (AND (X1 X2)))))))
(CAPTURE_CANDIDATE (AND ((OR (X1 (NOT (X2)) (AND (X1 X2)) (AND ((NOT (X3)) (OR (X1 X2)))))))))
(CAPTURE_CANDIDATE (AND ((OR ((AND ((NOT (X1)) (NOT (X2)))) X1 (NOT (X2)) (NOT (X3)))))))
(CAPTURE_CANDIDATE (AND ((OR ((AND ((NOT (X1)) (NOT (X2)))) X1 (NOT (X2)) (NOT (X3)))))))
(CAPTURE_CANDIDATE (AND ((OR ((AND ((NOT (X1)) (NOT (X2)))) X1 (NOT (X2)) (AND ((NOT (X3)) (OR (X1 X2)))))))))
(CAPTURE_CANDIDATE (AND ((OR (X1 (NOT (X2)) (NOT (X3)) (AND (X1 X2)))))))
(CAPTURE_CANDIDATE (AND ((OR (X1 (NOT (X2)) (AND ((NOT (X3)) (OR (X1 X2)))) (AND (X1 X2)))))))
(CAPTURE_CANDIDATE (AND ((OR (X1 (NOT (X2)) (AND ((NOT (X3)) (OR (X1 X2)))))))))
(CAPTURE_CANDIDATE (AND ((OR ((AND ((NOT (X1)) (NOT (X2)))) (AND (X1 X2)) (NOT (X3)))))))
(CAPTURE_CANDIDATE (AND ((OR ((AND ((NOT (X1)) (NOT (X2)))) (AND (X1 X2)) (NOT (X3)))))))
(CAPTURE_CANDIDATE (AND ((OR ((AND ((NOT (X1)) (NOT (X2)))) (AND (X1 X2)) (AND ((NOT (X3)) (OR (X1 X2)))))))))
(CAPTURE_CANDIDATE (AND ((OR ((AND (X1 X2)) (NOT (X3)) (AND (X1 X2)))))))
(CAPTURE_CANDIDATE (AND ((OR ((AND (X1 X2)) (AND ((NOT (X3)) (OR (X1 X2)))) (AND (X1 X2)))))))
(CAPTURE_CANDIDATE (AND ((OR ((AND (X1 X2)) (AND ((NOT (X3)) (OR (X1 X2)))))))))
(CAPTURE_CANDIDATE (AND ((OR ((AND ((NOT (X1)) (NOT (X2)))) (NOT (X3)))))))
(CAPTURE_CANDIDATE (AND ((OR ((AND ((NOT (X1)) (NOT (X2)))) (AND ((NOT (X3)) (OR (X1 X2)))))))))
(CAPTURE_CANDIDATE (AND ((OR ((AND ((NOT (X1)) (NOT (X2)))) (AND ((NOT (X3)) (OR (X1 X2)))))))))
(CAPTURE_CANDIDATE (AND ((OR ((AND ((NOT (X3)) (OR (X1 X2)))) (AND (X1 X2)))))))
(CAPTURE_CANDIDATE (AND (X3 (OR (X1 X2)))))
(CAPTURE_CANDIDATE (AND ((OR (X3 (AND (X1 X2)))))))
(CAPTURE_CANDIDATE (AND ((OR ((AND ((NOT (X1)) (NOT (X2)))) X3)))))
(CAPTURE_CANDIDATE (AND ((OR ((AND (X1 X2)) X3)))))
(CAPTURE_CANDIDATE (AND ((OR (X1 (NOT (X2)) X3)))))
(CAPTURE_CANDIDATE (AND ((NOT (X3)) (OR (X1 X2)))))
(CAPTURE_CANDIDATE (AND ((OR ((NOT (X3)) (NOT (X3)) (AND (X1 X2)))))))
(CAPTURE_CANDIDATE (AND ((NOT (X3)) (NOT (X1)) (NOT (X2)))))
(CAPTURE_CANDIDATE (AND ((OR ((AND (X1 X2)) (NOT (X3)) (NOT (X3)))))))
(CAPTURE_CANDIDATE (AND ((OR (X1 (NOT (X2)) (NOT (X3)) (NOT (X3)))))))
(CAPTURE_CANDIDATE (AND ((OR (X3 (NOT (X3)))))))
(CAPTURE_CANDIDATE (AND ((NOT (X3)) (OR (X1 X2)))))
(CAPTURE_CANDIDATE (AND ((NOT (X3)) X1 X2)))
(CAPTURE_CANDIDATE (AND ((NOT (X3)) (NOT (X1)) (NOT (X2)))))
(CAPTURE_CANDIDATE (AND ((OR ((NOT (X3)) (AND (X1 X2)) (NOT (X3)))))))
(CAPTURE_CANDIDATE (AND ((OR ((NOT (X3)) X1 (NOT (X2)) (NOT (X3)))))))
(CAPTURE_CANDIDATE (AND ((OR ((NOT (X3)) X3)))))
(CAPTURE_CANDIDATE (NOT (X3)))
(CAPTURE_CANDIDATE (AND ((NOT (X3)) (OR (X1 X2)))))
(CAPTURE_CANDIDATE (AND ((OR ((NOT (X3)) (NOT (X3)) (AND (X1 X2)))))))
(CAPTURE_CANDIDATE (AND ((OR ((AND ((NOT (X1)) (NOT (X2)))) (NOT (X3)) (NOT (X3)))))))
(CAPTURE_CANDIDATE (AND ((OR ((NOT (X3)) (AND (X1 X2)) (NOT (X3)))))))
(CAPTURE_CANDIDATE (AND ((OR ((NOT (X3)) X1 (NOT (X2)) (NOT (X3)))))))
(CAPTURE_CANDIDATE (AND ((OR ((NOT (X3)) X3)))))
(CAPTURE_CANDIDATE (NOT (X3)))
(CAPTURE_CANDIDATE (NOT (X3)))
(CAPTURE_CANDIDATE (AND ((NOT (X3)) (NOT (X1)) X2)))
(CAPTURE_CANDIDATE (AND ((OR ((AND ((NOT (X3)) (NOT (X1)) (NOT (X3)))) (AND (X1 X2)))))))
(CAPTURE_CANDIDATE (AND ((NOT (X1)) (OR ((NOT (X2)) (AND ((NOT (X3)) (NOT (X3)))))))))
(CAPTURE_CANDIDATE (AND ((OR ((AND (X1 X2)) (AND ((NOT (X3)) (NOT (X1)) (NOT (X3)))))))))
(CAPTURE_CANDIDATE (AND ((NOT (X3)) X1)))
(CAPTURE_CANDIDATE (AND ((NOT (X3)) X1)))
(CAPTURE_CANDIDATE (AND ((NOT (X3)) (NOT (X1)) X2)))
(CAPTURE_CANDIDATE (AND ((NOT (X2)) (NOT (X3)) X1)))
(CAPTURE_CANDIDATE (AND (X2 (NOT (X3)))))
(CAPTURE_CANDIDATE (AND ((NOT (X1)) (NOT (X3)) X2)))
(CAPTURE_CANDIDATE (AND (X1 (NOT (X3)))))
(CAPTURE_CANDIDATE (AND ((OR ((AND ((NOT (X3)) (OR (X1 X2)))) X3)))))
(CAPTURE_CANDIDATE (AND ((OR ((AND ((NOT (X3)) (OR (X1 X2)))) (NOT (X2)))))))
(CAPTURE_CANDIDATE (AND ((OR ((AND ((NOT (X3)) (OR (X1 X2)))) X2)))))
(CAPTURE_CANDIDATE (AND ((OR ((AND ((NOT (X3)) (OR (X1 X2)))) (NOT (X1)))))))
(CAPTURE_CANDIDATE (AND ((OR ((AND ((NOT (X3)) (OR (X1 X2)))) X1)))))
(CAPTURE_CANDIDATE (AND ((NOT (X3)) (OR (X2 X1 X2)))))
(CAPTURE_CANDIDATE (AND ((NOT (X3)) (OR ((NOT (X1)) X1 X2)))))
(CAPTURE_CANDIDATE (AND ((OR (X3 (AND ((NOT (X3)) (OR (X1 X2)))))))))
(CAPTURE_CANDIDATE (AND ((OR ((NOT (X2)) (AND ((NOT (X3)) (OR (X1 X2)))))))))
(CAPTURE_CANDIDATE (AND ((OR (X2 (AND ((NOT (X3)) (OR (X1 X2)))))))))
(CAPTURE_CANDIDATE (AND ((OR ((NOT (X1)) (AND ((NOT (X3)) (OR (X1 X2)))))))))
(CAPTURE_CANDIDATE (AND ((OR (X1 (AND ((NOT (X3)) (OR (X1 X2)))))))))
(CAPTURE_CANDIDATE (AND ((OR (X3 (AND ((NOT (X3)) (OR (X1 X2)))))))))
(CAPTURE_CANDIDATE (AND ((OR ((NOT (X2)) (AND ((NOT (X3)) (OR (X1 X2)))))))))
(CAPTURE_CANDIDATE (AND ((OR (X2 (AND ((NOT (X3)) (OR (X1 X2)))))))))
(CAPTURE_CANDIDATE (AND ((OR ((NOT (X1)) (AND ((NOT (X3)) (OR (X1 X2)))))))))
(CAPTURE_CANDIDATE (AND ((OR (X1 (AND ((NOT (X3)) (OR (X1 X2)))))))))
(CAPTURE_CANDIDATE (AND ((OR ((AND ((NOT (X3)) (OR (X1 X2)))) (NOT (X1)) (NOT (X3)))))))
(CAPTURE_CANDIDATE (AND ((OR ((AND ((NOT (X3)) (OR (X1 X2)))) (AND (X1 X3)))))))
(CAPTURE_CANDIDATE (AND ((OR ((AND ((NOT (X3)) (OR (X1 X2)))) X2 (NOT (X3)))))))
(CAPTURE_CANDIDATE (AND ((OR ((AND ((NOT (X3)) (OR (X1 X2)))) (AND ((NOT (X2)) X3)))))))
(CAPTURE_CANDIDATE (AND ((OR ((AND ((NOT (X3)) (OR (X1 X2)))) (NOT (X2)) X3)))))
(CAPTURE_CANDIDATE (AND ((OR ((AND ((NOT (X3)) (OR (X1 X2)))) X1 X3)))))
(New best score: -3.4285714285714284)
""
(Iteration 5 running)
(Crossover: false)
(CenterInst: (0 0 0 0 0 0 0 0 0 0 0 0 0 0 0 0 1 0 0 0 2 0 0 1))
(size: 8)
(144 : 288 : 1)
(CAPTURE_CANDIDATE X1)
(CAPTURE_CANDIDATE (NOT (X1)))
(CAPTURE_CANDIDATE X2)
(CAPTURE_CANDIDATE (NOT (X2)))
(CAPTURE_CANDIDATE X3)
(CAPTURE_CANDIDATE (NOT (X3)))
(CAPTURE_CANDIDATE (AND ((NOT (X2)) X3)))
(CAPTURE_CANDIDATE (AND ((OR (X2 (NOT (X3)))))))
(CAPTURE_CANDIDATE (AND ((NOT (X1)) X2)))
(CAPTURE_CANDIDATE (AND ((OR (X1 (NOT (X2)))))))
(CAPTURE_CANDIDATE (AND (X1 X2)))
(CAPTURE_CANDIDATE (AND ((OR ((NOT (X1)) (NOT (X2)))))))
(CAPTURE_CANDIDATE X1)
(CAPTURE_CANDIDATE (NOT (X1)))
(CAPTURE_CANDIDATE X2)
(CAPTURE_CANDIDATE (NOT (X2)))
(CAPTURE_CANDIDATE X3)
(CAPTURE_CANDIDATE (NOT (X3)))
(CAPTURE_CANDIDATE (AND ((OR (X1 X3)))))
(CAPTURE_CANDIDATE (AND ((NOT (X1)) (NOT (X3)))))
(CAPTURE_CANDIDATE (AND ((OR ((NOT (X2)) X3)))))
(CAPTURE_CANDIDATE (AND (X2 (NOT (X3)))))
(CAPTURE_CANDIDATE (AND ((OR (X1 X2)))))
(CAPTURE_CANDIDATE (AND ((NOT (X1)) (NOT (X2)))))
(CAPTURE_CANDIDATE X1)
(CAPTURE_CANDIDATE (NOT (X1)))
(CAPTURE_CANDIDATE X2)
(CAPTURE_CANDIDATE (NOT (X2)))
(CAPTURE_CANDIDATE X3)
(CAPTURE_CANDIDATE (NOT (X3)))
(CAPTURE_CANDIDATE (AND ((NOT (X2)) X3)))
(CAPTURE_CANDIDATE (AND ((OR (X2 (NOT (X3)))))))
(CAPTURE_CANDIDATE (AND (X1 X2)))
(CAPTURE_CANDIDATE (AND ((OR ((NOT (X1)) (NOT (X2)))))))
(CAPTURE_CANDIDATE (AND (X1 X3)))
(CAPTURE_CANDIDATE (AND ((OR ((NOT (X1)) (NOT (X3)))))))
(CAPTURE_CANDIDATE X1)
(CAPTURE_CANDIDATE (NOT (X1)))
(CAPTURE_CANDIDATE X2)
(CAPTURE_CANDIDATE (NOT (X2)))
(CAPTURE_CANDIDATE X3)
(CAPTURE_CANDIDATE (NOT (X3)))
(CAPTURE_CANDIDATE (AND ((OR ((NOT (X1)) X3)))))
(CAPTURE_CANDIDATE (AND (X1 (NOT (X3)))))
(CAPTURE_CANDIDATE (AND ((OR (X1 X3)))))
(CAPTURE_CANDIDATE (AND ((NOT (X1)) (NOT (X3)))))
(CAPTURE_CANDIDATE (AND ((OR (X1 X2)))))
(CAPTURE_CANDIDATE (AND ((NOT (X1)) (NOT (X2)))))
(CAPTURE_CANDIDATE (AND ((OR (X1 (NOT (X3)))))))
(CAPTURE_CANDIDATE (AND ((OR ((NOT (X1)) (NOT (X3)))))))
(CAPTURE_CANDIDATE (AND ((OR (X2 (NOT (X3)))))))
(CAPTURE_CANDIDATE (AND ((OR ((NOT (X2)) (NOT (X3)))))))
(CAPTURE_CANDIDATE (AND ((OR (X3 (NOT (X3)))))))
(CAPTURE_CANDIDATE (NOT (X3)))
(CAPTURE_CANDIDATE (AND ((OR ((AND ((NOT (X2)) X3)) (NOT (X3)))))))
(CAPTURE_CANDIDATE (AND ((OR (X2 (NOT (X3)) (NOT (X3)))))))
(CAPTURE_CANDIDATE (AND ((OR ((AND ((NOT (X1)) X2)) (NOT (X3)))))))
(CAPTURE_CANDIDATE (AND ((OR (X1 (NOT (X2)) (NOT (X3)))))))
(CAPTURE_CANDIDATE (AND ((OR ((AND (X1 X2)) (NOT (X3)))))))
(CAPTURE_CANDIDATE (AND ((OR ((NOT (X1)) (NOT (X2)) (NOT (X3)))))))
(CAPTURE_CANDIDATE (AND ((OR (X1 (NOT (X3)))))))
(CAPTURE_CANDIDATE (AND ((OR ((NOT (X1)) (NOT (X3)))))))
(CAPTURE_CANDIDATE (AND ((OR (X2 (NOT (X3)))))))
(CAPTURE_CANDIDATE (AND ((OR ((NOT (X2)) (NOT (X3)))))))
(CAPTURE_CANDIDATE (AND ((OR (X3 (NOT (X3)))))))
(CAPTURE_CANDIDATE (NOT (X3)))
(CAPTURE_CANDIDATE (AND ((OR ((NOT (X3)) X1 X3)))))
(CAPTURE_CANDIDATE (AND ((NOT (X3)) (NOT (X1)))))
(CAPTURE_CANDIDATE (AND ((OR ((NOT (X3)) (NOT (X2)) X3)))))
(CAPTURE_CANDIDATE (AND ((NOT (X3)) X2)))
(CAPTURE_CANDIDATE (AND ((OR ((NOT (X3)) X1 X2)))))
(CAPTURE_CANDIDATE (AND ((OR ((AND ((NOT (X1)) (NOT (X2)))) (NOT (X3)))))))
(CAPTURE_CANDIDATE (AND ((OR ((NOT (X3)) X1)))))
(CAPTURE_CANDIDATE (AND ((OR ((NOT (X3)) (NOT (X1)))))))
(CAPTURE_CANDIDATE (AND ((OR ((NOT (X3)) X2)))))
(CAPTURE_CANDIDATE (AND ((OR ((NOT (X3)) (NOT (X2)))))))
(CAPTURE_CANDIDATE (AND ((OR ((NOT (X3)) X3)))))
(CAPTURE_CANDIDATE (NOT (X3)))
(CAPTURE_CANDIDATE (AND ((OR ((NOT (X3)) (AND ((NOT (X2)) X3)))))))
(CAPTURE_CANDIDATE (AND ((OR ((NOT (X3)) X2 (NOT (X3)))))))
(CAPTURE_CANDIDATE (AND ((OR ((NOT (X3)) (AND (X1 X2)))))))
(CAPTURE_CANDIDATE (AND ((OR ((NOT (X3)) (NOT (X1)) (NOT (X2)))))))
(CAPTURE_CANDIDATE (AND ((OR ((NOT (X3)) (AND (X1 X3)))))))
(CAPTURE_CANDIDATE (AND ((OR ((NOT (X3)) (NOT (X1)) (NOT (X3)))))))
(CAPTURE_CANDIDATE (AND (X1 (NOT (X3)))))
(CAPTURE_CANDIDATE (AND ((NOT (X1)) (NOT (X3)))))
(CAPTURE_CANDIDATE (AND (X2 (NOT (X3)))))
(CAPTURE_CANDIDATE (AND ((NOT (X2)) (NOT (X3)))))
(CAPTURE_CANDIDATE X3)
(CAPTURE_CANDIDATE (AND ((NOT (X3)) (NOT (X1)))))
(CAPTURE_CANDIDATE (AND ((NOT (X3)) X1)))
(CAPTURE_CANDIDATE (AND ((NOT (X3)) X1)))
(CAPTURE_CANDIDATE (AND ((NOT (X3)) (NOT (X1)))))
(CAPTURE_CANDIDATE (AND ((NOT (X3)) (OR (X1 X2)))))
(CAPTURE_CANDIDATE (AND ((NOT (X3)) (NOT (X1)) (NOT (X2)))))
(CAPTURE_CANDIDATE (AND ((OR (X1 (NOT (X2)) (AND (X1 X2)) (NOT (X3)))))))
(CAPTURE_CANDIDATE (AND ((OR ((AND ((NOT (X1)) (NOT (X2)))) X1 (NOT (X2)) (AND (X1 X2)) (NOT (X3)))))))
(CAPTURE_CANDIDATE (AND ((OR (X1 (NOT (X2)) (AND (X1 X2)) (NOT (X3)) (AND (X1 X2)))))))
(CAPTURE_CANDIDATE (AND ((OR (X1 (NOT (X2)) (AND (X1 X2)) (AND ((NOT (X3)) (OR (X1 X2)))))))))
(CAPTURE_CANDIDATE (AND ((OR ((AND ((NOT (X1)) (NOT (X2)))) X1 (NOT (X2)) (NOT (X3)))))))
(CAPTURE_CANDIDATE (AND ((OR ((AND ((NOT (X1)) (NOT (X2)))) X1 (NOT (X2)) (NOT (X3)))))))
(CAPTURE_CANDIDATE (AND ((OR ((AND ((NOT (X1)) (NOT (X2)))) X1 (NOT (X2)) (AND ((NOT (X3)) (OR (X1 X2)))))))))
(CAPTURE_CANDIDATE (AND ((OR (X1 (NOT (X2)) (NOT (X3)) (AND (X1 X2)))))))
(CAPTURE_CANDIDATE (AND ((OR (X1 (NOT (X2)) (AND ((NOT (X3)) (OR (X1 X2)))) (AND (X1 X2)))))))
(CAPTURE_CANDIDATE (AND ((OR (X1 (NOT (X2)) (AND ((NOT (X3)) (OR (X1 X2)))))))))
(CAPTURE_CANDIDATE (AND ((OR ((AND ((NOT (X1)) (NOT (X2)))) (AND (X1 X2)) (NOT (X3)))))))
(CAPTURE_CANDIDATE (AND ((OR ((AND ((NOT (X1)) (NOT (X2)))) (AND (X1 X2)) (NOT (X3)))))))
(CAPTURE_CANDIDATE (AND ((OR ((AND ((NOT (X1)) (NOT (X2)))) (AND (X1 X2)) (AND ((NOT (X3)) (OR (X1 X2)))))))))
(CAPTURE_CANDIDATE (AND ((OR ((AND (X1 X2)) (NOT (X3)) (AND (X1 X2)))))))
(CAPTURE_CANDIDATE (AND ((OR ((AND (X1 X2)) (AND ((NOT (X3)) (OR (X1 X2)))) (AND (X1 X2)))))))
(CAPTURE_CANDIDATE (AND ((OR ((AND (X1 X2)) (AND ((NOT (X3)) (OR (X1 X2)))))))))
(CAPTURE_CANDIDATE (AND ((OR ((AND ((NOT (X1)) (NOT (X2)))) (NOT (X3)))))))
(CAPTURE_CANDIDATE (AND ((OR ((AND ((NOT (X1)) (NOT (X2)))) (AND ((NOT (X3)) (OR (X1 X2)))))))))
(CAPTURE_CANDIDATE (AND ((OR ((AND ((NOT (X1)) (NOT (X2)))) (AND ((NOT (X3)) (OR (X1 X2)))))))))
(CAPTURE_CANDIDATE (AND ((OR ((AND ((NOT (X3)) (OR (X1 X2)))) (AND (X1 X2)))))))
(CAPTURE_CANDIDATE (AND (X3 (OR (X1 X2)))))
(CAPTURE_CANDIDATE (AND ((OR (X3 (AND (X1 X2)))))))
(CAPTURE_CANDIDATE (AND ((OR ((AND ((NOT (X1)) (NOT (X2)))) X3)))))
(CAPTURE_CANDIDATE (AND ((OR ((AND (X1 X2)) X3)))))
(CAPTURE_CANDIDATE (AND ((OR (X1 (NOT (X2)) X3)))))
(CAPTURE_CANDIDATE (AND ((NOT (X3)) (OR (X1 X2)))))
(CAPTURE_CANDIDATE (AND ((OR ((NOT (X3)) (NOT (X3)) (AND (X1 X2)))))))
(CAPTURE_CANDIDATE (AND ((NOT (X3)) (NOT (X1)) (NOT (X2)))))
(CAPTURE_CANDIDATE (AND ((OR ((AND (X1 X2)) (NOT (X3)) (NOT (X3)))))))
(CAPTURE_CANDIDATE (AND ((OR (X1 (NOT (X2)) (NOT (X3)) (NOT (X3)))))))
(CAPTURE_CANDIDATE (AND ((OR (X3 (NOT (X3)))))))
(CAPTURE_CANDIDATE (AND ((NOT (X3)) (OR (X1 X2)))))
(CAPTURE_CANDIDATE (AND ((NOT (X3)) X1 X2)))
(CAPTURE_CANDIDATE (AND ((NOT (X3)) (NOT (X1)) (NOT (X2)))))
(CAPTURE_CANDIDATE (AND ((OR ((NOT (X3)) (AND (X1 X2)) (NOT (X3)))))))
(CAPTURE_CANDIDATE (AND ((OR ((NOT (X3)) X1 (NOT (X2)) (NOT (X3)))))))
(CAPTURE_CANDIDATE (AND ((OR ((NOT (X3)) X3)))))
(CAPTURE_CANDIDATE (NOT (X3)))
(CAPTURE_CANDIDATE (AND ((NOT (X3)) (OR (X1 X2)))))
(CAPTURE_CANDIDATE (AND ((OR ((NOT (X3)) (NOT (X3)) (AND (X1 X2)))))))
(CAPTURE_CANDIDATE (AND ((OR ((AND ((NOT (X1)) (NOT (X2)))) (NOT (X3)) (NOT (X3)))))))
(CAPTURE_CANDIDATE (AND ((OR ((NOT (X3)) (AND (X1 X2)) (NOT (X3)))))))
(CAPTURE_CANDIDATE (AND ((OR ((NOT (X3)) X1 (NOT (X2)) (NOT (X3)))))))
(CAPTURE_CANDIDATE (AND ((OR ((NOT (X3)) X3)))))
(CAPTURE_CANDIDATE (NOT (X3)))
(CAPTURE_CANDIDATE (NOT (X3)))
(CAPTURE_CANDIDATE (AND ((NOT (X3)) (NOT (X1)) X2)))
(CAPTURE_CANDIDATE (AND ((OR ((AND ((NOT (X3)) (NOT (X1)) (NOT (X3)))) (AND (X1 X2)))))))
(CAPTURE_CANDIDATE (AND ((NOT (X1)) (OR ((NOT (X2)) (AND ((NOT (X3)) (NOT (X3)))))))))
(CAPTURE_CANDIDATE (AND ((OR ((AND (X1 X2)) (AND ((NOT (X3)) (NOT (X1)) (NOT (X3)))))))))
(CAPTURE_CANDIDATE (AND ((NOT (X3)) X1)))
(CAPTURE_CANDIDATE (AND ((NOT (X3)) X1)))
(CAPTURE_CANDIDATE (AND ((NOT (X3)) (NOT (X1)) X2)))
(CAPTURE_CANDIDATE (AND ((NOT (X2)) (NOT (X3)) X1)))
(CAPTURE_CANDIDATE (AND (X2 (NOT (X3)))))
(CAPTURE_CANDIDATE (AND ((NOT (X1)) (NOT (X3)) X2)))
(CAPTURE_CANDIDATE (AND (X1 (NOT (X3)))))
(CAPTURE_CANDIDATE (AND ((OR ((AND ((NOT (X3)) (OR (X1 X2)))) X3)))))
(CAPTURE_CANDIDATE (AND ((OR ((AND ((NOT (X3)) (OR (X1 X2)))) (NOT (X2)))))))
(CAPTURE_CANDIDATE (AND ((OR ((AND ((NOT (X3)) (OR (X1 X2)))) X2)))))
(CAPTURE_CANDIDATE (AND ((OR ((AND ((NOT (X3)) (OR (X1 X2)))) (NOT (X1)))))))
(CAPTURE_CANDIDATE (AND ((OR ((AND ((NOT (X3)) (OR (X1 X2)))) X1)))))
(CAPTURE_CANDIDATE (AND ((NOT (X3)) (OR (X2 X1 X2)))))
(CAPTURE_CANDIDATE (AND ((NOT (X3)) (OR ((NOT (X1)) X1 X2)))))
(CAPTURE_CANDIDATE (AND ((OR (X3 (AND ((NOT (X3)) (OR (X1 X2)))))))))
(CAPTURE_CANDIDATE (AND ((OR ((NOT (X2)) (AND ((NOT (X3)) (OR (X1 X2)))))))))
(CAPTURE_CANDIDATE (AND ((OR (X2 (AND ((NOT (X3)) (OR (X1 X2)))))))))
(CAPTURE_CANDIDATE (AND ((OR ((NOT (X1)) (AND ((NOT (X3)) (OR (X1 X2)))))))))
(CAPTURE_CANDIDATE (AND ((OR (X1 (AND ((NOT (X3)) (OR (X1 X2)))))))))
(CAPTURE_CANDIDATE (AND ((OR (X3 (AND ((NOT (X3)) (OR (X1 X2)))))))))
(CAPTURE_CANDIDATE (AND ((OR ((NOT (X2)) (AND ((NOT (X3)) (OR (X1 X2)))))))))
(CAPTURE_CANDIDATE (AND ((OR (X2 (AND ((NOT (X3)) (OR (X1 X2)))))))))
(CAPTURE_CANDIDATE (AND ((OR ((NOT (X1)) (AND ((NOT (X3)) (OR (X1 X2)))))))))
(CAPTURE_CANDIDATE (AND ((OR (X1 (AND ((NOT (X3)) (OR (X1 X2)))))))))
(CAPTURE_CANDIDATE (AND ((OR ((AND ((NOT (X3)) (OR (X1 X2)))) (NOT (X1)) (NOT (X3)))))))
(CAPTURE_CANDIDATE (AND ((OR ((AND ((NOT (X3)) (OR (X1 X2)))) (AND (X1 X3)))))))
(CAPTURE_CANDIDATE (AND ((OR ((AND ((NOT (X3)) (OR (X1 X2)))) X2 (NOT (X3)))))))
(CAPTURE_CANDIDATE (AND ((OR ((AND ((NOT (X3)) (OR (X1 X2)))) (AND ((NOT (X2)) X3)))))))
(CAPTURE_CANDIDATE (AND ((OR ((AND ((NOT (X3)) (OR (X1 X2)))) (NOT (X2)) X3)))))
(CAPTURE_CANDIDATE (AND ((OR ((AND ((NOT (X3)) (OR (X1 X2)))) X1 X3)))))
(CAPTURE_CANDIDATE (AND ((OR (X1 (AND ((NOT (X3)) (OR (X1 X2)))) (AND (X1 X2)))))))
(CAPTURE_CANDIDATE (AND ((OR ((NOT (X1)) (AND ((NOT (X3)) (OR (X1 X2)))) (AND (X1 X2)))))))
(CAPTURE_CANDIDATE (AND ((OR (X2 (AND ((NOT (X3)) (OR (X1 X2)))) (AND (X1 X2)))))))
(CAPTURE_CANDIDATE (AND ((OR ((NOT (X2)) (AND ((NOT (X3)) (OR (X1 X2)))) (AND (X1 X2)))))))
(CAPTURE_CANDIDATE (AND ((OR (X3 (AND ((NOT (X3)) (OR (X1 X2)))) (AND (X1 X2)))))))
(CAPTURE_CANDIDATE (AND ((OR ((NOT (X3)) (AND ((NOT (X3)) (OR (X1 X2)))) (AND (X1 X2)))))))
(CAPTURE_CANDIDATE (AND ((OR ((AND ((NOT (X2)) X3)) (AND ((NOT (X3)) (OR (X1 X2)))) (AND (X1 X2)))))))
(CAPTURE_CANDIDATE (AND ((OR (X2 (NOT (X3)) (AND ((NOT (X3)) (OR (X1 X2)))) (AND (X1 X2)))))))
(CAPTURE_CANDIDATE (AND ((OR ((AND ((NOT (X1)) X2)) (AND ((NOT (X3)) (OR (X1 X2)))) (AND (X1 X2)))))))
(CAPTURE_CANDIDATE (AND ((OR (X1 (NOT (X2)) (AND ((NOT (X3)) (OR (X1 X2)))) (AND (X1 X2)))))))
(CAPTURE_CANDIDATE (AND ((OR ((AND (X1 X2)) (AND ((NOT (X3)) (OR (X1 X2)))) (AND (X1 X2)))))))
(CAPTURE_CANDIDATE (AND ((OR ((NOT (X1)) (NOT (X2)) (AND ((NOT (X3)) (OR (X1 X2)))) (AND (X1 X2)))))))
(CAPTURE_CANDIDATE (AND ((OR ((AND (X1 X2)) (AND ((NOT (X3)) (OR (X1 X2)))))))))
(CAPTURE_CANDIDATE (AND ((OR ((NOT (X1)) (AND ((NOT (X3)) (OR (X1 X2)))))))))
(CAPTURE_CANDIDATE (AND ((OR ((AND (X2 X1)) (AND ((NOT (X3)) (OR (X1 X2)))))))))
(CAPTURE_CANDIDATE (AND ((OR ((NOT (X2)) (AND ((NOT (X3)) (OR (X1 X2)))))))))
(CAPTURE_CANDIDATE (AND ((OR ((AND (X3 X1 X2)) (AND ((NOT (X3)) (OR (X1 X2)))))))))
(CAPTURE_CANDIDATE (AND ((NOT (X3)) (OR ((AND (X1 X2)) X1 X2)))))
(CAPTURE_CANDIDATE (AND ((OR ((AND (X1 X2)) (AND ((NOT (X3)) (OR (X1 X2)))))))))
(CAPTURE_CANDIDATE (AND ((NOT (X3)) (OR ((NOT (X1)) X1 X2)))))
(CAPTURE_CANDIDATE (AND ((OR ((AND (X1 X2 X3)) (AND ((NOT (X3)) (OR (X1 X2)))))))))
(CAPTURE_CANDIDATE (AND ((NOT (X3)) (OR ((AND (X2 X1)) X1 X2)))))
(CAPTURE_CANDIDATE (AND ((OR ((AND (X1 X2)) (AND ((NOT (X3)) (OR (X1 X2)))))))))
(CAPTURE_CANDIDATE (AND ((OR ((AND ((NOT (X1)) (NOT (X2)))) (AND ((NOT (X3)) (OR (X1 X2)))))))))
(CAPTURE_CANDIDATE (AND ((OR ((AND (X1 X2)) (AND ((NOT (X3)) (OR (X1 X2)))))))))
(CAPTURE_CANDIDATE (AND ((OR ((AND ((NOT (X3)) (OR (X1 X2)))) (NOT (X1)) (AND (X1 X2)))))))
(CAPTURE_CANDIDATE (AND ((OR ((AND (X2 X1)) (AND ((NOT (X3)) (OR (X1 X2)))))))))
(CAPTURE_CANDIDATE (AND ((OR ((AND ((NOT (X3)) (OR (X1 X2)))) (NOT (X2)) (AND (X1 X2)))))))
(CAPTURE_CANDIDATE (AND ((OR ((AND ((NOT (X3)) (OR (X1 X2)))) X3 (AND (X1 X2)))))))
(CAPTURE_CANDIDATE (AND ((OR ((AND ((NOT (X3)) (OR (X1 X2)))) (NOT (X3)) (AND (X1 X2)))))))
(CAPTURE_CANDIDATE (AND ((OR ((AND ((NOT (X3)) (OR (X1 X2)))) (AND ((NOT (X2)) X3)) (AND (X1 X2)))))))
(CAPTURE_CANDIDATE (AND ((OR ((AND ((NOT (X3)) (OR (X1 X2)))) X2 (NOT (X3)) (AND (X1 X2)))))))
(CAPTURE_CANDIDATE (AND ((NOT (X3)) (OR (X1 X2)))))
(CAPTURE_CANDIDATE (AND ((OR ((AND ((NOT (X3)) (OR (X1 X2)))) (NOT (X1)) (NOT (X2)))))))
(CAPTURE_CANDIDATE (AND ((OR ((AND (X1 (OR (X2 X3)))) (AND ((NOT (X3)) (OR (X1 X2)))))))))
(CAPTURE_CANDIDATE (AND ((OR ((AND ((NOT (X3)) (OR (X1 X2)))) (AND (X1 X2)) (NOT (X1)) (NOT (X3)))))))
(CAPTURE_CANDIDATE (AND (X1 (OR ((NOT (X3)) X2)))))
(CAPTURE_CANDIDATE (AND (X2 (OR ((AND ((NOT (X1)) (NOT (X3)))) X1)))))
(CAPTURE_CANDIDATE (AND (X2 (OR ((NOT (X3)) X1)))))
(CAPTURE_CANDIDATE (AND (X1 (OR ((AND ((NOT (X2)) (NOT (X3)))) X2)))))
(CAPTURE_CANDIDATE (AND ((OR ((AND (X3 (OR (X1 X2)))) (AND (X1 X2)))))))
(CAPTURE_CANDIDATE (AND ((OR ((AND (X1 X2)) X1 X2)))))
(CAPTURE_CANDIDATE (AND (X2 (OR ((AND ((NOT (X3)) (NOT (X1)))) X1)))))
(CAPTURE_CANDIDATE (AND (X1 (OR ((AND ((NOT (X3)) (NOT (X3)))) X2)))))
(CAPTURE_CANDIDATE (AND (X1 (OR ((NOT (X3)) X2)))))
(CAPTURE_CANDIDATE (AND (X2 (OR ((AND ((NOT (X3)) (NOT (X1)))) X1)))))
(CAPTURE_CANDIDATE (AND ((OR ((NOT (X3)) (AND (X1 X2)))))))
(CAPTURE_CANDIDATE (AND ((OR ((AND ((NOT (X3)) (NOT (X1)) (NOT (X2)))) (AND (X1 X2)))))))
(New best score: -3.4285714285714284)
""
(Iteration 6 running)
(Crossover: true)
(CenterInst: (0 0 0 0 0 0 0 0 0 0 0 0 0 0 0 0 1 0 0 0 2 0 0 1))
(size: 8)
(2556 : 275 : 2)
(CAPTURE_CANDIDATE X1)
(CAPTURE_CANDIDATE (NOT (X1)))
(CAPTURE_CANDIDATE X2)
(CAPTURE_CANDIDATE (NOT (X2)))
(CAPTURE_CANDIDATE X3)
(CAPTURE_CANDIDATE (NOT (X3)))
(CAPTURE_CANDIDATE (AND ((NOT (X2)) X3)))
(CAPTURE_CANDIDATE (AND ((OR (X2 (NOT (X3)))))))
(CAPTURE_CANDIDATE (AND ((NOT (X1)) X2)))
(CAPTURE_CANDIDATE (AND ((OR (X1 (NOT (X2)))))))
(CAPTURE_CANDIDATE (AND (X1 X2)))
(CAPTURE_CANDIDATE (AND ((OR ((NOT (X1)) (NOT (X2)))))))
(CAPTURE_CANDIDATE X1)
(CAPTURE_CANDIDATE (NOT (X1)))
(CAPTURE_CANDIDATE X2)
(CAPTURE_CANDIDATE (NOT (X2)))
(CAPTURE_CANDIDATE X3)
(CAPTURE_CANDIDATE (NOT (X3)))
(CAPTURE_CANDIDATE (AND ((OR (X1 X3)))))
(CAPTURE_CANDIDATE (AND ((NOT (X1)) (NOT (X3)))))
(CAPTURE_CANDIDATE (AND ((OR ((NOT (X2)) X3)))))
(CAPTURE_CANDIDATE (AND (X2 (NOT (X3)))))
(CAPTURE_CANDIDATE (AND ((OR (X1 X2)))))
(CAPTURE_CANDIDATE (AND ((NOT (X1)) (NOT (X2)))))
(CAPTURE_CANDIDATE X1)
(CAPTURE_CANDIDATE (NOT (X1)))
(CAPTURE_CANDIDATE X2)
(CAPTURE_CANDIDATE (NOT (X2)))
(CAPTURE_CANDIDATE X3)
(CAPTURE_CANDIDATE (NOT (X3)))
(CAPTURE_CANDIDATE (AND ((NOT (X2)) X3)))
(CAPTURE_CANDIDATE (AND ((OR (X2 (NOT (X3)))))))
(CAPTURE_CANDIDATE (AND (X1 X2)))
(CAPTURE_CANDIDATE (AND ((OR ((NOT (X1)) (NOT (X2)))))))
(CAPTURE_CANDIDATE (AND (X1 X3)))
(CAPTURE_CANDIDATE (AND ((OR ((NOT (X1)) (NOT (X3)))))))
(CAPTURE_CANDIDATE X1)
(CAPTURE_CANDIDATE (NOT (X1)))
(CAPTURE_CANDIDATE X2)
(CAPTURE_CANDIDATE (NOT (X2)))
(CAPTURE_CANDIDATE X3)
(CAPTURE_CANDIDATE (NOT (X3)))
(CAPTURE_CANDIDATE (AND ((OR ((NOT (X1)) X3)))))
(CAPTURE_CANDIDATE (AND (X1 (NOT (X3)))))
(CAPTURE_CANDIDATE (AND ((OR (X1 X3)))))
(CAPTURE_CANDIDATE (AND ((NOT (X1)) (NOT (X3)))))
(CAPTURE_CANDIDATE (AND ((OR (X1 X2)))))
(CAPTURE_CANDIDATE (AND ((NOT (X1)) (NOT (X2)))))
(CAPTURE_CANDIDATE (AND ((OR (X1 (NOT (X3)))))))
(CAPTURE_CANDIDATE (AND ((OR ((NOT (X1)) (NOT (X3)))))))
(CAPTURE_CANDIDATE (AND ((OR (X2 (NOT (X3)))))))
(CAPTURE_CANDIDATE (AND ((OR ((NOT (X2)) (NOT (X3)))))))
(CAPTURE_CANDIDATE (AND ((OR (X3 (NOT (X3)))))))
(CAPTURE_CANDIDATE (NOT (X3)))
(CAPTURE_CANDIDATE (AND ((OR ((AND ((NOT (X2)) X3)) (NOT (X3)))))))
(CAPTURE_CANDIDATE (AND ((OR (X2 (NOT (X3)) (NOT (X3)))))))
(CAPTURE_CANDIDATE (AND ((OR ((AND ((NOT (X1)) X2)) (NOT (X3)))))))
(CAPTURE_CANDIDATE (AND ((OR (X1 (NOT (X2)) (NOT (X3)))))))
(CAPTURE_CANDIDATE (AND ((OR ((AND (X1 X2)) (NOT (X3)))))))
(CAPTURE_CANDIDATE (AND ((OR ((NOT (X1)) (NOT (X2)) (NOT (X3)))))))
(CAPTURE_CANDIDATE (AND ((OR (X1 (NOT (X3)))))))
(CAPTURE_CANDIDATE (AND ((OR ((NOT (X1)) (NOT (X3)))))))
(CAPTURE_CANDIDATE (AND ((OR (X2 (NOT (X3)))))))
(CAPTURE_CANDIDATE (AND ((OR ((NOT (X2)) (NOT (X3)))))))
(CAPTURE_CANDIDATE (AND ((OR (X3 (NOT (X3)))))))
(CAPTURE_CANDIDATE (NOT (X3)))
(CAPTURE_CANDIDATE (AND ((OR ((NOT (X3)) X1 X3)))))
(CAPTURE_CANDIDATE (AND ((NOT (X3)) (NOT (X1)))))
(CAPTURE_CANDIDATE (AND ((OR ((NOT (X3)) (NOT (X2)) X3)))))
(CAPTURE_CANDIDATE (AND ((NOT (X3)) X2)))
(CAPTURE_CANDIDATE (AND ((OR ((NOT (X3)) X1 X2)))))
(CAPTURE_CANDIDATE (AND ((OR ((AND ((NOT (X1)) (NOT (X2)))) (NOT (X3)))))))
(CAPTURE_CANDIDATE (AND ((OR ((NOT (X3)) X1)))))
(CAPTURE_CANDIDATE (AND ((OR ((NOT (X3)) (NOT (X1)))))))
(CAPTURE_CANDIDATE (AND ((OR ((NOT (X3)) X2)))))
(CAPTURE_CANDIDATE (AND ((OR ((NOT (X3)) (NOT (X2)))))))
(CAPTURE_CANDIDATE (AND ((OR ((NOT (X3)) X3)))))
(CAPTURE_CANDIDATE (NOT (X3)))
(CAPTURE_CANDIDATE (AND ((OR ((NOT (X3)) (AND ((NOT (X2)) X3)))))))
(CAPTURE_CANDIDATE (AND ((OR ((NOT (X3)) X2 (NOT (X3)))))))
(CAPTURE_CANDIDATE (AND ((OR ((NOT (X3)) (AND (X1 X2)))))))
(CAPTURE_CANDIDATE (AND ((OR ((NOT (X3)) (NOT (X1)) (NOT (X2)))))))
(CAPTURE_CANDIDATE (AND ((OR ((NOT (X3)) (AND (X1 X3)))))))
(CAPTURE_CANDIDATE (AND ((OR ((NOT (X3)) (NOT (X1)) (NOT (X3)))))))
(CAPTURE_CANDIDATE (AND (X1 (NOT (X3)))))
(CAPTURE_CANDIDATE (AND ((NOT (X1)) (NOT (X3)))))
(CAPTURE_CANDIDATE (AND (X2 (NOT (X3)))))
(CAPTURE_CANDIDATE (AND ((NOT (X2)) (NOT (X3)))))
(CAPTURE_CANDIDATE X3)
(CAPTURE_CANDIDATE (AND ((NOT (X3)) (NOT (X1)))))
(CAPTURE_CANDIDATE (AND ((NOT (X3)) X1)))
(CAPTURE_CANDIDATE (AND ((NOT (X3)) X1)))
(CAPTURE_CANDIDATE (AND ((NOT (X3)) (NOT (X1)))))
(CAPTURE_CANDIDATE (AND ((NOT (X3)) (OR (X1 X2)))))
(CAPTURE_CANDIDATE (AND ((NOT (X3)) (NOT (X1)) (NOT (X2)))))
(CAPTURE_CANDIDATE (AND ((OR (X1 (NOT (X2)) (AND (X1 X2)) (NOT (X3)))))))
(CAPTURE_CANDIDATE (AND ((OR ((AND ((NOT (X1)) (NOT (X2)))) X1 (NOT (X2)) (AND (X1 X2)) (NOT (X3)))))))
(CAPTURE_CANDIDATE (AND ((OR (X1 (NOT (X2)) (AND (X1 X2)) (NOT (X3)) (AND (X1 X2)))))))
(CAPTURE_CANDIDATE (AND ((OR (X1 (NOT (X2)) (AND (X1 X2)) (AND ((NOT (X3)) (OR (X1 X2)))))))))
(CAPTURE_CANDIDATE (AND ((OR ((AND ((NOT (X1)) (NOT (X2)))) X1 (NOT (X2)) (NOT (X3)))))))
(CAPTURE_CANDIDATE (AND ((OR ((AND ((NOT (X1)) (NOT (X2)))) X1 (NOT (X2)) (NOT (X3)))))))
(CAPTURE_CANDIDATE (AND ((OR ((AND ((NOT (X1)) (NOT (X2)))) X1 (NOT (X2)) (AND ((NOT (X3)) (OR (X1 X2)))))))))
(CAPTURE_CANDIDATE (AND ((OR (X1 (NOT (X2)) (NOT (X3)) (AND (X1 X2)))))))
(CAPTURE_CANDIDATE (AND ((OR (X1 (NOT (X2)) (AND ((NOT (X3)) (OR (X1 X2)))) (AND (X1 X2)))))))
(CAPTURE_CANDIDATE (AND ((OR (X1 (NOT (X2)) (AND ((NOT (X3)) (OR (X1 X2)))))))))
(CAPTURE_CANDIDATE (AND ((OR ((AND ((NOT (X1)) (NOT (X2)))) (AND (X1 X2)) (NOT (X3)))))))
(CAPTURE_CANDIDATE (AND ((OR ((AND ((NOT (X1)) (NOT (X2)))) (AND (X1 X2)) (NOT (X3)))))))
(CAPTURE_CANDIDATE (AND ((OR ((AND ((NOT (X1)) (NOT (X2)))) (AND (X1 X2)) (AND ((NOT (X3)) (OR (X1 X2)))))))))
(CAPTURE_CANDIDATE (AND ((OR ((AND (X1 X2)) (NOT (X3)) (AND (X1 X2)))))))
(CAPTURE_CANDIDATE (AND ((OR ((AND (X1 X2)) (AND ((NOT (X3)) (OR (X1 X2)))) (AND (X1 X2)))))))
(CAPTURE_CANDIDATE (AND ((OR ((AND (X1 X2)) (AND ((NOT (X3)) (OR (X1 X2)))))))))
(CAPTURE_CANDIDATE (AND ((OR ((AND ((NOT (X1)) (NOT (X2)))) (NOT (X3)))))))
(CAPTURE_CANDIDATE (AND ((OR ((AND ((NOT (X1)) (NOT (X2)))) (AND ((NOT (X3)) (OR (X1 X2)))))))))
(CAPTURE_CANDIDATE (AND ((OR ((AND ((NOT (X1)) (NOT (X2)))) (AND ((NOT (X3)) (OR (X1 X2)))))))))
(CAPTURE_CANDIDATE (AND ((OR ((AND ((NOT (X3)) (OR (X1 X2)))) (AND (X1 X2)))))))
(CAPTURE_CANDIDATE (AND (X3 (OR (X1 X2)))))
(CAPTURE_CANDIDATE (AND ((OR (X3 (AND (X1 X2)))))))
(CAPTURE_CANDIDATE (AND ((OR ((AND ((NOT (X1)) (NOT (X2)))) X3)))))
(CAPTURE_CANDIDATE (AND ((OR ((AND (X1 X2)) X3)))))
(CAPTURE_CANDIDATE (AND ((OR (X1 (NOT (X2)) X3)))))
(CAPTURE_CANDIDATE (AND ((NOT (X3)) (OR (X1 X2)))))
(CAPTURE_CANDIDATE (AND ((OR ((NOT (X3)) (NOT (X3)) (AND (X1 X2)))))))
(CAPTURE_CANDIDATE (AND ((NOT (X3)) (NOT (X1)) (NOT (X2)))))
(CAPTURE_CANDIDATE (AND ((OR ((AND (X1 X2)) (NOT (X3)) (NOT (X3)))))))
(CAPTURE_CANDIDATE (AND ((OR (X1 (NOT (X2)) (NOT (X3)) (NOT (X3)))))))
(CAPTURE_CANDIDATE (AND ((OR (X3 (NOT (X3)))))))
(CAPTURE_CANDIDATE (AND ((NOT (X3)) (OR (X1 X2)))))
(CAPTURE_CANDIDATE (AND ((NOT (X3)) X1 X2)))
(CAPTURE_CANDIDATE (AND ((NOT (X3)) (NOT (X1)) (NOT (X2)))))
(CAPTURE_CANDIDATE (AND ((OR ((NOT (X3)) (AND (X1 X2)) (NOT (X3)))))))
(CAPTURE_CANDIDATE (AND ((OR ((NOT (X3)) X1 (NOT (X2)) (NOT (X3)))))))
(CAPTURE_CANDIDATE (AND ((OR ((NOT (X3)) X3)))))
(CAPTURE_CANDIDATE (NOT (X3)))
(CAPTURE_CANDIDATE (AND ((NOT (X3)) (OR (X1 X2)))))
(CAPTURE_CANDIDATE (AND ((OR ((NOT (X3)) (NOT (X3)) (AND (X1 X2)))))))
(CAPTURE_CANDIDATE (AND ((OR ((AND ((NOT (X1)) (NOT (X2)))) (NOT (X3)) (NOT (X3)))))))
(CAPTURE_CANDIDATE (AND ((OR ((NOT (X3)) (AND (X1 X2)) (NOT (X3)))))))
(CAPTURE_CANDIDATE (AND ((OR ((NOT (X3)) X1 (NOT (X2)) (NOT (X3)))))))
(CAPTURE_CANDIDATE (AND ((OR ((NOT (X3)) X3)))))
(CAPTURE_CANDIDATE (NOT (X3)))
(CAPTURE_CANDIDATE (NOT (X3)))
(CAPTURE_CANDIDATE (AND ((NOT (X3)) (NOT (X1)) X2)))
(CAPTURE_CANDIDATE (AND ((OR ((AND ((NOT (X3)) (NOT (X1)) (NOT (X3)))) (AND (X1 X2)))))))
(CAPTURE_CANDIDATE (AND ((NOT (X1)) (OR ((NOT (X2)) (AND ((NOT (X3)) (NOT (X3)))))))))
(CAPTURE_CANDIDATE (AND ((OR ((AND (X1 X2)) (AND ((NOT (X3)) (NOT (X1)) (NOT (X3)))))))))
(CAPTURE_CANDIDATE (AND ((NOT (X3)) X1)))
(CAPTURE_CANDIDATE (AND ((NOT (X3)) X1)))
(CAPTURE_CANDIDATE (AND ((NOT (X3)) (NOT (X1)) X2)))
(CAPTURE_CANDIDATE (AND ((NOT (X2)) (NOT (X3)) X1)))
(CAPTURE_CANDIDATE (AND (X2 (NOT (X3)))))
(CAPTURE_CANDIDATE (AND ((NOT (X1)) (NOT (X3)) X2)))
(CAPTURE_CANDIDATE (AND (X1 (NOT (X3)))))
(CAPTURE_CANDIDATE (AND ((OR ((AND ((NOT (X3)) (OR (X1 X2)))) X3)))))
(CAPTURE_CANDIDATE (AND ((OR ((AND ((NOT (X3)) (OR (X1 X2)))) (NOT (X2)))))))
(CAPTURE_CANDIDATE (AND ((OR ((AND ((NOT (X3)) (OR (X1 X2)))) X2)))))
(CAPTURE_CANDIDATE (AND ((OR ((AND ((NOT (X3)) (OR (X1 X2)))) (NOT (X1)))))))
(CAPTURE_CANDIDATE (AND ((OR ((AND ((NOT (X3)) (OR (X1 X2)))) X1)))))
(CAPTURE_CANDIDATE (AND ((NOT (X3)) (OR (X2 X1 X2)))))
(CAPTURE_CANDIDATE (AND ((NOT (X3)) (OR ((NOT (X1)) X1 X2)))))
(CAPTURE_CANDIDATE (AND ((OR (X3 (AND ((NOT (X3)) (OR (X1 X2)))))))))
(CAPTURE_CANDIDATE (AND ((OR ((NOT (X2)) (AND ((NOT (X3)) (OR (X1 X2)))))))))
(CAPTURE_CANDIDATE (AND ((OR (X2 (AND ((NOT (X3)) (OR (X1 X2)))))))))
(CAPTURE_CANDIDATE (AND ((OR ((NOT (X1)) (AND ((NOT (X3)) (OR (X1 X2)))))))))
(CAPTURE_CANDIDATE (AND ((OR (X1 (AND ((NOT (X3)) (OR (X1 X2)))))))))
(CAPTURE_CANDIDATE (AND ((OR (X3 (AND ((NOT (X3)) (OR (X1 X2)))))))))
(CAPTURE_CANDIDATE (AND ((OR ((NOT (X2)) (AND ((NOT (X3)) (OR (X1 X2)))))))))
(CAPTURE_CANDIDATE (AND ((OR (X2 (AND ((NOT (X3)) (OR (X1 X2)))))))))
(CAPTURE_CANDIDATE (AND ((OR ((NOT (X1)) (AND ((NOT (X3)) (OR (X1 X2)))))))))
(CAPTURE_CANDIDATE (AND ((OR (X1 (AND ((NOT (X3)) (OR (X1 X2)))))))))
(CAPTURE_CANDIDATE (AND ((OR ((AND ((NOT (X3)) (OR (X1 X2)))) (NOT (X1)) (NOT (X3)))))))
(CAPTURE_CANDIDATE (AND ((OR ((AND ((NOT (X3)) (OR (X1 X2)))) (AND (X1 X3)))))))
(CAPTURE_CANDIDATE (AND ((OR ((AND ((NOT (X3)) (OR (X1 X2)))) X2 (NOT (X3)))))))
(CAPTURE_CANDIDATE (AND ((OR ((AND ((NOT (X3)) (OR (X1 X2)))) (AND ((NOT (X2)) X3)))))))
(CAPTURE_CANDIDATE (AND ((OR ((AND ((NOT (X3)) (OR (X1 X2)))) (NOT (X2)) X3)))))
(CAPTURE_CANDIDATE (AND ((OR ((AND ((NOT (X3)) (OR (X1 X2)))) X1 X3)))))
(CAPTURE_CANDIDATE (AND ((OR (X1 (AND ((NOT (X3)) (OR (X1 X2)))) (AND (X1 X2)))))))
(CAPTURE_CANDIDATE (AND ((OR ((NOT (X1)) (AND ((NOT (X3)) (OR (X1 X2)))) (AND (X1 X2)))))))
(CAPTURE_CANDIDATE (AND ((OR (X2 (AND ((NOT (X3)) (OR (X1 X2)))) (AND (X1 X2)))))))
(CAPTURE_CANDIDATE (AND ((OR ((NOT (X2)) (AND ((NOT (X3)) (OR (X1 X2)))) (AND (X1 X2)))))))
(CAPTURE_CANDIDATE (AND ((OR (X3 (AND ((NOT (X3)) (OR (X1 X2)))) (AND (X1 X2)))))))
(CAPTURE_CANDIDATE (AND ((OR ((NOT (X3)) (AND ((NOT (X3)) (OR (X1 X2)))) (AND (X1 X2)))))))
(CAPTURE_CANDIDATE (AND ((OR ((AND ((NOT (X2)) X3)) (AND ((NOT (X3)) (OR (X1 X2)))) (AND (X1 X2)))))))
(CAPTURE_CANDIDATE (AND ((OR (X2 (NOT (X3)) (AND ((NOT (X3)) (OR (X1 X2)))) (AND (X1 X2)))))))
(CAPTURE_CANDIDATE (AND ((OR ((AND ((NOT (X1)) X2)) (AND ((NOT (X3)) (OR (X1 X2)))) (AND (X1 X2)))))))
(CAPTURE_CANDIDATE (AND ((OR (X1 (NOT (X2)) (AND ((NOT (X3)) (OR (X1 X2)))) (AND (X1 X2)))))))
(CAPTURE_CANDIDATE (AND ((OR ((AND (X1 X2)) (AND ((NOT (X3)) (OR (X1 X2)))) (AND (X1 X2)))))))
(CAPTURE_CANDIDATE (AND ((OR ((NOT (X1)) (NOT (X2)) (AND ((NOT (X3)) (OR (X1 X2)))) (AND (X1 X2)))))))
(CAPTURE_CANDIDATE (AND ((OR ((AND (X1 X2)) (AND ((NOT (X3)) (OR (X1 X2)))))))))
(CAPTURE_CANDIDATE (AND ((OR ((NOT (X1)) (AND ((NOT (X3)) (OR (X1 X2)))))))))
(CAPTURE_CANDIDATE (AND ((OR ((AND (X2 X1)) (AND ((NOT (X3)) (OR (X1 X2)))))))))
(CAPTURE_CANDIDATE (AND ((OR ((NOT (X2)) (AND ((NOT (X3)) (OR (X1 X2)))))))))
(CAPTURE_CANDIDATE (AND ((OR ((AND (X3 X1 X2)) (AND ((NOT (X3)) (OR (X1 X2)))))))))
(CAPTURE_CANDIDATE (AND ((NOT (X3)) (OR ((AND (X1 X2)) X1 X2)))))
(CAPTURE_CANDIDATE (AND ((OR ((AND (X1 X2)) (AND ((NOT (X3)) (OR (X1 X2)))))))))
(CAPTURE_CANDIDATE (AND ((NOT (X3)) (OR ((NOT (X1)) X1 X2)))))
(CAPTURE_CANDIDATE (AND ((OR ((AND (X1 X2 X3)) (AND ((NOT (X3)) (OR (X1 X2)))))))))
(CAPTURE_CANDIDATE (AND ((NOT (X3)) (OR ((AND (X2 X1)) X1 X2)))))
(CAPTURE_CANDIDATE (AND ((OR ((AND (X1 X2)) (AND ((NOT (X3)) (OR (X1 X2)))))))))
(CAPTURE_CANDIDATE (AND ((OR ((AND ((NOT (X1)) (NOT (X2)))) (AND ((NOT (X3)) (OR (X1 X2)))))))))
(CAPTURE_CANDIDATE (AND ((OR ((AND (X1 X2)) (AND ((NOT (X3)) (OR (X1 X2)))))))))
(CAPTURE_CANDIDATE (AND ((OR ((AND ((NOT (X3)) (OR (X1 X2)))) (NOT (X1)) (AND (X1 X2)))))))
(CAPTURE_CANDIDATE (AND ((OR ((AND (X2 X1)) (AND ((NOT (X3)) (OR (X1 X2)))))))))
(CAPTURE_CANDIDATE (AND ((OR ((AND ((NOT (X3)) (OR (X1 X2)))) (NOT (X2)) (AND (X1 X2)))))))
(CAPTURE_CANDIDATE (AND ((OR ((AND ((NOT (X3)) (OR (X1 X2)))) X3 (AND (X1 X2)))))))
(CAPTURE_CANDIDATE (AND ((OR ((AND ((NOT (X3)) (OR (X1 X2)))) (NOT (X3)) (AND (X1 X2)))))))
(CAPTURE_CANDIDATE (AND ((OR ((AND ((NOT (X3)) (OR (X1 X2)))) (AND ((NOT (X2)) X3)) (AND (X1 X2)))))))
(CAPTURE_CANDIDATE (AND ((OR ((AND ((NOT (X3)) (OR (X1 X2)))) X2 (NOT (X3)) (AND (X1 X2)))))))
(CAPTURE_CANDIDATE (AND ((NOT (X3)) (OR (X1 X2)))))
(CAPTURE_CANDIDATE (AND ((OR ((AND ((NOT (X3)) (OR (X1 X2)))) (NOT (X1)) (NOT (X2)))))))
(CAPTURE_CANDIDATE (AND ((OR ((AND (X1 (OR (X2 X3)))) (AND ((NOT (X3)) (OR (X1 X2)))))))))
(CAPTURE_CANDIDATE (AND ((OR ((AND ((NOT (X3)) (OR (X1 X2)))) (AND (X1 X2)) (NOT (X1)) (NOT (X3)))))))
(CAPTURE_CANDIDATE (AND (X1 (OR ((NOT (X3)) X2)))))
(CAPTURE_CANDIDATE (AND (X2 (OR ((AND ((NOT (X1)) (NOT (X3)))) X1)))))
(CAPTURE_CANDIDATE (AND (X2 (OR ((NOT (X3)) X1)))))
(CAPTURE_CANDIDATE (AND (X1 (OR ((AND ((NOT (X2)) (NOT (X3)))) X2)))))
(CAPTURE_CANDIDATE (AND ((OR ((AND (X3 (OR (X1 X2)))) (AND (X1 X2)))))))
(CAPTURE_CANDIDATE (AND ((OR ((AND (X1 X2)) X1 X2)))))
(CAPTURE_CANDIDATE (AND (X2 (OR ((AND ((NOT (X3)) (NOT (X1)))) X1)))))
(CAPTURE_CANDIDATE (AND (X1 (OR ((AND ((NOT (X3)) (NOT (X3)))) X2)))))
(CAPTURE_CANDIDATE (AND (X1 (OR ((NOT (X3)) X2)))))
(CAPTURE_CANDIDATE (AND (X2 (OR ((AND ((NOT (X3)) (NOT (X1)))) X1)))))
(CAPTURE_CANDIDATE (AND ((OR ((NOT (X3)) (AND (X1 X2)))))))
(CAPTURE_CANDIDATE (AND ((OR ((AND ((NOT (X3)) (NOT (X1)) (NOT (X2)))) (AND (X1 X2)))))))
(CAPTURE_CANDIDATE (AND ((OR ((AND (X2 X1)) (AND ((NOT (X3)) (OR (X1 X2)))))))))
(CAPTURE_CANDIDATE (AND ((OR ((AND (X2 X1)) (AND ((NOT (X3)) (OR (X1 X2)))))))))
(CAPTURE_CANDIDATE (AND ((OR ((AND (X2 X1 X2)) (AND ((NOT (X3)) (OR (X1 X2)))))))))
(CAPTURE_CANDIDATE (AND ((OR ((AND (X2 X1)) (AND ((NOT (X3)) (OR (X1 X2)))))))))
(CAPTURE_CANDIDATE (AND ((OR ((AND (X2 X1)) (AND ((NOT (X3)) (OR (X1 X2)))))))))
(CAPTURE_CANDIDATE (AND ((OR ((AND (X2 X1 X2)) (AND ((NOT (X3)) (OR (X1 X2)))))))))
(CAPTURE_CANDIDATE (AND ((OR ((AND (X2 X1)) (AND ((NOT (X3)) (OR (X1 X2)))))))))
(CAPTURE_CANDIDATE (AND ((OR ((AND (X2 X1 X2)) (AND ((NOT (X3)) (OR (X1 X2)))))))))
(CAPTURE_CANDIDATE (AND ((OR (X2 (AND ((NOT (X3)) (OR (X1 X2)))))))))
(CAPTURE_CANDIDATE (AND ((OR ((AND (X2 X1)) (AND ((NOT (X3)) (OR (X1 X2)))))))))
(CAPTURE_CANDIDATE (AND ((OR ((AND (X1 X2)) (AND ((NOT (X3)) (OR (X1 X2)))))))))
(CAPTURE_CANDIDATE (AND ((OR ((AND (X1 X2)) (AND ((NOT (X3)) (OR (X1 X2)))))))))
(CAPTURE_CANDIDATE (AND ((OR ((AND (X2 X1)) (AND ((NOT (X3)) (OR (X1 X2)))))))))
(CAPTURE_CANDIDATE (AND ((OR ((AND (X1 X2)) (AND ((NOT (X3)) (OR (X1 X2)))))))))
(CAPTURE_CANDIDATE (AND ((OR ((AND ((OR (X1 X3)) (OR (X1 X2 (AND (X1 X2)))))) (AND ((NOT (X3)) (OR (X1 X2)))))))))
(CAPTURE_CANDIDATE (AND ((OR ((AND (X2 X1)) (AND ((NOT (X3)) (OR (X1 X2)))))))))
(CAPTURE_CANDIDATE (AND ((OR ((AND (X1 X2)) (AND ((NOT (X3)) (OR (X1 X2)))))))))
(CAPTURE_CANDIDATE (AND ((OR ((AND ((OR (X1 X2)) (OR (X1 X2 (AND (X1 X2)))))) (AND ((NOT (X3)) (OR (X1 X2)))))))))
(CAPTURE_CANDIDATE (AND ((OR ((AND (X2 X1)) (AND ((NOT (X3)) (OR (X1 X2)))))))))
(CAPTURE_CANDIDATE (AND ((OR ((AND ((NOT (X3)) (OR (X1 X2)))) X1 X2 (AND (X1 X2)))))))
(CAPTURE_CANDIDATE (AND ((OR ((AND (X1 X2 X1)) (AND ((NOT (X3)) (OR (X1 X2)))))))))
(CAPTURE_CANDIDATE (AND ((OR ((AND (X1 X2)) (AND ((NOT (X3)) (OR (X1 X2)))))))))
(CAPTURE_CANDIDATE (AND ((OR ((AND (X1 X2)) (AND ((NOT (X3)) (OR (X1 X2)))))))))
(CAPTURE_CANDIDATE (AND ((OR ((AND (X1 X2)) (AND ((NOT (X3)) (OR (X1 X2)))))))))
(CAPTURE_CANDIDATE (AND ((OR ((AND (X1 X2)) (AND ((NOT (X3)) (OR (X1 X2)))))))))
(CAPTURE_CANDIDATE (AND ((OR ((AND (X2 X1 X3)) (AND ((NOT (X3)) (OR (X1 X2)))))))))
(CAPTURE_CANDIDATE (AND ((OR ((AND (X1 X2 X3)) (AND ((NOT (X3)) (OR (X1 X2)))))))))
(CAPTURE_CANDIDATE (AND ((OR ((AND (X1 X2 X3)) (AND ((NOT (X3)) (OR (X1 X2)))))))))
(CAPTURE_CANDIDATE (AND ((OR ((AND (X1 X2 X3)) (AND ((NOT (X3)) (OR (X1 X2)))))))))
(CAPTURE_CANDIDATE (AND ((OR ((AND (X2 X3 X1)) (AND ((NOT (X3)) (OR (X1 X2)))))))))
(CAPTURE_CANDIDATE (AND ((OR ((AND (X1 X2 X3)) (AND ((NOT (X3)) (OR (X1 X2)))))))))
(CAPTURE_CANDIDATE (AND ((OR ((AND (X3 X2 X1)) (AND ((NOT (X3)) (OR (X1 X2)))))))))
(CAPTURE_CANDIDATE (AND ((OR ((AND (X3 X1 X2)) (AND ((NOT (X3)) (OR (X1 X2)))))))))
(CAPTURE_CANDIDATE (AND ((OR ((AND (X3 X1 X2)) (AND ((NOT (X3)) (OR (X1 X2)))))))))
(CAPTURE_CANDIDATE (AND ((OR ((AND (X3 X1 X2)) (AND ((NOT (X3)) (OR (X1 X2)))))))))
(CAPTURE_CANDIDATE (AND ((OR ((AND (X2 X3 X1)) (AND ((NOT (X3)) (OR (X1 X2)))))))))
(CAPTURE_CANDIDATE (AND ((OR ((AND (X1 X3 X2)) (AND ((NOT (X3)) (OR (X1 X2)))))))))
(CAPTURE_CANDIDATE (AND ((OR ((AND (X3 X1 X2)) (AND ((NOT (X3)) (OR (X1 X2)))))))))
(CAPTURE_CANDIDATE (AND ((OR ((AND (X2 X1)) (NOT (X3)))))))
(CAPTURE_CANDIDATE (AND ((OR ((AND (X1 X2)) (NOT (X3)))))))
(CAPTURE_CANDIDATE (AND ((OR ((AND (X1 X2)) (NOT (X3)))))))
(CAPTURE_CANDIDATE (AND ((OR ((AND (X1 X2)) (NOT (X3)))))))
(CAPTURE_CANDIDATE (AND ((OR ((AND (X2 X1)) (NOT (X3)))))))
(CAPTURE_CANDIDATE (AND ((OR ((AND (X1 X2)) (NOT (X3)))))))
(CAPTURE_CANDIDATE (AND ((OR ((AND (X1 X2 X3)) (NOT (X3)))))))
(CAPTURE_CANDIDATE (AND ((OR ((AND (X3 X1 X2)) (NOT (X3)))))))
(CAPTURE_CANDIDATE (AND (X1 (OR (X2 (NOT (X3)))))))
(CAPTURE_CANDIDATE (AND (X1 (OR (X2 (NOT (X3)))))))
(CAPTURE_CANDIDATE (AND (X1 (OR (X2 (NOT (X3)))))))
(CAPTURE_CANDIDATE (AND (X1 (OR (X2 (NOT (X3)))))))
(CAPTURE_CANDIDATE (AND (X2 (OR (X1 (NOT (X3)))))))
(CAPTURE_CANDIDATE (AND (X1 (OR (X2 (NOT (X3)))))))
(CAPTURE_CANDIDATE (AND ((OR ((AND ((NOT (X3)) (OR (X1 X2)))) X2)))))
(CAPTURE_CANDIDATE (AND ((OR ((AND ((NOT (X3)) (OR (X1 X2)))) X2 (AND ((NOT (X2)) X3)) (AND (X1 X2)))))))
(CAPTURE_CANDIDATE (AND ((OR ((AND (X2 X1)) (AND (X1 X2)) (AND ((NOT (X3)) (OR (X1 X2)))))))))
(CAPTURE_CANDIDATE (AND ((OR ((AND (X2 X1)) (AND ((NOT (X2)) X3)) (AND ((NOT (X3)) (OR (X1 X2)))))))))
(CAPTURE_CANDIDATE (AND (X2 (OR (X1 (AND ((NOT (X3)) (NOT (X1)))))))))
(CAPTURE_CANDIDATE (AND (X1 (OR (X2 (AND ((NOT (X3)) (NOT (X3)))))))))
(CAPTURE_CANDIDATE (AND (X2 (OR (X1 (AND ((NOT (X3)) (NOT (X1)))))))))
(CAPTURE_CANDIDATE (AND (X1 (OR (X2 (AND ((NOT (X2)) (NOT (X3)))))))))
(CAPTURE_CANDIDATE (AND (X2 (OR (X1 (AND ((NOT (X1)) (NOT (X3)))))))))
(CAPTURE_CANDIDATE (AND ((NOT (X3)) (OR (X1 X2)))))
(CAPTURE_CANDIDATE (AND ((NOT (X3)) (OR ((AND (X2 X1)) X1 X2)))))
(CAPTURE_CANDIDATE (AND ((NOT (X3)) (OR ((AND (X2 X1)) X1 X2)))))
(CAPTURE_CANDIDATE (AND ((OR ((AND ((NOT (X3)) (OR (X1 X2)))) X2 (AND (X1 X2)) (AND (X1 X3)))))))
(CAPTURE_CANDIDATE (AND ((OR ((AND ((NOT (X3)) (OR (X1 X2)))) X2 (NOT (X3)) (AND (X1 X2)))))))
(CAPTURE_CANDIDATE (AND ((OR ((AND ((NOT (X3)) (OR (X1 X2)))) X2 X3 (AND (X1 X2)))))))
(CAPTURE_CANDIDATE (AND ((OR ((AND (X2 X1)) (AND ((NOT (X3)) (OR (X1 X2)))))))))
(CAPTURE_CANDIDATE (AND ((OR ((AND ((NOT (X3)) (OR (X1 X2)))) (NOT (X1)) X2 (AND (X1 X2)))))))
(CAPTURE_CANDIDATE (AND ((OR ((AND (X2 X1)) (NOT (X3)) (AND ((NOT (X3)) (OR (X1 X2)))))))))
(CAPTURE_CANDIDATE (AND ((OR ((AND (X2 X1)) X3 (AND ((NOT (X3)) (OR (X1 X2)))))))))
(CAPTURE_CANDIDATE (AND ((OR ((AND (X2 X1)) (NOT (X2)) (AND ((NOT (X3)) (OR (X1 X2)))))))))
(CAPTURE_CANDIDATE (AND ((OR ((AND (X2 X1)) X2 (AND ((NOT (X3)) (OR (X1 X2)))))))))
(CAPTURE_CANDIDATE (AND ((OR ((AND (X2 X1)) (NOT (X1)) (AND ((NOT (X3)) (OR (X1 X2)))))))))
(CAPTURE_CANDIDATE (AND ((OR ((AND (X2 X1)) X1 (AND ((NOT (X3)) (OR (X1 X2)))))))))
(CAPTURE_CANDIDATE (AND ((OR ((AND ((NOT (X3)) (OR (X1 X2)))) X2 (AND (X1 X2)) (NOT (X1)) (NOT (X3)))))))
(CAPTURE_CANDIDATE (AND ((OR ((AND (X2 X1)) X1 (NOT (X2)) (AND ((NOT (X3)) (OR (X1 X2)))))))))
(CAPTURE_CANDIDATE (AND ((OR ((AND (X2 X1)) (AND ((NOT (X1)) X2)) (AND ((NOT (X3)) (OR (X1 X2)))))))))
(CAPTURE_CANDIDATE (AND ((OR ((AND (X2 X1)) X1 X2)))))
(CAPTURE_CANDIDATE (AND ((NOT (X3)) (OR (X1 X2)))))
(New best score: -3.4285714285714284)
(Terminating because score hasn't improved)
(Terminating because score hasn't improved)
(Terminating because score hasn't improved)
(Terminating because score hasn't improved)
(OptimizedDeme: 305)
"Merging Deme"
(Demesize: 305)
(nEval: 10000 LenSInstList: 305)
(TopCnd: 305)
(Keep 100 Unique instances from 305)
(KeptUniqueTopCandidates NewSize: 100)
(TrimmedDownDeme: 100)
(CAPTURE_CANDIDATE (AND ((OR ((AND ((NOT (X1)) (NOT (X2)))) (AND (X1 X2)) (NOT (X3)))))))
(CAPTURE_CANDIDATE (AND ((OR ((AND (X1 X2)) (AND ((NOT (X3)) (OR (X1 X2)))))))))
(CAPTURE_CANDIDATE (AND ((OR ((AND ((NOT (X3)) (OR (X1 X2)))) (AND (X1 X2)))))))
(CAPTURE_CANDIDATE (AND ((OR ((AND (X1 X2)) (AND ((NOT (X3)) (OR (X1 X2)))))))))
(CAPTURE_CANDIDATE (AND ((OR ((AND (X2 X1)) (AND ((NOT (X3)) (OR (X1 X2)))))))))
(CAPTURE_CANDIDATE (AND ((OR ((AND (X1 X2)) (AND ((NOT (X3)) (OR (X1 X2)))))))))
(CAPTURE_CANDIDATE (AND ((OR ((AND (X2 X1)) (AND ((NOT (X3)) (OR (X1 X2)))))))))
(CAPTURE_CANDIDATE (AND ((OR ((AND (X1 X2)) (AND ((NOT (X3)) (OR (X1 X2)))))))))
(CAPTURE_CANDIDATE (AND ((OR ((AND (X2 X1)) (AND ((NOT (X3)) (OR (X1 X2)))))))))
(CAPTURE_CANDIDATE (AND ((OR ((AND (X1 X2)) (AND ((NOT (X3)) (OR (X1 X2)))))))))
(CAPTURE_CANDIDATE (AND ((OR ((AND (X2 X1)) (AND ((NOT (X3)) (OR (X1 X2)))))))))
(CAPTURE_CANDIDATE (AND ((OR ((AND (X1 X2)) (AND ((NOT (X3)) (OR (X1 X2)))))))))
(CAPTURE_CANDIDATE (AND ((OR ((AND (X2 X1)) (AND ((NOT (X3)) (OR (X1 X2)))))))))
(CAPTURE_CANDIDATE (AND ((OR ((AND (X1 X2)) (AND ((NOT (X3)) (OR (X1 X2)))))))))
(CAPTURE_CANDIDATE (AND ((OR ((AND (X2 X1)) (AND ((NOT (X3)) (OR (X1 X2)))))))))
(CAPTURE_CANDIDATE (AND ((OR ((AND (X3 X1 X2)) (AND ((NOT (X3)) (OR (X1 X2)))))))))
(CAPTURE_CANDIDATE (AND ((OR ((AND (X1 X2 X3)) (AND ((NOT (X3)) (OR (X1 X2)))))))))
(CAPTURE_CANDIDATE (AND ((OR ((AND (X2 X1 X2)) (AND ((NOT (X3)) (OR (X1 X2)))))))))
(CAPTURE_CANDIDATE (AND ((OR ((AND (X1 X2 X1)) (AND ((NOT (X3)) (OR (X1 X2)))))))))
(CAPTURE_CANDIDATE (AND ((OR ((AND (X2 X1 X3)) (AND ((NOT (X3)) (OR (X1 X2)))))))))
(CAPTURE_CANDIDATE (AND ((OR ((AND (X1 X2 X3)) (AND ((NOT (X3)) (OR (X1 X2)))))))))
(CAPTURE_CANDIDATE (AND ((OR ((AND (X2 X3 X1)) (AND ((NOT (X3)) (OR (X1 X2)))))))))
(CAPTURE_CANDIDATE (AND ((OR ((AND (X1 X2 X3)) (AND ((NOT (X3)) (OR (X1 X2)))))))))
(CAPTURE_CANDIDATE (AND ((OR ((AND (X3 X2 X1)) (AND ((NOT (X3)) (OR (X1 X2)))))))))
(CAPTURE_CANDIDATE (AND ((OR ((AND (X3 X1 X2)) (AND ((NOT (X3)) (OR (X1 X2)))))))))
(CAPTURE_CANDIDATE (AND ((OR ((AND (X2 X3 X1)) (AND ((NOT (X3)) (OR (X1 X2)))))))))
(CAPTURE_CANDIDATE (AND ((OR ((AND (X1 X3 X2)) (AND ((NOT (X3)) (OR (X1 X2)))))))))
(CAPTURE_CANDIDATE (AND ((OR ((AND (X3 X1 X2)) (AND ((NOT (X3)) (OR (X1 X2)))))))))
(CAPTURE_CANDIDATE (AND ((OR (X1 (NOT (X2)) (NOT (X3)))))))
(CAPTURE_CANDIDATE (AND ((OR ((AND (X1 X2)) (NOT (X3)))))))
(CAPTURE_CANDIDATE (AND ((OR ((AND ((NOT (X1)) (NOT (X2)))) (NOT (X3)))))))
(CAPTURE_CANDIDATE (AND ((OR ((NOT (X3)) (AND (X1 X2)))))))
(CAPTURE_CANDIDATE (AND ((NOT (X3)) (OR (X1 X2)))))
(CAPTURE_CANDIDATE (AND ((OR ((AND ((NOT (X1)) (NOT (X2)))) (NOT (X3)))))))
(CAPTURE_CANDIDATE (AND ((NOT (X3)) (OR (X1 X2)))))
(CAPTURE_CANDIDATE (AND ((NOT (X3)) (NOT (X1)) X2)))
(CAPTURE_CANDIDATE (AND ((NOT (X2)) (NOT (X3)) X1)))
(CAPTURE_CANDIDATE (AND ((NOT (X1)) (NOT (X3)) X2)))
(CAPTURE_CANDIDATE (AND ((NOT (X3)) (OR (X1 X2)))))
(CAPTURE_CANDIDATE (AND (X1 (OR ((NOT (X3)) X2)))))
(CAPTURE_CANDIDATE (AND (X2 (OR ((NOT (X3)) X1)))))
(CAPTURE_CANDIDATE (AND (X1 (OR ((NOT (X3)) X2)))))
(CAPTURE_CANDIDATE (AND ((OR ((NOT (X3)) (AND (X1 X2)))))))
(CAPTURE_CANDIDATE (AND ((OR ((AND (X2 X1)) (NOT (X3)))))))
(CAPTURE_CANDIDATE (AND ((OR ((AND (X1 X2)) (NOT (X3)))))))
(CAPTURE_CANDIDATE (AND ((OR ((AND (X2 X1)) (NOT (X3)))))))
(CAPTURE_CANDIDATE (AND ((OR ((AND (X1 X2)) (NOT (X3)))))))
(CAPTURE_CANDIDATE (AND (X1 (OR (X2 (NOT (X3)))))))
(CAPTURE_CANDIDATE (AND (X2 (OR (X1 (NOT (X3)))))))
(CAPTURE_CANDIDATE (AND (X1 (OR (X2 (NOT (X3)))))))
(CAPTURE_CANDIDATE (AND ((NOT (X3)) (OR (X1 X2)))))
(CAPTURE_CANDIDATE (AND ((OR ((AND ((NOT (X1)) (NOT (X2)))) (AND (X1 X2)) (AND ((NOT (X3)) (OR (X1 X2)))))))))
(CAPTURE_CANDIDATE (AND ((OR ((AND (X1 X2)) (AND ((NOT (X3)) (OR (X1 X2)))) (AND (X1 X2)))))))
(CAPTURE_CANDIDATE (AND ((OR ((AND ((NOT (X2)) X3)) (AND ((NOT (X3)) (OR (X1 X2)))) (AND (X1 X2)))))))
(CAPTURE_CANDIDATE (AND ((OR ((AND (X1 X2)) (AND ((NOT (X3)) (OR (X1 X2)))) (AND (X1 X2)))))))
(CAPTURE_CANDIDATE (AND ((OR ((AND ((NOT (X3)) (OR (X1 X2)))) (AND ((NOT (X2)) X3)) (AND (X1 X2)))))))
(CAPTURE_CANDIDATE (AND ((OR ((AND (X2 X1)) (AND (X1 X2)) (AND ((NOT (X3)) (OR (X1 X2)))))))))
(CAPTURE_CANDIDATE (AND ((OR ((AND (X2 X1)) (AND ((NOT (X2)) X3)) (AND ((NOT (X3)) (OR (X1 X2)))))))))
(CAPTURE_CANDIDATE (AND ((OR ((NOT (X3)) (NOT (X3)) (AND (X1 X2)))))))
(CAPTURE_CANDIDATE (AND ((OR ((AND (X1 X2)) (NOT (X3)) (NOT (X3)))))))
(CAPTURE_CANDIDATE (AND ((OR (X1 (NOT (X2)) (NOT (X3)) (NOT (X3)))))))
(CAPTURE_CANDIDATE (AND ((OR ((NOT (X3)) (AND (X1 X2)) (NOT (X3)))))))
(CAPTURE_CANDIDATE (AND ((OR ((NOT (X3)) X1 (NOT (X2)) (NOT (X3)))))))
(CAPTURE_CANDIDATE (AND ((OR ((NOT (X3)) (NOT (X3)) (AND (X1 X2)))))))
(CAPTURE_CANDIDATE (AND ((OR ((AND ((NOT (X1)) (NOT (X2)))) (NOT (X3)) (NOT (X3)))))))
(CAPTURE_CANDIDATE (AND ((OR ((NOT (X3)) (AND (X1 X2)) (NOT (X3)))))))
(CAPTURE_CANDIDATE (AND ((OR ((NOT (X3)) X1 (NOT (X2)) (NOT (X3)))))))
(CAPTURE_CANDIDATE (AND ((NOT (X1)) (OR ((NOT (X2)) (AND ((NOT (X3)) (NOT (X3)))))))))
(CAPTURE_CANDIDATE (AND ((OR ((AND ((NOT (X3)) (OR (X1 X2)))) X3)))))
(CAPTURE_CANDIDATE (AND ((OR ((AND ((NOT (X3)) (OR (X1 X2)))) X2)))))
(CAPTURE_CANDIDATE (AND ((OR ((AND ((NOT (X3)) (OR (X1 X2)))) X1)))))
(CAPTURE_CANDIDATE (AND ((NOT (X3)) (OR (X2 X1 X2)))))
(CAPTURE_CANDIDATE (AND ((OR (X3 (AND ((NOT (X3)) (OR (X1 X2)))))))))
(CAPTURE_CANDIDATE (AND ((OR (X2 (AND ((NOT (X3)) (OR (X1 X2)))))))))
(CAPTURE_CANDIDATE (AND ((OR (X1 (AND ((NOT (X3)) (OR (X1 X2)))))))))
(CAPTURE_CANDIDATE (AND ((OR (X3 (AND ((NOT (X3)) (OR (X1 X2)))))))))
(CAPTURE_CANDIDATE (AND ((OR (X2 (AND ((NOT (X3)) (OR (X1 X2)))))))))
(CAPTURE_CANDIDATE (AND ((OR (X1 (AND ((NOT (X3)) (OR (X1 X2)))))))))
(CAPTURE_CANDIDATE (AND (X2 (OR ((AND ((NOT (X1)) (NOT (X3)))) X1)))))
(CAPTURE_CANDIDATE (AND (X1 (OR ((AND ((NOT (X2)) (NOT (X3)))) X2)))))
(CAPTURE_CANDIDATE (AND (X2 (OR ((AND ((NOT (X3)) (NOT (X1)))) X1)))))
(CAPTURE_CANDIDATE (AND (X1 (OR ((AND ((NOT (X3)) (NOT (X3)))) X2)))))
(CAPTURE_CANDIDATE (AND (X2 (OR ((AND ((NOT (X3)) (NOT (X1)))) X1)))))
(CAPTURE_CANDIDATE (AND ((OR (X2 (AND ((NOT (X3)) (OR (X1 X2)))))))))
(CAPTURE_CANDIDATE (AND ((OR ((AND (X1 X2 X3)) (NOT (X3)))))))
(CAPTURE_CANDIDATE (AND ((OR ((AND (X3 X1 X2)) (NOT (X3)))))))
(CAPTURE_CANDIDATE (AND ((OR ((AND ((NOT (X3)) (OR (X1 X2)))) X2)))))
(CAPTURE_CANDIDATE (AND (X2 (OR (X1 (AND ((NOT (X3)) (NOT (X1)))))))))
(CAPTURE_CANDIDATE (AND (X1 (OR (X2 (AND ((NOT (X3)) (NOT (X3)))))))))
(CAPTURE_CANDIDATE (AND (X2 (OR (X1 (AND ((NOT (X3)) (NOT (X1)))))))))
(CAPTURE_CANDIDATE (AND (X1 (OR (X2 (AND ((NOT (X2)) (NOT (X3)))))))))
(CAPTURE_CANDIDATE (AND (X2 (OR (X1 (AND ((NOT (X1)) (NOT (X3)))))))))
(CAPTURE_CANDIDATE X1)
(CAPTURE_CANDIDATE (NOT (X1)))
(CAPTURE_CANDIDATE X2)
(CAPTURE_CANDIDATE (NOT (X2)))
(CAPTURE_CANDIDATE X3)
(CAPTURE_CANDIDATE (NOT (X3)))
(CAPTURE_CANDIDATE X1)
(CAPTURE_CANDIDATE (NOT (X1)))
(Before getNewCandidates: 100)
(Going to merge 47 Instances)
(Metapop size before resize: 48)
(Metapop size after resize: 47)
""
(Generation 9)
"expand  deme returnn"
(SelectedTree: (AND (OR (AND X1 X2) (AND (NOT X3) (OR X1 X2)))))
(GeneratedList: (0 0 0 0 0 0 0 0 0 0 0 0 0 0 0 1 0 0 0 0 1 0 0 1 0 0 1 0 0 0 1 1 0 0 0 0 0 0 0 0 0 0 0 0 0 0 0 0 0 0 0 0 0 0 0 0 0 0 1 1 0 0 0 0 0 0 0 0 0 0 0 0 0 0 0 0 0 0 0 0 0 0 0 0 0 0 0 0 0 0 0 0 0 0 0 0 0 0))
""
(Iteration 1 running)
(Crossover: false)
(CenterInst: (0 0 0 0 0 0 0 0 0 0 0 0 0 0 0 1 0 0 0 0 1 0 0 1 0 0 1 0 0 0 1 1 0 0 0 0 0 0 0 0 0 0 0 0 0 0 0 0 0 0 0 0 0 0 0 0 0 0 1 1 0 0 0 0 0 0 0 0 0 0 0 0 0 0 0 0 0 0 0 0 0 0 0 0 0 0 0 0 0 0 0 0 0 0 0 0 0 0))
(size: 8)
(1 : 1 : 0)
(CAPTURE_CANDIDATE (AND ((OR ((AND ((NOT (X3)) (OR (X1 X2)))) (AND (X1 X2)))))))
(New best score: -3.4285714285714284)
""
(Iteration 2 running)
(Crossover: false)
(CenterInst: (0 0 0 0 0 0 0 0 0 0 0 0 0 0 0 1 0 0 0 0 1 0 0 1 0 0 1 0 0 0 1 1 0 0 0 0 0 0 0 0 0 0 0 0 0 0 0 0 0 0 0 0 0 0 0 0 0 0 1 1 0 0 0 0 0 0 0 0 0 0 0 0 0 0 0 0 0 0 0 0 0 0 0 0 0 0 0 0 0 0 0 0 0 0 0 0 0 0))
(size: 8)
(588 : 499 : 1)
(CAPTURE_CANDIDATE (AND ((OR ((AND ((NOT (X3)) (OR (X1 X2)))) (AND (X1 X2)))))))
(CAPTURE_CANDIDATE (AND ((OR (X1 (AND ((NOT (X3)) (OR (X1 X2)))) (AND (X1 X2)))))))
(CAPTURE_CANDIDATE (AND ((OR ((NOT (X1)) (AND ((NOT (X3)) (OR (X1 X2)))) (AND (X1 X2)))))))
(CAPTURE_CANDIDATE (AND ((OR (X2 (AND ((NOT (X3)) (OR (X1 X2)))) (AND (X1 X2)))))))
(CAPTURE_CANDIDATE (AND ((OR ((NOT (X2)) (AND ((NOT (X3)) (OR (X1 X2)))) (AND (X1 X2)))))))
(CAPTURE_CANDIDATE (AND ((OR (X3 (AND ((NOT (X3)) (OR (X1 X2)))) (AND (X1 X2)))))))
(CAPTURE_CANDIDATE (AND ((OR ((NOT (X3)) (AND ((NOT (X3)) (OR (X1 X2)))) (AND (X1 X2)))))))
(CAPTURE_CANDIDATE (AND ((OR ((AND ((NOT (X1)) X2)) (AND ((NOT (X3)) (OR (X1 X2)))) (AND (X1 X2)))))))
(CAPTURE_CANDIDATE (AND ((OR (X1 (NOT (X2)) (AND ((NOT (X3)) (OR (X1 X2)))) (AND (X1 X2)))))))
(CAPTURE_CANDIDATE (AND ((OR ((AND (X1 X3)) (AND ((NOT (X3)) (OR (X1 X2)))) (AND (X1 X2)))))))
(CAPTURE_CANDIDATE (AND ((OR ((NOT (X1)) (NOT (X3)) (AND ((NOT (X3)) (OR (X1 X2)))) (AND (X1 X2)))))))
(CAPTURE_CANDIDATE (AND ((OR ((AND (X1 X2)) (AND ((NOT (X3)) (OR (X1 X2)))) (AND (X1 X2)))))))
(CAPTURE_CANDIDATE (AND ((OR ((NOT (X1)) (NOT (X2)) (AND ((NOT (X3)) (OR (X1 X2)))) (AND (X1 X2)))))))
(CAPTURE_CANDIDATE (AND (X1 (OR ((NOT (X3)) X2)))))
(CAPTURE_CANDIDATE (AND ((NOT (X1)) (NOT (X3)) X2)))
(CAPTURE_CANDIDATE (AND (X2 (OR ((NOT (X3)) X1)))))
(CAPTURE_CANDIDATE (AND ((NOT (X2)) (NOT (X3)) X1)))
(CAPTURE_CANDIDATE (AND (X3 X1 X2)))
(CAPTURE_CANDIDATE (AND ((NOT (X3)) (OR ((AND (X1 X2)) X1 X2)))))
(CAPTURE_CANDIDATE (AND ((OR ((AND ((NOT (X3)) (OR (X1 X2)))) (AND (X1 X2)))) (OR (X1 X3)))))
(CAPTURE_CANDIDATE (AND ((NOT (X1)) (NOT (X3)) X2)))
(CAPTURE_CANDIDATE (AND ((OR ((AND ((NOT (X3)) (OR (X1 X2)))) (AND (X1 X2)))) (OR (X2 X3)))))
(CAPTURE_CANDIDATE (AND ((NOT (X2)) (NOT (X3)) X1)))
(CAPTURE_CANDIDATE (AND ((OR ((AND ((NOT (X3)) (OR (X1 X2)))) (AND (X1 X2)))) (OR ((NOT (X1)) X3)))))
(CAPTURE_CANDIDATE (AND (X1 (NOT (X3)))))
(CAPTURE_CANDIDATE (AND ((OR ((AND ((NOT (X3)) (OR (X1 X2)))) X1 (AND (X1 X2)))))))
(CAPTURE_CANDIDATE (AND ((OR ((AND ((NOT (X3)) (OR (X1 X2)))) (NOT (X1)) (AND (X1 X2)))))))
(CAPTURE_CANDIDATE (AND ((OR ((AND ((NOT (X3)) (OR (X1 X2)))) X2 (AND (X1 X2)))))))
(CAPTURE_CANDIDATE (AND ((OR ((AND ((NOT (X3)) (OR (X1 X2)))) (NOT (X2)) (AND (X1 X2)))))))
(CAPTURE_CANDIDATE (AND ((OR ((AND ((NOT (X3)) (OR (X1 X2)))) X3 (AND (X1 X2)))))))
(CAPTURE_CANDIDATE (AND ((OR ((AND ((NOT (X3)) (OR (X1 X2)))) (NOT (X3)) (AND (X1 X2)))))))
(CAPTURE_CANDIDATE (AND ((NOT (X3)) (OR (X1 X2)))))
(CAPTURE_CANDIDATE (AND ((OR ((AND ((NOT (X3)) (OR (X1 X2)))) (NOT (X1)) (NOT (X2)))))))
(CAPTURE_CANDIDATE (AND ((OR ((AND ((NOT (X3)) (OR (X1 X2)))) (AND (X1 X2)) (AND ((NOT (X1)) X2)))))))
(CAPTURE_CANDIDATE (AND ((OR ((AND ((NOT (X3)) (OR (X1 X2)))) (AND (X1 X2)) X1 (NOT (X2)))))))
(CAPTURE_CANDIDATE (AND ((OR ((AND ((NOT (X3)) (OR (X1 X2)))) (AND (X1 X2)) (AND (X2 X3)))))))
(CAPTURE_CANDIDATE (AND ((OR ((AND ((NOT (X3)) (OR (X1 X2)))) (AND (X1 X2)) (NOT (X2)) (NOT (X3)))))))
(CAPTURE_CANDIDATE (AND (X1 (OR ((NOT (X3)) X2)))))
(CAPTURE_CANDIDATE (AND (X2 (OR ((AND ((NOT (X1)) (NOT (X3)))) X1)))))
(CAPTURE_CANDIDATE (AND (X2 (OR ((NOT (X3)) X1)))))
(CAPTURE_CANDIDATE (AND (X1 (OR ((AND ((NOT (X2)) (NOT (X3)))) X2)))))
(CAPTURE_CANDIDATE (AND ((OR ((AND (X1 X2)) X1 X2)))))
(CAPTURE_CANDIDATE (AND ((OR ((AND (X3 (OR (X1 X2)))) (AND (X1 X2)))))))
(CAPTURE_CANDIDATE (AND ((OR ((AND ((NOT (X3)) (OR ((NOT (X1)) X2)) (OR (X1 X2)))) (AND (X1 X2)))))))
(CAPTURE_CANDIDATE (AND (X1 (OR ((AND ((NOT (X2)) (NOT (X3)))) X2)))))
(CAPTURE_CANDIDATE (AND (X2 (OR ((NOT (X3)) X1)))))
(CAPTURE_CANDIDATE (AND (X1 (OR ((AND ((NOT (X2)) (NOT (X3)))) X2)))))
(CAPTURE_CANDIDATE (AND ((OR ((NOT (X3)) (AND (X1 X2)))))))
(CAPTURE_CANDIDATE (AND ((OR ((AND ((NOT (X3)) (NOT (X1)) (NOT (X2)))) (AND (X1 X2)))))))
(CAPTURE_CANDIDATE (AND ((OR ((AND ((OR (X1 (NOT (X3)))) (OR (X1 X2)))) (AND (X1 X2)))))))
(CAPTURE_CANDIDATE (AND ((OR ((AND ((OR ((NOT (X1)) (NOT (X3)))) (OR (X1 X2)))) (AND (X1 X2)))))))
(CAPTURE_CANDIDATE (AND ((OR ((AND ((OR (X2 (NOT (X3)))) (OR (X1 X2)))) (AND (X1 X2)))))))
(CAPTURE_CANDIDATE (AND ((OR ((AND ((OR ((NOT (X2)) (NOT (X3)))) (OR (X1 X2)))) (AND (X1 X2)))))))
(CAPTURE_CANDIDATE (AND ((OR ((AND (X1 X2)) X1 X2)))))
(CAPTURE_CANDIDATE (AND ((OR ((AND (X3 (OR (X1 X2)))) (AND (X1 X2)))))))
(CAPTURE_CANDIDATE (AND ((OR ((AND ((OR ((NOT (X3)) (AND ((NOT (X2)) X3)))) (OR (X1 X2)))) (AND (X1 X2)))))))
(CAPTURE_CANDIDATE (AND ((OR ((AND ((OR ((NOT (X3)) X2 (NOT (X3)))) (OR (X1 X2)))) (AND (X1 X2)))))))
(CAPTURE_CANDIDATE (AND ((OR ((AND ((OR ((NOT (X3)) (AND (X1 X3)))) (OR (X1 X2)))) (AND (X1 X2)))))))
(CAPTURE_CANDIDATE (AND ((OR ((AND ((OR ((NOT (X3)) (NOT (X1)) (NOT (X3)))) (OR (X1 X2)))) (AND (X1 X2)))))))
(CAPTURE_CANDIDATE (AND ((OR ((AND ((OR ((NOT (X3)) (AND ((NOT (X1)) X2)))) (OR (X1 X2)))) (AND (X1 X2)))))))
(CAPTURE_CANDIDATE (AND ((OR ((AND ((OR ((NOT (X3)) X1 (NOT (X2)))) (OR (X1 X2)))) (AND (X1 X2)))))))
(CAPTURE_CANDIDATE (AND (X2 (OR ((NOT (X3)) X1)))))
(CAPTURE_CANDIDATE (AND ((OR ((AND ((NOT (X3)) (OR ((NOT (X1)) X2)))) (AND (X1 X2)))))))
(CAPTURE_CANDIDATE (AND (X1 (OR ((NOT (X3)) X2)))))
(CAPTURE_CANDIDATE (AND ((OR ((AND ((NOT (X3)) (OR (X1 (NOT (X2)))))) (AND (X1 X2)))))))
(CAPTURE_CANDIDATE (AND ((OR ((AND ((NOT (X3)) (OR (X1 X2)))) (AND (X1 X2)))))))
(CAPTURE_CANDIDATE (AND ((OR ((NOT (X3)) (AND (X1 X2)))))))
(CAPTURE_CANDIDATE (AND ((OR ((AND ((NOT (X3)) (OR (X1 X2 (AND (X1 X2)))))) (AND (X1 X2)))))))
(CAPTURE_CANDIDATE (AND ((OR ((AND ((NOT (X3)) (OR (X1 X2 (NOT (X1)) (NOT (X2)))))) (AND (X1 X2)))))))
(CAPTURE_CANDIDATE (AND ((OR ((AND ((NOT (X3)) (OR (X1 X2)))) (AND (X1 X2)))))))
(CAPTURE_CANDIDATE (AND ((OR ((NOT (X3)) (AND (X1 X2)))))))
(CAPTURE_CANDIDATE (AND ((OR ((AND ((NOT (X3)) (OR (X1 X2)))) (AND (X1 X2)))))))
(CAPTURE_CANDIDATE (AND ((OR ((NOT (X3)) (AND (X1 X2)))))))
(CAPTURE_CANDIDATE (AND (X2 X1 (NOT (X3)))))
(CAPTURE_CANDIDATE (AND ((OR ((AND ((NOT (X3)) (OR ((AND (X1 (NOT (X2)))) X2)))) (AND (X1 X2)))))))
(CAPTURE_CANDIDATE (AND (X2 (OR ((NOT (X3)) X1)))))
(CAPTURE_CANDIDATE (AND ((OR ((AND ((NOT (X3)) (OR (X1 X2)))) (AND (X1 X2)))))))
(CAPTURE_CANDIDATE (AND (X2 X1 (NOT (X3)))))
(CAPTURE_CANDIDATE (AND ((OR ((AND ((NOT (X3)) (OR ((AND (X1 (NOT (X2)))) X2)))) (AND (X1 X2)))))))
(CAPTURE_CANDIDATE (AND (X2 (OR ((NOT (X3)) X1)))))
(CAPTURE_CANDIDATE (AND ((OR ((AND ((NOT (X3)) (OR ((AND (X1 X1)) X2)))) (AND (X1 X2)))))))
(CAPTURE_CANDIDATE (AND ((OR ((AND ((NOT (X3)) (OR (X1 X2)))) (AND (X1 X2)))))))
(CAPTURE_CANDIDATE (AND (X2 (OR ((NOT (X3)) X1)))))
(CAPTURE_CANDIDATE (AND (X1 X2 (NOT (X3)))))
(CAPTURE_CANDIDATE (AND ((OR ((AND ((NOT (X3)) (OR (X1 (AND (X2 (NOT (X1)))))))) (AND (X1 X2)))))))
(CAPTURE_CANDIDATE (AND (X1 (OR ((NOT (X3)) X2)))))
(CAPTURE_CANDIDATE (AND ((OR ((AND ((NOT (X3)) (OR (X1 X2)))) (AND (X1 X2)))))))
(CAPTURE_CANDIDATE (AND (X1 (OR ((NOT (X3)) X2)))))
(CAPTURE_CANDIDATE (AND ((OR ((AND ((NOT (X3)) (OR (X1 (AND (X2 X2)))))) (AND (X1 X2)))))))
(CAPTURE_CANDIDATE (AND (X1 X2 (NOT (X3)))))
(CAPTURE_CANDIDATE (AND ((OR ((AND ((NOT (X3)) (OR (X1 (AND (X2 (NOT (X1)))))))) (AND (X1 X2)))))))
(CAPTURE_CANDIDATE (AND ((OR ((AND ((NOT (X3)) (OR (X1 X2)))) (AND (X1 X2)))))))
(CAPTURE_CANDIDATE (AND (X1 (OR ((NOT (X3)) X2)))))
(CAPTURE_CANDIDATE (AND ((OR ((AND ((NOT (X3)) (OR (X1 X2 X1)))) (AND (X1 X2)))))))
(CAPTURE_CANDIDATE (AND ((OR ((AND ((NOT (X3)) (OR (X1 X2 (NOT (X1)))))) (AND (X1 X2)))))))
(CAPTURE_CANDIDATE (AND ((OR ((AND ((NOT (X3)) (OR (X1 X2 X2)))) (AND (X1 X2)))))))
(CAPTURE_CANDIDATE (AND ((OR ((AND ((NOT (X3)) (OR (X1 X2 (NOT (X2)))))) (AND (X1 X2)))))))
(CAPTURE_CANDIDATE (AND ((OR ((AND ((NOT (X3)) (OR (X1 X2)))) (AND (X1 X2)))))))
(CAPTURE_CANDIDATE (AND ((OR ((NOT (X3)) (AND (X1 X2)))))))
(CAPTURE_CANDIDATE (AND ((OR ((AND ((NOT (X3)) (OR (X1 X2 (NOT (X1)) X2)))) (AND (X1 X2)))))))
(CAPTURE_CANDIDATE (AND ((OR ((AND ((NOT (X3)) (OR (X1 X2 (AND (X1 (NOT (X2)))))))) (AND (X1 X2)))))))
(CAPTURE_CANDIDATE (AND ((OR ((AND ((NOT (X3)) (OR (X1 X2 X1)))) (AND (X1 X2)))))))
(CAPTURE_CANDIDATE (AND ((OR ((AND ((NOT (X3)) (OR (X1 X2 (NOT (X1)))))) (AND (X1 X2)))))))
(CAPTURE_CANDIDATE (AND ((OR ((AND ((NOT (X3)) (OR (X1 X2 X2)))) (AND (X1 X2)))))))
(CAPTURE_CANDIDATE (AND ((OR ((AND ((NOT (X3)) (OR (X1 X2 (NOT (X2)))))) (AND (X1 X2)))))))
(CAPTURE_CANDIDATE (AND (X1 (OR ((NOT (X3)) X2)))))
(CAPTURE_CANDIDATE (AND (X2 (OR ((AND ((NOT (X3)) (NOT (X1)))) X1)))))
(CAPTURE_CANDIDATE (AND (X2 (OR ((NOT (X3)) X1)))))
(CAPTURE_CANDIDATE (AND (X1 (OR ((AND ((NOT (X3)) (NOT (X2)))) X2)))))
(CAPTURE_CANDIDATE (AND (X1 X2)))
(CAPTURE_CANDIDATE (AND ((OR ((AND ((NOT (X3)) (OR (X1 X2)))) (AND (X1 X2)))))))
(CAPTURE_CANDIDATE (AND (X1 X2)))
(CAPTURE_CANDIDATE (AND ((OR ((AND ((NOT (X3)) (OR (X1 X2)))) (AND (X1 X2)))))))
(CAPTURE_CANDIDATE (AND (X1 X2)))
(CAPTURE_CANDIDATE (AND ((OR ((AND ((NOT (X3)) (OR (X1 X2)))) (AND (X1 X2)))))))
(CAPTURE_CANDIDATE (AND (X2 (OR ((AND ((NOT (X3)) (NOT (X1)))) X1)))))
(CAPTURE_CANDIDATE (AND ((OR ((AND ((NOT (X3)) (OR (X1 X2)) (OR (X1 (NOT (X2)))))) (AND (X1 X2)))))))
(CAPTURE_CANDIDATE (AND ((OR ((AND ((NOT (X3)) (OR (X1 X2)))) X2)))))
(CAPTURE_CANDIDATE (AND ((OR ((AND ((NOT (X3)) (OR (X1 X2)))) (AND ((NOT (X1)) X2)))))))
(CAPTURE_CANDIDATE (AND ((OR ((AND ((NOT (X3)) (OR (X1 X2)))) X1)))))
(CAPTURE_CANDIDATE (AND ((OR ((AND ((NOT (X3)) (OR (X1 X2)))) (AND ((NOT (X2)) X1)))))))
(CAPTURE_CANDIDATE (AND ((OR ((AND ((NOT (X3)) (OR (X1 X2)))) (AND (X3 X1 X2)))))))
(CAPTURE_CANDIDATE (AND ((NOT (X3)) (OR ((AND (X1 X2)) X1 X2)))))
(CAPTURE_CANDIDATE (AND ((OR ((AND ((NOT (X3)) (OR (X1 X2)))) (AND (X1 X2)))))))
(CAPTURE_CANDIDATE (AND ((NOT (X3)) (OR ((AND ((NOT (X1)) X2)) X1 X2)))))
(CAPTURE_CANDIDATE (AND ((OR ((AND ((NOT (X3)) (OR (X1 X2)))) (AND (X1 X2 X3)))))))
(CAPTURE_CANDIDATE (AND ((NOT (X3)) (OR ((AND (X2 X1)) X1 X2)))))
(CAPTURE_CANDIDATE (AND ((OR ((AND ((NOT (X3)) (OR (X1 X2)))) (AND (X1 X2)))))))
(CAPTURE_CANDIDATE (AND ((NOT (X3)) (OR (X1 X2)))))
(CAPTURE_CANDIDATE (AND ((OR ((AND ((NOT (X3)) (OR (X1 X2)))) X2)))))
(CAPTURE_CANDIDATE (AND ((OR ((AND ((NOT (X3)) (OR (X1 X2)))) (AND (X2 X1)))))))
(CAPTURE_CANDIDATE (AND ((OR ((AND ((NOT (X3)) (OR (X1 X2)))) (AND (X2 (OR (X1 X3)))))))))
(CAPTURE_CANDIDATE (AND ((OR ((AND ((NOT (X3)) (OR (X1 X2)))) (AND (X2 (OR (X1 (NOT (X3)))))))))))
(CAPTURE_CANDIDATE (AND ((OR ((AND ((NOT (X3)) (OR (X1 X2)))) (AND (X2 (OR (X1 (AND ((NOT (X1)) X3)))))))))))
(CAPTURE_CANDIDATE (AND ((OR ((AND ((NOT (X3)) (OR (X1 X2)))) (AND (X2 (OR (X1 X1 (NOT (X3)))))))))))
(CAPTURE_CANDIDATE (AND ((OR ((AND ((NOT (X3)) (OR (X1 X2)))) (AND (X2 (OR (X1 X3)))))))))
(CAPTURE_CANDIDATE (AND ((OR ((AND ((NOT (X3)) (OR (X1 X2)))) (AND (X2 (OR (X1 (NOT (X3)))))))))))
(CAPTURE_CANDIDATE (AND ((OR ((AND ((NOT (X3)) (OR (X1 X2)))) (AND (X1 X2)))))))
(CAPTURE_CANDIDATE (AND ((OR ((AND ((NOT (X3)) (OR (X1 X2)))) (AND (X2 (OR (X1 (NOT (X1)))))))))))
(CAPTURE_CANDIDATE (AND ((OR ((AND ((NOT (X3)) (OR (X1 X2)))) X1)))))
(CAPTURE_CANDIDATE (AND ((OR ((AND ((NOT (X3)) (OR (X1 X2)))) (AND (X1 X2)))))))
(CAPTURE_CANDIDATE (AND ((OR ((AND ((NOT (X3)) (OR (X1 X2)))) (AND (X1 (OR (X2 X3)))))))))
(CAPTURE_CANDIDATE (AND ((OR ((AND ((NOT (X3)) (OR (X1 X2)))) (AND (X1 (OR (X2 (NOT (X3)))))))))))
(CAPTURE_CANDIDATE (AND ((OR ((AND ((NOT (X3)) (OR (X1 X2)))) (AND (X1 X2 X3)))))))
(CAPTURE_CANDIDATE (AND ((OR ((AND ((NOT (X3)) (OR (X1 X2)))) (AND (X1 (OR (X2 (NOT (X2)) (NOT (X3)))))))))))
(CAPTURE_CANDIDATE (AND ((NOT (X3)) (OR (X1 X2)))))
(CAPTURE_CANDIDATE (AND ((OR ((AND ((NOT (X3)) (OR (X1 X2)))) X1)))))
(CAPTURE_CANDIDATE (AND ((OR ((AND ((NOT (X3)) (OR (X1 X2)))) (AND (X1 X2)))))))
(CAPTURE_CANDIDATE (AND ((OR ((AND ((NOT (X3)) (OR (X1 X2)))) X1)))))
(CAPTURE_CANDIDATE (AND ((OR ((AND ((NOT (X3)) (OR (X1 X2)))) (AND (X1 X2)))))))
(CAPTURE_CANDIDATE (AND ((NOT (X3)) (OR (X1 X2)))))
(CAPTURE_CANDIDATE (AND ((OR ((AND ((NOT (X3)) (OR (X1 X2)))) (AND (X1 X2)))))))
(CAPTURE_CANDIDATE (AND ((NOT (X3)) (OR (X1 X2)))))
(CAPTURE_CANDIDATE (AND ((OR ((AND ((NOT (X3)) (OR (X1 X2)))) (AND (X1 X2 X3)))))))
(CAPTURE_CANDIDATE (AND ((NOT (X3)) (OR ((AND (X1 X2)) X1 X2)))))
(CAPTURE_CANDIDATE (AND ((OR ((AND ((NOT (X3)) (OR (X1 X2)))) (AND (X1 X2 X3)))))))
(CAPTURE_CANDIDATE (AND ((NOT (X3)) (OR ((AND (X1 X2)) X1 X2)))))
(CAPTURE_CANDIDATE (AND ((NOT (X3)) (OR (X1 X2)))))
(CAPTURE_CANDIDATE (AND ((OR ((AND ((NOT (X3)) (OR (X1 X2)))) (AND (X1 X2)))))))
(CAPTURE_CANDIDATE (AND ((NOT (X3)) (OR (X1 X2)))))
(CAPTURE_CANDIDATE (AND ((OR ((AND ((NOT (X3)) (OR (X1 X2)))) (AND (X1 X2)))))))
(CAPTURE_CANDIDATE (AND ((OR ((AND ((NOT (X3)) (OR (X1 X2)))) (AND (X1 X2)) X1)))))
(CAPTURE_CANDIDATE (AND ((OR ((AND ((NOT (X3)) (OR (X1 X2)))) (AND (X1 X2)) (NOT (X1)))))))
(CAPTURE_CANDIDATE (AND ((OR ((AND ((NOT (X3)) (OR (X1 X2)))) (AND (X1 X2)) X2)))))
(CAPTURE_CANDIDATE (AND ((OR ((AND ((NOT (X3)) (OR (X1 X2)))) (AND (X1 X2)) (NOT (X2)))))))
(CAPTURE_CANDIDATE (AND ((OR ((AND ((NOT (X3)) (OR (X1 X2)))) (AND (X1 X2)) X3)))))
(CAPTURE_CANDIDATE (AND ((OR ((AND ((NOT (X3)) (OR (X1 X2)))) (AND (X1 X2)) (NOT (X3)))))))
(CAPTURE_CANDIDATE (AND ((OR ((AND ((NOT (X3)) (OR (X1 X2)))) (AND (X1 X2)) (NOT (X1)) X2)))))
(CAPTURE_CANDIDATE (AND ((OR ((AND ((NOT (X3)) (OR (X1 X2)))) (AND (X1 X2)) (AND (X1 (NOT (X2)))))))))
(CAPTURE_CANDIDATE (AND ((OR ((AND ((NOT (X3)) (OR (X1 X2)))) (AND (X1 X2)) X1 X2)))))
(CAPTURE_CANDIDATE (AND ((OR ((AND ((NOT (X3)) (OR (X1 X2)))) (AND (X1 X2)) (AND ((NOT (X1)) (NOT (X2)))))))))
(CAPTURE_CANDIDATE (AND ((OR ((AND ((NOT (X3)) (OR (X1 X2)))) (AND (X1 X2)) X1 X3)))))
(CAPTURE_CANDIDATE (AND ((OR ((AND ((NOT (X3)) (OR (X1 X2)))) (AND (X1 X2)) (AND ((NOT (X1)) (NOT (X3)))))))))
(CAPTURE_CANDIDATE (AND (X1 (OR ((NOT (X3)) X2)))))
(CAPTURE_CANDIDATE (AND ((NOT (X1)) (NOT (X3)) X2)))
(CAPTURE_CANDIDATE (AND (X2 (OR ((NOT (X3)) X1)))))
(CAPTURE_CANDIDATE (AND ((NOT (X2)) (NOT (X3)) X1)))
(CAPTURE_CANDIDATE (AND (X3 X1 X2)))
(CAPTURE_CANDIDATE (AND ((NOT (X3)) (OR ((AND (X1 X2)) X1 X2)))))
(CAPTURE_CANDIDATE (AND ((NOT (X2)) X3)))
(CAPTURE_CANDIDATE (AND ((OR ((AND ((NOT (X3)) (OR (X1 X2)))) (AND (X1 X2)))) (OR (X2 (NOT (X3)))))))
(CAPTURE_CANDIDATE (AND ((NOT (X1)) X2 (NOT (X3)))))
(CAPTURE_CANDIDATE (AND ((OR ((AND ((NOT (X3)) (OR (X1 X2)))) (AND (X1 X2)))) (OR (X1 (NOT (X2)))))))
(CAPTURE_CANDIDATE (AND (X1 X2)))
(CAPTURE_CANDIDATE (AND ((OR ((AND ((NOT (X3)) (OR (X1 X2)))) (AND (X1 X2)))) (OR ((NOT (X1)) (NOT (X2)))))))
(CAPTURE_CANDIDATE (AND ((OR (X1 (AND ((NOT (X3)) (OR (X1 X2)))) (AND (X1 X2)))))))
(CAPTURE_CANDIDATE (AND ((OR ((NOT (X1)) (AND ((NOT (X3)) (OR (X1 X2)))) (AND (X1 X2)))))))
(CAPTURE_CANDIDATE (AND ((OR (X2 (AND ((NOT (X3)) (OR (X1 X2)))) (AND (X1 X2)))))))
(CAPTURE_CANDIDATE (AND ((OR ((NOT (X2)) (AND ((NOT (X3)) (OR (X1 X2)))) (AND (X1 X2)))))))
(CAPTURE_CANDIDATE (AND ((OR (X3 (AND ((NOT (X3)) (OR (X1 X2)))) (AND (X1 X2)))))))
(CAPTURE_CANDIDATE (AND ((OR ((NOT (X3)) (AND ((NOT (X3)) (OR (X1 X2)))) (AND (X1 X2)))))))
(CAPTURE_CANDIDATE (AND ((OR ((AND ((NOT (X3)) (OR (X1 X2)))) (AND (X1 X2)) X1 X3)))))
(CAPTURE_CANDIDATE (AND ((OR ((AND ((NOT (X1)) (NOT (X3)))) (AND ((NOT (X3)) (OR (X1 X2)))) (AND (X1 X2)))))))
(CAPTURE_CANDIDATE (AND ((OR ((AND ((NOT (X3)) (OR (X1 X2)))) (AND (X1 X2)) X1 X2)))))
(CAPTURE_CANDIDATE (AND ((OR ((AND ((NOT (X1)) (NOT (X2)))) (AND ((NOT (X3)) (OR (X1 X2)))) (AND (X1 X2)))))))
(CAPTURE_CANDIDATE (AND ((OR ((AND ((NOT (X3)) (OR (X1 X2)))) (AND (X1 X2)) X2 X3)))))
(CAPTURE_CANDIDATE (AND ((OR ((AND ((NOT (X2)) (NOT (X3)))) (AND ((NOT (X3)) (OR (X1 X2)))) (AND (X1 X2)))))))
(New best score: -3.4285714285714284)
""
(Iteration 3 running)
(Crossover: true)
(CenterInst: (0 0 0 0 0 0 0 0 0 0 0 0 0 0 0 1 0 0 0 0 1 0 0 1 0 0 1 0 0 0 1 1 0 0 0 0 0 0 0 0 0 0 0 0 0 0 0 0 0 0 0 0 0 0 0 0 0 0 1 1 0 0 0 0 0 0 0 0 0 0 0 0 0 0 0 0 0 0 0 0 0 0 0 0 0 0 0 0 0 0 0 0 0 0 0 0 0 0))
(size: 8)
(43071 : 303 : 2)
(CAPTURE_CANDIDATE (AND ((OR ((AND ((NOT (X3)) (OR (X1 X2)))) (AND (X1 X2)))))))
(CAPTURE_CANDIDATE (AND ((OR (X1 (AND ((NOT (X3)) (OR (X1 X2)))) (AND (X1 X2)))))))
(CAPTURE_CANDIDATE (AND ((OR ((NOT (X1)) (AND ((NOT (X3)) (OR (X1 X2)))) (AND (X1 X2)))))))
(CAPTURE_CANDIDATE (AND ((OR (X2 (AND ((NOT (X3)) (OR (X1 X2)))) (AND (X1 X2)))))))
(CAPTURE_CANDIDATE (AND ((OR ((NOT (X2)) (AND ((NOT (X3)) (OR (X1 X2)))) (AND (X1 X2)))))))
(CAPTURE_CANDIDATE (AND ((OR (X3 (AND ((NOT (X3)) (OR (X1 X2)))) (AND (X1 X2)))))))
(CAPTURE_CANDIDATE (AND ((OR ((NOT (X3)) (AND ((NOT (X3)) (OR (X1 X2)))) (AND (X1 X2)))))))
(CAPTURE_CANDIDATE (AND ((OR ((AND ((NOT (X1)) X2)) (AND ((NOT (X3)) (OR (X1 X2)))) (AND (X1 X2)))))))
(CAPTURE_CANDIDATE (AND ((OR (X1 (NOT (X2)) (AND ((NOT (X3)) (OR (X1 X2)))) (AND (X1 X2)))))))
(CAPTURE_CANDIDATE (AND ((OR ((AND (X1 X3)) (AND ((NOT (X3)) (OR (X1 X2)))) (AND (X1 X2)))))))
(CAPTURE_CANDIDATE (AND ((OR ((NOT (X1)) (NOT (X3)) (AND ((NOT (X3)) (OR (X1 X2)))) (AND (X1 X2)))))))
(CAPTURE_CANDIDATE (AND ((OR ((AND (X1 X2)) (AND ((NOT (X3)) (OR (X1 X2)))) (AND (X1 X2)))))))
(CAPTURE_CANDIDATE (AND ((OR ((NOT (X1)) (NOT (X2)) (AND ((NOT (X3)) (OR (X1 X2)))) (AND (X1 X2)))))))
(CAPTURE_CANDIDATE (AND (X1 (OR ((NOT (X3)) X2)))))
(CAPTURE_CANDIDATE (AND ((NOT (X1)) (NOT (X3)) X2)))
(CAPTURE_CANDIDATE (AND (X2 (OR ((NOT (X3)) X1)))))
(CAPTURE_CANDIDATE (AND ((NOT (X2)) (NOT (X3)) X1)))
(CAPTURE_CANDIDATE (AND (X3 X1 X2)))
(CAPTURE_CANDIDATE (AND ((NOT (X3)) (OR ((AND (X1 X2)) X1 X2)))))
(CAPTURE_CANDIDATE (AND ((OR ((AND ((NOT (X3)) (OR (X1 X2)))) (AND (X1 X2)))) (OR (X1 X3)))))
(CAPTURE_CANDIDATE (AND ((NOT (X1)) (NOT (X3)) X2)))
(CAPTURE_CANDIDATE (AND ((OR ((AND ((NOT (X3)) (OR (X1 X2)))) (AND (X1 X2)))) (OR (X2 X3)))))
(CAPTURE_CANDIDATE (AND ((NOT (X2)) (NOT (X3)) X1)))
(CAPTURE_CANDIDATE (AND ((OR ((AND ((NOT (X3)) (OR (X1 X2)))) (AND (X1 X2)))) (OR ((NOT (X1)) X3)))))
(CAPTURE_CANDIDATE (AND (X1 (NOT (X3)))))
(CAPTURE_CANDIDATE (AND ((OR ((AND ((NOT (X3)) (OR (X1 X2)))) X1 (AND (X1 X2)))))))
(CAPTURE_CANDIDATE (AND ((OR ((AND ((NOT (X3)) (OR (X1 X2)))) (NOT (X1)) (AND (X1 X2)))))))
(CAPTURE_CANDIDATE (AND ((OR ((AND ((NOT (X3)) (OR (X1 X2)))) X2 (AND (X1 X2)))))))
(CAPTURE_CANDIDATE (AND ((OR ((AND ((NOT (X3)) (OR (X1 X2)))) (NOT (X2)) (AND (X1 X2)))))))
(CAPTURE_CANDIDATE (AND ((OR ((AND ((NOT (X3)) (OR (X1 X2)))) X3 (AND (X1 X2)))))))
(CAPTURE_CANDIDATE (AND ((OR ((AND ((NOT (X3)) (OR (X1 X2)))) (NOT (X3)) (AND (X1 X2)))))))
(CAPTURE_CANDIDATE (AND ((NOT (X3)) (OR (X1 X2)))))
(CAPTURE_CANDIDATE (AND ((OR ((AND ((NOT (X3)) (OR (X1 X2)))) (NOT (X1)) (NOT (X2)))))))
(CAPTURE_CANDIDATE (AND ((OR ((AND ((NOT (X3)) (OR (X1 X2)))) (AND (X1 X2)) (AND ((NOT (X1)) X2)))))))
(CAPTURE_CANDIDATE (AND ((OR ((AND ((NOT (X3)) (OR (X1 X2)))) (AND (X1 X2)) X1 (NOT (X2)))))))
(CAPTURE_CANDIDATE (AND ((OR ((AND ((NOT (X3)) (OR (X1 X2)))) (AND (X1 X2)) (AND (X2 X3)))))))
(CAPTURE_CANDIDATE (AND ((OR ((AND ((NOT (X3)) (OR (X1 X2)))) (AND (X1 X2)) (NOT (X2)) (NOT (X3)))))))
(CAPTURE_CANDIDATE (AND (X1 (OR ((NOT (X3)) X2)))))
(CAPTURE_CANDIDATE (AND (X2 (OR ((AND ((NOT (X1)) (NOT (X3)))) X1)))))
(CAPTURE_CANDIDATE (AND (X2 (OR ((NOT (X3)) X1)))))
(CAPTURE_CANDIDATE (AND (X1 (OR ((AND ((NOT (X2)) (NOT (X3)))) X2)))))
(CAPTURE_CANDIDATE (AND ((OR ((AND (X1 X2)) X1 X2)))))
(CAPTURE_CANDIDATE (AND ((OR ((AND (X3 (OR (X1 X2)))) (AND (X1 X2)))))))
(CAPTURE_CANDIDATE (AND ((OR ((AND ((NOT (X3)) (OR ((NOT (X1)) X2)) (OR (X1 X2)))) (AND (X1 X2)))))))
(CAPTURE_CANDIDATE (AND (X1 (OR ((AND ((NOT (X2)) (NOT (X3)))) X2)))))
(CAPTURE_CANDIDATE (AND (X2 (OR ((NOT (X3)) X1)))))
(CAPTURE_CANDIDATE (AND (X1 (OR ((AND ((NOT (X2)) (NOT (X3)))) X2)))))
(CAPTURE_CANDIDATE (AND ((OR ((NOT (X3)) (AND (X1 X2)))))))
(CAPTURE_CANDIDATE (AND ((OR ((AND ((NOT (X3)) (NOT (X1)) (NOT (X2)))) (AND (X1 X2)))))))
(CAPTURE_CANDIDATE (AND ((OR ((AND ((OR (X1 (NOT (X3)))) (OR (X1 X2)))) (AND (X1 X2)))))))
(CAPTURE_CANDIDATE (AND ((OR ((AND ((OR ((NOT (X1)) (NOT (X3)))) (OR (X1 X2)))) (AND (X1 X2)))))))
(CAPTURE_CANDIDATE (AND ((OR ((AND ((OR (X2 (NOT (X3)))) (OR (X1 X2)))) (AND (X1 X2)))))))
(CAPTURE_CANDIDATE (AND ((OR ((AND ((OR ((NOT (X2)) (NOT (X3)))) (OR (X1 X2)))) (AND (X1 X2)))))))
(CAPTURE_CANDIDATE (AND ((OR ((AND (X1 X2)) X1 X2)))))
(CAPTURE_CANDIDATE (AND ((OR ((AND (X3 (OR (X1 X2)))) (AND (X1 X2)))))))
(CAPTURE_CANDIDATE (AND ((OR ((AND ((OR ((NOT (X3)) (AND ((NOT (X2)) X3)))) (OR (X1 X2)))) (AND (X1 X2)))))))
(CAPTURE_CANDIDATE (AND ((OR ((AND ((OR ((NOT (X3)) X2 (NOT (X3)))) (OR (X1 X2)))) (AND (X1 X2)))))))
(CAPTURE_CANDIDATE (AND ((OR ((AND ((OR ((NOT (X3)) (AND (X1 X3)))) (OR (X1 X2)))) (AND (X1 X2)))))))
(CAPTURE_CANDIDATE (AND ((OR ((AND ((OR ((NOT (X3)) (NOT (X1)) (NOT (X3)))) (OR (X1 X2)))) (AND (X1 X2)))))))
(CAPTURE_CANDIDATE (AND ((OR ((AND ((OR ((NOT (X3)) (AND ((NOT (X1)) X2)))) (OR (X1 X2)))) (AND (X1 X2)))))))
(CAPTURE_CANDIDATE (AND ((OR ((AND ((OR ((NOT (X3)) X1 (NOT (X2)))) (OR (X1 X2)))) (AND (X1 X2)))))))
(CAPTURE_CANDIDATE (AND (X2 (OR ((NOT (X3)) X1)))))
(CAPTURE_CANDIDATE (AND ((OR ((AND ((NOT (X3)) (OR ((NOT (X1)) X2)))) (AND (X1 X2)))))))
(CAPTURE_CANDIDATE (AND (X1 (OR ((NOT (X3)) X2)))))
(CAPTURE_CANDIDATE (AND ((OR ((AND ((NOT (X3)) (OR (X1 (NOT (X2)))))) (AND (X1 X2)))))))
(CAPTURE_CANDIDATE (AND ((OR ((AND ((NOT (X3)) (OR (X1 X2)))) (AND (X1 X2)))))))
(CAPTURE_CANDIDATE (AND ((OR ((NOT (X3)) (AND (X1 X2)))))))
(CAPTURE_CANDIDATE (AND ((OR ((AND ((NOT (X3)) (OR (X1 X2 (AND (X1 X2)))))) (AND (X1 X2)))))))
(CAPTURE_CANDIDATE (AND ((OR ((AND ((NOT (X3)) (OR (X1 X2 (NOT (X1)) (NOT (X2)))))) (AND (X1 X2)))))))
(CAPTURE_CANDIDATE (AND ((OR ((AND ((NOT (X3)) (OR (X1 X2)))) (AND (X1 X2)))))))
(CAPTURE_CANDIDATE (AND ((OR ((NOT (X3)) (AND (X1 X2)))))))
(CAPTURE_CANDIDATE (AND ((OR ((AND ((NOT (X3)) (OR (X1 X2)))) (AND (X1 X2)))))))
(CAPTURE_CANDIDATE (AND ((OR ((NOT (X3)) (AND (X1 X2)))))))
(CAPTURE_CANDIDATE (AND (X2 X1 (NOT (X3)))))
(CAPTURE_CANDIDATE (AND ((OR ((AND ((NOT (X3)) (OR ((AND (X1 (NOT (X2)))) X2)))) (AND (X1 X2)))))))
(CAPTURE_CANDIDATE (AND (X2 (OR ((NOT (X3)) X1)))))
(CAPTURE_CANDIDATE (AND ((OR ((AND ((NOT (X3)) (OR (X1 X2)))) (AND (X1 X2)))))))
(CAPTURE_CANDIDATE (AND (X2 X1 (NOT (X3)))))
(CAPTURE_CANDIDATE (AND ((OR ((AND ((NOT (X3)) (OR ((AND (X1 (NOT (X2)))) X2)))) (AND (X1 X2)))))))
(CAPTURE_CANDIDATE (AND (X2 (OR ((NOT (X3)) X1)))))
(CAPTURE_CANDIDATE (AND ((OR ((AND ((NOT (X3)) (OR ((AND (X1 X1)) X2)))) (AND (X1 X2)))))))
(CAPTURE_CANDIDATE (AND ((OR ((AND ((NOT (X3)) (OR (X1 X2)))) (AND (X1 X2)))))))
(CAPTURE_CANDIDATE (AND (X2 (OR ((NOT (X3)) X1)))))
(CAPTURE_CANDIDATE (AND (X1 X2 (NOT (X3)))))
(CAPTURE_CANDIDATE (AND ((OR ((AND ((NOT (X3)) (OR (X1 (AND (X2 (NOT (X1)))))))) (AND (X1 X2)))))))
(CAPTURE_CANDIDATE (AND (X1 (OR ((NOT (X3)) X2)))))
(CAPTURE_CANDIDATE (AND ((OR ((AND ((NOT (X3)) (OR (X1 X2)))) (AND (X1 X2)))))))
(CAPTURE_CANDIDATE (AND (X1 (OR ((NOT (X3)) X2)))))
(CAPTURE_CANDIDATE (AND ((OR ((AND ((NOT (X3)) (OR (X1 (AND (X2 X2)))))) (AND (X1 X2)))))))
(CAPTURE_CANDIDATE (AND (X1 X2 (NOT (X3)))))
(CAPTURE_CANDIDATE (AND ((OR ((AND ((NOT (X3)) (OR (X1 (AND (X2 (NOT (X1)))))))) (AND (X1 X2)))))))
(CAPTURE_CANDIDATE (AND ((OR ((AND ((NOT (X3)) (OR (X1 X2)))) (AND (X1 X2)))))))
(CAPTURE_CANDIDATE (AND (X1 (OR ((NOT (X3)) X2)))))
(CAPTURE_CANDIDATE (AND ((OR ((AND ((NOT (X3)) (OR (X1 X2 X1)))) (AND (X1 X2)))))))
(CAPTURE_CANDIDATE (AND ((OR ((AND ((NOT (X3)) (OR (X1 X2 (NOT (X1)))))) (AND (X1 X2)))))))
(CAPTURE_CANDIDATE (AND ((OR ((AND ((NOT (X3)) (OR (X1 X2 X2)))) (AND (X1 X2)))))))
(CAPTURE_CANDIDATE (AND ((OR ((AND ((NOT (X3)) (OR (X1 X2 (NOT (X2)))))) (AND (X1 X2)))))))
(CAPTURE_CANDIDATE (AND ((OR ((AND ((NOT (X3)) (OR (X1 X2)))) (AND (X1 X2)))))))
(CAPTURE_CANDIDATE (AND ((OR ((NOT (X3)) (AND (X1 X2)))))))
(CAPTURE_CANDIDATE (AND ((OR ((AND ((NOT (X3)) (OR (X1 X2 (NOT (X1)) X2)))) (AND (X1 X2)))))))
(CAPTURE_CANDIDATE (AND ((OR ((AND ((NOT (X3)) (OR (X1 X2 (AND (X1 (NOT (X2)))))))) (AND (X1 X2)))))))
(CAPTURE_CANDIDATE (AND ((OR ((AND ((NOT (X3)) (OR (X1 X2 X1)))) (AND (X1 X2)))))))
(CAPTURE_CANDIDATE (AND ((OR ((AND ((NOT (X3)) (OR (X1 X2 (NOT (X1)))))) (AND (X1 X2)))))))
(CAPTURE_CANDIDATE (AND ((OR ((AND ((NOT (X3)) (OR (X1 X2 X2)))) (AND (X1 X2)))))))
(CAPTURE_CANDIDATE (AND ((OR ((AND ((NOT (X3)) (OR (X1 X2 (NOT (X2)))))) (AND (X1 X2)))))))
(CAPTURE_CANDIDATE (AND (X1 (OR ((NOT (X3)) X2)))))
(CAPTURE_CANDIDATE (AND (X2 (OR ((AND ((NOT (X3)) (NOT (X1)))) X1)))))
(CAPTURE_CANDIDATE (AND (X2 (OR ((NOT (X3)) X1)))))
(CAPTURE_CANDIDATE (AND (X1 (OR ((AND ((NOT (X3)) (NOT (X2)))) X2)))))
(CAPTURE_CANDIDATE (AND (X1 X2)))
(CAPTURE_CANDIDATE (AND ((OR ((AND ((NOT (X3)) (OR (X1 X2)))) (AND (X1 X2)))))))
(CAPTURE_CANDIDATE (AND (X1 X2)))
(CAPTURE_CANDIDATE (AND ((OR ((AND ((NOT (X3)) (OR (X1 X2)))) (AND (X1 X2)))))))
(CAPTURE_CANDIDATE (AND (X1 X2)))
(CAPTURE_CANDIDATE (AND ((OR ((AND ((NOT (X3)) (OR (X1 X2)))) (AND (X1 X2)))))))
(CAPTURE_CANDIDATE (AND (X2 (OR ((AND ((NOT (X3)) (NOT (X1)))) X1)))))
(CAPTURE_CANDIDATE (AND ((OR ((AND ((NOT (X3)) (OR (X1 X2)) (OR (X1 (NOT (X2)))))) (AND (X1 X2)))))))
(CAPTURE_CANDIDATE (AND ((OR ((AND ((NOT (X3)) (OR (X1 X2)))) X2)))))
(CAPTURE_CANDIDATE (AND ((OR ((AND ((NOT (X3)) (OR (X1 X2)))) (AND ((NOT (X1)) X2)))))))
(CAPTURE_CANDIDATE (AND ((OR ((AND ((NOT (X3)) (OR (X1 X2)))) X1)))))
(CAPTURE_CANDIDATE (AND ((OR ((AND ((NOT (X3)) (OR (X1 X2)))) (AND ((NOT (X2)) X1)))))))
(CAPTURE_CANDIDATE (AND ((OR ((AND ((NOT (X3)) (OR (X1 X2)))) (AND (X3 X1 X2)))))))
(CAPTURE_CANDIDATE (AND ((NOT (X3)) (OR ((AND (X1 X2)) X1 X2)))))
(CAPTURE_CANDIDATE (AND ((OR ((AND ((NOT (X3)) (OR (X1 X2)))) (AND (X1 X2)))))))
(CAPTURE_CANDIDATE (AND ((NOT (X3)) (OR ((AND ((NOT (X1)) X2)) X1 X2)))))
(CAPTURE_CANDIDATE (AND ((OR ((AND ((NOT (X3)) (OR (X1 X2)))) (AND (X1 X2 X3)))))))
(CAPTURE_CANDIDATE (AND ((NOT (X3)) (OR ((AND (X2 X1)) X1 X2)))))
(CAPTURE_CANDIDATE (AND ((OR ((AND ((NOT (X3)) (OR (X1 X2)))) (AND (X1 X2)))))))
(CAPTURE_CANDIDATE (AND ((NOT (X3)) (OR (X1 X2)))))
(CAPTURE_CANDIDATE (AND ((OR ((AND ((NOT (X3)) (OR (X1 X2)))) X2)))))
(CAPTURE_CANDIDATE (AND ((OR ((AND ((NOT (X3)) (OR (X1 X2)))) (AND (X2 X1)))))))
(CAPTURE_CANDIDATE (AND ((OR ((AND ((NOT (X3)) (OR (X1 X2)))) (AND (X2 (OR (X1 X3)))))))))
(CAPTURE_CANDIDATE (AND ((OR ((AND ((NOT (X3)) (OR (X1 X2)))) (AND (X2 (OR (X1 (NOT (X3)))))))))))
(CAPTURE_CANDIDATE (AND ((OR ((AND ((NOT (X3)) (OR (X1 X2)))) (AND (X2 (OR (X1 (AND ((NOT (X1)) X3)))))))))))
(CAPTURE_CANDIDATE (AND ((OR ((AND ((NOT (X3)) (OR (X1 X2)))) (AND (X2 (OR (X1 X1 (NOT (X3)))))))))))
(CAPTURE_CANDIDATE (AND ((OR ((AND ((NOT (X3)) (OR (X1 X2)))) (AND (X2 (OR (X1 X3)))))))))
(CAPTURE_CANDIDATE (AND ((OR ((AND ((NOT (X3)) (OR (X1 X2)))) (AND (X2 (OR (X1 (NOT (X3)))))))))))
(CAPTURE_CANDIDATE (AND ((OR ((AND ((NOT (X3)) (OR (X1 X2)))) (AND (X1 X2)))))))
(CAPTURE_CANDIDATE (AND ((OR ((AND ((NOT (X3)) (OR (X1 X2)))) (AND (X2 (OR (X1 (NOT (X1)))))))))))
(CAPTURE_CANDIDATE (AND ((OR ((AND ((NOT (X3)) (OR (X1 X2)))) X1)))))
(CAPTURE_CANDIDATE (AND ((OR ((AND ((NOT (X3)) (OR (X1 X2)))) (AND (X1 X2)))))))
(CAPTURE_CANDIDATE (AND ((OR ((AND ((NOT (X3)) (OR (X1 X2)))) (AND (X1 (OR (X2 X3)))))))))
(CAPTURE_CANDIDATE (AND ((OR ((AND ((NOT (X3)) (OR (X1 X2)))) (AND (X1 (OR (X2 (NOT (X3)))))))))))
(CAPTURE_CANDIDATE (AND ((OR ((AND ((NOT (X3)) (OR (X1 X2)))) (AND (X1 X2 X3)))))))
(CAPTURE_CANDIDATE (AND ((OR ((AND ((NOT (X3)) (OR (X1 X2)))) (AND (X1 (OR (X2 (NOT (X2)) (NOT (X3)))))))))))
(CAPTURE_CANDIDATE (AND ((NOT (X3)) (OR (X1 X2)))))
(CAPTURE_CANDIDATE (AND ((OR ((AND ((NOT (X3)) (OR (X1 X2)))) X1)))))
(CAPTURE_CANDIDATE (AND ((OR ((AND ((NOT (X3)) (OR (X1 X2)))) (AND (X1 X2)))))))
(CAPTURE_CANDIDATE (AND ((OR ((AND ((NOT (X3)) (OR (X1 X2)))) X1)))))
(CAPTURE_CANDIDATE (AND ((OR ((AND ((NOT (X3)) (OR (X1 X2)))) (AND (X1 X2)))))))
(CAPTURE_CANDIDATE (AND ((NOT (X3)) (OR (X1 X2)))))
(CAPTURE_CANDIDATE (AND ((OR ((AND ((NOT (X3)) (OR (X1 X2)))) (AND (X1 X2)))))))
(CAPTURE_CANDIDATE (AND ((NOT (X3)) (OR (X1 X2)))))
(CAPTURE_CANDIDATE (AND ((OR ((AND ((NOT (X3)) (OR (X1 X2)))) (AND (X1 X2 X3)))))))
(CAPTURE_CANDIDATE (AND ((NOT (X3)) (OR ((AND (X1 X2)) X1 X2)))))
(CAPTURE_CANDIDATE (AND ((OR ((AND ((NOT (X3)) (OR (X1 X2)))) (AND (X1 X2 X3)))))))
(CAPTURE_CANDIDATE (AND ((NOT (X3)) (OR ((AND (X1 X2)) X1 X2)))))
(CAPTURE_CANDIDATE (AND ((NOT (X3)) (OR (X1 X2)))))
(CAPTURE_CANDIDATE (AND ((OR ((AND ((NOT (X3)) (OR (X1 X2)))) (AND (X1 X2)))))))
(CAPTURE_CANDIDATE (AND ((NOT (X3)) (OR (X1 X2)))))
(CAPTURE_CANDIDATE (AND ((OR ((AND ((NOT (X3)) (OR (X1 X2)))) (AND (X1 X2)))))))
(CAPTURE_CANDIDATE (AND ((OR ((AND ((NOT (X3)) (OR (X1 X2)))) (AND (X1 X2)) X1)))))
(CAPTURE_CANDIDATE (AND ((OR ((AND ((NOT (X3)) (OR (X1 X2)))) (AND (X1 X2)) (NOT (X1)))))))
(CAPTURE_CANDIDATE (AND ((OR ((AND ((NOT (X3)) (OR (X1 X2)))) (AND (X1 X2)) X2)))))
(CAPTURE_CANDIDATE (AND ((OR ((AND ((NOT (X3)) (OR (X1 X2)))) (AND (X1 X2)) (NOT (X2)))))))
(CAPTURE_CANDIDATE (AND ((OR ((AND ((NOT (X3)) (OR (X1 X2)))) (AND (X1 X2)) X3)))))
(CAPTURE_CANDIDATE (AND ((OR ((AND ((NOT (X3)) (OR (X1 X2)))) (AND (X1 X2)) (NOT (X3)))))))
(CAPTURE_CANDIDATE (AND ((OR ((AND ((NOT (X3)) (OR (X1 X2)))) (AND (X1 X2)) (NOT (X1)) X2)))))
(CAPTURE_CANDIDATE (AND ((OR ((AND ((NOT (X3)) (OR (X1 X2)))) (AND (X1 X2)) (AND (X1 (NOT (X2)))))))))
(CAPTURE_CANDIDATE (AND ((OR ((AND ((NOT (X3)) (OR (X1 X2)))) (AND (X1 X2)) X1 X2)))))
(CAPTURE_CANDIDATE (AND ((OR ((AND ((NOT (X3)) (OR (X1 X2)))) (AND (X1 X2)) (AND ((NOT (X1)) (NOT (X2)))))))))
(CAPTURE_CANDIDATE (AND ((OR ((AND ((NOT (X3)) (OR (X1 X2)))) (AND (X1 X2)) X1 X3)))))
(CAPTURE_CANDIDATE (AND ((OR ((AND ((NOT (X3)) (OR (X1 X2)))) (AND (X1 X2)) (AND ((NOT (X1)) (NOT (X3)))))))))
(CAPTURE_CANDIDATE (AND (X1 (OR ((NOT (X3)) X2)))))
(CAPTURE_CANDIDATE (AND ((NOT (X1)) (NOT (X3)) X2)))
(CAPTURE_CANDIDATE (AND (X2 (OR ((NOT (X3)) X1)))))
(CAPTURE_CANDIDATE (AND ((NOT (X2)) (NOT (X3)) X1)))
(CAPTURE_CANDIDATE (AND (X3 X1 X2)))
(CAPTURE_CANDIDATE (AND ((NOT (X3)) (OR ((AND (X1 X2)) X1 X2)))))
(CAPTURE_CANDIDATE (AND ((NOT (X2)) X3)))
(CAPTURE_CANDIDATE (AND ((OR ((AND ((NOT (X3)) (OR (X1 X2)))) (AND (X1 X2)))) (OR (X2 (NOT (X3)))))))
(CAPTURE_CANDIDATE (AND ((NOT (X1)) X2 (NOT (X3)))))
(CAPTURE_CANDIDATE (AND ((OR ((AND ((NOT (X3)) (OR (X1 X2)))) (AND (X1 X2)))) (OR (X1 (NOT (X2)))))))
(CAPTURE_CANDIDATE (AND (X1 X2)))
(CAPTURE_CANDIDATE (AND ((OR ((AND ((NOT (X3)) (OR (X1 X2)))) (AND (X1 X2)))) (OR ((NOT (X1)) (NOT (X2)))))))
(CAPTURE_CANDIDATE (AND ((OR (X1 (AND ((NOT (X3)) (OR (X1 X2)))) (AND (X1 X2)))))))
(CAPTURE_CANDIDATE (AND ((OR ((NOT (X1)) (AND ((NOT (X3)) (OR (X1 X2)))) (AND (X1 X2)))))))
(CAPTURE_CANDIDATE (AND ((OR (X2 (AND ((NOT (X3)) (OR (X1 X2)))) (AND (X1 X2)))))))
(CAPTURE_CANDIDATE (AND ((OR ((NOT (X2)) (AND ((NOT (X3)) (OR (X1 X2)))) (AND (X1 X2)))))))
(CAPTURE_CANDIDATE (AND ((OR (X3 (AND ((NOT (X3)) (OR (X1 X2)))) (AND (X1 X2)))))))
(CAPTURE_CANDIDATE (AND ((OR ((NOT (X3)) (AND ((NOT (X3)) (OR (X1 X2)))) (AND (X1 X2)))))))
(CAPTURE_CANDIDATE (AND ((OR ((AND ((NOT (X3)) (OR (X1 X2)))) (AND (X1 X2)) X1 X3)))))
(CAPTURE_CANDIDATE (AND ((OR ((AND ((NOT (X1)) (NOT (X3)))) (AND ((NOT (X3)) (OR (X1 X2)))) (AND (X1 X2)))))))
(CAPTURE_CANDIDATE (AND ((OR ((AND ((NOT (X3)) (OR (X1 X2)))) (AND (X1 X2)) X1 X2)))))
(CAPTURE_CANDIDATE (AND ((OR ((AND ((NOT (X1)) (NOT (X2)))) (AND ((NOT (X3)) (OR (X1 X2)))) (AND (X1 X2)))))))
(CAPTURE_CANDIDATE (AND ((OR ((AND ((NOT (X3)) (OR (X1 X2)))) (AND (X1 X2)) X2 X3)))))
(CAPTURE_CANDIDATE (AND ((OR ((AND ((NOT (X2)) (NOT (X3)))) (AND ((NOT (X3)) (OR (X1 X2)))) (AND (X1 X2)))))))
(CAPTURE_CANDIDATE (AND ((OR ((AND ((NOT (X3)) (OR (X1 X2)))) (AND (X1 X2)))))))
(CAPTURE_CANDIDATE (AND ((OR ((AND ((NOT (X3)) (OR (X1 X2)))) (AND (X1 X2)))))))
(CAPTURE_CANDIDATE (AND ((OR ((AND ((NOT (X3)) (OR (X1 X2)))) (AND (X1 X2)))))))
(CAPTURE_CANDIDATE (AND ((OR ((AND ((NOT (X3)) (OR (X1 X2)))) (AND (X1 X2)))))))
(CAPTURE_CANDIDATE (AND ((OR ((AND ((NOT (X3)) (OR (X1 X2)))) (AND (X1 X2)))))))
(CAPTURE_CANDIDATE (AND ((OR ((AND ((NOT (X3)) (OR (X1 X2)))) (AND (X1 X2)))))))
(CAPTURE_CANDIDATE (AND ((OR ((AND ((NOT (X3)) (OR (X1 X2)))) (AND (X1 X2)))))))
(CAPTURE_CANDIDATE (AND ((OR ((AND ((NOT (X3)) (OR (X1 X2)))) (AND (X1 X2)))))))
(CAPTURE_CANDIDATE (AND ((OR ((AND ((NOT (X3)) (OR (X1 X2)))) (AND (X1 X2)))))))
(CAPTURE_CANDIDATE (AND ((OR ((AND ((NOT (X3)) (OR (X1 X2)))) (AND (X1 X2)))))))
(CAPTURE_CANDIDATE (AND ((OR ((AND ((NOT (X3)) (OR (X1 X2)))) (AND (X1 X2)))))))
(CAPTURE_CANDIDATE (AND ((OR ((AND ((NOT (X3)) (OR (X1 X2)))) (AND (X1 X2)))))))
(CAPTURE_CANDIDATE (AND ((OR ((AND ((NOT (X3)) (OR (X1 X2)))) (AND (X1 X2)))))))
(CAPTURE_CANDIDATE (AND ((OR ((AND ((NOT (X3)) (OR (X1 X2)))) (AND (X1 X2)))))))
(CAPTURE_CANDIDATE (AND ((OR ((AND ((NOT (X3)) (OR (X1 X2)))) (AND (X1 X2)))))))
(CAPTURE_CANDIDATE (AND ((OR ((AND ((NOT (X3)) (OR (X1 X2)))) (AND (X1 X2)))))))
(CAPTURE_CANDIDATE (AND ((OR ((AND ((NOT (X3)) (OR (X1 X2)))) (AND (X1 X2)))))))
(CAPTURE_CANDIDATE (AND ((OR ((AND ((NOT (X3)) (OR (X1 X2)))) (AND (X1 X2)))))))
(CAPTURE_CANDIDATE (AND ((OR ((AND ((NOT (X3)) (OR (X1 X2)))) (AND (X1 X2)))))))
(CAPTURE_CANDIDATE (AND ((OR ((AND ((NOT (X3)) (OR (X1 X2)))) (AND (X1 X2)))))))
(CAPTURE_CANDIDATE (AND ((OR ((AND ((NOT (X3)) (OR (X1 X2)))) (AND (X1 X2)))))))
(CAPTURE_CANDIDATE (AND ((OR ((AND ((NOT (X3)) (OR (X1 X2)))) (AND (X1 X2)))))))
(CAPTURE_CANDIDATE (AND ((OR ((AND ((NOT (X3)) (OR (X1 X2)))) (AND (X1 X2)))))))
(CAPTURE_CANDIDATE (AND ((OR ((AND ((NOT (X3)) (OR (X1 X2)))) (AND (X1 X2)))))))
(CAPTURE_CANDIDATE (AND ((OR ((AND ((NOT (X3)) (OR (X1 X2)))) (AND (X1 X2)))))))
(CAPTURE_CANDIDATE (AND ((OR ((AND ((NOT (X3)) (OR (X1 X2)))) (AND (X1 X2)))))))
(CAPTURE_CANDIDATE (AND ((OR ((AND ((NOT (X3)) (OR (X1 X2)))) (AND (X1 X2)))))))
(CAPTURE_CANDIDATE (AND ((OR ((AND ((NOT (X3)) (OR (X1 X2)))) (AND (X1 X2)))))))
(CAPTURE_CANDIDATE (AND ((OR ((AND ((NOT (X3)) (OR (X1 X2)))) (AND (X1 X2)))))))
(CAPTURE_CANDIDATE (AND ((OR ((AND ((NOT (X3)) (OR (X1 X2)))) (AND (X1 X2)))))))
(CAPTURE_CANDIDATE (AND ((OR ((AND ((NOT (X3)) (OR (X1 X2)))) (AND (X1 X2)))))))
(CAPTURE_CANDIDATE (AND ((OR ((AND ((NOT (X3)) (OR (X1 X2)))) (AND (X2 X1)))))))
(CAPTURE_CANDIDATE (AND ((OR ((AND ((NOT (X3)) (OR (X1 X2)))) (AND (X2 X1)))))))
(CAPTURE_CANDIDATE (AND ((OR ((AND ((NOT (X3)) (OR (X1 X2)))) (AND (X2 X1)))))))
(CAPTURE_CANDIDATE (AND ((OR ((AND ((NOT (X3)) (OR (X1 X2)))) (AND (X2 X1)))))))
(CAPTURE_CANDIDATE (AND ((OR ((AND ((NOT (X3)) (OR (X1 X2)))) (AND ((OR (X1 (NOT (X2)))) (OR (X2 (AND ((NOT (X1)) X3)))))))))))
(CAPTURE_CANDIDATE (AND ((OR ((AND ((NOT (X3)) (OR (X1 X2)))) (AND ((OR (X1 (NOT (X2)))) (OR (X2 (NOT (X1)))))))))))
(CAPTURE_CANDIDATE (AND ((OR ((AND ((NOT (X3)) (OR (X1 X2)))) (AND (X2 X1)))))))
(CAPTURE_CANDIDATE (AND ((OR ((AND ((NOT (X3)) (OR (X1 X2)))) (AND (X1 X2)))))))
(CAPTURE_CANDIDATE (AND ((OR ((AND ((NOT (X3)) (OR (X1 X2)))) (AND (X1 X2)))))))
(CAPTURE_CANDIDATE (AND ((OR ((AND ((NOT (X3)) (OR (X1 X2)))) (AND (X1 X2)))))))
(CAPTURE_CANDIDATE (AND ((OR ((AND ((NOT (X3)) (OR (X1 X2)))) (AND (X1 X2)))))))
(CAPTURE_CANDIDATE (AND ((OR ((AND ((NOT (X3)) (OR (X1 X2)))) (AND (X1 X2)))))))
(CAPTURE_CANDIDATE (AND ((OR ((AND ((NOT (X3)) (OR (X1 X2)))) (AND (X1 X2)))))))
(CAPTURE_CANDIDATE (AND ((OR ((AND ((NOT (X3)) (OR (X1 X2)))) (AND (X1 X2)))))))
(CAPTURE_CANDIDATE (AND ((OR ((AND ((NOT (X3)) (OR (X1 X2)))) (AND (X2 X1)))))))
(CAPTURE_CANDIDATE (AND ((OR ((AND ((NOT (X3)) (OR (X1 X2)))) (AND (X1 X2)))))))
(CAPTURE_CANDIDATE (AND ((OR ((AND ((NOT (X3)) (OR (X1 X2)))) (AND (X1 X2)))))))
(CAPTURE_CANDIDATE (AND ((OR ((AND ((NOT (X3)) (OR (X1 X2)))) (AND (X1 X2)))))))
(CAPTURE_CANDIDATE (AND ((OR ((AND ((NOT (X3)) (OR (X1 X2)))) (AND (X1 X2)))))))
(CAPTURE_CANDIDATE (AND ((OR ((AND ((NOT (X3)) (OR (X1 X2)))) (AND (X1 X2)))))))
(CAPTURE_CANDIDATE (AND ((OR ((AND ((NOT (X3)) (OR (X1 X2)))) (AND (X1 X2)))))))
(CAPTURE_CANDIDATE (AND ((OR ((AND ((NOT (X3)) (OR (X1 X2)))) (AND (X1 X2)))))))
(CAPTURE_CANDIDATE (AND ((OR ((AND ((NOT (X3)) (OR (X1 X2)))) (AND (X1 X2)))))))
(CAPTURE_CANDIDATE (AND ((OR ((AND ((NOT (X3)) (OR (X1 X2)))) (AND (X1 X2)))))))
(CAPTURE_CANDIDATE (AND ((OR ((AND ((NOT (X3)) (OR (X1 X2)))) (AND (X1 X2)))))))
(CAPTURE_CANDIDATE (AND ((OR ((AND ((NOT (X3)) (OR (X1 X2)))) (AND (X1 X2)))))))
(CAPTURE_CANDIDATE (AND ((OR ((AND ((NOT (X3)) (OR (X1 X2)))) (AND (X1 X2)))))))
(CAPTURE_CANDIDATE (AND ((OR ((AND ((NOT (X3)) (OR (X1 X2)))) (AND (X1 X2)))))))
(CAPTURE_CANDIDATE (AND ((OR ((AND ((NOT (X3)) (OR (X1 X2)))) (AND (X1 X2)))))))
(CAPTURE_CANDIDATE (AND ((OR ((AND ((NOT (X3)) (OR (X1 X2)))) (AND (X1 X2)))))))
(CAPTURE_CANDIDATE (AND ((OR ((AND ((NOT (X3)) (OR (X1 X2)))) (AND (X1 X2)))))))
(CAPTURE_CANDIDATE (AND ((OR ((AND ((NOT (X3)) (OR (X1 X2)))) (AND (X1 X2)))))))
(CAPTURE_CANDIDATE (AND ((OR ((AND ((NOT (X3)) (OR (X1 X2)))) (AND (X1 X2 X3)))))))
(CAPTURE_CANDIDATE (AND ((OR ((AND ((NOT (X3)) (OR (X1 X2)))) (AND (X1 (OR (X2 (NOT (X3)))) (OR (X2 (NOT (X3)))))))))))
(CAPTURE_CANDIDATE (AND ((OR ((AND ((NOT (X3)) (OR (X1 X2)))) (AND (X2 (OR (X1 (NOT (X3)))))))))))
(CAPTURE_CANDIDATE (AND ((OR ((AND ((NOT (X3)) (OR (X1 X2)))) (AND (X2 (OR (X1 (NOT (X3)))))))))))
(CAPTURE_CANDIDATE (AND ((OR ((AND ((NOT (X3)) (OR (X1 X2)))) (AND (X1 X2 X3)))))))
(CAPTURE_CANDIDATE (AND ((OR ((AND ((NOT (X3)) (OR (X1 X2)))) (AND (X3 X1 X2)))))))
(CAPTURE_CANDIDATE (AND ((OR ((AND ((NOT (X3)) (OR (X1 X2 X2)))) (AND (X1 X2)))))))
(CAPTURE_CANDIDATE (AND ((OR ((AND ((NOT (X3)) (OR (X1 X2 X1)))) (AND (X1 X2)))))))
(CAPTURE_CANDIDATE (AND ((OR ((AND ((NOT (X3)) (OR (X1 X2 X2)))) (AND (X1 X2)))))))
(CAPTURE_CANDIDATE (AND ((OR ((AND ((NOT (X3)) (OR (X1 X2 X1)))) (AND (X1 X2)))))))
(CAPTURE_CANDIDATE (AND ((OR ((AND ((NOT (X3)) (OR (X1 (AND (X2 (NOT (X1)))))))) (AND (X1 X2)))))))
(CAPTURE_CANDIDATE (AND ((OR ((AND ((NOT (X3)) (OR (X1 (AND (X2 X2)))))) (AND (X1 X2)))))))
(CAPTURE_CANDIDATE (AND ((OR ((AND ((NOT (X3)) (OR (X1 (AND (X2 (NOT (X1)))))))) (AND (X1 X2)))))))
(CAPTURE_CANDIDATE (AND ((OR ((AND ((NOT (X3)) (OR ((AND (X1 X1)) X2)))) (AND (X1 X2)))))))
(CAPTURE_CANDIDATE (AND ((OR ((AND ((NOT (X3)) (OR ((AND (X1 (NOT (X2)))) X2)))) (AND (X1 X2)))))))
(CAPTURE_CANDIDATE (AND ((OR ((AND ((NOT (X3)) (OR ((AND (X1 (NOT (X2)))) X2)))) (AND (X1 X2)))))))
(CAPTURE_CANDIDATE (AND ((NOT (X1)) X2 (NOT (X3)))))
(New best score: -3.2857142857142856)
(Terminating because score hasn't improved)
(Terminating because score hasn't improved)
(Terminating because score hasn't improved)
(OptimizedDeme: 277)
"Merging Deme"
(Demesize: 277)
(nEval: 10000 LenSInstList: 277)
(TopCnd: 277)
(Keep 100 Unique instances from 277)
(KeptUniqueTopCandidates NewSize: 100)
(TrimmedDownDeme: 100)
(CAPTURE_CANDIDATE (AND ((OR ((AND ((NOT (X3)) (OR (X1 X2)))) (AND ((OR (X1 (NOT (X2)))) (OR (X2 (AND ((NOT (X1)) X3)))))))))))
(CAPTURE_CANDIDATE (AND ((OR ((AND ((NOT (X3)) (OR (X1 X2)))) (AND (X1 X2)))))))
(CAPTURE_CANDIDATE (AND ((OR ((AND ((NOT (X3)) (OR (X1 X2)))) (AND (X2 X1)))))))
(CAPTURE_CANDIDATE (AND ((OR ((AND ((NOT (X3)) (OR (X1 X2)))) (AND (X1 X2)))))))
(CAPTURE_CANDIDATE (AND ((OR ((AND ((NOT (X3)) (OR (X1 X2)))) (AND (X2 X1)))))))
(CAPTURE_CANDIDATE (AND ((OR ((AND ((NOT (X3)) (OR (X1 X2)))) (AND (X1 X2)))))))
(CAPTURE_CANDIDATE (AND ((OR ((AND ((NOT (X3)) (OR (X1 X2)))) (AND (X2 X1)))))))
(CAPTURE_CANDIDATE (AND ((OR ((AND ((NOT (X3)) (OR (X1 X2)))) (AND (X1 X2)))))))
(CAPTURE_CANDIDATE (AND ((OR ((AND ((NOT (X3)) (OR ((AND (X1 (NOT (X2)))) X2)))) (AND (X1 X2)))))))
(CAPTURE_CANDIDATE (AND ((OR ((AND ((NOT (X3)) (OR ((AND (X1 X1)) X2)))) (AND (X1 X2)))))))
(CAPTURE_CANDIDATE (AND ((OR ((AND ((NOT (X3)) (OR (X1 (AND (X2 (NOT (X1)))))))) (AND (X1 X2)))))))
(CAPTURE_CANDIDATE (AND ((OR ((AND ((NOT (X3)) (OR (X1 (AND (X2 X2)))))) (AND (X1 X2)))))))
(CAPTURE_CANDIDATE (AND ((OR ((AND ((NOT (X3)) (OR (X1 (AND (X2 (NOT (X1)))))))) (AND (X1 X2)))))))
(CAPTURE_CANDIDATE (AND ((OR ((AND ((NOT (X3)) (OR (X1 X2 X1)))) (AND (X1 X2)))))))
(CAPTURE_CANDIDATE (AND ((OR ((AND ((NOT (X3)) (OR (X1 X2 X2)))) (AND (X1 X2)))))))
(CAPTURE_CANDIDATE (AND ((OR ((AND ((NOT (X3)) (OR (X1 X2 X1)))) (AND (X1 X2)))))))
(CAPTURE_CANDIDATE (AND ((OR ((AND ((NOT (X3)) (OR (X1 X2 X2)))) (AND (X1 X2)))))))
(CAPTURE_CANDIDATE (AND ((OR ((AND ((NOT (X3)) (OR (X1 X2)))) (AND (X3 X1 X2)))))))
(CAPTURE_CANDIDATE (AND ((OR ((AND ((NOT (X3)) (OR (X1 X2)))) (AND (X1 X2 X3)))))))
(CAPTURE_CANDIDATE (AND ((OR ((AND ((NOT (X3)) (OR (X1 X2)))) (AND (X2 (OR (X1 (NOT (X3)))))))))))
(CAPTURE_CANDIDATE (AND ((OR ((AND ((NOT (X3)) (OR (X1 X2)))) (AND (X1 (OR (X2 (NOT (X3)))))))))))
(CAPTURE_CANDIDATE (AND ((OR ((AND ((NOT (X3)) (OR (X1 X2)))) (AND (X1 X2 X3)))))))
(CAPTURE_CANDIDATE (AND ((OR ((AND ((NOT (X3)) (OR (X1 X2)))) (AND (X2 (OR (X1 (NOT (X3)))))))))))
(CAPTURE_CANDIDATE (AND ((OR ((AND ((NOT (X3)) (OR (X1 X2)))) (AND (X1 X2 X3)))))))
(CAPTURE_CANDIDATE (AND ((OR ((AND ((NOT (X3)) (OR (X1 X2)))) (AND (X3 X1 X2)))))))
(CAPTURE_CANDIDATE (AND ((OR ((AND ((NOT (X3)) (OR (X1 X2 X2)))) (AND (X1 X2)))))))
(CAPTURE_CANDIDATE (AND ((OR ((AND ((NOT (X3)) (OR (X1 X2 X1)))) (AND (X1 X2)))))))
(CAPTURE_CANDIDATE (AND ((OR ((AND ((NOT (X3)) (OR (X1 X2 X2)))) (AND (X1 X2)))))))
(CAPTURE_CANDIDATE (AND ((OR ((AND ((NOT (X3)) (OR (X1 X2 X1)))) (AND (X1 X2)))))))
(CAPTURE_CANDIDATE (AND ((OR ((AND ((NOT (X3)) (OR (X1 (AND (X2 (NOT (X1)))))))) (AND (X1 X2)))))))
(CAPTURE_CANDIDATE (AND ((OR ((AND ((NOT (X3)) (OR (X1 (AND (X2 X2)))))) (AND (X1 X2)))))))
(CAPTURE_CANDIDATE (AND ((OR ((AND ((NOT (X3)) (OR (X1 (AND (X2 (NOT (X1)))))))) (AND (X1 X2)))))))
(CAPTURE_CANDIDATE (AND ((OR ((AND ((NOT (X3)) (OR ((AND (X1 X1)) X2)))) (AND (X1 X2)))))))
(CAPTURE_CANDIDATE (AND ((OR ((AND ((NOT (X3)) (OR ((AND (X1 (NOT (X2)))) X2)))) (AND (X1 X2)))))))
(CAPTURE_CANDIDATE (AND (X1 (OR ((NOT (X3)) X2)))))
(CAPTURE_CANDIDATE (AND ((NOT (X1)) (NOT (X3)) X2)))
(CAPTURE_CANDIDATE (AND (X2 (OR ((NOT (X3)) X1)))))
(CAPTURE_CANDIDATE (AND ((NOT (X2)) (NOT (X3)) X1)))
(CAPTURE_CANDIDATE (AND (X3 X1 X2)))
(CAPTURE_CANDIDATE (AND ((NOT (X1)) (NOT (X3)) X2)))
(CAPTURE_CANDIDATE (AND ((NOT (X2)) (NOT (X3)) X1)))
(CAPTURE_CANDIDATE (AND ((NOT (X3)) (OR (X1 X2)))))
(CAPTURE_CANDIDATE (AND (X1 (OR ((NOT (X3)) X2)))))
(CAPTURE_CANDIDATE (AND (X2 (OR ((NOT (X3)) X1)))))
(CAPTURE_CANDIDATE (AND ((OR ((NOT (X3)) (AND (X1 X2)))))))
(CAPTURE_CANDIDATE (AND (X2 (OR ((NOT (X3)) X1)))))
(CAPTURE_CANDIDATE (AND (X1 (OR ((NOT (X3)) X2)))))
(CAPTURE_CANDIDATE (AND ((OR ((NOT (X3)) (AND (X1 X2)))))))
(CAPTURE_CANDIDATE (AND (X2 (OR ((NOT (X3)) X1)))))
(CAPTURE_CANDIDATE (AND (X1 (OR ((NOT (X3)) X2)))))
(CAPTURE_CANDIDATE (AND ((OR ((NOT (X3)) (AND (X1 X2)))))))
(CAPTURE_CANDIDATE (AND (X1 (OR ((NOT (X3)) X2)))))
(CAPTURE_CANDIDATE (AND (X2 (OR ((NOT (X3)) X1)))))
(CAPTURE_CANDIDATE (AND ((NOT (X3)) (OR (X1 X2)))))
(CAPTURE_CANDIDATE (AND (X1 (OR ((NOT (X3)) X2)))))
(CAPTURE_CANDIDATE (AND ((NOT (X1)) (NOT (X3)) X2)))
(CAPTURE_CANDIDATE (AND (X2 (OR ((NOT (X3)) X1)))))
(CAPTURE_CANDIDATE (AND ((NOT (X2)) (NOT (X3)) X1)))
(CAPTURE_CANDIDATE (AND (X3 X1 X2)))
(CAPTURE_CANDIDATE (AND ((NOT (X1)) X2 (NOT (X3)))))
(CAPTURE_CANDIDATE (AND ((OR ((AND (X1 X2)) (AND ((NOT (X3)) (OR (X1 X2)))) (AND (X1 X2)))))))
(CAPTURE_CANDIDATE (AND ((OR ((AND ((NOT (X3)) (OR (X1 X2)))) (AND (X1 X2)))) (OR ((NOT (X1)) X3)))))
(CAPTURE_CANDIDATE (AND ((OR ((AND ((NOT (X3)) (OR (X1 X2 (AND (X1 X2)))))) (AND (X1 X2)))))))
(CAPTURE_CANDIDATE (AND ((OR ((AND ((NOT (X3)) (OR (X1 X2 (AND (X1 (NOT (X2)))))))) (AND (X1 X2)))))))
(CAPTURE_CANDIDATE (AND ((OR ((AND ((NOT (X3)) (OR (X1 X2)))) (AND (X2 (OR (X1 X1 (NOT (X3)))))))))))
(CAPTURE_CANDIDATE (AND ((OR ((AND ((NOT (X3)) (OR (X1 X2)))) (AND (X1 X2)) (AND ((NOT (X1)) (NOT (X2)))))))))
(CAPTURE_CANDIDATE (AND ((OR ((AND ((NOT (X3)) (OR (X1 X2)))) (AND (X1 X2)))) (OR (X2 (NOT (X3)))))))
(CAPTURE_CANDIDATE (AND ((OR ((AND ((NOT (X3)) (OR (X1 X2)))) (AND (X1 X2)))) (OR ((NOT (X1)) (NOT (X2)))))))
(CAPTURE_CANDIDATE (AND ((OR ((AND ((NOT (X1)) (NOT (X2)))) (AND ((NOT (X3)) (OR (X1 X2)))) (AND (X1 X2)))))))
(CAPTURE_CANDIDATE (AND ((OR ((AND ((NOT (X3)) (OR (X1 X2)))) (AND ((OR (X1 (NOT (X2)))) (OR (X2 (NOT (X1)))))))))))
(CAPTURE_CANDIDATE (AND (X2 (OR ((AND ((NOT (X1)) (NOT (X3)))) X1)))))
(CAPTURE_CANDIDATE (AND (X1 (OR ((AND ((NOT (X2)) (NOT (X3)))) X2)))))
(CAPTURE_CANDIDATE (AND (X2 (OR ((AND ((NOT (X3)) (NOT (X1)))) X1)))))
(CAPTURE_CANDIDATE (AND (X1 (OR ((AND ((NOT (X3)) (NOT (X2)))) X2)))))
(CAPTURE_CANDIDATE (AND (X2 (OR ((AND ((NOT (X3)) (NOT (X1)))) X1)))))
(CAPTURE_CANDIDATE (AND ((OR ((AND ((NOT (X3)) (OR (X1 X2)))) X2)))))
(CAPTURE_CANDIDATE (AND ((OR ((AND ((NOT (X3)) (OR (X1 X2)))) X1)))))
(CAPTURE_CANDIDATE (AND ((OR ((AND ((NOT (X3)) (OR (X1 X2)))) X2)))))
(CAPTURE_CANDIDATE (AND ((OR ((AND ((NOT (X3)) (OR (X1 X2)))) X1)))))
(CAPTURE_CANDIDATE (AND ((OR ((AND ((NOT (X3)) (OR (X1 X2)))) (AND (X1 (OR (X2 (NOT (X3)))) (OR (X2 (NOT (X3)))))))))))
(CAPTURE_CANDIDATE (AND ((NOT (X3)) (OR ((AND (X1 X2)) X1 X2)))))
(CAPTURE_CANDIDATE (AND ((NOT (X3)) (OR ((AND ((NOT (X1)) X2)) X1 X2)))))
(CAPTURE_CANDIDATE (AND ((NOT (X3)) (OR ((AND (X2 X1)) X1 X2)))))
(CAPTURE_CANDIDATE (AND ((NOT (X3)) (OR ((AND (X1 X2)) X1 X2)))))
(CAPTURE_CANDIDATE (AND (X1 (NOT (X3)))))
(CAPTURE_CANDIDATE (AND (X1 X2)))
(CAPTURE_CANDIDATE (AND ((NOT (X2)) X3)))
(CAPTURE_CANDIDATE (AND (X1 X2)))
(CAPTURE_CANDIDATE (AND ((OR (X1 (AND ((NOT (X3)) (OR (X1 X2)))) (AND (X1 X2)))))))
(CAPTURE_CANDIDATE (AND ((OR ((NOT (X1)) (AND ((NOT (X3)) (OR (X1 X2)))) (AND (X1 X2)))))))
(CAPTURE_CANDIDATE (AND ((OR (X2 (AND ((NOT (X3)) (OR (X1 X2)))) (AND (X1 X2)))))))
(CAPTURE_CANDIDATE (AND ((OR ((NOT (X2)) (AND ((NOT (X3)) (OR (X1 X2)))) (AND (X1 X2)))))))
(CAPTURE_CANDIDATE (AND ((OR (X3 (AND ((NOT (X3)) (OR (X1 X2)))) (AND (X1 X2)))))))
(CAPTURE_CANDIDATE (AND ((OR ((NOT (X3)) (AND ((NOT (X3)) (OR (X1 X2)))) (AND (X1 X2)))))))
(CAPTURE_CANDIDATE (AND ((OR ((AND ((NOT (X3)) (OR (X1 X2)))) X1 (AND (X1 X2)))))))
(CAPTURE_CANDIDATE (AND ((OR ((AND ((NOT (X3)) (OR (X1 X2)))) (NOT (X1)) (AND (X1 X2)))))))
(CAPTURE_CANDIDATE (AND ((OR ((AND ((NOT (X3)) (OR (X1 X2)))) X2 (AND (X1 X2)))))))
(CAPTURE_CANDIDATE (AND ((OR ((AND ((NOT (X3)) (OR (X1 X2)))) (NOT (X2)) (AND (X1 X2)))))))
(CAPTURE_CANDIDATE (AND ((OR ((AND ((NOT (X3)) (OR (X1 X2)))) X3 (AND (X1 X2)))))))
(CAPTURE_CANDIDATE (AND ((OR ((AND ((NOT (X3)) (OR (X1 X2)))) (NOT (X3)) (AND (X1 X2)))))))
(Before getNewCandidates: 100)
(Going to merge 6 Instances)
(Metapop size before resize: 53)
(Metapop size after resize: 53)
""
(Generation 8)
"expand  deme returnn"
(SelectedTree: (AND (OR (AND (NOT X3) (OR X1 X2)) (AND (OR X1 (NOT X2)) (OR X2 (AND (NOT X1) X3))))))
(GeneratedList: (0 0 0 0 0 0 0 0 0 0 0 0 0 0 0 0 0 0 0 0 1 1 0 0 0 0 1 0 0 0 1 1 0 0 0 0 0 0 0 0 0 0 0 0 0 0 0 0 0 0 0 0 0 0 0 0 0 0 0 0 0 0 0 0 1 1 0 0 0 0 0 0 0 0 0 0 1 0 0 0 0 0 0 0 0 0 0 0 1 0 0 0 1 0 0 0 0 0 1 0 1 0 0 0 1 0 0 0 0 0 0 0 0 0 0 0 0 0 0 0 0 0 0 0 0 0 0 0 0 0 0 0 0 0 0 0 0 0 0 0 0 0 0 0 0 0 0 0 0 0 0))
""
(Iteration 1 running)
(Crossover: false)
(CenterInst: (0 0 0 0 0 0 0 0 0 0 0 0 0 0 0 0 0 0 0 0 1 1 0 0 0 0 1 0 0 0 1 1 0 0 0 0 0 0 0 0 0 0 0 0 0 0 0 0 0 0 0 0 0 0 0 0 0 0 0 0 0 0 0 0 1 1 0 0 0 0 0 0 0 0 0 0 1 0 0 0 0 0 0 0 0 0 0 0 1 0 0 0 1 0 0 0 0 0 1 0 1 0 0 0 1 0 0 0 0 0 0 0 0 0 0 0 0 0 0 0 0 0 0 0 0 0 0 0 0 0 0 0 0 0 0 0 0 0 0 0 0 0 0 0 0 0 0 0 0 0 0))
(size: 8)
(1 : 1 : 0)
(CAPTURE_CANDIDATE (AND ((OR ((AND ((NOT (X3)) (OR (X1 X2)))) (AND ((OR (X1 (NOT (X2)))) (OR (X2 (AND ((NOT (X1)) X3)))))))))))
(New best score: -3.2857142857142856)
""
(Iteration 2 running)
(Crossover: false)
(CenterInst: (0 0 0 0 0 0 0 0 0 0 0 0 0 0 0 0 0 0 0 0 1 1 0 0 0 0 1 0 0 0 1 1 0 0 0 0 0 0 0 0 0 0 0 0 0 0 0 0 0 0 0 0 0 0 0 0 0 0 0 0 0 0 0 0 1 1 0 0 0 0 0 0 0 0 0 0 1 0 0 0 0 0 0 0 0 0 0 0 1 0 0 0 1 0 0 0 0 0 1 0 1 0 0 0 1 0 0 0 0 0 0 0 0 0 0 0 0 0 0 0 0 0 0 0 0 0 0 0 0 0 0 0 0 0 0 0 0 0 0 0 0 0 0 0 0 0 0 0 0 0 0))
(size: 8)
(906 : 499 : 1)
(CAPTURE_CANDIDATE (AND ((OR ((AND ((NOT (X3)) (OR (X1 X2)))) (AND ((OR (X1 (NOT (X2)))) (OR (X2 (AND ((NOT (X1)) X3)))))))))))
(CAPTURE_CANDIDATE (AND ((OR (X1 (AND ((NOT (X3)) (OR (X1 X2)))) (AND ((OR (X1 (NOT (X2)))) (OR (X2 (AND ((NOT (X1)) X3)))))))))))
(CAPTURE_CANDIDATE (AND ((OR ((NOT (X1)) (AND ((NOT (X3)) (OR (X1 X2)))) (AND ((OR (X1 (NOT (X2)))) (OR (X2 (AND ((NOT (X1)) X3)))))))))))
(CAPTURE_CANDIDATE (AND ((OR (X2 (AND ((NOT (X3)) (OR (X1 X2)))) (AND ((OR (X1 (NOT (X2)))) (OR (X2 (AND ((NOT (X1)) X3)))))))))))
(CAPTURE_CANDIDATE (AND ((OR ((NOT (X2)) (AND ((NOT (X3)) (OR (X1 X2)))) (AND ((OR (X1 (NOT (X2)))) (OR (X2 (AND ((NOT (X1)) X3)))))))))))
(CAPTURE_CANDIDATE (AND ((OR (X3 (AND ((NOT (X3)) (OR (X1 X2)))) (AND ((OR (X1 (NOT (X2)))) (OR (X2 (AND ((NOT (X1)) X3)))))))))))
(CAPTURE_CANDIDATE (AND ((OR ((NOT (X3)) (AND ((NOT (X3)) (OR (X1 X2)))) (AND ((OR (X1 (NOT (X2)))) (OR (X2 (AND ((NOT (X1)) X3)))))))))))
(CAPTURE_CANDIDATE (AND ((OR ((AND (X1 X2)) (AND ((NOT (X3)) (OR (X1 X2)))) (AND ((OR (X1 (NOT (X2)))) (OR (X2 (AND ((NOT (X1)) X3)))))))))))
(CAPTURE_CANDIDATE (AND ((OR ((NOT (X1)) (NOT (X2)) (AND ((NOT (X3)) (OR (X1 X2)))) (AND ((OR (X1 (NOT (X2)))) (OR (X2 (AND ((NOT (X1)) X3)))))))))))
(CAPTURE_CANDIDATE (AND ((OR ((AND (X1 X3)) (AND ((NOT (X3)) (OR (X1 X2)))) (AND ((OR (X1 (NOT (X2)))) (OR (X2 (AND ((NOT (X1)) X3)))))))))))
(CAPTURE_CANDIDATE (AND ((OR ((NOT (X1)) (NOT (X3)) (AND ((NOT (X3)) (OR (X1 X2)))) (AND ((OR (X1 (NOT (X2)))) (OR (X2 (AND ((NOT (X1)) X3)))))))))))
(CAPTURE_CANDIDATE (AND ((OR ((AND ((NOT (X1)) X3)) (AND ((NOT (X3)) (OR (X1 X2)))) (AND ((OR (X1 (NOT (X2)))) (OR (X2 (AND ((NOT (X1)) X3)))))))))))
(CAPTURE_CANDIDATE (AND ((OR (X1 (NOT (X3)) (AND ((NOT (X3)) (OR (X1 X2)))) (AND ((OR (X1 (NOT (X2)))) (OR (X2 (AND ((NOT (X1)) X3)))))))))))
(CAPTURE_CANDIDATE (AND (X1 (OR ((NOT (X3)) X2)))))
(CAPTURE_CANDIDATE (AND ((NOT (X1)) (OR ((AND ((NOT (X3)) X2)) (AND ((NOT (X2)) X3)))))))
(CAPTURE_CANDIDATE (AND (X2 (OR ((NOT (X3)) X1)))))
(CAPTURE_CANDIDATE (AND ((NOT (X2)) (OR ((AND ((NOT (X3)) X1)) (AND ((NOT (X1)) X3)))))))
(CAPTURE_CANDIDATE (AND (X3 (OR (X1 (NOT (X2)))) (OR (X2 (NOT (X1)))))))
(CAPTURE_CANDIDATE (AND ((NOT (X3)) (OR ((AND (X2 X1)) X1 X2)))))
(CAPTURE_CANDIDATE (AND ((OR ((AND ((NOT (X3)) (OR (X1 X2)))) (AND ((OR (X1 (NOT (X2)))) (OR (X2 (AND ((NOT (X1)) X3)))))))) (OR (X1 X3)))))
(CAPTURE_CANDIDATE (AND ((NOT (X1)) (NOT (X3)) X2)))
(CAPTURE_CANDIDATE (AND ((OR ((AND ((NOT (X3)) (OR (X1 X2)))) (AND ((OR (X1 (NOT (X2)))) (OR (X2 (AND ((NOT (X1)) X3)))))))) (OR (X1 X2)))))
(CAPTURE_CANDIDATE (AND ((NOT (X1)) (NOT (X2)) (OR ((NOT (X3)) X3)))))
(CAPTURE_CANDIDATE (AND ((OR ((AND ((NOT (X3)) (OR (X1 X2)))) (AND ((OR (X1 (NOT (X2)))) (OR (X2 (AND ((NOT (X1)) X3)))))))) (OR ((NOT (X2)) X3)))))
(CAPTURE_CANDIDATE (AND (X2 (NOT (X3)))))
(CAPTURE_CANDIDATE (AND ((OR ((AND ((NOT (X3)) (OR (X1 X2)))) (AND ((OR (X1 (NOT (X2)))) (OR (X2 (AND ((NOT (X1)) X3)))))) X1)))))
(CAPTURE_CANDIDATE (AND ((OR ((AND ((NOT (X3)) (OR (X1 X2)))) (AND ((OR (X1 (NOT (X2)))) (OR (X2 (AND ((NOT (X1)) X3)))))) (NOT (X1)))))))
(CAPTURE_CANDIDATE (AND ((OR ((AND ((NOT (X3)) (OR (X1 X2)))) (AND ((OR (X1 (NOT (X2)))) (OR (X2 (AND ((NOT (X1)) X3)))))) X2)))))
(CAPTURE_CANDIDATE (AND ((OR ((AND ((NOT (X3)) (OR (X1 X2)))) (AND ((OR (X1 (NOT (X2)))) (OR (X2 (AND ((NOT (X1)) X3)))))) (NOT (X2)))))))
(CAPTURE_CANDIDATE (AND ((OR ((AND ((NOT (X3)) (OR (X1 X2)))) (AND ((OR (X1 (NOT (X2)))) (OR (X2 (AND ((NOT (X1)) X3)))))) X3)))))
(CAPTURE_CANDIDATE (AND ((OR ((AND ((NOT (X3)) (OR (X1 X2)))) (AND ((OR (X1 (NOT (X2)))) (OR (X2 (AND ((NOT (X1)) X3)))))) (NOT (X3)))))))
(CAPTURE_CANDIDATE (AND ((OR ((AND ((NOT (X3)) (OR (X1 X2)))) (AND ((OR (X1 (NOT (X2)))) (OR (X2 (AND ((NOT (X1)) X3)))))) (AND ((NOT (X1)) X2)))))))
(CAPTURE_CANDIDATE (AND ((OR ((AND ((NOT (X3)) (OR (X1 X2)))) (AND ((OR (X1 (NOT (X2)))) (OR (X2 (AND ((NOT (X1)) X3)))))) X1 (NOT (X2)))))))
(CAPTURE_CANDIDATE (AND ((OR ((AND ((NOT (X3)) (OR (X1 X2)))) (AND ((OR (X1 (NOT (X2)))) (OR (X2 (AND ((NOT (X1)) X3)))))) (AND (X1 X3)))))))
(CAPTURE_CANDIDATE (AND ((OR ((AND ((NOT (X3)) (OR (X1 X2)))) (AND ((OR (X1 (NOT (X2)))) (OR (X2 (AND ((NOT (X1)) X3)))))) (NOT (X1)) (NOT (X3)))))))
(CAPTURE_CANDIDATE (AND ((OR ((AND ((NOT (X3)) (OR (X1 X2)))) (AND ((OR (X1 (NOT (X2)))) (OR (X2 (AND ((NOT (X1)) X3)))))) (AND ((NOT (X2)) X3)))))))
(CAPTURE_CANDIDATE (AND ((OR ((AND ((NOT (X3)) (OR (X1 X2)))) (AND ((OR (X1 (NOT (X2)))) (OR (X2 (AND ((NOT (X1)) X3)))))) X2 (NOT (X3)))))))
(CAPTURE_CANDIDATE (AND ((OR ((AND (X1 (NOT (X3)))) (AND ((OR (X1 (NOT (X2)))) (OR (X2 (AND ((NOT (X1)) X3)))))))))))
(CAPTURE_CANDIDATE (AND ((OR ((AND ((NOT (X1)) (NOT (X3)) X2)) (AND ((OR (X1 (NOT (X2)))) (OR (X2 (AND ((NOT (X1)) X3)))))))))))
(CAPTURE_CANDIDATE (AND ((OR ((AND (X2 (NOT (X3)))) (AND ((OR (X1 (NOT (X2)))) (OR (X2 (AND ((NOT (X1)) X3)))))))))))
(CAPTURE_CANDIDATE (AND ((OR ((AND ((NOT (X2)) (NOT (X3)) X1)) (AND ((OR (X1 (NOT (X2)))) (OR (X2 (AND ((NOT (X1)) X3)))))))))))
(CAPTURE_CANDIDATE (AND ((OR ((AND ((OR (X1 (NOT (X2)))) (OR (X2 (AND ((NOT (X1)) X3)))))) X1 X2)))))
(CAPTURE_CANDIDATE (AND ((OR ((AND (X3 (OR (X1 X2)))) (AND ((OR (X1 (NOT (X2)))) (OR (X2 (AND ((NOT (X1)) X3)))))))))))
(CAPTURE_CANDIDATE (AND ((OR ((NOT (X3)) (AND ((OR (X1 (NOT (X2)))) (OR (X2 (AND ((NOT (X1)) X3)))))))))))
(CAPTURE_CANDIDATE (AND ((OR ((AND ((NOT (X3)) (NOT (X1)) (NOT (X2)))) (AND ((OR (X1 (NOT (X2)))) (OR (X2 (AND ((NOT (X1)) X3)))))))))))
(CAPTURE_CANDIDATE (AND ((OR ((AND ((NOT (X3)) X1)) (AND ((OR (X1 (NOT (X2)))) (OR (X2 (AND ((NOT (X1)) X3)))))))))))
(CAPTURE_CANDIDATE (AND ((OR ((AND ((NOT (X1)) (NOT (X3)) X2)) (AND ((OR (X1 (NOT (X2)))) (OR (X2 (AND ((NOT (X1)) X3)))))))))))
(CAPTURE_CANDIDATE (AND ((OR ((AND ((NOT (X3)) (NOT (X1)) X2)) (AND ((OR (X1 (NOT (X2)))) (OR (X2 (AND ((NOT (X1)) X3)))))))))))
(CAPTURE_CANDIDATE (AND ((OR ((AND (X1 (NOT (X3)))) (AND ((OR (X1 (NOT (X2)))) (OR (X2 (AND ((NOT (X1)) X3)))))))))))
(CAPTURE_CANDIDATE (AND ((OR ((AND ((OR (X1 (NOT (X3)))) (OR (X1 X2)))) (AND ((OR (X1 (NOT (X2)))) (OR (X2 (AND ((NOT (X1)) X3)))))))))))
(CAPTURE_CANDIDATE (AND ((OR ((AND ((OR ((NOT (X1)) (NOT (X3)))) (OR (X1 X2)))) (AND ((OR (X1 (NOT (X2)))) (OR (X2 (AND ((NOT (X1)) X3)))))))))))
(CAPTURE_CANDIDATE (AND ((OR ((AND ((OR (X2 (NOT (X3)))) (OR (X1 X2)))) (AND ((OR (X1 (NOT (X2)))) (OR (X2 (AND ((NOT (X1)) X3)))))))))))
(CAPTURE_CANDIDATE (AND ((OR ((AND ((OR ((NOT (X2)) (NOT (X3)))) (OR (X1 X2)))) (AND ((OR (X1 (NOT (X2)))) (OR (X2 (AND ((NOT (X1)) X3)))))))))))
(CAPTURE_CANDIDATE (AND ((OR ((AND ((OR (X1 (NOT (X2)))) (OR (X2 (AND ((NOT (X1)) X3)))))) X1 X2)))))
(CAPTURE_CANDIDATE (AND ((OR ((AND (X3 (OR (X1 X2)))) (AND ((OR (X1 (NOT (X2)))) (OR (X2 (AND ((NOT (X1)) X3)))))))))))
(CAPTURE_CANDIDATE (AND ((OR ((AND ((OR ((NOT (X3)) (AND (X1 X2)))) (OR (X1 X2)))) (AND ((OR (X1 (NOT (X2)))) (OR (X2 (AND ((NOT (X1)) X3)))))))))))
(CAPTURE_CANDIDATE (AND ((OR ((AND ((OR ((NOT (X3)) (NOT (X1)) (NOT (X2)))) (OR (X1 X2)))) (AND ((OR (X1 (NOT (X2)))) (OR (X2 (AND ((NOT (X1)) X3)))))))))))
(CAPTURE_CANDIDATE (AND ((OR ((AND ((OR ((NOT (X3)) (AND ((NOT (X1)) X3)))) (OR (X1 X2)))) (AND ((OR (X1 (NOT (X2)))) (OR (X2 (AND ((NOT (X1)) X3)))))))))))
(CAPTURE_CANDIDATE (AND ((OR ((AND ((OR ((NOT (X3)) X1 (NOT (X3)))) (OR (X1 X2)))) (AND ((OR (X1 (NOT (X2)))) (OR (X2 (AND ((NOT (X1)) X3)))))))))))
(CAPTURE_CANDIDATE (AND ((OR ((AND ((OR ((NOT (X3)) (AND ((NOT (X1)) X2)))) (OR (X1 X2)))) (AND ((OR (X1 (NOT (X2)))) (OR (X2 (AND ((NOT (X1)) X3)))))))))))
(CAPTURE_CANDIDATE (AND ((OR ((AND ((OR ((NOT (X3)) X1 (NOT (X2)))) (OR (X1 X2)))) (AND ((OR (X1 (NOT (X2)))) (OR (X2 (AND ((NOT (X1)) X3)))))))))))
(CAPTURE_CANDIDATE (AND ((OR ((AND ((NOT (X3)) X2)) (AND ((OR (X1 (NOT (X2)))) (OR (X2 (AND ((NOT (X1)) X3)))))))))))
(CAPTURE_CANDIDATE (AND ((OR ((AND ((NOT (X3)) (OR ((NOT (X1)) X2)))) (AND ((OR (X1 (NOT (X2)))) (OR (X2 (AND ((NOT (X1)) X3)))))))))))
(CAPTURE_CANDIDATE (AND ((OR ((AND ((NOT (X3)) X1)) (AND ((OR (X1 (NOT (X2)))) (OR (X2 (AND ((NOT (X1)) X3)))))))))))
(CAPTURE_CANDIDATE (AND ((OR ((AND ((NOT (X3)) (OR (X1 (NOT (X2)))))) (AND ((OR (X1 (NOT (X2)))) (OR (X2 (AND ((NOT (X1)) X3)))))))))))
(CAPTURE_CANDIDATE (AND ((OR ((AND ((NOT (X3)) (OR (X1 X2)))) (AND ((OR (X1 (NOT (X2)))) (OR (X2 (AND ((NOT (X1)) X3)))))))))))
(CAPTURE_CANDIDATE (AND ((OR ((NOT (X3)) (AND ((OR (X1 (NOT (X2)))) (OR (X2 (AND ((NOT (X1)) X3)))))))))))
(CAPTURE_CANDIDATE (AND ((OR ((AND ((NOT (X3)) (OR (X1 X2)))) (AND ((OR (X1 (NOT (X2)))) (OR (X2 (AND ((NOT (X1)) X3)))))))))))
(CAPTURE_CANDIDATE (AND ((OR ((NOT (X3)) (AND ((OR (X1 (NOT (X2)))) (OR (X2 (AND ((NOT (X1)) X3)))))))))))
(CAPTURE_CANDIDATE (AND ((OR ((AND ((NOT (X3)) (OR (X1 X2)))) (AND ((OR (X1 (NOT (X2)))) (OR (X2 (AND ((NOT (X1)) X3)))))))))))
(CAPTURE_CANDIDATE (AND ((OR ((NOT (X3)) (AND ((OR (X1 (NOT (X2)))) (OR (X2 (AND ((NOT (X1)) X3)))))))))))
(CAPTURE_CANDIDATE (AND ((OR ((AND ((NOT (X3)) (OR (X1 X2 (AND (X1 X2)))))) (AND ((OR (X1 (NOT (X2)))) (OR (X2 (AND ((NOT (X1)) X3)))))))))))
(CAPTURE_CANDIDATE (AND ((OR ((AND ((NOT (X3)) (OR (X1 X2 (NOT (X1)) (NOT (X2)))))) (AND ((OR (X1 (NOT (X2)))) (OR (X2 (AND ((NOT (X1)) X3)))))))))))
(CAPTURE_CANDIDATE (AND ((OR ((AND ((NOT (X3)) X2 X1)) (AND ((OR (X1 (NOT (X2)))) (OR (X2 (AND ((NOT (X1)) X3)))))))))))
(CAPTURE_CANDIDATE (AND ((OR ((AND ((NOT (X3)) (OR ((AND (X1 (NOT (X2)))) X2)))) (AND ((OR (X1 (NOT (X2)))) (OR (X2 (AND ((NOT (X1)) X3)))))))))))
(CAPTURE_CANDIDATE (AND ((OR ((AND ((NOT (X3)) X2)) (AND ((OR (X1 (NOT (X2)))) (OR (X2 (AND ((NOT (X1)) X3)))))))))))
(CAPTURE_CANDIDATE (AND ((OR ((AND ((NOT (X3)) (OR (X1 X2)))) (AND ((OR (X1 (NOT (X2)))) (OR (X2 (AND ((NOT (X1)) X3)))))))))))
(CAPTURE_CANDIDATE (AND ((OR ((AND ((NOT (X3)) (OR ((AND (X1 (NOT (X2)))) X2)))) (AND ((OR (X1 (NOT (X2)))) (OR (X2 (AND ((NOT (X1)) X3)))))))))))
(CAPTURE_CANDIDATE (AND ((OR ((AND ((NOT (X3)) X2 X1 (NOT (X3)))) (AND ((OR (X1 (NOT (X2)))) (OR (X2 (AND ((NOT (X1)) X3)))))))))))
(CAPTURE_CANDIDATE (AND ((OR ((AND ((NOT (X3)) X2 X1)) (AND ((OR (X1 (NOT (X2)))) (OR (X2 (AND ((NOT (X1)) X3)))))))))))
(CAPTURE_CANDIDATE (AND ((OR ((AND ((NOT (X3)) (OR ((AND (X1 X1 (NOT (X2)))) X2)))) (AND ((OR (X1 (NOT (X2)))) (OR (X2 (AND ((NOT (X1)) X3)))))))))))
(CAPTURE_CANDIDATE (AND ((OR ((AND ((NOT (X3)) X2 X1)) (AND ((OR (X1 (NOT (X2)))) (OR (X2 (AND ((NOT (X1)) X3)))))))))))
(CAPTURE_CANDIDATE (AND ((OR ((AND ((NOT (X3)) (OR ((AND (X1 (NOT (X2)))) X2)))) (AND ((OR (X1 (NOT (X2)))) (OR (X2 (AND ((NOT (X1)) X3)))))))))))
(CAPTURE_CANDIDATE (AND ((OR ((AND ((NOT (X3)) X1 X2)) (AND ((OR (X1 (NOT (X2)))) (OR (X2 (AND ((NOT (X1)) X3)))))))))))
(CAPTURE_CANDIDATE (AND ((OR ((AND ((NOT (X3)) (OR (X1 (AND (X2 (NOT (X1)))))))) (AND ((OR (X1 (NOT (X2)))) (OR (X2 (AND ((NOT (X1)) X3)))))))))))
(CAPTURE_CANDIDATE (AND ((OR ((AND ((NOT (X3)) X1)) (AND ((OR (X1 (NOT (X2)))) (OR (X2 (AND ((NOT (X1)) X3)))))))))))
(CAPTURE_CANDIDATE (AND ((OR ((AND ((NOT (X3)) (OR (X1 X2)))) (AND ((OR (X1 (NOT (X2)))) (OR (X2 (AND ((NOT (X1)) X3)))))))))))
(CAPTURE_CANDIDATE (AND ((OR ((AND ((NOT (X3)) (OR (X1 (AND (X2 (NOT (X1)))))))) (AND ((OR (X1 (NOT (X2)))) (OR (X2 (AND ((NOT (X1)) X3)))))))))))
(CAPTURE_CANDIDATE (AND ((OR ((AND ((NOT (X3)) X1 X2 (NOT (X3)))) (AND ((OR (X1 (NOT (X2)))) (OR (X2 (AND ((NOT (X1)) X3)))))))))))
(CAPTURE_CANDIDATE (AND ((OR ((AND ((NOT (X3)) (OR (X1 X2)))) (AND ((OR (X1 (NOT (X2)))) (OR (X2 (AND ((NOT (X1)) X3)))))))))))
(CAPTURE_CANDIDATE (AND ((OR (X1 (NOT (X2)))) (OR (X2 (AND ((NOT (X1)) X3)))))))
(CAPTURE_CANDIDATE (AND ((OR ((AND ((NOT (X3)) (OR (X1 X2)))) (AND ((OR (X1 (NOT (X2)))) (OR (X2 (AND ((NOT (X1)) X3)))))))))))
(CAPTURE_CANDIDATE (AND ((OR ((AND ((NOT (X3)) X1)) (AND ((OR (X1 (NOT (X2)))) (OR (X2 (AND ((NOT (X1)) X3)))))))))))
(CAPTURE_CANDIDATE (AND ((OR ((AND ((NOT (X3)) (OR (X1 X2 X1)))) (AND ((OR (X1 (NOT (X2)))) (OR (X2 (AND ((NOT (X1)) X3)))))))))))
(CAPTURE_CANDIDATE (AND ((OR ((AND ((NOT (X3)) (OR (X1 X2 (NOT (X1)))))) (AND ((OR (X1 (NOT (X2)))) (OR (X2 (AND ((NOT (X1)) X3)))))))))))
(CAPTURE_CANDIDATE (AND ((OR ((AND ((NOT (X3)) (OR (X1 X2 X2)))) (AND ((OR (X1 (NOT (X2)))) (OR (X2 (AND ((NOT (X1)) X3)))))))))))
(CAPTURE_CANDIDATE (AND ((OR ((AND ((NOT (X3)) (OR (X1 X2 (NOT (X2)))))) (AND ((OR (X1 (NOT (X2)))) (OR (X2 (AND ((NOT (X1)) X3)))))))))))
(CAPTURE_CANDIDATE (AND ((OR ((AND ((NOT (X3)) (OR (X1 X2)))) (AND ((OR (X1 (NOT (X2)))) (OR (X2 (AND ((NOT (X1)) X3)))))))))))
(CAPTURE_CANDIDATE (AND ((OR ((NOT (X3)) (AND ((OR (X1 (NOT (X2)))) (OR (X2 (AND ((NOT (X1)) X3)))))))))))
(CAPTURE_CANDIDATE (AND ((OR ((AND ((NOT (X3)) (OR (X1 X2 X1)))) (AND ((OR (X1 (NOT (X2)))) (OR (X2 (AND ((NOT (X1)) X3)))))))))))
(CAPTURE_CANDIDATE (AND ((OR ((AND ((NOT (X3)) (OR (X1 X2 (NOT (X1)))))) (AND ((OR (X1 (NOT (X2)))) (OR (X2 (AND ((NOT (X1)) X3)))))))))))
(CAPTURE_CANDIDATE (AND ((OR ((AND ((NOT (X3)) (OR (X1 X2 X2)))) (AND ((OR (X1 (NOT (X2)))) (OR (X2 (AND ((NOT (X1)) X3)))))))))))
(CAPTURE_CANDIDATE (AND ((OR ((AND ((NOT (X3)) (OR (X1 X2 (NOT (X2)))))) (AND ((OR (X1 (NOT (X2)))) (OR (X2 (AND ((NOT (X1)) X3)))))))))))
(CAPTURE_CANDIDATE (AND ((OR ((AND ((NOT (X3)) (OR (X1 X2 (NOT (X2)))))) (AND ((OR (X1 (NOT (X2)))) (OR (X2 (AND ((NOT (X1)) X3)))))))))))
(CAPTURE_CANDIDATE (AND ((OR ((AND ((NOT (X3)) (OR (X1 X2 X2)))) (AND ((OR (X1 (NOT (X2)))) (OR (X2 (AND ((NOT (X1)) X3)))))))))))
(CAPTURE_CANDIDATE (AND ((OR ((AND ((NOT (X3)) X1)) (AND ((OR (X1 (NOT (X2)))) (OR (X2 (AND ((NOT (X1)) X3)))))))))))
(CAPTURE_CANDIDATE (AND ((OR ((AND ((NOT (X3)) (NOT (X1)) X2)) (AND ((OR (X1 (NOT (X2)))) (OR (X2 (AND ((NOT (X1)) X3)))))))))))
(CAPTURE_CANDIDATE (AND ((OR ((AND ((NOT (X3)) X2)) (AND ((OR (X1 (NOT (X2)))) (OR (X2 (AND ((NOT (X1)) X3)))))))))))
(CAPTURE_CANDIDATE (AND ((OR ((AND ((NOT (X3)) (NOT (X2)) X1)) (AND ((OR (X1 (NOT (X2)))) (OR (X2 (AND ((NOT (X1)) X3)))))))))))
(CAPTURE_CANDIDATE (AND ((OR (X1 (NOT (X2)))) (OR (X2 (AND ((NOT (X1)) X3)))))))
(CAPTURE_CANDIDATE (AND ((OR ((AND ((NOT (X3)) (OR (X1 X2)))) (AND ((OR (X1 (NOT (X2)))) (OR (X2 (AND ((NOT (X1)) X3)))))))))))
(CAPTURE_CANDIDATE (AND ((OR (X1 (NOT (X2)))) (OR (X2 (AND ((NOT (X1)) X3)))))))
(CAPTURE_CANDIDATE (AND ((OR ((AND ((NOT (X3)) (OR (X1 X2)))) (AND ((OR (X1 (NOT (X2)))) (OR (X2 (AND ((NOT (X1)) X3)))))))))))
(CAPTURE_CANDIDATE (AND ((OR (X1 (NOT (X2)))) (OR (X2 (AND ((NOT (X1)) X3)))))))
(CAPTURE_CANDIDATE (AND ((OR ((AND ((NOT (X3)) (OR (X1 X2)))) (AND ((OR (X1 (NOT (X2)))) (OR (X2 (AND ((NOT (X1)) X3)))))))))))
(CAPTURE_CANDIDATE (AND ((OR ((AND ((NOT (X3)) X1 X2)) (AND ((OR (X1 (NOT (X2)))) (OR (X2 (AND ((NOT (X1)) X3)))))))))))
(CAPTURE_CANDIDATE (AND ((OR ((AND ((NOT (X3)) (OR (X1 X2)) (OR ((NOT (X1)) (NOT (X2)))))) (AND ((OR (X1 (NOT (X2)))) (OR (X2 (AND ((NOT (X1)) X3)))))))))))
(CAPTURE_CANDIDATE (AND ((OR ((AND ((NOT (X3)) (OR (X1 X2)))) (AND (X1 (OR (X2 X3)))))))))
(CAPTURE_CANDIDATE (AND ((OR ((AND ((NOT (X3)) (OR (X1 X2)))) (AND ((NOT (X1)) (NOT (X2)) X3)))))))
(CAPTURE_CANDIDATE (AND ((OR ((AND ((NOT (X3)) (OR (X1 X2)))) (AND (X2 X1)))))))
(CAPTURE_CANDIDATE (AND ((OR ((AND ((NOT (X3)) (OR (X1 X2)))) (AND ((NOT (X2)) (NOT (X1)) X3)))))))
(CAPTURE_CANDIDATE (AND ((OR ((AND ((NOT (X3)) (OR (X1 X2)))) (AND (X3 (OR (X1 (NOT (X2)))) (OR (X2 (NOT (X1)))))))))))
(CAPTURE_CANDIDATE (AND ((NOT (X3)) (OR ((AND (X2 X1)) X1 X2)))))
(CAPTURE_CANDIDATE (AND ((OR ((AND ((NOT (X3)) (OR (X1 X2)))) (AND ((OR (X1 (NOT (X2)))) (OR (X2 (AND ((NOT (X1)) X3)))) (OR (X1 X3)))))))))
(CAPTURE_CANDIDATE (AND ((NOT (X3)) (OR (X1 X2)))))
(CAPTURE_CANDIDATE (AND ((OR ((AND ((NOT (X3)) (OR (X1 X2)))) (AND ((OR (X1 (NOT (X2)))) (OR (X2 (AND ((NOT (X1)) X3)))) (OR ((NOT (X1)) X3)))))))))
(CAPTURE_CANDIDATE (AND ((NOT (X3)) (OR ((AND (X1 X2)) X1 X2)))))
(CAPTURE_CANDIDATE (AND ((OR ((AND ((NOT (X3)) (OR (X1 X2)))) (AND ((OR (X1 (NOT (X2)))) (OR (X2 (AND ((NOT (X1)) X3)))) (OR (X2 X3)))))))))
(CAPTURE_CANDIDATE (AND ((NOT (X3)) (OR ((NOT (X2)) X1 X2)))))
(CAPTURE_CANDIDATE (AND ((OR ((AND ((NOT (X3)) (OR (X1 X2)))) (AND ((NOT (X2)) (NOT (X1)) X3)))))))
(CAPTURE_CANDIDATE (AND ((OR ((AND ((NOT (X3)) (OR (X1 X2)))) (AND ((OR ((NOT (X1)) (NOT (X2)))) (OR (X2 (AND ((NOT (X1)) X3)))))))))))
(CAPTURE_CANDIDATE (AND ((OR ((AND ((NOT (X3)) (OR (X1 X2)))) (AND (X1 X2)))))))
(CAPTURE_CANDIDATE (AND ((OR ((AND ((NOT (X3)) (OR (X1 X2)))) (AND ((OR (X1 X2)) (OR (X2 (AND ((NOT (X1)) X3)))))))))))
(CAPTURE_CANDIDATE (AND ((OR ((AND ((NOT (X3)) (OR (X1 X2)))) (AND ((OR (X1 (NOT (X2)) X3)) (OR (X2 (AND ((NOT (X1)) X3)))))))))))
(CAPTURE_CANDIDATE (AND ((OR ((AND ((NOT (X3)) (OR (X1 X2)))) (AND ((OR (X1 (NOT (X2)) (NOT (X3)))) (OR (X2 (AND ((NOT (X1)) X3)))))))))))
(CAPTURE_CANDIDATE (AND ((OR ((AND ((NOT (X3)) (OR (X1 X2)))) (AND ((OR (X1 (NOT (X2)) (AND (X1 X3)))) (OR (X2 (AND ((NOT (X1)) X3)))))))))))
(CAPTURE_CANDIDATE (AND ((OR ((AND ((NOT (X3)) (OR (X1 X2)))) (AND ((OR (X1 (NOT (X2)) (NOT (X1)) (NOT (X3)))) (OR (X2 (AND ((NOT (X1)) X3)))))))))))
(CAPTURE_CANDIDATE (AND ((OR ((AND ((NOT (X3)) (OR (X1 X2)))) (AND ((OR (X1 (NOT (X2)) (AND ((NOT (X2)) X3)))) (OR (X2 (AND ((NOT (X1)) X3)))))))))))
(CAPTURE_CANDIDATE (AND ((OR ((AND ((NOT (X3)) (OR (X1 X2)))) (AND ((OR (X1 (NOT (X2)) X2 (NOT (X3)))) (OR (X2 (AND ((NOT (X1)) X3)))))))))))
(CAPTURE_CANDIDATE (AND ((OR ((AND ((NOT (X3)) (OR (X1 X2)))) (AND ((OR (X1 (NOT (X2)) (AND (X1 X2)))) (OR (X2 (AND ((NOT (X1)) X3)))))))))))
(CAPTURE_CANDIDATE (AND ((OR ((AND ((NOT (X3)) (OR (X1 X2)))) (AND ((OR (X1 (NOT (X2)) (NOT (X1)) (NOT (X2)))) (OR (X2 (AND ((NOT (X1)) X3)))))))))))
(CAPTURE_CANDIDATE (AND ((OR ((AND ((NOT (X3)) (OR (X1 X2)))) (AND ((OR ((AND (X1 X2)) (NOT (X2)))) (OR (X2 (AND ((NOT (X1)) X3)))))))))))
(CAPTURE_CANDIDATE (AND ((OR ((AND ((NOT (X3)) (OR (X1 X2)))) (AND ((NOT (X2)) X1)))))))
(CAPTURE_CANDIDATE (AND ((OR ((AND ((NOT (X3)) (OR (X1 X2)))) (AND ((OR ((AND (X1 X3)) (NOT (X2)))) (OR (X2 (AND ((NOT (X1)) X3)))))))))))
(CAPTURE_CANDIDATE (AND ((OR ((AND ((NOT (X3)) (OR (X1 X2)))) (AND ((OR ((AND (X1 (NOT (X3)))) (NOT (X2)))) (OR (X2 (AND ((NOT (X1)) X3)))))))))))
(CAPTURE_CANDIDATE (AND ((OR ((AND ((NOT (X3)) (OR (X1 X2)))) (AND ((OR ((AND (X1 (OR ((NOT (X2)) X3)))) (NOT (X2)))) (OR (X2 (AND ((NOT (X1)) X3)))))))))))
(CAPTURE_CANDIDATE (AND ((OR ((AND ((NOT (X3)) (OR (X1 X2)))) (AND ((OR ((AND (X1 X2 (NOT (X3)))) (NOT (X2)))) (OR (X2 (AND ((NOT (X1)) X3)))))))))))
(CAPTURE_CANDIDATE (AND ((OR ((AND ((NOT (X3)) (OR (X1 X2)))) (AND ((OR ((AND (X1 (OR (X2 X3)))) (NOT (X2)))) (OR (X2 (AND ((NOT (X1)) X3)))))))))))
(CAPTURE_CANDIDATE (AND ((NOT (X3)) (OR ((AND ((NOT (X2)) X1)) X1 X2)))))
(CAPTURE_CANDIDATE (AND ((OR ((AND ((NOT (X3)) (OR (X1 X2)))) (AND ((OR (X1 (NOT (X2)))) (OR (X2 (AND ((NOT (X1)) X3)))))))))))
(CAPTURE_CANDIDATE (AND ((NOT (X3)) (OR (X1 X2)))))
(CAPTURE_CANDIDATE (AND ((OR ((AND ((NOT (X3)) (OR (X1 X2)))) (AND (X1 (NOT (X2)))))))))
(CAPTURE_CANDIDATE (AND ((OR ((AND ((NOT (X3)) (OR (X1 X2)))) (AND ((OR (X1 (AND ((NOT (X1)) (NOT (X2)))))) (OR (X2 (AND ((NOT (X1)) X3)))))))))))
(CAPTURE_CANDIDATE (AND ((OR ((AND ((NOT (X3)) (OR (X1 X2)))) (AND (X1 X2)))))))
(CAPTURE_CANDIDATE (AND ((OR ((AND ((NOT (X3)) (OR (X1 X2)))) (AND ((OR (X1 X2)) (OR (X2 (AND ((NOT (X1)) X3)))))))))))
(CAPTURE_CANDIDATE (AND ((OR ((AND ((NOT (X3)) (OR (X1 X2)))) (AND ((OR (X1 (AND ((NOT (X2)) X3)))) (OR (X2 (AND ((NOT (X1)) X3)))))))))))
(CAPTURE_CANDIDATE (AND ((OR ((AND ((NOT (X3)) (OR (X1 X2)))) (AND ((OR (X1 (AND ((NOT (X2)) (NOT (X3)))))) (OR (X2 (AND ((NOT (X1)) X3)))))))))))
(CAPTURE_CANDIDATE (AND ((OR ((AND ((NOT (X3)) (OR (X1 X2)))) (AND ((OR (X1 (AND ((NOT (X2)) (NOT (X1)))))) (OR (X2 (AND ((NOT (X1)) X3)))))))))))
(CAPTURE_CANDIDATE (AND ((OR ((AND ((NOT (X3)) (OR (X1 X2)))) (AND (X1 (NOT (X2)) (NOT (X2)))))))))
(CAPTURE_CANDIDATE (AND ((OR ((AND ((NOT (X3)) (OR (X1 X2)))) (AND (X1 (NOT (X2)))))))))
(CAPTURE_CANDIDATE (AND ((OR ((AND ((NOT (X3)) (OR (X1 X2)))) (AND ((OR (X1 (AND ((NOT (X2)) (NOT (X1)) (NOT (X2)))))) (OR (X2 (AND ((NOT (X1)) X3)))))))))))
(CAPTURE_CANDIDATE (AND ((OR ((AND ((NOT (X3)) (OR (X1 X2)))) (AND ((OR (X1 (AND ((NOT (X2)) (OR (X1 X3)))))) (OR (X2 (AND ((NOT (X1)) X3)))))))))))
(CAPTURE_CANDIDATE (AND ((OR ((AND ((NOT (X3)) (OR (X1 X2)))) (AND ((OR (X1 (AND ((NOT (X2)) (NOT (X1)) (NOT (X3)))))) (OR (X2 (AND ((NOT (X1)) X3)))))))))))
(CAPTURE_CANDIDATE (AND ((OR ((AND ((NOT (X3)) (OR (X1 X2)))) (AND ((OR (X1 (NOT (X2)) X1)) (OR (X2 (AND ((NOT (X1)) X3)))))))))))
(CAPTURE_CANDIDATE (AND ((OR ((AND ((NOT (X3)) (OR (X1 X2)))) (AND ((OR (X1 (NOT (X2)) (NOT (X1)))) (OR (X2 (AND ((NOT (X1)) X3)))))))))))
(CAPTURE_CANDIDATE (AND ((OR ((AND ((NOT (X3)) (OR (X1 X2)))) (AND ((OR (X1 (NOT (X2)) X2)) (OR (X2 (AND ((NOT (X1)) X3)))))))))))
(CAPTURE_CANDIDATE (AND ((OR ((AND ((NOT (X3)) (OR (X1 X2)))) (AND ((OR (X1 (NOT (X2)) (NOT (X2)))) (OR (X2 (AND ((NOT (X1)) X3)))))))))))
(CAPTURE_CANDIDATE (AND ((OR ((AND ((NOT (X3)) (OR (X1 X2)))) (AND ((OR (X1 (NOT (X2)) X3)) (OR (X2 (AND ((NOT (X1)) X3)))))))))))
(CAPTURE_CANDIDATE (AND ((OR ((AND ((NOT (X3)) (OR (X1 X2)))) (AND ((OR (X1 (NOT (X2)) (NOT (X3)))) (OR (X2 (AND ((NOT (X1)) X3)))))))))))
(CAPTURE_CANDIDATE (AND ((OR ((AND ((NOT (X3)) (OR (X1 X2)))) (AND ((OR (X1 (NOT (X2)) (NOT (X1)) X2)) (OR (X2 (AND ((NOT (X1)) X3)))))))))))
(CAPTURE_CANDIDATE (AND ((OR ((AND ((NOT (X3)) (OR (X1 X2)))) (AND ((OR (X1 (NOT (X2)) (AND (X1 (NOT (X2)))))) (OR (X2 (AND ((NOT (X1)) X3)))))))))))
(CAPTURE_CANDIDATE (AND ((OR ((AND ((NOT (X3)) (OR (X1 X2)))) (AND ((OR (X1 (NOT (X2)) (NOT (X2)) X3)) (OR (X2 (AND ((NOT (X1)) X3)))))))))))
(CAPTURE_CANDIDATE (AND ((OR ((AND ((NOT (X3)) (OR (X1 X2)))) (AND ((OR (X1 (NOT (X2)) (AND (X2 (NOT (X3)))))) (OR (X2 (AND ((NOT (X1)) X3)))))))))))
(CAPTURE_CANDIDATE (AND ((OR ((AND ((NOT (X3)) (OR (X1 X2)))) (AND ((OR (X1 (NOT (X2)) X1 X3)) (OR (X2 (AND ((NOT (X1)) X3)))))))))))
(CAPTURE_CANDIDATE (AND ((OR ((AND ((NOT (X3)) (OR (X1 X2)))) (AND ((OR (X1 (NOT (X2)) (AND ((NOT (X1)) (NOT (X3)))))) (OR (X2 (AND ((NOT (X1)) X3)))))))))))
(CAPTURE_CANDIDATE (AND ((OR ((AND ((NOT (X3)) (OR (X1 X2)))) (AND ((OR (X1 (NOT (X2)))) (OR (X1 X2 (AND ((NOT (X1)) X3)))))))))))
(CAPTURE_CANDIDATE (AND ((OR ((AND ((NOT (X3)) (OR (X1 X2)))) (AND ((OR (X1 (NOT (X2)))) (OR ((NOT (X1)) X2 (AND ((NOT (X1)) X3)))))))))))
(CAPTURE_CANDIDATE (AND ((OR ((AND ((NOT (X3)) (OR (X1 X2)))) (AND ((NOT (X1)) X3 (NOT (X2)))))))))
(CAPTURE_CANDIDATE (AND ((OR ((AND ((NOT (X3)) (OR (X1 X2)))) (AND ((OR (X1 (NOT (X2)))) (OR ((NOT (X2)) (AND ((NOT (X1)) X3)))))))))))
(CAPTURE_CANDIDATE (AND ((OR ((AND ((NOT (X3)) (OR (X1 X2)))) (AND ((OR (X1 (NOT (X2)))) (OR (X2 X3 (AND ((NOT (X1)) X3)))))))))))
(CAPTURE_CANDIDATE (AND ((OR ((AND ((NOT (X3)) (OR (X1 X2)))) (AND ((OR (X1 (NOT (X2)))) (OR (X2 (NOT (X3)) (AND ((NOT (X1)) X3)))))))))))
(CAPTURE_CANDIDATE (AND ((OR ((AND ((NOT (X3)) (OR (X1 X2)))) (AND ((OR (X1 (NOT (X2)))) (OR (X2 (AND (X2 X3)) (AND ((NOT (X1)) X3)))))))))))
(CAPTURE_CANDIDATE (AND ((OR ((AND ((NOT (X3)) (OR (X1 X2)))) (AND ((OR (X1 (NOT (X2)))) (OR (X2 (NOT (X2)) (NOT (X3)) (AND ((NOT (X1)) X3)))))))))))
(CAPTURE_CANDIDATE (AND ((OR ((AND ((NOT (X3)) (OR (X1 X2)))) (AND ((OR (X1 (NOT (X2)))) (OR (X2 (AND (X1 X2)) (AND ((NOT (X1)) X3)))))))))))
(CAPTURE_CANDIDATE (AND ((OR ((AND ((NOT (X3)) (OR (X1 X2)))) (AND ((OR (X1 (NOT (X2)))) (OR (X2 (NOT (X1)) (NOT (X2)) (AND ((NOT (X1)) X3)))))))))))
(CAPTURE_CANDIDATE (AND ((OR ((AND ((NOT (X3)) (OR (X1 X2)))) (AND (X2 X1)))))))
(CAPTURE_CANDIDATE (AND ((OR ((AND ((NOT (X3)) (OR (X1 X2)))) (AND ((OR (X1 (NOT (X2)))) (OR (X2 X1 (NOT (X3)))))))))))
(CAPTURE_CANDIDATE (AND ((OR ((AND ((NOT (X3)) (OR (X1 X2)))) (AND ((OR (X1 (NOT (X2)))) (OR ((AND (X2 X1)) (AND ((NOT (X1)) X3)))))))))))
(CAPTURE_CANDIDATE (AND ((OR ((AND ((NOT (X3)) (OR (X1 X2)))) (AND ((NOT (X1)) (NOT (X2)) X3)))))))
(CAPTURE_CANDIDATE (AND ((OR ((AND ((NOT (X3)) (OR (X1 X2)))) (AND (X3 (OR (X1 (NOT (X2)))) (OR (X2 (NOT (X1)))))))))))
(CAPTURE_CANDIDATE (AND ((OR ((AND ((NOT (X3)) (OR (X1 X2)))) (AND ((OR (X1 (NOT (X2)))) (OR ((AND (X2 (NOT (X3)))) (AND ((NOT (X1)) X3)))))))))))
(CAPTURE_CANDIDATE (AND ((OR ((AND ((NOT (X3)) (OR (X1 X2)))) (AND ((OR (X1 (NOT (X2)))) (OR ((AND (X2 (OR ((NOT (X1)) X3)))) (AND ((NOT (X1)) X3)))))))))))
(CAPTURE_CANDIDATE (AND ((OR ((AND ((NOT (X3)) (OR (X1 X2)))) (AND ((OR (X1 (NOT (X2)))) (OR ((AND (X2 X1 (NOT (X3)))) (AND ((NOT (X1)) X3)))))))))))
(CAPTURE_CANDIDATE (AND ((OR ((AND ((NOT (X3)) (OR (X1 X2)))) (AND ((OR (X1 (NOT (X2)))) (OR (X2 (AND ((NOT (X1)) X3)))))))))))
(CAPTURE_CANDIDATE (AND ((OR ((AND ((NOT (X3)) (OR (X1 X2)))) (AND ((NOT (X1)) X3 (NOT (X2)))))))))
(CAPTURE_CANDIDATE (AND ((OR ((AND ((NOT (X3)) (OR (X1 X2)))) (AND ((OR (X1 (NOT (X2)))) (OR (X2 (AND ((NOT (X1)) X3)))))))))))
(CAPTURE_CANDIDATE (AND ((OR ((AND ((NOT (X3)) (OR (X1 X2)))) (AND ((NOT (X1)) X3 (NOT (X2)))))))))
(CAPTURE_CANDIDATE (AND ((OR ((AND ((NOT (X3)) (OR (X1 X2)))) (AND ((OR (X1 (NOT (X2)))) (OR (X2 X3)))))))))
(CAPTURE_CANDIDATE (AND ((OR ((AND ((NOT (X3)) (OR (X1 X2)))) (AND ((OR (X1 (NOT (X2)))) (OR (X2 (AND (X1 X3)))))))))))
(CAPTURE_CANDIDATE (AND ((OR ((AND ((NOT (X3)) (OR (X1 X2)))) (AND (X2 (NOT (X1)) X3)))))))
(CAPTURE_CANDIDATE (AND ((OR ((AND ((NOT (X3)) (OR (X1 X2)))) (AND ((OR (X1 (NOT (X2)))) (OR (X2 (AND ((NOT (X2)) (NOT (X1)) X3)))))))))))
(CAPTURE_CANDIDATE (AND ((OR ((AND ((NOT (X3)) (OR (X1 X2)))) (AND ((OR (X1 (NOT (X2)))) (OR (X2 (NOT (X1)))))))))))
(CAPTURE_CANDIDATE (AND ((OR ((AND ((NOT (X3)) (OR (X1 X2)))) (AND ((OR (X1 (NOT (X2)))) (OR (X2 (AND ((NOT (X3)) (NOT (X1)))))))))))))
(CAPTURE_CANDIDATE (AND ((OR ((AND ((NOT (X3)) (OR (X1 X2)))) (AND (X2 (NOT (X1)) X3)))))))
(CAPTURE_CANDIDATE (AND ((OR ((AND ((NOT (X3)) (OR (X1 X2)))) (AND ((OR (X1 (NOT (X2)))) (OR (X2 (AND ((NOT (X1)) (NOT (X2)) X3)))))))))))
(CAPTURE_CANDIDATE (AND ((OR ((AND ((NOT (X3)) (OR (X1 X2)))) (AND ((OR (X1 (NOT (X2)))) (OR (X2 (AND ((NOT (X1)) X3)))))))))))
(CAPTURE_CANDIDATE (AND ((OR ((AND ((NOT (X3)) (OR (X1 X2)))) (AND ((OR (X1 (NOT (X2)))) (OR (X2 (AND (X1 (NOT (X2)) X3)))))))))))
(CAPTURE_CANDIDATE (AND ((OR ((AND ((NOT (X3)) (OR (X1 X2)))) (AND ((OR (X1 (NOT (X2)))) (OR (X2 (AND ((NOT (X1)) X3)))))))))))
(CAPTURE_CANDIDATE (AND ((OR ((AND ((NOT (X3)) (OR (X1 X2)))) (AND (X2 X1)))))))
(CAPTURE_CANDIDATE (AND ((OR ((AND ((NOT (X3)) (OR (X1 X2)))) (AND ((OR (X1 (NOT (X2)))) (OR (X2 X3)))))))))
(CAPTURE_CANDIDATE (AND ((OR ((AND ((NOT (X3)) (OR (X1 X2)))) (AND ((OR (X1 (NOT (X2)))) (OR (X2 (AND (X1 X3)))))))))))
(CAPTURE_CANDIDATE (AND ((OR ((AND ((NOT (X3)) (OR (X1 X2)))) (AND ((OR (X1 (NOT (X2)))) (OR (X2 (AND (X3 (OR ((NOT (X1)) X2)))))))))))))
(CAPTURE_CANDIDATE (AND ((OR ((AND ((NOT (X3)) (OR (X1 X2)))) (AND ((OR (X1 (NOT (X2)))) (OR (X2 (AND (X3 (OR ((NOT (X1)) (NOT (X2)))))))))))))))
(CAPTURE_CANDIDATE (AND ((OR ((AND ((NOT (X3)) (OR (X1 X2)))) (AND ((OR (X1 (NOT (X2)))) (OR (X2 X3)))))))))
(CAPTURE_CANDIDATE (AND ((OR ((AND ((NOT (X3)) (OR (X1 X2)))) (AND ((OR (X1 (NOT (X2)))) (OR (X2 (AND (X3 (NOT (X1)))))))))))))
(CAPTURE_CANDIDATE (AND ((OR ((AND ((NOT (X3)) (OR (X1 X2)))) (AND ((OR (X1 (NOT (X2)))) (OR (X2 (AND ((NOT (X1)) X3)))))))))))
(CAPTURE_CANDIDATE (AND ((OR ((AND ((NOT (X3)) (OR (X1 X2)))) (AND ((OR (X1 (NOT (X2)))) (OR (X2 (AND (X3 (OR ((NOT (X1)) X1)))))))))))))
(CAPTURE_CANDIDATE (AND ((OR ((AND ((NOT (X3)) (OR (X1 X2)))) (AND ((OR (X1 (NOT (X2)))) (OR (X2 (AND (X3 (OR ((NOT (X1)) (AND (X1 X2)))))))))))))))
(CAPTURE_CANDIDATE (AND ((OR ((AND ((NOT (X3)) (OR (X1 X2)))) (AND ((OR (X1 (NOT (X2)))) (OR (X2 (AND (X3 (OR ((NOT (X1)) (NOT (X1)) (NOT (X2)))))))))))))))
(CAPTURE_CANDIDATE (AND ((OR ((AND ((NOT (X3)) (OR (X1 X2)))) (AND ((OR (X1 (NOT (X2)))) (OR (X2 (AND (X3 (OR ((NOT (X1)) (NOT (X2)))))))))))))))
(CAPTURE_CANDIDATE (AND ((OR ((AND ((NOT (X3)) (OR (X1 X2)))) (AND ((OR (X1 (NOT (X2)))) (OR (X2 (AND (X3 (OR ((NOT (X1)) X2)))))))))))))
(CAPTURE_CANDIDATE (AND ((OR ((AND ((NOT (X3)) (OR (X1 X2)))) (AND ((OR (X1 (NOT (X2)))) (OR (X2 (AND ((NOT (X1)) X3)))))))))))
(CAPTURE_CANDIDATE (AND ((OR ((AND ((NOT (X3)) (OR (X1 X2)))) (AND ((OR (X1 (NOT (X2)))) (OR (X2 (NOT (X1)))))))))))
(CAPTURE_CANDIDATE (AND ((OR ((AND ((NOT (X3)) (OR (X1 X2)))) (AND ((OR (X1 (NOT (X2)))) (OR (X2 (AND ((NOT (X1)) (OR (X3 X2)))))))))))))
(CAPTURE_CANDIDATE (AND ((OR ((AND ((NOT (X3)) (OR (X1 X2)))) (AND ((OR (X1 (NOT (X2)))) (OR (X2 (AND ((NOT (X1)) (OR (X3 (NOT (X2)))))))))))))))
(CAPTURE_CANDIDATE (AND ((OR ((AND ((NOT (X3)) (OR (X1 X2)))) (AND ((OR (X1 (NOT (X2)))) (OR (X2 (AND ((NOT (X1)) (OR (X3 X2)))))))))))))
(CAPTURE_CANDIDATE (AND ((OR ((AND ((NOT (X3)) (OR (X1 X2)))) (AND ((OR (X1 (NOT (X2)))) (OR (X2 (AND ((NOT (X1)) (OR (X3 (NOT (X2)))))))))))))))
(CAPTURE_CANDIDATE (AND ((OR ((AND ((NOT (X3)) (OR (X1 X2)))) (AND ((OR (X1 (NOT (X2)))) (OR (X2 (AND ((NOT (X1)) X3 (NOT (X1)))))))))))))
(CAPTURE_CANDIDATE (AND ((OR ((AND ((NOT (X3)) (OR (X1 X2)))) (AND ((OR (X1 (NOT (X2)))) (OR (X2 (AND ((NOT (X1)) (OR (X3 (NOT (X3)))))))))))))))
(CAPTURE_CANDIDATE (AND ((OR ((AND ((NOT (X3)) (OR (X1 X2)))) (AND (X2 (NOT (X1)) X3)))))))
(CAPTURE_CANDIDATE (AND ((OR ((AND ((NOT (X3)) (OR (X1 X2)))) (AND ((OR (X1 (NOT (X2)))) (OR (X2 (AND ((NOT (X1)) (OR (X3 (NOT (X2)) (NOT (X3)))))))))))))))
(CAPTURE_CANDIDATE (AND ((OR ((AND ((NOT (X3)) (OR (X1 X2)))) (AND (X2 X1)))))))
(CAPTURE_CANDIDATE (AND ((OR ((AND ((NOT (X3)) (OR (X1 X2)))) (AND ((OR (X1 (NOT (X2)))) (OR (X2 (AND ((NOT (X1)) X3)))))))))))
(CAPTURE_CANDIDATE (AND ((OR ((AND ((NOT (X3)) (OR (X1 X2)))) (AND (X2 (NOT (X1)) X3)))))))
(CAPTURE_CANDIDATE (AND ((OR ((AND ((NOT (X3)) (OR (X1 X2)))) (AND ((OR (X1 (NOT (X2)))) (OR (X2 (AND ((NOT (X1)) X3 (NOT (X2)))))))))))))
(CAPTURE_CANDIDATE (AND ((OR ((AND ((NOT (X3)) (OR (X1 X2)))) (AND ((OR (X1 (NOT (X2)))) (OR (X2 (AND ((NOT (X1)) X3)))))))))))
(CAPTURE_CANDIDATE (AND ((OR ((AND ((NOT (X3)) (OR (X1 X2)))) (AND (X2 X1)))))))
(CAPTURE_CANDIDATE (AND ((OR ((AND ((NOT (X3)) (OR (X1 X2)))) (AND ((OR (X1 (NOT (X2)))) (OR (X2 (AND ((NOT (X1)) X3)))))))))))
(CAPTURE_CANDIDATE (AND ((OR ((AND ((NOT (X3)) (OR (X1 X2)))) (AND ((OR (X1 (NOT (X2)))) (OR (X2 (AND ((NOT (X1)) X3)))))))))))
(CAPTURE_CANDIDATE (AND ((OR ((AND ((NOT (X3)) (OR (X1 X2)))) (AND (X2 (NOT (X1)) X3)))))))
(CAPTURE_CANDIDATE (AND ((OR ((AND ((NOT (X3)) (OR (X1 X2)))) (AND ((OR (X1 (NOT (X2)))) (OR (X2 (AND ((NOT (X1)) X3 (NOT (X2)))))))))))))
(CAPTURE_CANDIDATE (AND ((OR ((AND ((NOT (X3)) (OR (X1 X2)))) (AND (X2 X1)))))))
(CAPTURE_CANDIDATE (AND ((OR ((AND ((NOT (X3)) (OR (X1 X2)))) (AND ((OR (X1 (NOT (X2)))) (OR (X2 (AND ((NOT (X1)) X3)))))))))))
(CAPTURE_CANDIDATE (AND ((OR ((AND ((NOT (X3)) (OR (X1 X2)))) (AND ((OR (X1 (NOT (X2)))) (OR (X2 (AND ((NOT (X1)) X3)) X1)))))))))
(CAPTURE_CANDIDATE (AND ((OR ((AND ((NOT (X3)) (OR (X1 X2)))) (AND ((OR (X1 (NOT (X2)))) (OR (X2 (AND ((NOT (X1)) X3)) (NOT (X1)))))))))))
(CAPTURE_CANDIDATE (AND ((OR ((AND ((NOT (X3)) (OR (X1 X2)))) (AND ((OR (X1 (NOT (X2)))) (OR (X2 (AND ((NOT (X1)) X3)) X2)))))))))
(CAPTURE_CANDIDATE (AND ((OR ((AND ((NOT (X3)) (OR (X1 X2)))) (AND ((OR (X1 (NOT (X2)))) (OR (X2 (AND ((NOT (X1)) X3)) (NOT (X2)))))))))))
(CAPTURE_CANDIDATE (AND ((OR ((AND ((NOT (X3)) (OR (X1 X2)))) (AND ((OR (X1 (NOT (X2)))) (OR (X2 (AND ((NOT (X1)) X3)) X3)))))))))
(CAPTURE_CANDIDATE (AND ((OR ((AND ((NOT (X3)) (OR (X1 X2)))) (AND ((OR (X1 (NOT (X2)))) (OR (X2 (AND ((NOT (X1)) X3)) (NOT (X3)))))))))))
(CAPTURE_CANDIDATE (AND ((OR ((AND ((NOT (X3)) (OR (X1 X2)))) (AND ((OR (X1 (NOT (X2)))) (OR (X2 (AND ((NOT (X1)) X3)) X2 X3)))))))))
(CAPTURE_CANDIDATE (AND ((OR ((AND ((NOT (X3)) (OR (X1 X2)))) (AND ((OR (X1 (NOT (X2)))) (OR (X2 (AND ((NOT (X1)) X3)) (AND ((NOT (X2)) (NOT (X3)))))))))))))
(CAPTURE_CANDIDATE (AND ((OR ((AND ((NOT (X3)) (OR (X1 X2)))) (AND ((OR (X1 (NOT (X2)))) (OR (X2 (AND ((NOT (X1)) X3)) X1 X3)))))))))
(CAPTURE_CANDIDATE (AND ((OR ((AND ((NOT (X3)) (OR (X1 X2)))) (AND ((OR (X1 (NOT (X2)))) (OR (X2 (AND ((NOT (X1)) X3)) (AND ((NOT (X1)) (NOT (X3)))))))))))))
(CAPTURE_CANDIDATE (AND ((OR ((AND ((NOT (X3)) (OR (X1 X2)))) (AND ((OR (X1 (NOT (X2)))) (OR (X2 (AND ((NOT (X1)) X3)) (NOT (X1)) X2)))))))))
(CAPTURE_CANDIDATE (AND ((OR ((AND ((NOT (X3)) (OR (X1 X2)))) (AND ((OR (X1 (NOT (X2)))) (OR (X2 (AND ((NOT (X1)) X3)) (AND (X1 (NOT (X2)))))))))))))
(CAPTURE_CANDIDATE (AND ((OR ((AND ((NOT (X3)) (OR (X1 X2)))) (AND (X1 X2)))))))
(CAPTURE_CANDIDATE (AND ((OR ((AND ((NOT (X3)) (OR (X1 X2)))) (AND ((NOT (X1)) (NOT (X2)) X3)))))))
(CAPTURE_CANDIDATE (AND ((OR ((AND ((NOT (X3)) (OR (X1 X2)))) (AND (X2 X1)))))))
(CAPTURE_CANDIDATE (AND ((OR ((AND ((NOT (X3)) (OR (X1 X2)))) (AND ((NOT (X2)) (NOT (X1)) X3)))))))
(CAPTURE_CANDIDATE (AND ((OR ((AND ((NOT (X3)) (OR (X1 X2)))) (AND (X3 (OR (X1 (NOT (X2)))) (OR (X2 (NOT (X1)))))))))))
(CAPTURE_CANDIDATE (AND ((NOT (X3)) (OR ((AND (X2 X1)) X1 X2)))))
(CAPTURE_CANDIDATE (AND ((OR ((AND ((NOT (X3)) (OR (X1 X2)))) (AND ((NOT (X1)) X2)))))))
(CAPTURE_CANDIDATE (AND ((OR ((AND ((NOT (X3)) (OR (X1 X2)))) (AND ((OR (X1 (NOT (X2)))) (OR (X2 (AND ((NOT (X1)) X3)))) (OR (X1 (NOT (X2)))))))))))
(CAPTURE_CANDIDATE (AND ((OR ((AND ((NOT (X3)) (OR (X1 X2)))) (AND (X2 X3 X1)))))))
(CAPTURE_CANDIDATE (AND ((OR ((AND ((NOT (X3)) (OR (X1 X2)))) (AND ((OR (X1 (NOT (X2)))) (OR (X2 (AND ((NOT (X1)) X3)))) (OR ((NOT (X2)) (NOT (X3)))))))))))
(CAPTURE_CANDIDATE (AND ((OR ((AND ((NOT (X3)) (OR (X1 X2)))) (AND ((NOT (X1)) X3 (NOT (X2)))))))))
(CAPTURE_CANDIDATE (AND ((OR ((AND ((NOT (X3)) (OR (X1 X2)))) (AND ((OR (X1 (NOT (X2)))) (OR (X2 (AND ((NOT (X1)) X3)))) (OR (X1 (NOT (X3)))))))))))
(CAPTURE_CANDIDATE (AND ((OR ((AND ((NOT (X3)) (OR (X1 X2)))) (AND ((OR (X1 (NOT (X2)))) (OR (X2 (AND ((NOT (X1)) X3)))))) X1)))))
(CAPTURE_CANDIDATE (AND ((OR ((AND ((NOT (X3)) (OR (X1 X2)))) (AND ((OR (X1 (NOT (X2)))) (OR (X2 (AND ((NOT (X1)) X3)))))) (NOT (X1)))))))
(CAPTURE_CANDIDATE (AND ((OR ((AND ((NOT (X3)) (OR (X1 X2)))) (AND ((OR (X1 (NOT (X2)))) (OR (X2 (AND ((NOT (X1)) X3)))))) X2)))))
(CAPTURE_CANDIDATE (AND ((OR ((AND ((NOT (X3)) (OR (X1 X2)))) (AND ((OR (X1 (NOT (X2)))) (OR (X2 (AND ((NOT (X1)) X3)))))) (NOT (X2)))))))
(CAPTURE_CANDIDATE (AND ((OR ((AND ((NOT (X3)) (OR (X1 X2)))) (AND ((OR (X1 (NOT (X2)))) (OR (X2 (AND ((NOT (X1)) X3)))))) X3)))))
(CAPTURE_CANDIDATE (AND ((OR ((AND ((NOT (X3)) (OR (X1 X2)))) (AND ((OR (X1 (NOT (X2)))) (OR (X2 (AND ((NOT (X1)) X3)))))) (NOT (X3)))))))
(CAPTURE_CANDIDATE (AND ((OR ((AND ((NOT (X3)) (OR (X1 X2)))) (AND ((OR (X1 (NOT (X2)))) (OR (X2 (AND ((NOT (X1)) X3)))))) X1 X3)))))
(CAPTURE_CANDIDATE (AND ((OR ((AND ((NOT (X3)) (OR (X1 X2)))) (AND ((OR (X1 (NOT (X2)))) (OR (X2 (AND ((NOT (X1)) X3)))))) (AND ((NOT (X1)) (NOT (X3)))))))))
(CAPTURE_CANDIDATE (AND ((OR ((AND ((NOT (X3)) (OR (X1 X2)))) (AND ((OR (X1 (NOT (X2)))) (OR (X2 (AND ((NOT (X1)) X3)))))) (NOT (X1)) X2)))))
(CAPTURE_CANDIDATE (AND ((OR ((AND ((NOT (X3)) (OR (X1 X2)))) (AND ((OR (X1 (NOT (X2)))) (OR (X2 (AND ((NOT (X1)) X3)))))) (AND (X1 (NOT (X2)))))))))
(CAPTURE_CANDIDATE (AND ((OR ((AND ((NOT (X3)) (OR (X1 X2)))) (AND ((OR (X1 (NOT (X2)))) (OR (X2 (AND ((NOT (X1)) X3)))))) (NOT (X2)) X3)))))
(CAPTURE_CANDIDATE (AND ((OR ((AND ((NOT (X3)) (OR (X1 X2)))) (AND ((OR (X1 (NOT (X2)))) (OR (X2 (AND ((NOT (X1)) X3)))))) (AND (X2 (NOT (X3)))))))))
(CAPTURE_CANDIDATE (AND (X1 (OR ((NOT (X3)) X2)))))
(CAPTURE_CANDIDATE (AND ((NOT (X1)) (OR ((AND ((NOT (X3)) X2)) (AND ((NOT (X2)) X3)))))))
(CAPTURE_CANDIDATE (AND (X2 (OR ((NOT (X3)) X1)))))
(CAPTURE_CANDIDATE (AND ((NOT (X2)) (OR ((AND ((NOT (X3)) X1)) (AND ((NOT (X1)) X3)))))))
(CAPTURE_CANDIDATE (AND (X3 (OR (X1 (NOT (X2)))) (OR (X2 (NOT (X1)))))))
(CAPTURE_CANDIDATE (AND ((NOT (X3)) (OR ((AND (X2 X1)) X1 X2)))))
(CAPTURE_CANDIDATE (AND ((NOT (X1)) X2 (NOT (X3)))))
(CAPTURE_CANDIDATE (AND ((OR ((AND ((NOT (X3)) (OR (X1 X2)))) (AND ((OR (X1 (NOT (X2)))) (OR (X2 (AND ((NOT (X1)) X3)))))))) (OR (X1 (NOT (X2)))))))
(CAPTURE_CANDIDATE (AND (X1 X2)))
(CAPTURE_CANDIDATE (AND ((OR ((AND ((NOT (X3)) (OR (X1 X2)))) (AND ((OR (X1 (NOT (X2)))) (OR (X2 (AND ((NOT (X1)) X3)))))))) (OR ((NOT (X1)) (NOT (X2)))))))
(CAPTURE_CANDIDATE (AND (X1 X3 X2)))
(CAPTURE_CANDIDATE (AND ((OR ((AND ((NOT (X3)) (OR (X1 X2)))) (AND ((OR (X1 (NOT (X2)))) (OR (X2 (AND ((NOT (X1)) X3)))))))) (OR ((NOT (X1)) (NOT (X3)))))))
(CAPTURE_CANDIDATE (AND ((OR (X1 (AND ((NOT (X3)) (OR (X1 X2)))) (AND ((OR (X1 (NOT (X2)))) (OR (X2 (AND ((NOT (X1)) X3)))))))))))
(CAPTURE_CANDIDATE (AND ((OR ((NOT (X1)) (AND ((NOT (X3)) (OR (X1 X2)))) (AND ((OR (X1 (NOT (X2)))) (OR (X2 (AND ((NOT (X1)) X3)))))))))))
(CAPTURE_CANDIDATE (AND ((OR (X2 (AND ((NOT (X3)) (OR (X1 X2)))) (AND ((OR (X1 (NOT (X2)))) (OR (X2 (AND ((NOT (X1)) X3)))))))))))
(CAPTURE_CANDIDATE (AND ((OR ((NOT (X2)) (AND ((NOT (X3)) (OR (X1 X2)))) (AND ((OR (X1 (NOT (X2)))) (OR (X2 (AND ((NOT (X1)) X3)))))))))))
(CAPTURE_CANDIDATE (AND ((OR (X3 (AND ((NOT (X3)) (OR (X1 X2)))) (AND ((OR (X1 (NOT (X2)))) (OR (X2 (AND ((NOT (X1)) X3)))))))))))
(CAPTURE_CANDIDATE (AND ((OR ((NOT (X3)) (AND ((NOT (X3)) (OR (X1 X2)))) (AND ((OR (X1 (NOT (X2)))) (OR (X2 (AND ((NOT (X1)) X3)))))))))))
(CAPTURE_CANDIDATE (AND ((OR ((AND ((NOT (X3)) (OR (X1 X2)))) (AND ((OR (X1 (NOT (X2)))) (OR (X2 (AND ((NOT (X1)) X3)))))) (NOT (X1)) X2)))))
(CAPTURE_CANDIDATE (AND ((OR ((AND (X1 (NOT (X2)))) (AND ((NOT (X3)) (OR (X1 X2)))) (AND ((OR (X1 (NOT (X2)))) (OR (X2 (AND ((NOT (X1)) X3)))))))))))
(CAPTURE_CANDIDATE (AND ((OR ((AND ((NOT (X3)) (OR (X1 X2)))) (AND ((OR (X1 (NOT (X2)))) (OR (X2 (AND ((NOT (X1)) X3)))))) (NOT (X1)) X3)))))
(CAPTURE_CANDIDATE (AND ((OR ((AND (X1 (NOT (X3)))) (AND ((NOT (X3)) (OR (X1 X2)))) (AND ((OR (X1 (NOT (X2)))) (OR (X2 (AND ((NOT (X1)) X3)))))))))))
(CAPTURE_CANDIDATE (AND ((OR ((AND ((NOT (X3)) (OR (X1 X2)))) (AND ((OR (X1 (NOT (X2)))) (OR (X2 (AND ((NOT (X1)) X3)))))) X2 X3)))))
(CAPTURE_CANDIDATE (AND ((OR ((AND ((NOT (X2)) (NOT (X3)))) (AND ((NOT (X3)) (OR (X1 X2)))) (AND ((OR (X1 (NOT (X2)))) (OR (X2 (AND ((NOT (X1)) X3)))))))))))
(New best score: -3.2857142857142856)
""
(Iteration 3 running)
(Crossover: true)
(CenterInst: (0 0 0 0 0 0 0 0 0 0 0 0 0 0 0 0 0 0 0 0 1 1 0 0 0 0 1 0 0 0 1 1 0 0 0 0 0 0 0 0 0 0 0 0 0 0 0 0 0 0 0 0 0 0 0 0 0 0 0 0 0 0 0 0 1 1 0 0 0 0 0 0 0 0 0 0 1 0 0 0 0 0 0 0 0 0 0 0 1 0 0 0 1 0 0 0 0 0 1 0 1 0 0 0 1 0 0 0 0 0 0 0 0 0 0 0 0 0 0 0 0 0 0 0 0 0 0 0 0 0 0 0 0 0 0 0 0 0 0 0 0 0 0 0 0 0 0 0 0 0 0))
(size: 8)
(102378 : 197 : 2)
(CAPTURE_CANDIDATE (AND ((OR ((AND ((NOT (X3)) (OR (X1 X2)))) (AND ((OR (X1 (NOT (X2)))) (OR (X2 (AND ((NOT (X1)) X3)))))))))))
(CAPTURE_CANDIDATE (AND ((OR (X1 (AND ((NOT (X3)) (OR (X1 X2)))) (AND ((OR (X1 (NOT (X2)))) (OR (X2 (AND ((NOT (X1)) X3)))))))))))
(CAPTURE_CANDIDATE (AND ((OR ((NOT (X1)) (AND ((NOT (X3)) (OR (X1 X2)))) (AND ((OR (X1 (NOT (X2)))) (OR (X2 (AND ((NOT (X1)) X3)))))))))))
(CAPTURE_CANDIDATE (AND ((OR (X2 (AND ((NOT (X3)) (OR (X1 X2)))) (AND ((OR (X1 (NOT (X2)))) (OR (X2 (AND ((NOT (X1)) X3)))))))))))
(CAPTURE_CANDIDATE (AND ((OR ((NOT (X2)) (AND ((NOT (X3)) (OR (X1 X2)))) (AND ((OR (X1 (NOT (X2)))) (OR (X2 (AND ((NOT (X1)) X3)))))))))))
(CAPTURE_CANDIDATE (AND ((OR (X3 (AND ((NOT (X3)) (OR (X1 X2)))) (AND ((OR (X1 (NOT (X2)))) (OR (X2 (AND ((NOT (X1)) X3)))))))))))
(CAPTURE_CANDIDATE (AND ((OR ((NOT (X3)) (AND ((NOT (X3)) (OR (X1 X2)))) (AND ((OR (X1 (NOT (X2)))) (OR (X2 (AND ((NOT (X1)) X3)))))))))))
(CAPTURE_CANDIDATE (AND ((OR ((AND (X1 X2)) (AND ((NOT (X3)) (OR (X1 X2)))) (AND ((OR (X1 (NOT (X2)))) (OR (X2 (AND ((NOT (X1)) X3)))))))))))
(CAPTURE_CANDIDATE (AND ((OR ((NOT (X1)) (NOT (X2)) (AND ((NOT (X3)) (OR (X1 X2)))) (AND ((OR (X1 (NOT (X2)))) (OR (X2 (AND ((NOT (X1)) X3)))))))))))
(CAPTURE_CANDIDATE (AND ((OR ((AND (X1 X3)) (AND ((NOT (X3)) (OR (X1 X2)))) (AND ((OR (X1 (NOT (X2)))) (OR (X2 (AND ((NOT (X1)) X3)))))))))))
(CAPTURE_CANDIDATE (AND ((OR ((NOT (X1)) (NOT (X3)) (AND ((NOT (X3)) (OR (X1 X2)))) (AND ((OR (X1 (NOT (X2)))) (OR (X2 (AND ((NOT (X1)) X3)))))))))))
(CAPTURE_CANDIDATE (AND ((OR ((AND ((NOT (X1)) X3)) (AND ((NOT (X3)) (OR (X1 X2)))) (AND ((OR (X1 (NOT (X2)))) (OR (X2 (AND ((NOT (X1)) X3)))))))))))
(CAPTURE_CANDIDATE (AND ((OR (X1 (NOT (X3)) (AND ((NOT (X3)) (OR (X1 X2)))) (AND ((OR (X1 (NOT (X2)))) (OR (X2 (AND ((NOT (X1)) X3)))))))))))
(CAPTURE_CANDIDATE (AND (X1 (OR ((NOT (X3)) X2)))))
(CAPTURE_CANDIDATE (AND ((NOT (X1)) (OR ((AND ((NOT (X3)) X2)) (AND ((NOT (X2)) X3)))))))
(CAPTURE_CANDIDATE (AND (X2 (OR ((NOT (X3)) X1)))))
(CAPTURE_CANDIDATE (AND ((NOT (X2)) (OR ((AND ((NOT (X3)) X1)) (AND ((NOT (X1)) X3)))))))
(CAPTURE_CANDIDATE (AND (X3 (OR (X1 (NOT (X2)))) (OR (X2 (NOT (X1)))))))
(CAPTURE_CANDIDATE (AND ((NOT (X3)) (OR ((AND (X2 X1)) X1 X2)))))
(CAPTURE_CANDIDATE (AND ((OR ((AND ((NOT (X3)) (OR (X1 X2)))) (AND ((OR (X1 (NOT (X2)))) (OR (X2 (AND ((NOT (X1)) X3)))))))) (OR (X1 X3)))))
(CAPTURE_CANDIDATE (AND ((NOT (X1)) (NOT (X3)) X2)))
(CAPTURE_CANDIDATE (AND ((OR ((AND ((NOT (X3)) (OR (X1 X2)))) (AND ((OR (X1 (NOT (X2)))) (OR (X2 (AND ((NOT (X1)) X3)))))))) (OR (X1 X2)))))
(CAPTURE_CANDIDATE (AND ((NOT (X1)) (NOT (X2)) (OR ((NOT (X3)) X3)))))
(CAPTURE_CANDIDATE (AND ((OR ((AND ((NOT (X3)) (OR (X1 X2)))) (AND ((OR (X1 (NOT (X2)))) (OR (X2 (AND ((NOT (X1)) X3)))))))) (OR ((NOT (X2)) X3)))))
(CAPTURE_CANDIDATE (AND (X2 (NOT (X3)))))
(CAPTURE_CANDIDATE (AND ((OR ((AND ((NOT (X3)) (OR (X1 X2)))) (AND ((OR (X1 (NOT (X2)))) (OR (X2 (AND ((NOT (X1)) X3)))))) X1)))))
(CAPTURE_CANDIDATE (AND ((OR ((AND ((NOT (X3)) (OR (X1 X2)))) (AND ((OR (X1 (NOT (X2)))) (OR (X2 (AND ((NOT (X1)) X3)))))) (NOT (X1)))))))
(CAPTURE_CANDIDATE (AND ((OR ((AND ((NOT (X3)) (OR (X1 X2)))) (AND ((OR (X1 (NOT (X2)))) (OR (X2 (AND ((NOT (X1)) X3)))))) X2)))))
(CAPTURE_CANDIDATE (AND ((OR ((AND ((NOT (X3)) (OR (X1 X2)))) (AND ((OR (X1 (NOT (X2)))) (OR (X2 (AND ((NOT (X1)) X3)))))) (NOT (X2)))))))
(CAPTURE_CANDIDATE (AND ((OR ((AND ((NOT (X3)) (OR (X1 X2)))) (AND ((OR (X1 (NOT (X2)))) (OR (X2 (AND ((NOT (X1)) X3)))))) X3)))))
(CAPTURE_CANDIDATE (AND ((OR ((AND ((NOT (X3)) (OR (X1 X2)))) (AND ((OR (X1 (NOT (X2)))) (OR (X2 (AND ((NOT (X1)) X3)))))) (NOT (X3)))))))
(CAPTURE_CANDIDATE (AND ((OR ((AND ((NOT (X3)) (OR (X1 X2)))) (AND ((OR (X1 (NOT (X2)))) (OR (X2 (AND ((NOT (X1)) X3)))))) (AND ((NOT (X1)) X2)))))))
(CAPTURE_CANDIDATE (AND ((OR ((AND ((NOT (X3)) (OR (X1 X2)))) (AND ((OR (X1 (NOT (X2)))) (OR (X2 (AND ((NOT (X1)) X3)))))) X1 (NOT (X2)))))))
(CAPTURE_CANDIDATE (AND ((OR ((AND ((NOT (X3)) (OR (X1 X2)))) (AND ((OR (X1 (NOT (X2)))) (OR (X2 (AND ((NOT (X1)) X3)))))) (AND (X1 X3)))))))
(CAPTURE_CANDIDATE (AND ((OR ((AND ((NOT (X3)) (OR (X1 X2)))) (AND ((OR (X1 (NOT (X2)))) (OR (X2 (AND ((NOT (X1)) X3)))))) (NOT (X1)) (NOT (X3)))))))
(CAPTURE_CANDIDATE (AND ((OR ((AND ((NOT (X3)) (OR (X1 X2)))) (AND ((OR (X1 (NOT (X2)))) (OR (X2 (AND ((NOT (X1)) X3)))))) (AND ((NOT (X2)) X3)))))))
(CAPTURE_CANDIDATE (AND ((OR ((AND ((NOT (X3)) (OR (X1 X2)))) (AND ((OR (X1 (NOT (X2)))) (OR (X2 (AND ((NOT (X1)) X3)))))) X2 (NOT (X3)))))))
(CAPTURE_CANDIDATE (AND ((OR ((AND (X1 (NOT (X3)))) (AND ((OR (X1 (NOT (X2)))) (OR (X2 (AND ((NOT (X1)) X3)))))))))))
(CAPTURE_CANDIDATE (AND ((OR ((AND ((NOT (X1)) (NOT (X3)) X2)) (AND ((OR (X1 (NOT (X2)))) (OR (X2 (AND ((NOT (X1)) X3)))))))))))
(CAPTURE_CANDIDATE (AND ((OR ((AND (X2 (NOT (X3)))) (AND ((OR (X1 (NOT (X2)))) (OR (X2 (AND ((NOT (X1)) X3)))))))))))
(CAPTURE_CANDIDATE (AND ((OR ((AND ((NOT (X2)) (NOT (X3)) X1)) (AND ((OR (X1 (NOT (X2)))) (OR (X2 (AND ((NOT (X1)) X3)))))))))))
(CAPTURE_CANDIDATE (AND ((OR ((AND ((OR (X1 (NOT (X2)))) (OR (X2 (AND ((NOT (X1)) X3)))))) X1 X2)))))
(CAPTURE_CANDIDATE (AND ((OR ((AND (X3 (OR (X1 X2)))) (AND ((OR (X1 (NOT (X2)))) (OR (X2 (AND ((NOT (X1)) X3)))))))))))
(CAPTURE_CANDIDATE (AND ((OR ((NOT (X3)) (AND ((OR (X1 (NOT (X2)))) (OR (X2 (AND ((NOT (X1)) X3)))))))))))
(CAPTURE_CANDIDATE (AND ((OR ((AND ((NOT (X3)) (NOT (X1)) (NOT (X2)))) (AND ((OR (X1 (NOT (X2)))) (OR (X2 (AND ((NOT (X1)) X3)))))))))))
(CAPTURE_CANDIDATE (AND ((OR ((AND ((NOT (X3)) X1)) (AND ((OR (X1 (NOT (X2)))) (OR (X2 (AND ((NOT (X1)) X3)))))))))))
(CAPTURE_CANDIDATE (AND ((OR ((AND ((NOT (X1)) (NOT (X3)) X2)) (AND ((OR (X1 (NOT (X2)))) (OR (X2 (AND ((NOT (X1)) X3)))))))))))
(CAPTURE_CANDIDATE (AND ((OR ((AND ((NOT (X3)) (NOT (X1)) X2)) (AND ((OR (X1 (NOT (X2)))) (OR (X2 (AND ((NOT (X1)) X3)))))))))))
(CAPTURE_CANDIDATE (AND ((OR ((AND (X1 (NOT (X3)))) (AND ((OR (X1 (NOT (X2)))) (OR (X2 (AND ((NOT (X1)) X3)))))))))))
(CAPTURE_CANDIDATE (AND ((OR ((AND ((OR (X1 (NOT (X3)))) (OR (X1 X2)))) (AND ((OR (X1 (NOT (X2)))) (OR (X2 (AND ((NOT (X1)) X3)))))))))))
(CAPTURE_CANDIDATE (AND ((OR ((AND ((OR ((NOT (X1)) (NOT (X3)))) (OR (X1 X2)))) (AND ((OR (X1 (NOT (X2)))) (OR (X2 (AND ((NOT (X1)) X3)))))))))))
(CAPTURE_CANDIDATE (AND ((OR ((AND ((OR (X2 (NOT (X3)))) (OR (X1 X2)))) (AND ((OR (X1 (NOT (X2)))) (OR (X2 (AND ((NOT (X1)) X3)))))))))))
(CAPTURE_CANDIDATE (AND ((OR ((AND ((OR ((NOT (X2)) (NOT (X3)))) (OR (X1 X2)))) (AND ((OR (X1 (NOT (X2)))) (OR (X2 (AND ((NOT (X1)) X3)))))))))))
(CAPTURE_CANDIDATE (AND ((OR ((AND ((OR (X1 (NOT (X2)))) (OR (X2 (AND ((NOT (X1)) X3)))))) X1 X2)))))
(CAPTURE_CANDIDATE (AND ((OR ((AND (X3 (OR (X1 X2)))) (AND ((OR (X1 (NOT (X2)))) (OR (X2 (AND ((NOT (X1)) X3)))))))))))
(CAPTURE_CANDIDATE (AND ((OR ((AND ((OR ((NOT (X3)) (AND (X1 X2)))) (OR (X1 X2)))) (AND ((OR (X1 (NOT (X2)))) (OR (X2 (AND ((NOT (X1)) X3)))))))))))
(CAPTURE_CANDIDATE (AND ((OR ((AND ((OR ((NOT (X3)) (NOT (X1)) (NOT (X2)))) (OR (X1 X2)))) (AND ((OR (X1 (NOT (X2)))) (OR (X2 (AND ((NOT (X1)) X3)))))))))))
(CAPTURE_CANDIDATE (AND ((OR ((AND ((OR ((NOT (X3)) (AND ((NOT (X1)) X3)))) (OR (X1 X2)))) (AND ((OR (X1 (NOT (X2)))) (OR (X2 (AND ((NOT (X1)) X3)))))))))))
(CAPTURE_CANDIDATE (AND ((OR ((AND ((OR ((NOT (X3)) X1 (NOT (X3)))) (OR (X1 X2)))) (AND ((OR (X1 (NOT (X2)))) (OR (X2 (AND ((NOT (X1)) X3)))))))))))
(CAPTURE_CANDIDATE (AND ((OR ((AND ((OR ((NOT (X3)) (AND ((NOT (X1)) X2)))) (OR (X1 X2)))) (AND ((OR (X1 (NOT (X2)))) (OR (X2 (AND ((NOT (X1)) X3)))))))))))
(CAPTURE_CANDIDATE (AND ((OR ((AND ((OR ((NOT (X3)) X1 (NOT (X2)))) (OR (X1 X2)))) (AND ((OR (X1 (NOT (X2)))) (OR (X2 (AND ((NOT (X1)) X3)))))))))))
(CAPTURE_CANDIDATE (AND ((OR ((AND ((NOT (X3)) X2)) (AND ((OR (X1 (NOT (X2)))) (OR (X2 (AND ((NOT (X1)) X3)))))))))))
(CAPTURE_CANDIDATE (AND ((OR ((AND ((NOT (X3)) (OR ((NOT (X1)) X2)))) (AND ((OR (X1 (NOT (X2)))) (OR (X2 (AND ((NOT (X1)) X3)))))))))))
(CAPTURE_CANDIDATE (AND ((OR ((AND ((NOT (X3)) X1)) (AND ((OR (X1 (NOT (X2)))) (OR (X2 (AND ((NOT (X1)) X3)))))))))))
(CAPTURE_CANDIDATE (AND ((OR ((AND ((NOT (X3)) (OR (X1 (NOT (X2)))))) (AND ((OR (X1 (NOT (X2)))) (OR (X2 (AND ((NOT (X1)) X3)))))))))))
(CAPTURE_CANDIDATE (AND ((OR ((AND ((NOT (X3)) (OR (X1 X2)))) (AND ((OR (X1 (NOT (X2)))) (OR (X2 (AND ((NOT (X1)) X3)))))))))))
(CAPTURE_CANDIDATE (AND ((OR ((NOT (X3)) (AND ((OR (X1 (NOT (X2)))) (OR (X2 (AND ((NOT (X1)) X3)))))))))))
(CAPTURE_CANDIDATE (AND ((OR ((AND ((NOT (X3)) (OR (X1 X2)))) (AND ((OR (X1 (NOT (X2)))) (OR (X2 (AND ((NOT (X1)) X3)))))))))))
(CAPTURE_CANDIDATE (AND ((OR ((NOT (X3)) (AND ((OR (X1 (NOT (X2)))) (OR (X2 (AND ((NOT (X1)) X3)))))))))))
(CAPTURE_CANDIDATE (AND ((OR ((AND ((NOT (X3)) (OR (X1 X2)))) (AND ((OR (X1 (NOT (X2)))) (OR (X2 (AND ((NOT (X1)) X3)))))))))))
(CAPTURE_CANDIDATE (AND ((OR ((NOT (X3)) (AND ((OR (X1 (NOT (X2)))) (OR (X2 (AND ((NOT (X1)) X3)))))))))))
(CAPTURE_CANDIDATE (AND ((OR ((AND ((NOT (X3)) (OR (X1 X2 (AND (X1 X2)))))) (AND ((OR (X1 (NOT (X2)))) (OR (X2 (AND ((NOT (X1)) X3)))))))))))
(CAPTURE_CANDIDATE (AND ((OR ((AND ((NOT (X3)) (OR (X1 X2 (NOT (X1)) (NOT (X2)))))) (AND ((OR (X1 (NOT (X2)))) (OR (X2 (AND ((NOT (X1)) X3)))))))))))
(CAPTURE_CANDIDATE (AND ((OR ((AND ((NOT (X3)) X2 X1)) (AND ((OR (X1 (NOT (X2)))) (OR (X2 (AND ((NOT (X1)) X3)))))))))))
(CAPTURE_CANDIDATE (AND ((OR ((AND ((NOT (X3)) (OR ((AND (X1 (NOT (X2)))) X2)))) (AND ((OR (X1 (NOT (X2)))) (OR (X2 (AND ((NOT (X1)) X3)))))))))))
(CAPTURE_CANDIDATE (AND ((OR ((AND ((NOT (X3)) X2)) (AND ((OR (X1 (NOT (X2)))) (OR (X2 (AND ((NOT (X1)) X3)))))))))))
(CAPTURE_CANDIDATE (AND ((OR ((AND ((NOT (X3)) (OR (X1 X2)))) (AND ((OR (X1 (NOT (X2)))) (OR (X2 (AND ((NOT (X1)) X3)))))))))))
(CAPTURE_CANDIDATE (AND ((OR ((AND ((NOT (X3)) (OR ((AND (X1 (NOT (X2)))) X2)))) (AND ((OR (X1 (NOT (X2)))) (OR (X2 (AND ((NOT (X1)) X3)))))))))))
(CAPTURE_CANDIDATE (AND ((OR ((AND ((NOT (X3)) X2 X1 (NOT (X3)))) (AND ((OR (X1 (NOT (X2)))) (OR (X2 (AND ((NOT (X1)) X3)))))))))))
(CAPTURE_CANDIDATE (AND ((OR ((AND ((NOT (X3)) X2 X1)) (AND ((OR (X1 (NOT (X2)))) (OR (X2 (AND ((NOT (X1)) X3)))))))))))
(CAPTURE_CANDIDATE (AND ((OR ((AND ((NOT (X3)) (OR ((AND (X1 X1 (NOT (X2)))) X2)))) (AND ((OR (X1 (NOT (X2)))) (OR (X2 (AND ((NOT (X1)) X3)))))))))))
(CAPTURE_CANDIDATE (AND ((OR ((AND ((NOT (X3)) X2 X1)) (AND ((OR (X1 (NOT (X2)))) (OR (X2 (AND ((NOT (X1)) X3)))))))))))
(CAPTURE_CANDIDATE (AND ((OR ((AND ((NOT (X3)) (OR ((AND (X1 (NOT (X2)))) X2)))) (AND ((OR (X1 (NOT (X2)))) (OR (X2 (AND ((NOT (X1)) X3)))))))))))
(CAPTURE_CANDIDATE (AND ((OR ((AND ((NOT (X3)) X1 X2)) (AND ((OR (X1 (NOT (X2)))) (OR (X2 (AND ((NOT (X1)) X3)))))))))))
(CAPTURE_CANDIDATE (AND ((OR ((AND ((NOT (X3)) (OR (X1 (AND (X2 (NOT (X1)))))))) (AND ((OR (X1 (NOT (X2)))) (OR (X2 (AND ((NOT (X1)) X3)))))))))))
(CAPTURE_CANDIDATE (AND ((OR ((AND ((NOT (X3)) X1)) (AND ((OR (X1 (NOT (X2)))) (OR (X2 (AND ((NOT (X1)) X3)))))))))))
(CAPTURE_CANDIDATE (AND ((OR ((AND ((NOT (X3)) (OR (X1 X2)))) (AND ((OR (X1 (NOT (X2)))) (OR (X2 (AND ((NOT (X1)) X3)))))))))))
(CAPTURE_CANDIDATE (AND ((OR ((AND ((NOT (X3)) (OR (X1 (AND (X2 (NOT (X1)))))))) (AND ((OR (X1 (NOT (X2)))) (OR (X2 (AND ((NOT (X1)) X3)))))))))))
(CAPTURE_CANDIDATE (AND ((OR ((AND ((NOT (X3)) X1 X2 (NOT (X3)))) (AND ((OR (X1 (NOT (X2)))) (OR (X2 (AND ((NOT (X1)) X3)))))))))))
(CAPTURE_CANDIDATE (AND ((OR ((AND ((NOT (X3)) (OR (X1 X2)))) (AND ((OR (X1 (NOT (X2)))) (OR (X2 (AND ((NOT (X1)) X3)))))))))))
(CAPTURE_CANDIDATE (AND ((OR (X1 (NOT (X2)))) (OR (X2 (AND ((NOT (X1)) X3)))))))
(CAPTURE_CANDIDATE (AND ((OR ((AND ((NOT (X3)) (OR (X1 X2)))) (AND ((OR (X1 (NOT (X2)))) (OR (X2 (AND ((NOT (X1)) X3)))))))))))
(CAPTURE_CANDIDATE (AND ((OR ((AND ((NOT (X3)) X1)) (AND ((OR (X1 (NOT (X2)))) (OR (X2 (AND ((NOT (X1)) X3)))))))))))
(CAPTURE_CANDIDATE (AND ((OR ((AND ((NOT (X3)) (OR (X1 X2 X1)))) (AND ((OR (X1 (NOT (X2)))) (OR (X2 (AND ((NOT (X1)) X3)))))))))))
(CAPTURE_CANDIDATE (AND ((OR ((AND ((NOT (X3)) (OR (X1 X2 (NOT (X1)))))) (AND ((OR (X1 (NOT (X2)))) (OR (X2 (AND ((NOT (X1)) X3)))))))))))
(CAPTURE_CANDIDATE (AND ((OR ((AND ((NOT (X3)) (OR (X1 X2 X2)))) (AND ((OR (X1 (NOT (X2)))) (OR (X2 (AND ((NOT (X1)) X3)))))))))))
(CAPTURE_CANDIDATE (AND ((OR ((AND ((NOT (X3)) (OR (X1 X2 (NOT (X2)))))) (AND ((OR (X1 (NOT (X2)))) (OR (X2 (AND ((NOT (X1)) X3)))))))))))
(CAPTURE_CANDIDATE (AND ((OR ((AND ((NOT (X3)) (OR (X1 X2)))) (AND ((OR (X1 (NOT (X2)))) (OR (X2 (AND ((NOT (X1)) X3)))))))))))
(CAPTURE_CANDIDATE (AND ((OR ((NOT (X3)) (AND ((OR (X1 (NOT (X2)))) (OR (X2 (AND ((NOT (X1)) X3)))))))))))
(CAPTURE_CANDIDATE (AND ((OR ((AND ((NOT (X3)) (OR (X1 X2 X1)))) (AND ((OR (X1 (NOT (X2)))) (OR (X2 (AND ((NOT (X1)) X3)))))))))))
(CAPTURE_CANDIDATE (AND ((OR ((AND ((NOT (X3)) (OR (X1 X2 (NOT (X1)))))) (AND ((OR (X1 (NOT (X2)))) (OR (X2 (AND ((NOT (X1)) X3)))))))))))
(CAPTURE_CANDIDATE (AND ((OR ((AND ((NOT (X3)) (OR (X1 X2 X2)))) (AND ((OR (X1 (NOT (X2)))) (OR (X2 (AND ((NOT (X1)) X3)))))))))))
(CAPTURE_CANDIDATE (AND ((OR ((AND ((NOT (X3)) (OR (X1 X2 (NOT (X2)))))) (AND ((OR (X1 (NOT (X2)))) (OR (X2 (AND ((NOT (X1)) X3)))))))))))
(CAPTURE_CANDIDATE (AND ((OR ((AND ((NOT (X3)) (OR (X1 X2 (NOT (X2)))))) (AND ((OR (X1 (NOT (X2)))) (OR (X2 (AND ((NOT (X1)) X3)))))))))))
(CAPTURE_CANDIDATE (AND ((OR ((AND ((NOT (X3)) (OR (X1 X2 X2)))) (AND ((OR (X1 (NOT (X2)))) (OR (X2 (AND ((NOT (X1)) X3)))))))))))
(CAPTURE_CANDIDATE (AND ((OR ((AND ((NOT (X3)) X1)) (AND ((OR (X1 (NOT (X2)))) (OR (X2 (AND ((NOT (X1)) X3)))))))))))
(CAPTURE_CANDIDATE (AND ((OR ((AND ((NOT (X3)) (NOT (X1)) X2)) (AND ((OR (X1 (NOT (X2)))) (OR (X2 (AND ((NOT (X1)) X3)))))))))))
(CAPTURE_CANDIDATE (AND ((OR ((AND ((NOT (X3)) X2)) (AND ((OR (X1 (NOT (X2)))) (OR (X2 (AND ((NOT (X1)) X3)))))))))))
(CAPTURE_CANDIDATE (AND ((OR ((AND ((NOT (X3)) (NOT (X2)) X1)) (AND ((OR (X1 (NOT (X2)))) (OR (X2 (AND ((NOT (X1)) X3)))))))))))
(CAPTURE_CANDIDATE (AND ((OR (X1 (NOT (X2)))) (OR (X2 (AND ((NOT (X1)) X3)))))))
(CAPTURE_CANDIDATE (AND ((OR ((AND ((NOT (X3)) (OR (X1 X2)))) (AND ((OR (X1 (NOT (X2)))) (OR (X2 (AND ((NOT (X1)) X3)))))))))))
(CAPTURE_CANDIDATE (AND ((OR (X1 (NOT (X2)))) (OR (X2 (AND ((NOT (X1)) X3)))))))
(CAPTURE_CANDIDATE (AND ((OR ((AND ((NOT (X3)) (OR (X1 X2)))) (AND ((OR (X1 (NOT (X2)))) (OR (X2 (AND ((NOT (X1)) X3)))))))))))
(CAPTURE_CANDIDATE (AND ((OR (X1 (NOT (X2)))) (OR (X2 (AND ((NOT (X1)) X3)))))))
(CAPTURE_CANDIDATE (AND ((OR ((AND ((NOT (X3)) (OR (X1 X2)))) (AND ((OR (X1 (NOT (X2)))) (OR (X2 (AND ((NOT (X1)) X3)))))))))))
(CAPTURE_CANDIDATE (AND ((OR ((AND ((NOT (X3)) X1 X2)) (AND ((OR (X1 (NOT (X2)))) (OR (X2 (AND ((NOT (X1)) X3)))))))))))
(CAPTURE_CANDIDATE (AND ((OR ((AND ((NOT (X3)) (OR (X1 X2)) (OR ((NOT (X1)) (NOT (X2)))))) (AND ((OR (X1 (NOT (X2)))) (OR (X2 (AND ((NOT (X1)) X3)))))))))))
(CAPTURE_CANDIDATE (AND ((OR ((AND ((NOT (X3)) (OR (X1 X2)))) (AND (X1 (OR (X2 X3)))))))))
(CAPTURE_CANDIDATE (AND ((OR ((AND ((NOT (X3)) (OR (X1 X2)))) (AND ((NOT (X1)) (NOT (X2)) X3)))))))
(CAPTURE_CANDIDATE (AND ((OR ((AND ((NOT (X3)) (OR (X1 X2)))) (AND (X2 X1)))))))
(CAPTURE_CANDIDATE (AND ((OR ((AND ((NOT (X3)) (OR (X1 X2)))) (AND ((NOT (X2)) (NOT (X1)) X3)))))))
(CAPTURE_CANDIDATE (AND ((OR ((AND ((NOT (X3)) (OR (X1 X2)))) (AND (X3 (OR (X1 (NOT (X2)))) (OR (X2 (NOT (X1)))))))))))
(CAPTURE_CANDIDATE (AND ((NOT (X3)) (OR ((AND (X2 X1)) X1 X2)))))
(CAPTURE_CANDIDATE (AND ((OR ((AND ((NOT (X3)) (OR (X1 X2)))) (AND ((OR (X1 (NOT (X2)))) (OR (X2 (AND ((NOT (X1)) X3)))) (OR (X1 X3)))))))))
(CAPTURE_CANDIDATE (AND ((NOT (X3)) (OR (X1 X2)))))
(CAPTURE_CANDIDATE (AND ((OR ((AND ((NOT (X3)) (OR (X1 X2)))) (AND ((OR (X1 (NOT (X2)))) (OR (X2 (AND ((NOT (X1)) X3)))) (OR ((NOT (X1)) X3)))))))))
(CAPTURE_CANDIDATE (AND ((NOT (X3)) (OR ((AND (X1 X2)) X1 X2)))))
(CAPTURE_CANDIDATE (AND ((OR ((AND ((NOT (X3)) (OR (X1 X2)))) (AND ((OR (X1 (NOT (X2)))) (OR (X2 (AND ((NOT (X1)) X3)))) (OR (X2 X3)))))))))
(CAPTURE_CANDIDATE (AND ((NOT (X3)) (OR ((NOT (X2)) X1 X2)))))
(CAPTURE_CANDIDATE (AND ((OR ((AND ((NOT (X3)) (OR (X1 X2)))) (AND ((NOT (X2)) (NOT (X1)) X3)))))))
(CAPTURE_CANDIDATE (AND ((OR ((AND ((NOT (X3)) (OR (X1 X2)))) (AND ((OR ((NOT (X1)) (NOT (X2)))) (OR (X2 (AND ((NOT (X1)) X3)))))))))))
(CAPTURE_CANDIDATE (AND ((OR ((AND ((NOT (X3)) (OR (X1 X2)))) (AND (X1 X2)))))))
(CAPTURE_CANDIDATE (AND ((OR ((AND ((NOT (X3)) (OR (X1 X2)))) (AND ((OR (X1 X2)) (OR (X2 (AND ((NOT (X1)) X3)))))))))))
(CAPTURE_CANDIDATE (AND ((OR ((AND ((NOT (X3)) (OR (X1 X2)))) (AND ((OR (X1 (NOT (X2)) X3)) (OR (X2 (AND ((NOT (X1)) X3)))))))))))
(CAPTURE_CANDIDATE (AND ((OR ((AND ((NOT (X3)) (OR (X1 X2)))) (AND ((OR (X1 (NOT (X2)) (NOT (X3)))) (OR (X2 (AND ((NOT (X1)) X3)))))))))))
(CAPTURE_CANDIDATE (AND ((OR ((AND ((NOT (X3)) (OR (X1 X2)))) (AND ((OR (X1 (NOT (X2)) (AND (X1 X3)))) (OR (X2 (AND ((NOT (X1)) X3)))))))))))
(CAPTURE_CANDIDATE (AND ((OR ((AND ((NOT (X3)) (OR (X1 X2)))) (AND ((OR (X1 (NOT (X2)) (NOT (X1)) (NOT (X3)))) (OR (X2 (AND ((NOT (X1)) X3)))))))))))
(CAPTURE_CANDIDATE (AND ((OR ((AND ((NOT (X3)) (OR (X1 X2)))) (AND ((OR (X1 (NOT (X2)) (AND ((NOT (X2)) X3)))) (OR (X2 (AND ((NOT (X1)) X3)))))))))))
(CAPTURE_CANDIDATE (AND ((OR ((AND ((NOT (X3)) (OR (X1 X2)))) (AND ((OR (X1 (NOT (X2)) X2 (NOT (X3)))) (OR (X2 (AND ((NOT (X1)) X3)))))))))))
(CAPTURE_CANDIDATE (AND ((OR ((AND ((NOT (X3)) (OR (X1 X2)))) (AND ((OR (X1 (NOT (X2)) (AND (X1 X2)))) (OR (X2 (AND ((NOT (X1)) X3)))))))))))
(CAPTURE_CANDIDATE (AND ((OR ((AND ((NOT (X3)) (OR (X1 X2)))) (AND ((OR (X1 (NOT (X2)) (NOT (X1)) (NOT (X2)))) (OR (X2 (AND ((NOT (X1)) X3)))))))))))
(CAPTURE_CANDIDATE (AND ((OR ((AND ((NOT (X3)) (OR (X1 X2)))) (AND ((OR ((AND (X1 X2)) (NOT (X2)))) (OR (X2 (AND ((NOT (X1)) X3)))))))))))
(CAPTURE_CANDIDATE (AND ((OR ((AND ((NOT (X3)) (OR (X1 X2)))) (AND ((NOT (X2)) X1)))))))
(CAPTURE_CANDIDATE (AND ((OR ((AND ((NOT (X3)) (OR (X1 X2)))) (AND ((OR ((AND (X1 X3)) (NOT (X2)))) (OR (X2 (AND ((NOT (X1)) X3)))))))))))
(CAPTURE_CANDIDATE (AND ((OR ((AND ((NOT (X3)) (OR (X1 X2)))) (AND ((OR ((AND (X1 (NOT (X3)))) (NOT (X2)))) (OR (X2 (AND ((NOT (X1)) X3)))))))))))
(CAPTURE_CANDIDATE (AND ((OR ((AND ((NOT (X3)) (OR (X1 X2)))) (AND ((OR ((AND (X1 (OR ((NOT (X2)) X3)))) (NOT (X2)))) (OR (X2 (AND ((NOT (X1)) X3)))))))))))
(CAPTURE_CANDIDATE (AND ((OR ((AND ((NOT (X3)) (OR (X1 X2)))) (AND ((OR ((AND (X1 X2 (NOT (X3)))) (NOT (X2)))) (OR (X2 (AND ((NOT (X1)) X3)))))))))))
(CAPTURE_CANDIDATE (AND ((OR ((AND ((NOT (X3)) (OR (X1 X2)))) (AND ((OR ((AND (X1 (OR (X2 X3)))) (NOT (X2)))) (OR (X2 (AND ((NOT (X1)) X3)))))))))))
(CAPTURE_CANDIDATE (AND ((NOT (X3)) (OR ((AND ((NOT (X2)) X1)) X1 X2)))))
(CAPTURE_CANDIDATE (AND ((OR ((AND ((NOT (X3)) (OR (X1 X2)))) (AND ((OR (X1 (NOT (X2)))) (OR (X2 (AND ((NOT (X1)) X3)))))))))))
(CAPTURE_CANDIDATE (AND ((NOT (X3)) (OR (X1 X2)))))
(CAPTURE_CANDIDATE (AND ((OR ((AND ((NOT (X3)) (OR (X1 X2)))) (AND (X1 (NOT (X2)))))))))
(CAPTURE_CANDIDATE (AND ((OR ((AND ((NOT (X3)) (OR (X1 X2)))) (AND ((OR (X1 (AND ((NOT (X1)) (NOT (X2)))))) (OR (X2 (AND ((NOT (X1)) X3)))))))))))
(CAPTURE_CANDIDATE (AND ((OR ((AND ((NOT (X3)) (OR (X1 X2)))) (AND (X1 X2)))))))
(CAPTURE_CANDIDATE (AND ((OR ((AND ((NOT (X3)) (OR (X1 X2)))) (AND ((OR (X1 X2)) (OR (X2 (AND ((NOT (X1)) X3)))))))))))
(CAPTURE_CANDIDATE (AND ((OR ((AND ((NOT (X3)) (OR (X1 X2)))) (AND ((OR (X1 (AND ((NOT (X2)) X3)))) (OR (X2 (AND ((NOT (X1)) X3)))))))))))
(CAPTURE_CANDIDATE (AND ((OR ((AND ((NOT (X3)) (OR (X1 X2)))) (AND ((OR (X1 (AND ((NOT (X2)) (NOT (X3)))))) (OR (X2 (AND ((NOT (X1)) X3)))))))))))
(CAPTURE_CANDIDATE (AND ((OR ((AND ((NOT (X3)) (OR (X1 X2)))) (AND ((OR (X1 (AND ((NOT (X2)) (NOT (X1)))))) (OR (X2 (AND ((NOT (X1)) X3)))))))))))
(CAPTURE_CANDIDATE (AND ((OR ((AND ((NOT (X3)) (OR (X1 X2)))) (AND (X1 (NOT (X2)) (NOT (X2)))))))))
(CAPTURE_CANDIDATE (AND ((OR ((AND ((NOT (X3)) (OR (X1 X2)))) (AND (X1 (NOT (X2)))))))))
(CAPTURE_CANDIDATE (AND ((OR ((AND ((NOT (X3)) (OR (X1 X2)))) (AND ((OR (X1 (AND ((NOT (X2)) (NOT (X1)) (NOT (X2)))))) (OR (X2 (AND ((NOT (X1)) X3)))))))))))
(CAPTURE_CANDIDATE (AND ((OR ((AND ((NOT (X3)) (OR (X1 X2)))) (AND ((OR (X1 (AND ((NOT (X2)) (OR (X1 X3)))))) (OR (X2 (AND ((NOT (X1)) X3)))))))))))
(CAPTURE_CANDIDATE (AND ((OR ((AND ((NOT (X3)) (OR (X1 X2)))) (AND ((OR (X1 (AND ((NOT (X2)) (NOT (X1)) (NOT (X3)))))) (OR (X2 (AND ((NOT (X1)) X3)))))))))))
(CAPTURE_CANDIDATE (AND ((OR ((AND ((NOT (X3)) (OR (X1 X2)))) (AND ((OR (X1 (NOT (X2)) X1)) (OR (X2 (AND ((NOT (X1)) X3)))))))))))
(CAPTURE_CANDIDATE (AND ((OR ((AND ((NOT (X3)) (OR (X1 X2)))) (AND ((OR (X1 (NOT (X2)) (NOT (X1)))) (OR (X2 (AND ((NOT (X1)) X3)))))))))))
(CAPTURE_CANDIDATE (AND ((OR ((AND ((NOT (X3)) (OR (X1 X2)))) (AND ((OR (X1 (NOT (X2)) X2)) (OR (X2 (AND ((NOT (X1)) X3)))))))))))
(CAPTURE_CANDIDATE (AND ((OR ((AND ((NOT (X3)) (OR (X1 X2)))) (AND ((OR (X1 (NOT (X2)) (NOT (X2)))) (OR (X2 (AND ((NOT (X1)) X3)))))))))))
(CAPTURE_CANDIDATE (AND ((OR ((AND ((NOT (X3)) (OR (X1 X2)))) (AND ((OR (X1 (NOT (X2)) X3)) (OR (X2 (AND ((NOT (X1)) X3)))))))))))
(CAPTURE_CANDIDATE (AND ((OR ((AND ((NOT (X3)) (OR (X1 X2)))) (AND ((OR (X1 (NOT (X2)) (NOT (X3)))) (OR (X2 (AND ((NOT (X1)) X3)))))))))))
(CAPTURE_CANDIDATE (AND ((OR ((AND ((NOT (X3)) (OR (X1 X2)))) (AND ((OR (X1 (NOT (X2)) (NOT (X1)) X2)) (OR (X2 (AND ((NOT (X1)) X3)))))))))))
(CAPTURE_CANDIDATE (AND ((OR ((AND ((NOT (X3)) (OR (X1 X2)))) (AND ((OR (X1 (NOT (X2)) (AND (X1 (NOT (X2)))))) (OR (X2 (AND ((NOT (X1)) X3)))))))))))
(CAPTURE_CANDIDATE (AND ((OR ((AND ((NOT (X3)) (OR (X1 X2)))) (AND ((OR (X1 (NOT (X2)) (NOT (X2)) X3)) (OR (X2 (AND ((NOT (X1)) X3)))))))))))
(CAPTURE_CANDIDATE (AND ((OR ((AND ((NOT (X3)) (OR (X1 X2)))) (AND ((OR (X1 (NOT (X2)) (AND (X2 (NOT (X3)))))) (OR (X2 (AND ((NOT (X1)) X3)))))))))))
(CAPTURE_CANDIDATE (AND ((OR ((AND ((NOT (X3)) (OR (X1 X2)))) (AND ((OR (X1 (NOT (X2)) X1 X3)) (OR (X2 (AND ((NOT (X1)) X3)))))))))))
(CAPTURE_CANDIDATE (AND ((OR ((AND ((NOT (X3)) (OR (X1 X2)))) (AND ((OR (X1 (NOT (X2)) (AND ((NOT (X1)) (NOT (X3)))))) (OR (X2 (AND ((NOT (X1)) X3)))))))))))
(CAPTURE_CANDIDATE (AND ((OR ((AND ((NOT (X3)) (OR (X1 X2)))) (AND ((OR (X1 (NOT (X2)))) (OR (X1 X2 (AND ((NOT (X1)) X3)))))))))))
(CAPTURE_CANDIDATE (AND ((OR ((AND ((NOT (X3)) (OR (X1 X2)))) (AND ((OR (X1 (NOT (X2)))) (OR ((NOT (X1)) X2 (AND ((NOT (X1)) X3)))))))))))
(CAPTURE_CANDIDATE (AND ((OR ((AND ((NOT (X3)) (OR (X1 X2)))) (AND ((NOT (X1)) X3 (NOT (X2)))))))))
(CAPTURE_CANDIDATE (AND ((OR ((AND ((NOT (X3)) (OR (X1 X2)))) (AND ((OR (X1 (NOT (X2)))) (OR ((NOT (X2)) (AND ((NOT (X1)) X3)))))))))))
(CAPTURE_CANDIDATE (AND ((OR ((AND ((NOT (X3)) (OR (X1 X2)))) (AND ((OR (X1 (NOT (X2)))) (OR (X2 X3 (AND ((NOT (X1)) X3)))))))))))
(CAPTURE_CANDIDATE (AND ((OR ((AND ((NOT (X3)) (OR (X1 X2)))) (AND ((OR (X1 (NOT (X2)))) (OR (X2 (NOT (X3)) (AND ((NOT (X1)) X3)))))))))))
(CAPTURE_CANDIDATE (AND ((OR ((AND ((NOT (X3)) (OR (X1 X2)))) (AND ((OR (X1 (NOT (X2)))) (OR (X2 (AND (X2 X3)) (AND ((NOT (X1)) X3)))))))))))
(CAPTURE_CANDIDATE (AND ((OR ((AND ((NOT (X3)) (OR (X1 X2)))) (AND ((OR (X1 (NOT (X2)))) (OR (X2 (NOT (X2)) (NOT (X3)) (AND ((NOT (X1)) X3)))))))))))
(CAPTURE_CANDIDATE (AND ((OR ((AND ((NOT (X3)) (OR (X1 X2)))) (AND ((OR (X1 (NOT (X2)))) (OR (X2 (AND (X1 X2)) (AND ((NOT (X1)) X3)))))))))))
(CAPTURE_CANDIDATE (AND ((OR ((AND ((NOT (X3)) (OR (X1 X2)))) (AND ((OR (X1 (NOT (X2)))) (OR (X2 (NOT (X1)) (NOT (X2)) (AND ((NOT (X1)) X3)))))))))))
(CAPTURE_CANDIDATE (AND ((OR ((AND ((NOT (X3)) (OR (X1 X2)))) (AND (X2 X1)))))))
(CAPTURE_CANDIDATE (AND ((OR ((AND ((NOT (X3)) (OR (X1 X2)))) (AND ((OR (X1 (NOT (X2)))) (OR (X2 X1 (NOT (X3)))))))))))
(CAPTURE_CANDIDATE (AND ((OR ((AND ((NOT (X3)) (OR (X1 X2)))) (AND ((OR (X1 (NOT (X2)))) (OR ((AND (X2 X1)) (AND ((NOT (X1)) X3)))))))))))
(CAPTURE_CANDIDATE (AND ((OR ((AND ((NOT (X3)) (OR (X1 X2)))) (AND ((NOT (X1)) (NOT (X2)) X3)))))))
(CAPTURE_CANDIDATE (AND ((OR ((AND ((NOT (X3)) (OR (X1 X2)))) (AND (X3 (OR (X1 (NOT (X2)))) (OR (X2 (NOT (X1)))))))))))
(CAPTURE_CANDIDATE (AND ((OR ((AND ((NOT (X3)) (OR (X1 X2)))) (AND ((OR (X1 (NOT (X2)))) (OR ((AND (X2 (NOT (X3)))) (AND ((NOT (X1)) X3)))))))))))
(CAPTURE_CANDIDATE (AND ((OR ((AND ((NOT (X3)) (OR (X1 X2)))) (AND ((OR (X1 (NOT (X2)))) (OR ((AND (X2 (OR ((NOT (X1)) X3)))) (AND ((NOT (X1)) X3)))))))))))
(CAPTURE_CANDIDATE (AND ((OR ((AND ((NOT (X3)) (OR (X1 X2)))) (AND ((OR (X1 (NOT (X2)))) (OR ((AND (X2 X1 (NOT (X3)))) (AND ((NOT (X1)) X3)))))))))))
(CAPTURE_CANDIDATE (AND ((OR ((AND ((NOT (X3)) (OR (X1 X2)))) (AND ((OR (X1 (NOT (X2)))) (OR (X2 (AND ((NOT (X1)) X3)))))))))))
(CAPTURE_CANDIDATE (AND ((OR ((AND ((NOT (X3)) (OR (X1 X2)))) (AND ((NOT (X1)) X3 (NOT (X2)))))))))
(CAPTURE_CANDIDATE (AND ((OR ((AND ((NOT (X3)) (OR (X1 X2)))) (AND ((OR (X1 (NOT (X2)))) (OR (X2 (AND ((NOT (X1)) X3)))))))))))
(CAPTURE_CANDIDATE (AND ((OR ((AND ((NOT (X3)) (OR (X1 X2)))) (AND ((NOT (X1)) X3 (NOT (X2)))))))))
(CAPTURE_CANDIDATE (AND ((OR ((AND ((NOT (X3)) (OR (X1 X2)))) (AND ((OR (X1 (NOT (X2)))) (OR (X2 X3)))))))))
(CAPTURE_CANDIDATE (AND ((OR ((AND ((NOT (X3)) (OR (X1 X2)))) (AND ((OR (X1 (NOT (X2)))) (OR (X2 (AND (X1 X3)))))))))))
(CAPTURE_CANDIDATE (AND ((OR ((AND ((NOT (X3)) (OR (X1 X2)))) (AND (X2 (NOT (X1)) X3)))))))
(CAPTURE_CANDIDATE (AND ((OR ((AND ((NOT (X3)) (OR (X1 X2)))) (AND ((OR (X1 (NOT (X2)))) (OR (X2 (AND ((NOT (X2)) (NOT (X1)) X3)))))))))))
(CAPTURE_CANDIDATE (AND ((OR ((AND ((NOT (X3)) (OR (X1 X2)))) (AND ((OR (X1 (NOT (X2)))) (OR (X2 (NOT (X1)))))))))))
(CAPTURE_CANDIDATE (AND ((OR ((AND ((NOT (X3)) (OR (X1 X2)))) (AND ((OR (X1 (NOT (X2)))) (OR (X2 (AND ((NOT (X3)) (NOT (X1)))))))))))))
(CAPTURE_CANDIDATE (AND ((OR ((AND ((NOT (X3)) (OR (X1 X2)))) (AND (X2 (NOT (X1)) X3)))))))
(CAPTURE_CANDIDATE (AND ((OR ((AND ((NOT (X3)) (OR (X1 X2)))) (AND ((OR (X1 (NOT (X2)))) (OR (X2 (AND ((NOT (X1)) (NOT (X2)) X3)))))))))))
(CAPTURE_CANDIDATE (AND ((OR ((AND ((NOT (X3)) (OR (X1 X2)))) (AND ((OR (X1 (NOT (X2)))) (OR (X2 (AND ((NOT (X1)) X3)))))))))))
(CAPTURE_CANDIDATE (AND ((OR ((AND ((NOT (X3)) (OR (X1 X2)))) (AND ((OR (X1 (NOT (X2)))) (OR (X2 (AND (X1 (NOT (X2)) X3)))))))))))
(CAPTURE_CANDIDATE (AND ((OR ((AND ((NOT (X3)) (OR (X1 X2)))) (AND ((OR (X1 (NOT (X2)))) (OR (X2 (AND ((NOT (X1)) X3)))))))))))
(CAPTURE_CANDIDATE (AND ((OR ((AND ((NOT (X3)) (OR (X1 X2)))) (AND (X2 X1)))))))
(CAPTURE_CANDIDATE (AND ((OR ((AND ((NOT (X3)) (OR (X1 X2)))) (AND ((OR (X1 (NOT (X2)))) (OR (X2 X3)))))))))
(CAPTURE_CANDIDATE (AND ((OR ((AND ((NOT (X3)) (OR (X1 X2)))) (AND ((OR (X1 (NOT (X2)))) (OR (X2 (AND (X1 X3)))))))))))
(CAPTURE_CANDIDATE (AND ((OR ((AND ((NOT (X3)) (OR (X1 X2)))) (AND ((OR (X1 (NOT (X2)))) (OR (X2 (AND (X3 (OR ((NOT (X1)) X2)))))))))))))
(CAPTURE_CANDIDATE (AND ((OR ((AND ((NOT (X3)) (OR (X1 X2)))) (AND ((OR (X1 (NOT (X2)))) (OR (X2 (AND (X3 (OR ((NOT (X1)) (NOT (X2)))))))))))))))
(CAPTURE_CANDIDATE (AND ((OR ((AND ((NOT (X3)) (OR (X1 X2)))) (AND ((OR (X1 (NOT (X2)))) (OR (X2 X3)))))))))
(CAPTURE_CANDIDATE (AND ((OR ((AND ((NOT (X3)) (OR (X1 X2)))) (AND ((OR (X1 (NOT (X2)))) (OR (X2 (AND (X3 (NOT (X1)))))))))))))
(CAPTURE_CANDIDATE (AND ((OR ((AND ((NOT (X3)) (OR (X1 X2)))) (AND ((OR (X1 (NOT (X2)))) (OR (X2 (AND ((NOT (X1)) X3)))))))))))
(CAPTURE_CANDIDATE (AND ((OR ((AND ((NOT (X3)) (OR (X1 X2)))) (AND ((OR (X1 (NOT (X2)))) (OR (X2 (AND (X3 (OR ((NOT (X1)) X1)))))))))))))
(CAPTURE_CANDIDATE (AND ((OR ((AND ((NOT (X3)) (OR (X1 X2)))) (AND ((OR (X1 (NOT (X2)))) (OR (X2 (AND (X3 (OR ((NOT (X1)) (AND (X1 X2)))))))))))))))
(CAPTURE_CANDIDATE (AND ((OR ((AND ((NOT (X3)) (OR (X1 X2)))) (AND ((OR (X1 (NOT (X2)))) (OR (X2 (AND (X3 (OR ((NOT (X1)) (NOT (X1)) (NOT (X2)))))))))))))))
(CAPTURE_CANDIDATE (AND ((OR ((AND ((NOT (X3)) (OR (X1 X2)))) (AND ((OR (X1 (NOT (X2)))) (OR (X2 (AND (X3 (OR ((NOT (X1)) (NOT (X2)))))))))))))))
(CAPTURE_CANDIDATE (AND ((OR ((AND ((NOT (X3)) (OR (X1 X2)))) (AND ((OR (X1 (NOT (X2)))) (OR (X2 (AND (X3 (OR ((NOT (X1)) X2)))))))))))))
(CAPTURE_CANDIDATE (AND ((OR ((AND ((NOT (X3)) (OR (X1 X2)))) (AND ((OR (X1 (NOT (X2)))) (OR (X2 (AND ((NOT (X1)) X3)))))))))))
(CAPTURE_CANDIDATE (AND ((OR ((AND ((NOT (X3)) (OR (X1 X2)))) (AND ((OR (X1 (NOT (X2)))) (OR (X2 (NOT (X1)))))))))))
(CAPTURE_CANDIDATE (AND ((OR ((AND ((NOT (X3)) (OR (X1 X2)))) (AND ((OR (X1 (NOT (X2)))) (OR (X2 (AND ((NOT (X1)) (OR (X3 X2)))))))))))))
(CAPTURE_CANDIDATE (AND ((OR ((AND ((NOT (X3)) (OR (X1 X2)))) (AND ((OR (X1 (NOT (X2)))) (OR (X2 (AND ((NOT (X1)) (OR (X3 (NOT (X2)))))))))))))))
(CAPTURE_CANDIDATE (AND ((OR ((AND ((NOT (X3)) (OR (X1 X2)))) (AND ((OR (X1 (NOT (X2)))) (OR (X2 (AND ((NOT (X1)) (OR (X3 X2)))))))))))))
(CAPTURE_CANDIDATE (AND ((OR ((AND ((NOT (X3)) (OR (X1 X2)))) (AND ((OR (X1 (NOT (X2)))) (OR (X2 (AND ((NOT (X1)) (OR (X3 (NOT (X2)))))))))))))))
(CAPTURE_CANDIDATE (AND ((OR ((AND ((NOT (X3)) (OR (X1 X2)))) (AND ((OR (X1 (NOT (X2)))) (OR (X2 (AND ((NOT (X1)) X3 (NOT (X1)))))))))))))
(CAPTURE_CANDIDATE (AND ((OR ((AND ((NOT (X3)) (OR (X1 X2)))) (AND ((OR (X1 (NOT (X2)))) (OR (X2 (AND ((NOT (X1)) (OR (X3 (NOT (X3)))))))))))))))
(CAPTURE_CANDIDATE (AND ((OR ((AND ((NOT (X3)) (OR (X1 X2)))) (AND (X2 (NOT (X1)) X3)))))))
(CAPTURE_CANDIDATE (AND ((OR ((AND ((NOT (X3)) (OR (X1 X2)))) (AND ((OR (X1 (NOT (X2)))) (OR (X2 (AND ((NOT (X1)) (OR (X3 (NOT (X2)) (NOT (X3)))))))))))))))
(CAPTURE_CANDIDATE (AND ((OR ((AND ((NOT (X3)) (OR (X1 X2)))) (AND (X2 X1)))))))
(CAPTURE_CANDIDATE (AND ((OR ((AND ((NOT (X3)) (OR (X1 X2)))) (AND ((OR (X1 (NOT (X2)))) (OR (X2 (AND ((NOT (X1)) X3)))))))))))
(CAPTURE_CANDIDATE (AND ((OR ((AND ((NOT (X3)) (OR (X1 X2)))) (AND (X2 (NOT (X1)) X3)))))))
(CAPTURE_CANDIDATE (AND ((OR ((AND ((NOT (X3)) (OR (X1 X2)))) (AND ((OR (X1 (NOT (X2)))) (OR (X2 (AND ((NOT (X1)) X3 (NOT (X2)))))))))))))
(CAPTURE_CANDIDATE (AND ((OR ((AND ((NOT (X3)) (OR (X1 X2)))) (AND ((OR (X1 (NOT (X2)))) (OR (X2 (AND ((NOT (X1)) X3)))))))))))
(CAPTURE_CANDIDATE (AND ((OR ((AND ((NOT (X3)) (OR (X1 X2)))) (AND (X2 X1)))))))
(CAPTURE_CANDIDATE (AND ((OR ((AND ((NOT (X3)) (OR (X1 X2)))) (AND ((OR (X1 (NOT (X2)))) (OR (X2 (AND ((NOT (X1)) X3)))))))))))
(CAPTURE_CANDIDATE (AND ((OR ((AND ((NOT (X3)) (OR (X1 X2)))) (AND ((OR (X1 (NOT (X2)))) (OR (X2 (AND ((NOT (X1)) X3)))))))))))
(CAPTURE_CANDIDATE (AND ((OR ((AND ((NOT (X3)) (OR (X1 X2)))) (AND (X2 (NOT (X1)) X3)))))))
(CAPTURE_CANDIDATE (AND ((OR ((AND ((NOT (X3)) (OR (X1 X2)))) (AND ((OR (X1 (NOT (X2)))) (OR (X2 (AND ((NOT (X1)) X3 (NOT (X2)))))))))))))
(CAPTURE_CANDIDATE (AND ((OR ((AND ((NOT (X3)) (OR (X1 X2)))) (AND (X2 X1)))))))
(CAPTURE_CANDIDATE (AND ((OR ((AND ((NOT (X3)) (OR (X1 X2)))) (AND ((OR (X1 (NOT (X2)))) (OR (X2 (AND ((NOT (X1)) X3)))))))))))
(CAPTURE_CANDIDATE (AND ((OR ((AND ((NOT (X3)) (OR (X1 X2)))) (AND ((OR (X1 (NOT (X2)))) (OR (X2 (AND ((NOT (X1)) X3)) X1)))))))))
(CAPTURE_CANDIDATE (AND ((OR ((AND ((NOT (X3)) (OR (X1 X2)))) (AND ((OR (X1 (NOT (X2)))) (OR (X2 (AND ((NOT (X1)) X3)) (NOT (X1)))))))))))
(CAPTURE_CANDIDATE (AND ((OR ((AND ((NOT (X3)) (OR (X1 X2)))) (AND ((OR (X1 (NOT (X2)))) (OR (X2 (AND ((NOT (X1)) X3)) X2)))))))))
(CAPTURE_CANDIDATE (AND ((OR ((AND ((NOT (X3)) (OR (X1 X2)))) (AND ((OR (X1 (NOT (X2)))) (OR (X2 (AND ((NOT (X1)) X3)) (NOT (X2)))))))))))
(CAPTURE_CANDIDATE (AND ((OR ((AND ((NOT (X3)) (OR (X1 X2)))) (AND ((OR (X1 (NOT (X2)))) (OR (X2 (AND ((NOT (X1)) X3)) X3)))))))))
(CAPTURE_CANDIDATE (AND ((OR ((AND ((NOT (X3)) (OR (X1 X2)))) (AND ((OR (X1 (NOT (X2)))) (OR (X2 (AND ((NOT (X1)) X3)) (NOT (X3)))))))))))
(CAPTURE_CANDIDATE (AND ((OR ((AND ((NOT (X3)) (OR (X1 X2)))) (AND ((OR (X1 (NOT (X2)))) (OR (X2 (AND ((NOT (X1)) X3)) X2 X3)))))))))
(CAPTURE_CANDIDATE (AND ((OR ((AND ((NOT (X3)) (OR (X1 X2)))) (AND ((OR (X1 (NOT (X2)))) (OR (X2 (AND ((NOT (X1)) X3)) (AND ((NOT (X2)) (NOT (X3)))))))))))))
(CAPTURE_CANDIDATE (AND ((OR ((AND ((NOT (X3)) (OR (X1 X2)))) (AND ((OR (X1 (NOT (X2)))) (OR (X2 (AND ((NOT (X1)) X3)) X1 X3)))))))))
(CAPTURE_CANDIDATE (AND ((OR ((AND ((NOT (X3)) (OR (X1 X2)))) (AND ((OR (X1 (NOT (X2)))) (OR (X2 (AND ((NOT (X1)) X3)) (AND ((NOT (X1)) (NOT (X3)))))))))))))
(CAPTURE_CANDIDATE (AND ((OR ((AND ((NOT (X3)) (OR (X1 X2)))) (AND ((OR (X1 (NOT (X2)))) (OR (X2 (AND ((NOT (X1)) X3)) (NOT (X1)) X2)))))))))
(CAPTURE_CANDIDATE (AND ((OR ((AND ((NOT (X3)) (OR (X1 X2)))) (AND ((OR (X1 (NOT (X2)))) (OR (X2 (AND ((NOT (X1)) X3)) (AND (X1 (NOT (X2)))))))))))))
(CAPTURE_CANDIDATE (AND ((OR ((AND ((NOT (X3)) (OR (X1 X2)))) (AND (X1 X2)))))))
(CAPTURE_CANDIDATE (AND ((OR ((AND ((NOT (X3)) (OR (X1 X2)))) (AND ((NOT (X1)) (NOT (X2)) X3)))))))
(CAPTURE_CANDIDATE (AND ((OR ((AND ((NOT (X3)) (OR (X1 X2)))) (AND (X2 X1)))))))
(CAPTURE_CANDIDATE (AND ((OR ((AND ((NOT (X3)) (OR (X1 X2)))) (AND ((NOT (X2)) (NOT (X1)) X3)))))))
(CAPTURE_CANDIDATE (AND ((OR ((AND ((NOT (X3)) (OR (X1 X2)))) (AND (X3 (OR (X1 (NOT (X2)))) (OR (X2 (NOT (X1)))))))))))
(CAPTURE_CANDIDATE (AND ((NOT (X3)) (OR ((AND (X2 X1)) X1 X2)))))
(CAPTURE_CANDIDATE (AND ((OR ((AND ((NOT (X3)) (OR (X1 X2)))) (AND ((NOT (X1)) X2)))))))
(CAPTURE_CANDIDATE (AND ((OR ((AND ((NOT (X3)) (OR (X1 X2)))) (AND ((OR (X1 (NOT (X2)))) (OR (X2 (AND ((NOT (X1)) X3)))) (OR (X1 (NOT (X2)))))))))))
(CAPTURE_CANDIDATE (AND ((OR ((AND ((NOT (X3)) (OR (X1 X2)))) (AND (X2 X3 X1)))))))
(CAPTURE_CANDIDATE (AND ((OR ((AND ((NOT (X3)) (OR (X1 X2)))) (AND ((OR (X1 (NOT (X2)))) (OR (X2 (AND ((NOT (X1)) X3)))) (OR ((NOT (X2)) (NOT (X3)))))))))))
(CAPTURE_CANDIDATE (AND ((OR ((AND ((NOT (X3)) (OR (X1 X2)))) (AND ((NOT (X1)) X3 (NOT (X2)))))))))
(CAPTURE_CANDIDATE (AND ((OR ((AND ((NOT (X3)) (OR (X1 X2)))) (AND ((OR (X1 (NOT (X2)))) (OR (X2 (AND ((NOT (X1)) X3)))) (OR (X1 (NOT (X3)))))))))))
(CAPTURE_CANDIDATE (AND ((OR ((AND ((NOT (X3)) (OR (X1 X2)))) (AND ((OR (X1 (NOT (X2)))) (OR (X2 (AND ((NOT (X1)) X3)))))) X1)))))
(CAPTURE_CANDIDATE (AND ((OR ((AND ((NOT (X3)) (OR (X1 X2)))) (AND ((OR (X1 (NOT (X2)))) (OR (X2 (AND ((NOT (X1)) X3)))))) (NOT (X1)))))))
(CAPTURE_CANDIDATE (AND ((OR ((AND ((NOT (X3)) (OR (X1 X2)))) (AND ((OR (X1 (NOT (X2)))) (OR (X2 (AND ((NOT (X1)) X3)))))) X2)))))
(CAPTURE_CANDIDATE (AND ((OR ((AND ((NOT (X3)) (OR (X1 X2)))) (AND ((OR (X1 (NOT (X2)))) (OR (X2 (AND ((NOT (X1)) X3)))))) (NOT (X2)))))))
(CAPTURE_CANDIDATE (AND ((OR ((AND ((NOT (X3)) (OR (X1 X2)))) (AND ((OR (X1 (NOT (X2)))) (OR (X2 (AND ((NOT (X1)) X3)))))) X3)))))
(CAPTURE_CANDIDATE (AND ((OR ((AND ((NOT (X3)) (OR (X1 X2)))) (AND ((OR (X1 (NOT (X2)))) (OR (X2 (AND ((NOT (X1)) X3)))))) (NOT (X3)))))))
(CAPTURE_CANDIDATE (AND ((OR ((AND ((NOT (X3)) (OR (X1 X2)))) (AND ((OR (X1 (NOT (X2)))) (OR (X2 (AND ((NOT (X1)) X3)))))) X1 X3)))))
(CAPTURE_CANDIDATE (AND ((OR ((AND ((NOT (X3)) (OR (X1 X2)))) (AND ((OR (X1 (NOT (X2)))) (OR (X2 (AND ((NOT (X1)) X3)))))) (AND ((NOT (X1)) (NOT (X3)))))))))
(CAPTURE_CANDIDATE (AND ((OR ((AND ((NOT (X3)) (OR (X1 X2)))) (AND ((OR (X1 (NOT (X2)))) (OR (X2 (AND ((NOT (X1)) X3)))))) (NOT (X1)) X2)))))
(CAPTURE_CANDIDATE (AND ((OR ((AND ((NOT (X3)) (OR (X1 X2)))) (AND ((OR (X1 (NOT (X2)))) (OR (X2 (AND ((NOT (X1)) X3)))))) (AND (X1 (NOT (X2)))))))))
(CAPTURE_CANDIDATE (AND ((OR ((AND ((NOT (X3)) (OR (X1 X2)))) (AND ((OR (X1 (NOT (X2)))) (OR (X2 (AND ((NOT (X1)) X3)))))) (NOT (X2)) X3)))))
(CAPTURE_CANDIDATE (AND ((OR ((AND ((NOT (X3)) (OR (X1 X2)))) (AND ((OR (X1 (NOT (X2)))) (OR (X2 (AND ((NOT (X1)) X3)))))) (AND (X2 (NOT (X3)))))))))
(CAPTURE_CANDIDATE (AND (X1 (OR ((NOT (X3)) X2)))))
(CAPTURE_CANDIDATE (AND ((NOT (X1)) (OR ((AND ((NOT (X3)) X2)) (AND ((NOT (X2)) X3)))))))
(CAPTURE_CANDIDATE (AND (X2 (OR ((NOT (X3)) X1)))))
(CAPTURE_CANDIDATE (AND ((NOT (X2)) (OR ((AND ((NOT (X3)) X1)) (AND ((NOT (X1)) X3)))))))
(CAPTURE_CANDIDATE (AND (X3 (OR (X1 (NOT (X2)))) (OR (X2 (NOT (X1)))))))
(CAPTURE_CANDIDATE (AND ((NOT (X3)) (OR ((AND (X2 X1)) X1 X2)))))
(CAPTURE_CANDIDATE (AND ((NOT (X1)) X2 (NOT (X3)))))
(CAPTURE_CANDIDATE (AND ((OR ((AND ((NOT (X3)) (OR (X1 X2)))) (AND ((OR (X1 (NOT (X2)))) (OR (X2 (AND ((NOT (X1)) X3)))))))) (OR (X1 (NOT (X2)))))))
(CAPTURE_CANDIDATE (AND (X1 X2)))
(CAPTURE_CANDIDATE (AND ((OR ((AND ((NOT (X3)) (OR (X1 X2)))) (AND ((OR (X1 (NOT (X2)))) (OR (X2 (AND ((NOT (X1)) X3)))))))) (OR ((NOT (X1)) (NOT (X2)))))))
(CAPTURE_CANDIDATE (AND (X1 X3 X2)))
(CAPTURE_CANDIDATE (AND ((OR ((AND ((NOT (X3)) (OR (X1 X2)))) (AND ((OR (X1 (NOT (X2)))) (OR (X2 (AND ((NOT (X1)) X3)))))))) (OR ((NOT (X1)) (NOT (X3)))))))
(CAPTURE_CANDIDATE (AND ((OR (X1 (AND ((NOT (X3)) (OR (X1 X2)))) (AND ((OR (X1 (NOT (X2)))) (OR (X2 (AND ((NOT (X1)) X3)))))))))))
(CAPTURE_CANDIDATE (AND ((OR ((NOT (X1)) (AND ((NOT (X3)) (OR (X1 X2)))) (AND ((OR (X1 (NOT (X2)))) (OR (X2 (AND ((NOT (X1)) X3)))))))))))
(CAPTURE_CANDIDATE (AND ((OR (X2 (AND ((NOT (X3)) (OR (X1 X2)))) (AND ((OR (X1 (NOT (X2)))) (OR (X2 (AND ((NOT (X1)) X3)))))))))))
(CAPTURE_CANDIDATE (AND ((OR ((NOT (X2)) (AND ((NOT (X3)) (OR (X1 X2)))) (AND ((OR (X1 (NOT (X2)))) (OR (X2 (AND ((NOT (X1)) X3)))))))))))
(CAPTURE_CANDIDATE (AND ((OR (X3 (AND ((NOT (X3)) (OR (X1 X2)))) (AND ((OR (X1 (NOT (X2)))) (OR (X2 (AND ((NOT (X1)) X3)))))))))))
(CAPTURE_CANDIDATE (AND ((OR ((NOT (X3)) (AND ((NOT (X3)) (OR (X1 X2)))) (AND ((OR (X1 (NOT (X2)))) (OR (X2 (AND ((NOT (X1)) X3)))))))))))
(CAPTURE_CANDIDATE (AND ((OR ((AND ((NOT (X3)) (OR (X1 X2)))) (AND ((OR (X1 (NOT (X2)))) (OR (X2 (AND ((NOT (X1)) X3)))))) (NOT (X1)) X2)))))
(CAPTURE_CANDIDATE (AND ((OR ((AND (X1 (NOT (X2)))) (AND ((NOT (X3)) (OR (X1 X2)))) (AND ((OR (X1 (NOT (X2)))) (OR (X2 (AND ((NOT (X1)) X3)))))))))))
(CAPTURE_CANDIDATE (AND ((OR ((AND ((NOT (X3)) (OR (X1 X2)))) (AND ((OR (X1 (NOT (X2)))) (OR (X2 (AND ((NOT (X1)) X3)))))) (NOT (X1)) X3)))))
(CAPTURE_CANDIDATE (AND ((OR ((AND (X1 (NOT (X3)))) (AND ((NOT (X3)) (OR (X1 X2)))) (AND ((OR (X1 (NOT (X2)))) (OR (X2 (AND ((NOT (X1)) X3)))))))))))
(CAPTURE_CANDIDATE (AND ((OR ((AND ((NOT (X3)) (OR (X1 X2)))) (AND ((OR (X1 (NOT (X2)))) (OR (X2 (AND ((NOT (X1)) X3)))))) X2 X3)))))
(CAPTURE_CANDIDATE (AND ((OR ((AND ((NOT (X2)) (NOT (X3)))) (AND ((NOT (X3)) (OR (X1 X2)))) (AND ((OR (X1 (NOT (X2)))) (OR (X2 (AND ((NOT (X1)) X3)))))))))))
(CAPTURE_CANDIDATE (AND ((OR ((AND ((NOT (X3)) (OR (X1 X2)))) (AND ((OR (X1 (NOT (X2)))) (OR (X2 (AND ((NOT (X1)) X3 (NOT (X1)))))))))))))
(CAPTURE_CANDIDATE (AND ((OR ((AND ((NOT (X3)) (OR (X1 X2)))) (AND ((OR (X1 (NOT (X2)))) (OR (X2 (AND ((NOT (X1)) X3)))))))))))
(CAPTURE_CANDIDATE (AND ((OR ((AND ((NOT (X3)) (OR (X1 X2)))) (AND (X3 (OR (X1 (NOT (X2)))) (OR (X2 (AND ((NOT (X1)) (NOT (X1)))))))))))))
(CAPTURE_CANDIDATE (AND ((OR ((AND ((NOT (X3)) (OR (X1 X2)))) (AND ((OR (X1 (NOT (X2)))) (OR (X2 (AND ((NOT (X1)) X3)))))))))))
(CAPTURE_CANDIDATE (AND ((OR ((AND ((NOT (X3)) (OR (X1 X2)))) (AND ((OR (X1 (NOT (X2)))) (OR (X2 (AND ((NOT (X1)) X3)))))))))))
(CAPTURE_CANDIDATE (AND ((OR ((AND ((NOT (X3)) (OR (X1 X2)))) (AND (X3 (OR (X1 (NOT (X2)))) (OR (X2 (NOT (X1)))))))))))
(CAPTURE_CANDIDATE (AND ((OR ((AND ((NOT (X3)) (OR (X1 X2)))) (AND ((OR (X1 (NOT (X2)))) (OR (X2 (AND ((NOT (X1)) X3)))))))))))
(CAPTURE_CANDIDATE (AND ((OR ((AND ((NOT (X3)) (OR (X1 X2)))) (AND (X3 (OR (X1 (NOT (X2)))) (OR (X2 (NOT (X1)))))))))))
(CAPTURE_CANDIDATE (AND ((OR ((AND ((NOT (X3)) (OR (X1 X2)))) (AND (X3 (OR (X1 (NOT (X2)))) (OR (X2 (NOT (X1)))))))))))
(CAPTURE_CANDIDATE (AND ((OR ((AND ((NOT (X3)) (OR (X1 X2)))) (AND ((OR (X1 (NOT (X2)))) (OR (X2 (AND ((NOT (X1)) X3)))))))))))
(CAPTURE_CANDIDATE (AND ((OR ((AND ((NOT (X3)) (OR (X1 X2)))) (AND ((OR (X1 (NOT (X2)))) (OR (X2 (AND ((NOT (X1)) X3)))))))))))
(CAPTURE_CANDIDATE (AND ((OR ((AND ((NOT (X3)) (OR (X1 X2)))) (AND (X3 (OR (X1 (NOT (X2)))) (OR (X2 (NOT (X1)))))))))))
(CAPTURE_CANDIDATE (AND ((OR ((AND ((NOT (X3)) (OR (X1 X2)))) (AND ((OR (X1 (NOT (X2)))) (OR (X2 (AND ((NOT (X1)) X3)))))))))))
(CAPTURE_CANDIDATE (AND ((OR ((AND ((NOT (X3)) (OR (X1 X2)))) (AND (X3 (OR (X1 (NOT (X2)))) (OR (X2 (NOT (X1)))))))))))
(CAPTURE_CANDIDATE (AND ((OR ((AND ((NOT (X3)) (OR (X1 X2)))) (AND (X3 (OR (X1 (NOT (X2)))) (OR (X2 (NOT (X1)))))))))))
(CAPTURE_CANDIDATE (AND ((OR ((AND ((NOT (X3)) (OR (X1 X2)))) (AND (X3 (OR (X1 (NOT (X2)))) (OR (X2 (NOT (X1)))))))))))
(CAPTURE_CANDIDATE (AND ((OR ((AND ((NOT (X3)) (OR (X1 X2)))) (AND (X3 (OR (X1 (NOT (X2)))) (OR (X2 (NOT (X1)))))))))))
(CAPTURE_CANDIDATE (AND ((OR ((AND ((NOT (X3)) (OR (X1 X2)))) (AND ((OR (X1 (NOT (X2)))) (OR (X2 (AND ((NOT (X1)) X3)))))))))))
(CAPTURE_CANDIDATE (AND ((OR ((AND ((NOT (X3)) (OR (X1 X2)))) (AND (X3 (OR (X1 (NOT (X2)))) (OR (X2 (NOT (X1)))))))))))
(CAPTURE_CANDIDATE (AND ((OR ((AND ((NOT (X3)) (OR (X1 X2)))) (AND ((OR (X1 (NOT (X2)))) (OR (X2 (AND ((NOT (X1)) X3)))))))))))
(CAPTURE_CANDIDATE (AND ((OR ((AND ((NOT (X3)) (OR (X1 X2)))) (AND ((OR (X1 (NOT (X2)))) (OR (X2 (AND ((NOT (X1)) X3)))))))))))
(CAPTURE_CANDIDATE (AND ((OR ((AND ((NOT (X3)) (OR (X1 X2)))) (AND ((OR (X1 (NOT (X2)))) (OR (X2 (AND ((NOT (X1)) X3 X3)))))))))))
(CAPTURE_CANDIDATE (AND ((OR ((AND ((NOT (X3)) (OR (X1 X2)))) (AND ((OR (X1 (NOT (X2)))) (OR (X2 (AND ((NOT (X1)) X3)))))))))))
(CAPTURE_CANDIDATE (AND ((OR ((AND ((NOT (X3)) (OR (X1 X2)))) (AND (X3 (OR (X1 (NOT (X2)))) (OR (X2 (NOT (X1)))))))))))
(CAPTURE_CANDIDATE (AND ((OR ((AND ((NOT (X3)) (OR (X1 X2)))) (AND ((OR (X1 (NOT (X2)))) (OR (X2 (AND ((NOT (X1)) X3)))))))))))
(CAPTURE_CANDIDATE (AND ((OR ((AND ((NOT (X3)) (OR (X1 X2)))) (AND (X2 X1)))))))
(CAPTURE_CANDIDATE (AND ((OR ((AND ((NOT (X3)) (OR (X1 X2)))) (AND ((OR (X1 (NOT (X2)))) (OR (X2 (AND ((NOT (X1)) X3)))))))))))
(CAPTURE_CANDIDATE (AND ((OR ((AND ((NOT (X3)) (OR (X1 X2)))) (AND ((OR (X1 (NOT (X2)))) (OR (X2 (AND ((NOT (X1)) X3)))))))))))
(CAPTURE_CANDIDATE (AND ((OR ((AND ((NOT (X3)) (OR (X1 X2)))) (AND ((OR (X1 (NOT (X2)))) (OR (X2 (AND ((NOT (X1)) X3)))))))))))
(CAPTURE_CANDIDATE (AND ((OR ((AND ((NOT (X3)) (OR (X1 X2)))) (AND (X3 (OR (X1 (NOT (X2)))) (OR (X2 (NOT (X1)))))))))))
(CAPTURE_CANDIDATE (AND ((OR ((AND ((NOT (X3)) (OR (X1 X2)))) (AND ((OR (X1 (NOT (X2)))) (OR (X2 (AND ((NOT (X1)) X3)))))))))))
(CAPTURE_CANDIDATE (AND ((OR ((AND ((NOT (X3)) (OR (X1 X2)))) (AND ((OR (X1 (NOT (X2)))) (OR (X2 (AND ((NOT (X1)) X3)))))))))))
(CAPTURE_CANDIDATE (AND ((OR ((AND ((NOT (X3)) (OR (X1 X2)))) (AND ((OR (X1 (NOT (X2)))) (OR (X2 (AND ((NOT (X1)) X3)))))))))))
(CAPTURE_CANDIDATE (AND ((OR ((AND ((NOT (X3)) (OR (X1 X2)))) (AND ((OR (X1 (NOT (X2)))) (OR (X2 (AND ((NOT (X1)) X3)))))))))))
(CAPTURE_CANDIDATE (AND ((OR ((AND ((NOT (X3)) (OR (X1 X2)))) (AND ((OR (X1 (NOT (X2)))) (OR (X2 (AND ((NOT (X1)) X3)))))))))))
(CAPTURE_CANDIDATE (AND ((OR ((AND ((NOT (X3)) (OR (X1 X2)))) (AND ((OR (X1 (NOT (X2)))) (OR (X2 (AND ((NOT (X1)) X3)))))))))))
(CAPTURE_CANDIDATE (AND ((OR ((AND ((NOT (X3)) (OR (X1 X2)))) (AND (X3 (OR (X1 (NOT (X2)))) (OR (X2 (NOT (X1)))))))))))
(CAPTURE_CANDIDATE (AND ((OR ((AND ((NOT (X3)) (OR (X1 X2)))) (AND ((OR (X1 (NOT (X2)))) (OR (X2 (AND (X3 (NOT (X1)))))))))))))
(CAPTURE_CANDIDATE (AND ((OR ((AND ((NOT (X3)) (OR (X1 X2)))) (AND (X2 X1)))))))
(CAPTURE_CANDIDATE (AND ((OR ((AND ((NOT (X3)) (OR (X1 X2)))) (AND ((OR (X1 (NOT (X2)))) (OR (X2 (AND (X3 (NOT (X1)))))))))))))
(CAPTURE_CANDIDATE (AND ((OR ((AND ((NOT (X3)) (OR (X1 X2)))) (AND ((OR (X1 (NOT (X2)))) (OR (X2 (AND (X3 (NOT (X1)))))))))))))
(CAPTURE_CANDIDATE (AND ((OR ((AND ((NOT (X3)) (OR (X1 X2)))) (AND ((OR (X1 (NOT (X2)))) (OR (X2 (AND (X3 (NOT (X1)))))))))))))
(CAPTURE_CANDIDATE (AND ((OR ((AND ((NOT (X3)) (OR (X1 X2)))) (AND ((OR (X1 (NOT (X2)))) (OR (X2 (AND ((OR ((NOT (X1)) (NOT (X3)))) (OR (X3 X1)))))))))))))
(CAPTURE_CANDIDATE (AND ((OR ((AND ((NOT (X3)) (OR (X1 X2)))) (AND ((OR (X1 (NOT (X2)))) (OR (X2 (AND (X3 (NOT (X1)))))))))))))
(CAPTURE_CANDIDATE (AND ((OR ((AND ((NOT (X3)) (OR (X1 X2)))) (AND (X3 (OR (X1 (NOT (X2)))) (OR (X2 (NOT (X1)))))))))))
(CAPTURE_CANDIDATE (AND ((OR ((AND ((NOT (X3)) (OR (X1 X2)))) (AND ((OR (X1 (NOT (X2)))) (OR (X2 (AND ((NOT (X1)) X3)))))))))))
(CAPTURE_CANDIDATE (AND ((OR ((AND ((NOT (X3)) (OR (X1 X2)))) (AND ((OR (X1 (NOT (X2)))) (OR (X2 (AND ((NOT (X1)) X3)))))))))))
(CAPTURE_CANDIDATE (AND ((OR ((AND ((NOT (X3)) (OR (X1 X2)))) (AND ((OR (X1 (NOT (X2)))) (OR (X2 (AND ((NOT (X1)) X3)))))))))))
(CAPTURE_CANDIDATE (AND ((OR ((AND ((NOT (X3)) (OR (X1 X2)))) (AND (X3 (OR (X1 (NOT (X2)))) (OR (X2 (NOT (X1)))))))))))
(CAPTURE_CANDIDATE (AND ((OR ((AND ((NOT (X3)) (OR (X1 X2)))) (AND (X3 (OR (X1 (NOT (X2)))) (OR (X2 (NOT (X1)))))))))))
(CAPTURE_CANDIDATE (AND ((OR ((AND ((NOT (X3)) (OR (X1 X2)))) (AND (X3 (OR (X1 (NOT (X2)))) (OR (X2 (NOT (X1)))))))))))
(CAPTURE_CANDIDATE (AND ((OR ((AND ((NOT (X3)) (OR (X1 X2)))) (AND (X3 (OR (X1 (NOT (X2)))) (OR (X2 (NOT (X1)))))))))))
(CAPTURE_CANDIDATE (AND ((OR ((AND ((NOT (X3)) (OR (X1 X2)))) (AND (X3 (OR (X1 (NOT (X2)))) (OR (X2 (NOT (X1)))))))))))
(CAPTURE_CANDIDATE (AND ((OR ((AND ((NOT (X3)) (OR (X1 X2)))) (AND (X3 (OR (X1 (NOT (X2)))) (OR (X2 (NOT (X1)))))))))))
(CAPTURE_CANDIDATE (AND ((OR ((AND ((NOT (X3)) (OR (X1 X2)))) (AND (X3 (OR (X1 (NOT (X2)))) (OR (X2 (NOT (X1)))))))))))
(CAPTURE_CANDIDATE (AND ((OR ((AND ((NOT (X3)) (OR (X1 X2)))) (AND (X3 (OR (X1 (NOT (X2)))) (OR (X2 (NOT (X1)))))))))))
(CAPTURE_CANDIDATE (AND ((OR ((AND ((NOT (X3)) (OR (X1 X2)))) (AND (X3 (OR (X1 (NOT (X2)))) (OR (X2 (NOT (X1)))))))))))
(CAPTURE_CANDIDATE (AND ((OR ((AND ((NOT (X3)) (OR (X1 X2)))) (AND (X3 (OR (X1 (NOT (X2)))) (OR (X2 (NOT (X1)))))))))))
(CAPTURE_CANDIDATE (AND ((OR ((AND ((NOT (X3)) (OR (X1 X2)))) (AND (X3 (OR (X1 (NOT (X2)))) (OR (X2 (NOT (X1)))))))))))
(CAPTURE_CANDIDATE (AND ((OR ((AND ((NOT (X3)) (OR (X1 X2)))) (AND (X3 (OR (X1 (NOT (X2)))) (OR (X2 (NOT (X1)))))))))))
(CAPTURE_CANDIDATE (AND ((OR ((AND ((NOT (X3)) (OR (X1 X2)))) (AND (X3 (OR (X1 (NOT (X2)))) (OR (X2 (NOT (X1)))))))))))
(CAPTURE_CANDIDATE (AND ((OR ((AND ((NOT (X3)) (OR (X1 X2)))) (AND (X3 (OR (X1 (NOT (X2)))) (OR (X2 (NOT (X1)))))))))))
(CAPTURE_CANDIDATE (AND ((OR ((AND ((NOT (X3)) (OR (X1 X2)))) (AND (X3 (OR (X1 (NOT (X2)))) (OR (X2 (NOT (X1)))))))))))
(CAPTURE_CANDIDATE (AND ((OR ((AND ((NOT (X3)) (OR (X1 X2)))) (AND (X3 (OR (X1 (NOT (X2)))) (OR (X2 (NOT (X1)))))))))))
(CAPTURE_CANDIDATE (AND ((OR ((AND ((NOT (X3)) (OR (X1 X2)))) (AND (X3 (OR (X1 (NOT (X2)))) (OR (X2 (NOT (X1)))))))))))
(CAPTURE_CANDIDATE (AND (X3 (OR (X1 (NOT (X2)))) (OR (X2 (NOT (X1)))))))
(CAPTURE_CANDIDATE (AND ((NOT (X2)) (OR ((AND ((NOT (X3)) X1)) (AND (X3 (NOT (X1)))))))))
(CAPTURE_CANDIDATE (AND ((NOT (X1)) (OR ((AND ((NOT (X3)) X2)) (AND (X3 (NOT (X2)))))))))
(CAPTURE_CANDIDATE (AND ((OR ((AND ((NOT (X3)) (OR (X1 X2)))) (AND ((OR (X1 (NOT (X2)))) (OR (X2 (AND ((NOT (X1)) X3)))) (OR (X2 X3)))))))))
(CAPTURE_CANDIDATE (AND ((OR ((AND ((NOT (X3)) (OR (X1 X2)))) (AND ((OR (X1 (NOT (X2)))) (OR (X2 (AND ((NOT (X1)) X3)))) (OR (X1 X3)))))))))
(CAPTURE_CANDIDATE (AND ((OR ((AND ((NOT (X3)) (OR (X1 X2)))) (AND (X3 X2 X1)))))))
(CAPTURE_CANDIDATE (AND ((OR ((AND ((NOT (X3)) (OR (X1 X2)))) (AND (X3 X2 X1)))))))
(CAPTURE_CANDIDATE (AND ((OR ((AND ((NOT (X3)) (OR (X1 X2)))) (AND (X3 X2 X1)))))))
(CAPTURE_CANDIDATE (AND ((OR ((AND ((NOT (X3)) (OR (X1 X2)))) (AND (X3 X2 X1)))))))
(CAPTURE_CANDIDATE (AND ((OR ((AND ((NOT (X3)) (OR (X1 X2)))) (AND (X2 X3 X1)))))))
(CAPTURE_CANDIDATE (AND ((OR ((AND ((NOT (X3)) (OR (X1 X2)))) (AND (X1 X3 X2)))))))
(CAPTURE_CANDIDATE (AND ((OR ((AND ((NOT (X3)) (OR (X1 X2)))) (AND (X1 X3 X2)))))))
(CAPTURE_CANDIDATE (AND ((OR ((AND ((NOT (X3)) (OR (X1 X2)))) (AND (X2 X1 X3)))))))
(New best score: -3.2857142857142856)
(Terminating because score hasn't improved)
(Terminating because score hasn't improved)
(Terminating because score hasn't improved)
(OptimizedDeme: 381)
"Merging Deme"
(Demesize: 381)
(nEval: 10000 LenSInstList: 381)
(TopCnd: 381)
(Keep 100 Unique instances from 381)
(KeptUniqueTopCandidates NewSize: 100)
(TrimmedDownDeme: 100)
(CAPTURE_CANDIDATE (AND ((OR ((AND ((NOT (X3)) (OR (X1 X2)))) (AND ((OR (X1 (NOT (X2)))) (OR (X2 (AND ((NOT (X1)) X3)))))))))))
(CAPTURE_CANDIDATE (AND ((OR ((AND ((NOT (X3)) (OR (X1 X2)))) (AND (X3 (OR (X1 (NOT (X2)))) (OR (X2 (NOT (X1)))))))))))
(CAPTURE_CANDIDATE (AND ((OR ((AND ((NOT (X3)) (OR (X1 X2)))) (AND ((OR (X1 (NOT (X2)))) (OR (X2 (AND ((NOT (X1)) X3)))))))))))
(CAPTURE_CANDIDATE (AND ((OR ((AND ((NOT (X3)) (OR (X1 X2)))) (AND (X3 (OR (X1 (NOT (X2)))) (OR (X2 (NOT (X1)))))))))))
(CAPTURE_CANDIDATE (AND ((OR ((AND ((NOT (X3)) (OR (X1 X2)))) (AND ((OR (X1 (NOT (X2)))) (OR (X2 (AND ((NOT (X1)) X3)))))))))))
(CAPTURE_CANDIDATE (AND ((OR ((AND ((NOT (X3)) (OR (X1 X2)))) (AND ((OR (X1 (NOT (X2)))) (OR (X2 (AND (X3 (NOT (X1)))))))))))))
(CAPTURE_CANDIDATE (AND ((OR ((AND ((NOT (X3)) (OR (X1 X2)))) (AND ((OR (X1 (NOT (X2)))) (OR (X2 (AND ((NOT (X1)) X3)))))))))))
(CAPTURE_CANDIDATE (AND ((OR ((AND ((NOT (X3)) (OR (X1 X2)))) (AND (X3 (OR (X1 (NOT (X2)))) (OR (X2 (NOT (X1)))))))))))
(CAPTURE_CANDIDATE (AND ((OR ((AND ((NOT (X3)) (OR (X1 X2)))) (AND ((OR (X1 (NOT (X2)))) (OR (X2 (AND ((NOT (X1)) X3)))))))))))
(CAPTURE_CANDIDATE (AND ((OR ((AND ((NOT (X3)) (OR (X1 X2)))) (AND (X3 (OR (X1 (NOT (X2)))) (OR (X2 (NOT (X1)))))))))))
(CAPTURE_CANDIDATE (AND ((OR ((AND ((NOT (X3)) (OR (X1 X2)))) (AND ((OR (X1 (NOT (X2)))) (OR (X2 (AND ((NOT (X1)) X3)))))))))))
(CAPTURE_CANDIDATE (AND ((OR ((AND ((NOT (X3)) (OR (X1 X2)))) (AND (X3 (OR (X1 (NOT (X2)))) (OR (X2 (NOT (X1)))))))))))
(CAPTURE_CANDIDATE (AND ((OR ((AND ((NOT (X3)) (OR (X1 X2)))) (AND ((OR (X1 (NOT (X2)))) (OR (X2 (AND ((NOT (X1)) X3)))))))))))
(CAPTURE_CANDIDATE (AND ((OR ((AND ((NOT (X3)) (OR (X1 X2)))) (AND (X3 (OR (X1 (NOT (X2)))) (OR (X2 (NOT (X1)))))))))))
(CAPTURE_CANDIDATE (AND ((OR ((AND ((NOT (X3)) (OR (X1 X2)))) (AND ((OR (X1 (NOT (X2)))) (OR (X2 (AND ((NOT (X1)) X3)))))))))))
(CAPTURE_CANDIDATE (AND ((OR ((AND ((NOT (X3)) (OR (X1 X2)))) (AND (X3 (OR (X1 (NOT (X2)))) (OR (X2 (NOT (X1)))))))))))
(CAPTURE_CANDIDATE (AND ((OR ((AND ((NOT (X3)) (OR (X1 X2)))) (AND ((OR (X1 (NOT (X2)))) (OR (X2 (AND ((NOT (X1)) X3)))))))))))
(CAPTURE_CANDIDATE (AND ((OR ((AND ((NOT (X3)) (OR (X1 X2)))) (AND (X3 (OR (X1 (NOT (X2)))) (OR (X2 (NOT (X1)))))))))))
(CAPTURE_CANDIDATE (AND ((OR ((AND ((NOT (X3)) (OR (X1 X2)))) (AND ((OR (X1 (NOT (X2)))) (OR (X2 (AND ((NOT (X1)) X3)))))))))))
(CAPTURE_CANDIDATE (AND ((OR ((AND ((NOT (X3)) (OR (X1 X2)))) (AND (X3 (OR (X1 (NOT (X2)))) (OR (X2 (NOT (X1)))))))))))
(CAPTURE_CANDIDATE (AND ((OR ((AND ((NOT (X3)) (OR (X1 X2)))) (AND ((OR (X1 (NOT (X2)))) (OR (X2 (AND ((NOT (X1)) X3)))))))))))
(CAPTURE_CANDIDATE (AND ((OR ((AND ((NOT (X3)) (OR (X1 X2)))) (AND (X3 (OR (X1 (NOT (X2)))) (OR (X2 (NOT (X1)))))))))))
(CAPTURE_CANDIDATE (AND ((OR ((AND ((NOT (X3)) (OR (X1 X2)))) (AND ((OR (X1 (NOT (X2)))) (OR (X2 (AND ((NOT (X1)) X3)))))))))))
(CAPTURE_CANDIDATE (AND ((OR ((AND ((NOT (X3)) (OR (X1 X2)))) (AND (X3 (OR (X1 (NOT (X2)))) (OR (X2 (NOT (X1)))))))))))
(CAPTURE_CANDIDATE (AND ((OR ((AND ((NOT (X3)) (OR (X1 X2)))) (AND ((OR (X1 (NOT (X2)))) (OR (X2 (AND (X3 (NOT (X1)))))))))))))
(CAPTURE_CANDIDATE (AND ((OR ((AND ((NOT (X3)) (OR (X1 X2)))) (AND (X3 (OR (X1 (NOT (X2)))) (OR (X2 (NOT (X1)))))))))))
(CAPTURE_CANDIDATE (AND ((OR ((AND ((NOT (X3)) (OR (X1 X2)))) (AND ((OR (X1 (NOT (X2)))) (OR (X2 (AND ((NOT (X1)) X3)))))))))))
(CAPTURE_CANDIDATE (AND ((OR ((AND ((NOT (X3)) (OR (X1 X2)))) (AND (X3 (OR (X1 (NOT (X2)))) (OR (X2 (NOT (X1)))))))))))
(CAPTURE_CANDIDATE (AND ((NOT (X1)) (OR ((AND ((NOT (X3)) X2)) (AND ((NOT (X2)) X3)))))))
(CAPTURE_CANDIDATE (AND ((NOT (X2)) (OR ((AND ((NOT (X3)) X1)) (AND ((NOT (X1)) X3)))))))
(CAPTURE_CANDIDATE (AND (X3 (OR (X1 (NOT (X2)))) (OR (X2 (NOT (X1)))))))
(CAPTURE_CANDIDATE (AND ((OR ((AND ((NOT (X3)) (OR (X1 X2)))) (AND (X2 X1)))))))
(CAPTURE_CANDIDATE (AND ((OR ((AND ((NOT (X3)) (OR (X1 X2)))) (AND (X1 X2)))))))
(CAPTURE_CANDIDATE (AND ((OR ((AND ((NOT (X3)) (OR (X1 X2)))) (AND (X2 X1)))))))
(CAPTURE_CANDIDATE (AND ((OR ((AND ((NOT (X3)) (OR (X1 X2)))) (AND (X1 X2)))))))
(CAPTURE_CANDIDATE (AND ((OR ((AND ((NOT (X3)) (OR (X1 X2)))) (AND (X2 X1)))))))
(CAPTURE_CANDIDATE (AND ((NOT (X1)) (OR ((AND ((NOT (X3)) X2)) (AND ((NOT (X2)) X3)))))))
(CAPTURE_CANDIDATE (AND ((NOT (X2)) (OR ((AND ((NOT (X3)) X1)) (AND ((NOT (X1)) X3)))))))
(CAPTURE_CANDIDATE (AND (X3 (OR (X1 (NOT (X2)))) (OR (X2 (NOT (X1)))))))
(CAPTURE_CANDIDATE (AND ((OR ((AND ((NOT (X3)) (OR (X1 X2)))) (AND (X2 X1)))))))
(CAPTURE_CANDIDATE (AND (X3 (OR (X1 (NOT (X2)))) (OR (X2 (NOT (X1)))))))
(CAPTURE_CANDIDATE (AND ((NOT (X2)) (OR ((AND ((NOT (X3)) X1)) (AND (X3 (NOT (X1)))))))))
(CAPTURE_CANDIDATE (AND ((NOT (X1)) (OR ((AND ((NOT (X3)) X2)) (AND (X3 (NOT (X2)))))))))
(CAPTURE_CANDIDATE (AND ((OR ((AND ((NOT (X3)) (OR ((AND (X1 (NOT (X2)))) X2)))) (AND ((OR (X1 (NOT (X2)))) (OR (X2 (AND ((NOT (X1)) X3)))))))))))
(CAPTURE_CANDIDATE (AND ((OR ((AND ((NOT (X3)) (OR (X1 (AND (X2 (NOT (X1)))))))) (AND ((OR (X1 (NOT (X2)))) (OR (X2 (AND ((NOT (X1)) X3)))))))))))
(CAPTURE_CANDIDATE (AND ((OR ((AND ((NOT (X3)) (OR (X1 X2 X1)))) (AND ((OR (X1 (NOT (X2)))) (OR (X2 (AND ((NOT (X1)) X3)))))))))))
(CAPTURE_CANDIDATE (AND ((OR ((AND ((NOT (X3)) (OR (X1 X2 X2)))) (AND ((OR (X1 (NOT (X2)))) (OR (X2 (AND ((NOT (X1)) X3)))))))))))
(CAPTURE_CANDIDATE (AND ((OR ((AND ((NOT (X3)) (OR (X1 X2 X1)))) (AND ((OR (X1 (NOT (X2)))) (OR (X2 (AND ((NOT (X1)) X3)))))))))))
(CAPTURE_CANDIDATE (AND ((OR ((AND ((NOT (X3)) (OR (X1 X2 X2)))) (AND ((OR (X1 (NOT (X2)))) (OR (X2 (AND ((NOT (X1)) X3)))))))))))
(CAPTURE_CANDIDATE (AND ((OR ((AND ((NOT (X3)) (OR (X1 X2)))) (AND ((OR (X1 (NOT (X2)) (NOT (X3)))) (OR (X2 (AND ((NOT (X1)) X3)))))))))))
(CAPTURE_CANDIDATE (AND ((OR ((AND ((NOT (X3)) (OR (X1 X2)))) (AND ((OR ((AND (X1 X2)) (NOT (X2)))) (OR (X2 (AND ((NOT (X1)) X3)))))))))))
(CAPTURE_CANDIDATE (AND ((OR ((AND ((NOT (X3)) (OR (X1 X2)))) (AND ((OR ((AND (X1 X3)) (NOT (X2)))) (OR (X2 (AND ((NOT (X1)) X3)))))))))))
(CAPTURE_CANDIDATE (AND ((OR ((AND ((NOT (X3)) (OR (X1 X2)))) (AND ((OR (X1 (AND ((NOT (X1)) (NOT (X2)))))) (OR (X2 (AND ((NOT (X1)) X3)))))))))))
(CAPTURE_CANDIDATE (AND ((OR ((AND ((NOT (X3)) (OR (X1 X2)))) (AND ((OR (X1 (AND ((NOT (X2)) X3)))) (OR (X2 (AND ((NOT (X1)) X3)))))))))))
(CAPTURE_CANDIDATE (AND ((OR ((AND ((NOT (X3)) (OR (X1 X2)))) (AND ((OR (X1 (AND ((NOT (X2)) (NOT (X1)))))) (OR (X2 (AND ((NOT (X1)) X3)))))))))))
(CAPTURE_CANDIDATE (AND ((OR ((AND ((NOT (X3)) (OR (X1 X2)))) (AND ((OR (X1 (NOT (X2)) X1)) (OR (X2 (AND ((NOT (X1)) X3)))))))))))
(CAPTURE_CANDIDATE (AND ((OR ((AND ((NOT (X3)) (OR (X1 X2)))) (AND ((OR (X1 (NOT (X2)) (NOT (X2)))) (OR (X2 (AND ((NOT (X1)) X3)))))))))))
(CAPTURE_CANDIDATE (AND ((OR ((AND ((NOT (X3)) (OR (X1 X2)))) (AND ((OR (X1 (NOT (X2)) (NOT (X3)))) (OR (X2 (AND ((NOT (X1)) X3)))))))))))
(CAPTURE_CANDIDATE (AND ((OR ((AND ((NOT (X3)) (OR (X1 X2)))) (AND ((OR (X1 (NOT (X2)))) (OR ((AND (X2 X1)) (AND ((NOT (X1)) X3)))))))))))
(CAPTURE_CANDIDATE (AND ((OR ((AND ((NOT (X3)) (OR (X1 X2)))) (AND ((OR (X1 (NOT (X2)))) (OR (X2 (AND ((NOT (X2)) (NOT (X1)) X3)))))))))))
(CAPTURE_CANDIDATE (AND ((OR ((AND ((NOT (X3)) (OR (X1 X2)))) (AND ((OR (X1 (NOT (X2)))) (OR (X2 (AND ((NOT (X1)) (NOT (X2)) X3)))))))))))
(CAPTURE_CANDIDATE (AND ((OR ((AND ((NOT (X3)) (OR (X1 X2)))) (AND ((OR (X1 (NOT (X2)))) (OR (X2 (AND (X3 (OR ((NOT (X1)) X2)))))))))))))
(CAPTURE_CANDIDATE (AND ((OR ((AND ((NOT (X3)) (OR (X1 X2)))) (AND ((OR (X1 (NOT (X2)))) (OR (X2 (AND ((NOT (X1)) (OR (X3 X2)))))))))))))
(CAPTURE_CANDIDATE (AND ((OR ((AND ((NOT (X3)) (OR (X1 X2)))) (AND ((OR (X1 (NOT (X2)))) (OR (X2 (AND ((NOT (X1)) X3 (NOT (X1)))))))))))))
(CAPTURE_CANDIDATE (AND ((OR ((AND ((NOT (X3)) (OR (X1 X2)))) (AND ((OR (X1 (NOT (X2)))) (OR (X2 (AND ((NOT (X1)) X3 (NOT (X2)))))))))))))
(CAPTURE_CANDIDATE (AND ((OR ((AND ((NOT (X3)) (OR (X1 X2)))) (AND ((OR (X1 (NOT (X2)))) (OR (X2 (AND ((NOT (X1)) X3)) X2)))))))))
(CAPTURE_CANDIDATE (AND ((OR ((AND ((NOT (X3)) (OR (X1 X2)))) (AND ((OR (X1 (NOT (X2)))) (OR (X2 (AND ((NOT (X1)) X3 (NOT (X1)))))))))))))
(CAPTURE_CANDIDATE (AND ((OR ((AND ((NOT (X3)) (OR (X1 X2)))) (AND (X3 (OR (X1 (NOT (X2)))) (OR (X2 (AND ((NOT (X1)) (NOT (X1)))))))))))))
(CAPTURE_CANDIDATE (AND ((OR ((AND ((NOT (X3)) (OR (X1 X2)))) (AND ((OR (X1 (NOT (X2)))) (OR (X2 (AND ((NOT (X1)) X3 X3)))))))))))
(CAPTURE_CANDIDATE (AND ((OR ((NOT (X3)) (AND ((OR (X1 (NOT (X2)))) (OR (X2 (AND ((NOT (X1)) X3)))))))))))
(CAPTURE_CANDIDATE (AND ((OR ((AND ((NOT (X3)) (OR (X1 X2)))) (AND ((NOT (X1)) (NOT (X2)) X3)))))))
(CAPTURE_CANDIDATE (AND ((OR ((AND ((NOT (X3)) (OR (X1 X2)))) (AND ((NOT (X2)) (NOT (X1)) X3)))))))
(CAPTURE_CANDIDATE (AND ((OR ((AND ((NOT (X3)) (OR (X1 X2)))) (AND ((NOT (X1)) X3 (NOT (X2)))))))))
(CAPTURE_CANDIDATE (AND ((OR ((AND ((NOT (X3)) (OR (X1 X2)))) (AND ((NOT (X1)) (NOT (X2)) X3)))))))
(CAPTURE_CANDIDATE (AND ((OR ((AND ((NOT (X3)) (OR (X1 X2)))) (AND ((NOT (X1)) X3 (NOT (X2)))))))))
(CAPTURE_CANDIDATE (AND ((OR ((AND ((NOT (X3)) (OR (X1 X2)))) (AND ((NOT (X1)) (NOT (X2)) X3)))))))
(CAPTURE_CANDIDATE (AND ((OR ((AND ((NOT (X3)) (OR (X1 X2)))) (AND ((NOT (X2)) (NOT (X1)) X3)))))))
(CAPTURE_CANDIDATE (AND ((OR ((AND ((NOT (X3)) (OR (X1 X2)))) (AND (X2 X3 X1)))))))
(CAPTURE_CANDIDATE (AND ((OR ((AND ((NOT (X3)) (OR (X1 X2)))) (AND ((NOT (X1)) X3 (NOT (X2)))))))))
(CAPTURE_CANDIDATE (AND ((OR ((AND ((NOT (X3)) (OR (X1 X2)))) (AND (X3 X2 X1)))))))
(CAPTURE_CANDIDATE (AND ((OR ((AND ((NOT (X3)) (OR (X1 X2)))) (AND (X2 X3 X1)))))))
(CAPTURE_CANDIDATE (AND ((OR ((AND ((NOT (X3)) (OR (X1 X2)))) (AND (X1 X3 X2)))))))
(CAPTURE_CANDIDATE (AND ((OR ((AND ((NOT (X3)) (OR (X1 X2)))) (AND (X2 X1 X3)))))))
(CAPTURE_CANDIDATE (AND ((OR ((AND (X1 X2)) (AND ((NOT (X3)) (OR (X1 X2)))) (AND ((OR (X1 (NOT (X2)))) (OR (X2 (AND ((NOT (X1)) X3)))))))))))
(CAPTURE_CANDIDATE (AND ((OR ((AND ((NOT (X3)) (OR (X1 X2)))) (AND ((OR (X1 (NOT (X2)))) (OR (X2 (AND ((NOT (X1)) X3)))))))) (OR ((NOT (X2)) X3)))))
(CAPTURE_CANDIDATE (AND ((OR ((AND ((OR ((NOT (X3)) (AND (X1 X2)))) (OR (X1 X2)))) (AND ((OR (X1 (NOT (X2)))) (OR (X2 (AND ((NOT (X1)) X3)))))))))))
(CAPTURE_CANDIDATE (AND ((OR ((AND ((NOT (X3)) (OR (X1 X2 (AND (X1 X2)))))) (AND ((OR (X1 (NOT (X2)))) (OR (X2 (AND ((NOT (X1)) X3)))))))))))
(CAPTURE_CANDIDATE (AND ((OR ((AND ((NOT (X3)) (OR ((AND (X1 X1 (NOT (X2)))) X2)))) (AND ((OR (X1 (NOT (X2)))) (OR (X2 (AND ((NOT (X1)) X3)))))))))))
(CAPTURE_CANDIDATE (AND ((OR ((AND ((NOT (X3)) (OR (X1 X2)) (OR ((NOT (X1)) (NOT (X2)))))) (AND ((OR (X1 (NOT (X2)))) (OR (X2 (AND ((NOT (X1)) X3)))))))))))
(CAPTURE_CANDIDATE (AND ((OR ((AND ((NOT (X3)) (OR (X1 X2)))) (AND ((OR (X1 (NOT (X2)))) (OR (X2 (AND ((NOT (X1)) X3)))) (OR (X1 X3)))))))))
(CAPTURE_CANDIDATE (AND ((OR ((AND ((NOT (X3)) (OR (X1 X2)))) (AND ((OR (X1 (NOT (X2)))) (OR (X2 (AND ((NOT (X1)) X3)))) (OR ((NOT (X1)) X3)))))))))
(CAPTURE_CANDIDATE (AND ((OR ((AND ((NOT (X3)) (OR (X1 X2)))) (AND ((OR (X1 (NOT (X2)))) (OR (X2 (AND ((NOT (X1)) X3)))) (OR (X2 X3)))))))))
(CAPTURE_CANDIDATE (AND ((OR ((AND ((NOT (X3)) (OR (X1 X2)))) (AND ((OR (X1 (NOT (X2)) (AND (X1 X3)))) (OR (X2 (AND ((NOT (X1)) X3)))))))))))
(CAPTURE_CANDIDATE (AND ((OR ((AND ((NOT (X3)) (OR (X1 X2)))) (AND ((OR (X1 (NOT (X2)) (AND ((NOT (X2)) X3)))) (OR (X2 (AND ((NOT (X1)) X3)))))))))))
(CAPTURE_CANDIDATE (AND ((OR ((AND ((NOT (X3)) (OR (X1 X2)))) (AND ((OR (X1 (NOT (X2)) (AND (X1 X2)))) (OR (X2 (AND ((NOT (X1)) X3)))))))))))
(CAPTURE_CANDIDATE (AND ((OR ((AND ((NOT (X3)) (OR (X1 X2)))) (AND ((OR ((AND (X1 (OR ((NOT (X2)) X3)))) (NOT (X2)))) (OR (X2 (AND ((NOT (X1)) X3)))))))))))
(CAPTURE_CANDIDATE (AND ((OR ((AND ((NOT (X3)) (OR (X1 X2)))) (AND ((OR ((AND (X1 (OR (X2 X3)))) (NOT (X2)))) (OR (X2 (AND ((NOT (X1)) X3)))))))))))
(CAPTURE_CANDIDATE (AND ((OR ((AND ((NOT (X3)) (OR (X1 X2)))) (AND ((OR (X1 (AND ((NOT (X2)) (NOT (X1)) (NOT (X2)))))) (OR (X2 (AND ((NOT (X1)) X3)))))))))))
(CAPTURE_CANDIDATE (AND ((OR ((AND ((NOT (X3)) (OR (X1 X2)))) (AND ((OR (X1 (AND ((NOT (X2)) (OR (X1 X3)))))) (OR (X2 (AND ((NOT (X1)) X3)))))))))))
(CAPTURE_CANDIDATE (AND ((OR ((AND ((NOT (X3)) (OR (X1 X2)))) (AND ((OR (X1 (NOT (X2)) (AND (X1 (NOT (X2)))))) (OR (X2 (AND ((NOT (X1)) X3)))))))))))
(Before getNewCandidates: 100)
(Going to merge 46 Instances)
(Metapop size before resize: 99)
(Metapop size after resize: 99)
""
(Generation 7)
"expand  deme returnn"
(SelectedTree: (AND (OR (AND (NOT X3) (OR X1 X2)) (AND (OR X1 (NOT X2)) (OR X2 (AND X3 (NOT X1)))))))
(GeneratedList: (0 0 0 0 0 0 0 0 0 0 0 0 0 0 0 0 0 0 0 0 1 1 0 0 0 0 1 0 0 0 1 1 0 0 0 0 0 0 0 0 0 0 0 0 0 0 0 0 0 0 0 0 0 0 0 0 0 0 0 0 0 0 0 0 1 1 0 0 0 0 0 0 0 0 0 0 1 0 0 0 0 0 0 0 0 0 0 0 1 0 0 0 0 1 0 1 0 0 0 1 0 0 0 0 0 0 0 0 0 0 0 0 0 0 0 0 0 0 0 0 0 0 0 0 0 0 0 0 0 0 0 0 0 0 0 0 0 0 0 0 0 0 0 0 0 0 0 0 0 0 0))
""
(Iteration 1 running)
(Crossover: false)
(CenterInst: (0 0 0 0 0 0 0 0 0 0 0 0 0 0 0 0 0 0 0 0 1 1 0 0 0 0 1 0 0 0 1 1 0 0 0 0 0 0 0 0 0 0 0 0 0 0 0 0 0 0 0 0 0 0 0 0 0 0 0 0 0 0 0 0 1 1 0 0 0 0 0 0 0 0 0 0 1 0 0 0 0 0 0 0 0 0 0 0 1 0 0 0 0 1 0 1 0 0 0 1 0 0 0 0 0 0 0 0 0 0 0 0 0 0 0 0 0 0 0 0 0 0 0 0 0 0 0 0 0 0 0 0 0 0 0 0 0 0 0 0 0 0 0 0 0 0 0 0 0 0 0))
(size: 8)
(1 : 1 : 0)
(CAPTURE_CANDIDATE (AND ((OR ((AND ((NOT (X3)) (OR (X1 X2)))) (AND ((OR (X1 (NOT (X2)))) (OR ((AND ((NOT (X1)) X3)) X2)))))))))
(New best score: -3.2857142857142856)
""
(Iteration 2 running)
(Crossover: false)
(CenterInst: (0 0 0 0 0 0 0 0 0 0 0 0 0 0 0 0 0 0 0 0 1 1 0 0 0 0 1 0 0 0 1 1 0 0 0 0 0 0 0 0 0 0 0 0 0 0 0 0 0 0 0 0 0 0 0 0 0 0 0 0 0 0 0 0 1 1 0 0 0 0 0 0 0 0 0 0 1 0 0 0 0 0 0 0 0 0 0 0 1 0 0 0 0 1 0 1 0 0 0 1 0 0 0 0 0 0 0 0 0 0 0 0 0 0 0 0 0 0 0 0 0 0 0 0 0 0 0 0 0 0 0 0 0 0 0 0 0 0 0 0 0 0 0 0 0 0 0 0 0 0 0))
(size: 8)
(906 : 499 : 1)
(CAPTURE_CANDIDATE (AND ((OR ((AND ((NOT (X3)) (OR (X1 X2)))) (AND ((OR (X1 (NOT (X2)))) (OR ((AND ((NOT (X1)) X3)) X2)))))))))
(CAPTURE_CANDIDATE (AND ((OR (X1 (AND ((NOT (X3)) (OR (X1 X2)))) (AND ((OR (X1 (NOT (X2)))) (OR ((AND ((NOT (X1)) X3)) X2)))))))))
(CAPTURE_CANDIDATE (AND ((OR ((NOT (X1)) (AND ((NOT (X3)) (OR (X1 X2)))) (AND ((OR (X1 (NOT (X2)))) (OR ((AND ((NOT (X1)) X3)) X2)))))))))
(CAPTURE_CANDIDATE (AND ((OR (X2 (AND ((NOT (X3)) (OR (X1 X2)))) (AND ((OR (X1 (NOT (X2)))) (OR ((AND ((NOT (X1)) X3)) X2)))))))))
(CAPTURE_CANDIDATE (AND ((OR ((NOT (X2)) (AND ((NOT (X3)) (OR (X1 X2)))) (AND ((OR (X1 (NOT (X2)))) (OR ((AND ((NOT (X1)) X3)) X2)))))))))
(CAPTURE_CANDIDATE (AND ((OR (X3 (AND ((NOT (X3)) (OR (X1 X2)))) (AND ((OR (X1 (NOT (X2)))) (OR ((AND ((NOT (X1)) X3)) X2)))))))))
(CAPTURE_CANDIDATE (AND ((OR ((NOT (X3)) (AND ((NOT (X3)) (OR (X1 X2)))) (AND ((OR (X1 (NOT (X2)))) (OR ((AND ((NOT (X1)) X3)) X2)))))))))
(CAPTURE_CANDIDATE (AND ((OR ((AND ((NOT (X1)) X3)) (AND ((NOT (X3)) (OR (X1 X2)))) (AND ((OR (X1 (NOT (X2)))) (OR ((AND ((NOT (X1)) X3)) X2)))))))))
(CAPTURE_CANDIDATE (AND ((OR (X1 (NOT (X3)) (AND ((NOT (X3)) (OR (X1 X2)))) (AND ((OR (X1 (NOT (X2)))) (OR ((AND ((NOT (X1)) X3)) X2)))))))))
(CAPTURE_CANDIDATE (AND ((OR ((AND (X2 X3)) (AND ((NOT (X3)) (OR (X1 X2)))) (AND ((OR (X1 (NOT (X2)))) (OR ((AND ((NOT (X1)) X3)) X2)))))))))
(CAPTURE_CANDIDATE (AND ((OR ((NOT (X2)) (NOT (X3)) (AND ((NOT (X3)) (OR (X1 X2)))) (AND ((OR (X1 (NOT (X2)))) (OR ((AND ((NOT (X1)) X3)) X2)))))))))
(CAPTURE_CANDIDATE (AND ((OR ((AND ((NOT (X1)) X2)) (AND ((NOT (X3)) (OR (X1 X2)))) (AND ((OR (X1 (NOT (X2)))) (OR ((AND ((NOT (X1)) X3)) X2)))))))))
(CAPTURE_CANDIDATE (AND ((OR (X1 (NOT (X2)) (AND ((NOT (X3)) (OR (X1 X2)))) (AND ((OR (X1 (NOT (X2)))) (OR ((AND ((NOT (X1)) X3)) X2)))))))))
(CAPTURE_CANDIDATE (AND (X1 (OR ((NOT (X3)) X2)))))
(CAPTURE_CANDIDATE (AND ((NOT (X1)) (OR ((AND ((NOT (X3)) X2)) (AND ((NOT (X2)) X3)))))))
(CAPTURE_CANDIDATE (AND (X2 (OR ((NOT (X3)) X1)))))
(CAPTURE_CANDIDATE (AND ((NOT (X2)) (OR ((AND ((NOT (X3)) X1)) (AND ((NOT (X1)) X3)))))))
(CAPTURE_CANDIDATE (AND (X3 (OR (X1 (NOT (X2)))) (OR ((NOT (X1)) X2)))))
(CAPTURE_CANDIDATE (AND ((NOT (X3)) (OR ((AND (X2 X1)) X1 X2)))))
(CAPTURE_CANDIDATE (AND ((OR ((AND ((NOT (X3)) (OR (X1 X2)))) (AND ((OR (X1 (NOT (X2)))) (OR ((AND ((NOT (X1)) X3)) X2)))))) (OR (X2 X3)))))
(CAPTURE_CANDIDATE (AND ((NOT (X2)) (NOT (X3)) X1)))
(CAPTURE_CANDIDATE (AND ((OR ((AND ((NOT (X3)) (OR (X1 X2)))) (AND ((OR (X1 (NOT (X2)))) (OR ((AND ((NOT (X1)) X3)) X2)))))) (OR ((NOT (X1)) X2)))))
(CAPTURE_CANDIDATE (AND (X1 (NOT (X2)) (NOT (X3)))))
(CAPTURE_CANDIDATE (AND ((OR ((AND ((NOT (X3)) (OR (X1 X2)))) (AND ((OR (X1 (NOT (X2)))) (OR ((AND ((NOT (X1)) X3)) X2)))))) (OR (X1 X3)))))
(CAPTURE_CANDIDATE (AND ((NOT (X1)) (NOT (X3)) X2)))
(CAPTURE_CANDIDATE (AND ((OR ((AND ((NOT (X3)) (OR (X1 X2)))) (AND ((OR (X1 (NOT (X2)))) (OR ((AND ((NOT (X1)) X3)) X2)))) X1)))))
(CAPTURE_CANDIDATE (AND ((OR ((AND ((NOT (X3)) (OR (X1 X2)))) (AND ((OR (X1 (NOT (X2)))) (OR ((AND ((NOT (X1)) X3)) X2)))) (NOT (X1)))))))
(CAPTURE_CANDIDATE (AND ((OR ((AND ((NOT (X3)) (OR (X1 X2)))) (AND ((OR (X1 (NOT (X2)))) (OR ((AND ((NOT (X1)) X3)) X2)))) X2)))))
(CAPTURE_CANDIDATE (AND ((OR ((AND ((NOT (X3)) (OR (X1 X2)))) (AND ((OR (X1 (NOT (X2)))) (OR ((AND ((NOT (X1)) X3)) X2)))) (NOT (X2)))))))
(CAPTURE_CANDIDATE (AND ((OR ((AND ((NOT (X3)) (OR (X1 X2)))) (AND ((OR (X1 (NOT (X2)))) (OR ((AND ((NOT (X1)) X3)) X2)))) X3)))))
(CAPTURE_CANDIDATE (AND ((OR ((AND ((NOT (X3)) (OR (X1 X2)))) (AND ((OR (X1 (NOT (X2)))) (OR ((AND ((NOT (X1)) X3)) X2)))) (NOT (X3)))))))
(CAPTURE_CANDIDATE (AND ((OR ((AND ((NOT (X3)) (OR (X1 X2)))) (AND ((OR (X1 (NOT (X2)))) (OR ((AND ((NOT (X1)) X3)) X2)))) (AND ((NOT (X2)) X3)))))))
(CAPTURE_CANDIDATE (AND ((OR ((AND ((NOT (X3)) (OR (X1 X2)))) (AND ((OR (X1 (NOT (X2)))) (OR ((AND ((NOT (X1)) X3)) X2)))) X2 (NOT (X3)))))))
(CAPTURE_CANDIDATE (AND ((OR ((AND ((NOT (X3)) (OR (X1 X2)))) (AND ((OR (X1 (NOT (X2)))) (OR ((AND ((NOT (X1)) X3)) X2)))) (AND (X1 X3)))))))
(CAPTURE_CANDIDATE (AND ((OR ((AND ((NOT (X3)) (OR (X1 X2)))) (AND ((OR (X1 (NOT (X2)))) (OR ((AND ((NOT (X1)) X3)) X2)))) (NOT (X1)) (NOT (X3)))))))
(CAPTURE_CANDIDATE (AND ((OR ((AND ((NOT (X3)) (OR (X1 X2)))) (AND ((OR (X1 (NOT (X2)))) (OR ((AND ((NOT (X1)) X3)) X2)))) (AND ((NOT (X1)) X2)))))))
(CAPTURE_CANDIDATE (AND ((OR ((AND ((NOT (X3)) (OR (X1 X2)))) (AND ((OR (X1 (NOT (X2)))) (OR ((AND ((NOT (X1)) X3)) X2)))) X1 (NOT (X2)))))))
(CAPTURE_CANDIDATE (AND ((OR ((AND (X1 (NOT (X3)))) (AND ((OR (X1 (NOT (X2)))) (OR ((AND ((NOT (X1)) X3)) X2)))))))))
(CAPTURE_CANDIDATE (AND ((OR ((AND ((NOT (X1)) (NOT (X3)) X2)) (AND ((OR (X1 (NOT (X2)))) (OR ((AND ((NOT (X1)) X3)) X2)))))))))
(CAPTURE_CANDIDATE (AND ((OR ((AND (X2 (NOT (X3)))) (AND ((OR (X1 (NOT (X2)))) (OR ((AND ((NOT (X1)) X3)) X2)))))))))
(CAPTURE_CANDIDATE (AND ((OR ((AND ((NOT (X2)) (NOT (X3)) X1)) (AND ((OR (X1 (NOT (X2)))) (OR ((AND ((NOT (X1)) X3)) X2)))))))))
(CAPTURE_CANDIDATE (AND ((OR ((AND ((OR (X1 (NOT (X2)))) (OR ((AND ((NOT (X1)) X3)) X2)))) X1 X2)))))
(CAPTURE_CANDIDATE (AND ((OR ((AND (X3 (OR (X1 X2)))) (AND ((OR (X1 (NOT (X2)))) (OR ((AND ((NOT (X1)) X3)) X2)))))))))
(CAPTURE_CANDIDATE (AND ((OR ((NOT (X3)) (AND ((OR (X1 (NOT (X2)))) (OR ((AND ((NOT (X1)) X3)) X2)))))))))
(CAPTURE_CANDIDATE (AND ((OR ((AND ((NOT (X3)) (NOT (X1)) (NOT (X2)))) (AND ((OR (X1 (NOT (X2)))) (OR ((AND ((NOT (X1)) X3)) X2)))))))))
(CAPTURE_CANDIDATE (AND ((OR ((AND ((NOT (X3)) (OR (X1 X2)) (OR ((NOT (X1)) X2)))) (AND ((OR (X1 (NOT (X2)))) (OR ((AND ((NOT (X1)) X3)) X2)))))))))
(CAPTURE_CANDIDATE (AND ((OR ((AND (X1 (NOT (X2)) (NOT (X3)))) (AND ((OR (X1 (NOT (X2)))) (OR ((AND ((NOT (X1)) X3)) X2)))))))))
(CAPTURE_CANDIDATE (AND ((OR ((AND ((NOT (X3)) (NOT (X1)) X2)) (AND ((OR (X1 (NOT (X2)))) (OR ((AND ((NOT (X1)) X3)) X2)))))))))
(CAPTURE_CANDIDATE (AND ((OR ((AND (X1 (NOT (X3)))) (AND ((OR (X1 (NOT (X2)))) (OR ((AND ((NOT (X1)) X3)) X2)))))))))
(CAPTURE_CANDIDATE (AND ((OR ((AND ((OR (X1 (NOT (X3)))) (OR (X1 X2)))) (AND ((OR (X1 (NOT (X2)))) (OR ((AND ((NOT (X1)) X3)) X2)))))))))
(CAPTURE_CANDIDATE (AND ((OR ((AND ((OR ((NOT (X1)) (NOT (X3)))) (OR (X1 X2)))) (AND ((OR (X1 (NOT (X2)))) (OR ((AND ((NOT (X1)) X3)) X2)))))))))
(CAPTURE_CANDIDATE (AND ((OR ((AND ((OR (X2 (NOT (X3)))) (OR (X1 X2)))) (AND ((OR (X1 (NOT (X2)))) (OR ((AND ((NOT (X1)) X3)) X2)))))))))
(CAPTURE_CANDIDATE (AND ((OR ((AND ((OR ((NOT (X2)) (NOT (X3)))) (OR (X1 X2)))) (AND ((OR (X1 (NOT (X2)))) (OR ((AND ((NOT (X1)) X3)) X2)))))))))
(CAPTURE_CANDIDATE (AND ((OR ((AND ((OR (X1 (NOT (X2)))) (OR ((AND ((NOT (X1)) X3)) X2)))) X1 X2)))))
(CAPTURE_CANDIDATE (AND ((OR ((AND (X3 (OR (X1 X2)))) (AND ((OR (X1 (NOT (X2)))) (OR ((AND ((NOT (X1)) X3)) X2)))))))))
(CAPTURE_CANDIDATE (AND ((OR ((AND ((OR ((NOT (X3)) (AND ((NOT (X1)) X2)))) (OR (X1 X2)))) (AND ((OR (X1 (NOT (X2)))) (OR ((AND ((NOT (X1)) X3)) X2)))))))))
(CAPTURE_CANDIDATE (AND ((OR ((AND ((OR ((NOT (X3)) X1 (NOT (X2)))) (OR (X1 X2)))) (AND ((OR (X1 (NOT (X2)))) (OR ((AND ((NOT (X1)) X3)) X2)))))))))
(CAPTURE_CANDIDATE (AND ((OR ((AND ((OR ((NOT (X3)) (AND (X2 X3)))) (OR (X1 X2)))) (AND ((OR (X1 (NOT (X2)))) (OR ((AND ((NOT (X1)) X3)) X2)))))))))
(CAPTURE_CANDIDATE (AND ((OR ((AND ((OR ((NOT (X3)) (NOT (X2)) (NOT (X3)))) (OR (X1 X2)))) (AND ((OR (X1 (NOT (X2)))) (OR ((AND ((NOT (X1)) X3)) X2)))))))))
(CAPTURE_CANDIDATE (AND ((OR ((AND ((OR ((NOT (X3)) (AND (X1 X2)))) (OR (X1 X2)))) (AND ((OR (X1 (NOT (X2)))) (OR ((AND ((NOT (X1)) X3)) X2)))))))))
(CAPTURE_CANDIDATE (AND ((OR ((AND ((OR ((NOT (X3)) (NOT (X1)) (NOT (X2)))) (OR (X1 X2)))) (AND ((OR (X1 (NOT (X2)))) (OR ((AND ((NOT (X1)) X3)) X2)))))))))
(CAPTURE_CANDIDATE (AND ((OR ((AND ((NOT (X3)) X2)) (AND ((OR (X1 (NOT (X2)))) (OR ((AND ((NOT (X1)) X3)) X2)))))))))
(CAPTURE_CANDIDATE (AND ((OR ((AND ((NOT (X3)) (OR ((NOT (X1)) X2)))) (AND ((OR (X1 (NOT (X2)))) (OR ((AND ((NOT (X1)) X3)) X2)))))))))
(CAPTURE_CANDIDATE (AND ((OR ((AND ((NOT (X3)) X1)) (AND ((OR (X1 (NOT (X2)))) (OR ((AND ((NOT (X1)) X3)) X2)))))))))
(CAPTURE_CANDIDATE (AND ((OR ((AND ((NOT (X3)) (OR (X1 (NOT (X2)))))) (AND ((OR (X1 (NOT (X2)))) (OR ((AND ((NOT (X1)) X3)) X2)))))))))
(CAPTURE_CANDIDATE (AND ((OR ((AND ((NOT (X3)) (OR (X1 X2)))) (AND ((OR (X1 (NOT (X2)))) (OR ((AND ((NOT (X1)) X3)) X2)))))))))
(CAPTURE_CANDIDATE (AND ((OR ((NOT (X3)) (AND ((OR (X1 (NOT (X2)))) (OR ((AND ((NOT (X1)) X3)) X2)))))))))
(CAPTURE_CANDIDATE (AND ((OR ((AND ((NOT (X3)) (OR (X1 X2 (AND (X1 X2)))))) (AND ((OR (X1 (NOT (X2)))) (OR ((AND ((NOT (X1)) X3)) X2)))))))))
(CAPTURE_CANDIDATE (AND ((OR ((AND ((NOT (X3)) (OR (X1 X2 (NOT (X1)) (NOT (X2)))))) (AND ((OR (X1 (NOT (X2)))) (OR ((AND ((NOT (X1)) X3)) X2)))))))))
(CAPTURE_CANDIDATE (AND ((OR ((AND ((NOT (X3)) (OR (X1 X2)))) (AND ((OR (X1 (NOT (X2)))) (OR ((AND ((NOT (X1)) X3)) X2)))))))))
(CAPTURE_CANDIDATE (AND ((OR ((NOT (X3)) (AND ((OR (X1 (NOT (X2)))) (OR ((AND ((NOT (X1)) X3)) X2)))))))))
(CAPTURE_CANDIDATE (AND ((OR ((AND ((NOT (X3)) (OR (X1 X2)))) (AND ((OR (X1 (NOT (X2)))) (OR ((AND ((NOT (X1)) X3)) X2)))))))))
(CAPTURE_CANDIDATE (AND ((OR ((NOT (X3)) (AND ((OR (X1 (NOT (X2)))) (OR ((AND ((NOT (X1)) X3)) X2)))))))))
(CAPTURE_CANDIDATE (AND ((OR ((AND ((NOT (X3)) X2 X1)) (AND ((OR (X1 (NOT (X2)))) (OR ((AND ((NOT (X1)) X3)) X2)))))))))
(CAPTURE_CANDIDATE (AND ((OR ((AND ((NOT (X3)) (OR ((AND (X1 (NOT (X2)))) X2)))) (AND ((OR (X1 (NOT (X2)))) (OR ((AND ((NOT (X1)) X3)) X2)))))))))
(CAPTURE_CANDIDATE (AND ((OR ((AND ((NOT (X3)) X2)) (AND ((OR (X1 (NOT (X2)))) (OR ((AND ((NOT (X1)) X3)) X2)))))))))
(CAPTURE_CANDIDATE (AND ((OR ((AND ((NOT (X3)) (OR (X1 X2)))) (AND ((OR (X1 (NOT (X2)))) (OR ((AND ((NOT (X1)) X3)) X2)))))))))
(CAPTURE_CANDIDATE (AND ((OR ((AND ((NOT (X3)) X2 X1)) (AND ((OR (X1 (NOT (X2)))) (OR ((AND ((NOT (X1)) X3)) X2)))))))))
(CAPTURE_CANDIDATE (AND ((OR ((AND ((NOT (X3)) (OR ((AND (X1 X1 (NOT (X2)))) X2)))) (AND ((OR (X1 (NOT (X2)))) (OR ((AND ((NOT (X1)) X3)) X2)))))))))
(CAPTURE_CANDIDATE (AND ((OR ((AND ((NOT (X3)) (OR (X1 X2)))) (AND ((OR (X1 (NOT (X2)))) (OR ((AND ((NOT (X1)) X3)) X2)))))))))
(CAPTURE_CANDIDATE (AND ((OR ((AND ((NOT (X3)) X2)) (AND ((OR (X1 (NOT (X2)))) (OR ((AND ((NOT (X1)) X3)) X2)))))))))
(CAPTURE_CANDIDATE (AND ((OR ((AND ((NOT (X3)) (OR ((AND (X1 (NOT (X2)))) X2)))) (AND ((OR (X1 (NOT (X2)))) (OR ((AND ((NOT (X1)) X3)) X2)))))))))
(CAPTURE_CANDIDATE (AND ((OR ((AND ((NOT (X3)) X2 X1 (NOT (X3)))) (AND ((OR (X1 (NOT (X2)))) (OR ((AND ((NOT (X1)) X3)) X2)))))))))
(CAPTURE_CANDIDATE (AND ((OR ((AND ((NOT (X3)) X1 X2)) (AND ((OR (X1 (NOT (X2)))) (OR ((AND ((NOT (X1)) X3)) X2)))))))))
(CAPTURE_CANDIDATE (AND ((OR ((AND ((NOT (X3)) (OR (X1 (AND (X2 (NOT (X1)))))))) (AND ((OR (X1 (NOT (X2)))) (OR ((AND ((NOT (X1)) X3)) X2)))))))))
(CAPTURE_CANDIDATE (AND ((OR ((AND ((NOT (X3)) X1)) (AND ((OR (X1 (NOT (X2)))) (OR ((AND ((NOT (X1)) X3)) X2)))))))))
(CAPTURE_CANDIDATE (AND ((OR ((AND ((NOT (X3)) (OR (X1 X2)))) (AND ((OR (X1 (NOT (X2)))) (OR ((AND ((NOT (X1)) X3)) X2)))))))))
(CAPTURE_CANDIDATE (AND ((OR ((AND ((NOT (X3)) (OR (X1 X2)))) (AND ((OR (X1 (NOT (X2)))) (OR ((AND ((NOT (X1)) X3)) X2)))))))))
(CAPTURE_CANDIDATE (AND ((OR (X1 (NOT (X2)))) (OR ((AND ((NOT (X1)) X3)) X2)))))
(CAPTURE_CANDIDATE (AND ((OR ((AND ((NOT (X3)) X1 X2)) (AND ((OR (X1 (NOT (X2)))) (OR ((AND ((NOT (X1)) X3)) X2)))))))))
(CAPTURE_CANDIDATE (AND ((OR ((AND ((NOT (X3)) (OR (X1 (AND (X2 (NOT (X1)))))))) (AND ((OR (X1 (NOT (X2)))) (OR ((AND ((NOT (X1)) X3)) X2)))))))))
(CAPTURE_CANDIDATE (AND ((OR ((AND ((NOT (X3)) (OR (X1 X2)))) (AND ((OR (X1 (NOT (X2)))) (OR ((AND ((NOT (X1)) X3)) X2)))))))))
(CAPTURE_CANDIDATE (AND ((OR ((AND ((NOT (X3)) X1)) (AND ((OR (X1 (NOT (X2)))) (OR ((AND ((NOT (X1)) X3)) X2)))))))))
(CAPTURE_CANDIDATE (AND ((OR ((AND ((NOT (X3)) (OR (X1 X2 X1)))) (AND ((OR (X1 (NOT (X2)))) (OR ((AND ((NOT (X1)) X3)) X2)))))))))
(CAPTURE_CANDIDATE (AND ((OR ((AND ((NOT (X3)) (OR (X1 X2 (NOT (X1)))))) (AND ((OR (X1 (NOT (X2)))) (OR ((AND ((NOT (X1)) X3)) X2)))))))))
(CAPTURE_CANDIDATE (AND ((OR ((AND ((NOT (X3)) (OR (X1 X2 X2)))) (AND ((OR (X1 (NOT (X2)))) (OR ((AND ((NOT (X1)) X3)) X2)))))))))
(CAPTURE_CANDIDATE (AND ((OR ((AND ((NOT (X3)) (OR (X1 X2 (NOT (X2)))))) (AND ((OR (X1 (NOT (X2)))) (OR ((AND ((NOT (X1)) X3)) X2)))))))))
(CAPTURE_CANDIDATE (AND ((OR ((AND ((NOT (X3)) (OR (X1 X2)))) (AND ((OR (X1 (NOT (X2)))) (OR ((AND ((NOT (X1)) X3)) X2)))))))))
(CAPTURE_CANDIDATE (AND ((OR ((NOT (X3)) (AND ((OR (X1 (NOT (X2)))) (OR ((AND ((NOT (X1)) X3)) X2)))))))))
(CAPTURE_CANDIDATE (AND ((OR ((AND ((NOT (X3)) (OR (X1 X2 (NOT (X2)))))) (AND ((OR (X1 (NOT (X2)))) (OR ((AND ((NOT (X1)) X3)) X2)))))))))
(CAPTURE_CANDIDATE (AND ((OR ((AND ((NOT (X3)) (OR (X1 X2 X2)))) (AND ((OR (X1 (NOT (X2)))) (OR ((AND ((NOT (X1)) X3)) X2)))))))))
(CAPTURE_CANDIDATE (AND ((OR ((AND ((NOT (X3)) (OR (X1 X2 (NOT (X1)))))) (AND ((OR (X1 (NOT (X2)))) (OR ((AND ((NOT (X1)) X3)) X2)))))))))
(CAPTURE_CANDIDATE (AND ((OR ((AND ((NOT (X3)) (OR (X1 X2 X1)))) (AND ((OR (X1 (NOT (X2)))) (OR ((AND ((NOT (X1)) X3)) X2)))))))))
(CAPTURE_CANDIDATE (AND ((OR ((AND ((NOT (X3)) (OR (X1 X2 X1 X2)))) (AND ((OR (X1 (NOT (X2)))) (OR ((AND ((NOT (X1)) X3)) X2)))))))))
(CAPTURE_CANDIDATE (AND ((OR ((AND ((NOT (X3)) (OR (X1 X2 (AND ((NOT (X1)) (NOT (X2)))))))) (AND ((OR (X1 (NOT (X2)))) (OR ((AND ((NOT (X1)) X3)) X2)))))))))
(CAPTURE_CANDIDATE (AND ((OR ((AND ((NOT (X3)) X1)) (AND ((OR (X1 (NOT (X2)))) (OR ((AND ((NOT (X1)) X3)) X2)))))))))
(CAPTURE_CANDIDATE (AND ((OR ((AND ((NOT (X3)) (NOT (X1)) X2)) (AND ((OR (X1 (NOT (X2)))) (OR ((AND ((NOT (X1)) X3)) X2)))))))))
(CAPTURE_CANDIDATE (AND ((OR ((AND ((NOT (X3)) X2)) (AND ((OR (X1 (NOT (X2)))) (OR ((AND ((NOT (X1)) X3)) X2)))))))))
(CAPTURE_CANDIDATE (AND ((OR ((AND ((NOT (X3)) (NOT (X2)) X1)) (AND ((OR (X1 (NOT (X2)))) (OR ((AND ((NOT (X1)) X3)) X2)))))))))
(CAPTURE_CANDIDATE (AND ((OR (X1 (NOT (X2)))) (OR ((AND ((NOT (X1)) X3)) X2)))))
(CAPTURE_CANDIDATE (AND ((OR ((AND ((NOT (X3)) (OR (X1 X2)))) (AND ((OR (X1 (NOT (X2)))) (OR ((AND ((NOT (X1)) X3)) X2)))))))))
(CAPTURE_CANDIDATE (AND ((OR ((AND ((NOT (X3)) X1 X2)) (AND ((OR (X1 (NOT (X2)))) (OR ((AND ((NOT (X1)) X3)) X2)))))))))
(CAPTURE_CANDIDATE (AND ((OR ((AND ((NOT (X3)) (OR (X1 X2)) (OR ((NOT (X1)) (NOT (X2)))))) (AND ((OR (X1 (NOT (X2)))) (OR ((AND ((NOT (X1)) X3)) X2)))))))))
(CAPTURE_CANDIDATE (AND ((OR (X1 (NOT (X2)))) (OR ((AND ((NOT (X1)) X3)) X2)))))
(CAPTURE_CANDIDATE (AND ((OR ((AND ((NOT (X3)) (OR (X1 X2)))) (AND ((OR (X1 (NOT (X2)))) (OR ((AND ((NOT (X1)) X3)) X2)))))))))
(CAPTURE_CANDIDATE (AND ((OR (X1 (NOT (X2)))) (OR ((AND ((NOT (X1)) X3)) X2)))))
(CAPTURE_CANDIDATE (AND ((OR ((AND ((NOT (X3)) (OR (X1 X2)))) (AND ((OR (X1 (NOT (X2)))) (OR ((AND ((NOT (X1)) X3)) X2)))))))))
(CAPTURE_CANDIDATE (AND ((OR ((AND ((NOT (X3)) (OR (X1 X2)))) (AND (X1 (OR (X3 X2)))))))))
(CAPTURE_CANDIDATE (AND ((OR ((AND ((NOT (X3)) (OR (X1 X2)))) (AND ((NOT (X1)) (NOT (X2)) X3)))))))
(CAPTURE_CANDIDATE (AND ((OR ((AND ((NOT (X3)) (OR (X1 X2)))) (AND (X2 X1)))))))
(CAPTURE_CANDIDATE (AND ((OR ((AND ((NOT (X3)) (OR (X1 X2)))) (AND ((NOT (X2)) (NOT (X1)) X3)))))))
(CAPTURE_CANDIDATE (AND ((OR ((AND ((NOT (X3)) (OR (X1 X2)))) (AND (X3 (OR (X1 (NOT (X2)))) (OR ((NOT (X1)) X2)))))))))
(CAPTURE_CANDIDATE (AND ((NOT (X3)) (OR ((AND (X2 X1)) X1 X2)))))
(CAPTURE_CANDIDATE (AND ((OR ((AND ((NOT (X3)) (OR (X1 X2)))) (AND ((OR (X1 (NOT (X2)))) (OR ((AND ((NOT (X1)) X3)) X2)) (OR (X1 X3)))))))))
(CAPTURE_CANDIDATE (AND ((NOT (X3)) (OR (X1 X2)))))
(CAPTURE_CANDIDATE (AND ((OR ((AND ((NOT (X3)) (OR (X1 X2)))) (AND ((OR (X1 (NOT (X2)))) (OR ((AND ((NOT (X1)) X3)) X2)) (OR ((NOT (X1)) X3)))))))))
(CAPTURE_CANDIDATE (AND ((NOT (X3)) (OR ((AND (X1 X2)) X1 X2)))))
(CAPTURE_CANDIDATE (AND ((OR ((AND ((NOT (X3)) (OR (X1 X2)))) (AND ((OR (X1 (NOT (X2)))) (OR ((AND ((NOT (X1)) X3)) X2)) (OR (X2 X3)))))))))
(CAPTURE_CANDIDATE (AND ((NOT (X3)) (OR ((NOT (X2)) X1 X2)))))
(CAPTURE_CANDIDATE (AND ((OR ((AND ((NOT (X3)) (OR (X1 X2)))) (AND ((NOT (X2)) (NOT (X1)) X3)))))))
(CAPTURE_CANDIDATE (AND ((OR ((AND ((NOT (X3)) (OR (X1 X2)))) (AND ((OR ((NOT (X1)) (NOT (X2)))) (OR ((AND ((NOT (X1)) X3)) X2)))))))))
(CAPTURE_CANDIDATE (AND ((OR ((AND ((NOT (X3)) (OR (X1 X2)))) (AND (X1 X2)))))))
(CAPTURE_CANDIDATE (AND ((OR ((AND ((NOT (X3)) (OR (X1 X2)))) (AND ((OR (X1 X2)) (OR ((AND ((NOT (X1)) X3)) X2)))))))))
(CAPTURE_CANDIDATE (AND ((OR ((AND ((NOT (X3)) (OR (X1 X2)))) (AND ((OR (X1 (NOT (X2)) X3)) (OR ((AND ((NOT (X1)) X3)) X2)))))))))
(CAPTURE_CANDIDATE (AND ((OR ((AND ((NOT (X3)) (OR (X1 X2)))) (AND ((OR (X1 (NOT (X2)) (NOT (X3)))) (OR ((AND ((NOT (X1)) X3)) X2)))))))))
(CAPTURE_CANDIDATE (AND ((OR ((AND ((NOT (X3)) (OR (X1 X2)))) (AND ((OR (X1 (NOT (X2)) (AND (X2 X3)))) (OR ((AND ((NOT (X1)) X3)) X2)))))))))
(CAPTURE_CANDIDATE (AND ((OR ((AND ((NOT (X3)) (OR (X1 X2)))) (AND ((OR (X1 (NOT (X2)) (NOT (X2)) (NOT (X3)))) (OR ((AND ((NOT (X1)) X3)) X2)))))))))
(CAPTURE_CANDIDATE (AND ((OR ((AND ((NOT (X3)) (OR (X1 X2)))) (AND ((OR (X1 (NOT (X2)) (AND ((NOT (X1)) X3)))) (OR ((AND ((NOT (X1)) X3)) X2)))))))))
(CAPTURE_CANDIDATE (AND ((OR ((AND ((NOT (X3)) (OR (X1 X2)))) (AND ((OR (X1 (NOT (X2)) X1 (NOT (X3)))) (OR ((AND ((NOT (X1)) X3)) X2)))))))))
(CAPTURE_CANDIDATE (AND ((OR ((AND ((NOT (X3)) (OR (X1 X2)))) (AND ((OR (X1 (NOT (X2)) (AND ((NOT (X1)) X2)))) (OR ((AND ((NOT (X1)) X3)) X2)))))))))
(CAPTURE_CANDIDATE (AND ((OR ((AND ((NOT (X3)) (OR (X1 X2)))) (AND ((OR (X1 (NOT (X2)) X1 (NOT (X2)))) (OR ((AND ((NOT (X1)) X3)) X2)))))))))
(CAPTURE_CANDIDATE (AND ((OR ((AND ((NOT (X3)) (OR (X1 X2)))) (AND ((OR ((AND (X1 X2)) (NOT (X2)))) (OR ((AND ((NOT (X1)) X3)) X2)))))))))
(CAPTURE_CANDIDATE (AND ((OR ((AND ((NOT (X3)) (OR (X1 X2)))) (AND ((NOT (X2)) X1)))))))
(CAPTURE_CANDIDATE (AND ((OR ((AND ((NOT (X3)) (OR (X1 X2)))) (AND ((OR ((AND (X1 X3)) (NOT (X2)))) (OR ((AND ((NOT (X1)) X3)) X2)))))))))
(CAPTURE_CANDIDATE (AND ((OR ((AND ((NOT (X3)) (OR (X1 X2)))) (AND ((OR ((AND (X1 (NOT (X3)))) (NOT (X2)))) (OR ((AND ((NOT (X1)) X3)) X2)))))))))
(CAPTURE_CANDIDATE (AND ((OR ((AND ((NOT (X3)) (OR (X1 X2)))) (AND ((OR ((AND (X1 (OR (X2 X3)))) (NOT (X2)))) (OR ((AND ((NOT (X1)) X3)) X2)))))))))
(CAPTURE_CANDIDATE (AND ((NOT (X3)) (OR ((AND ((NOT (X2)) X1)) X1 X2)))))
(CAPTURE_CANDIDATE (AND ((OR ((AND ((NOT (X3)) (OR (X1 X2)))) (AND ((OR ((AND (X1 X3)) (NOT (X2)))) (OR ((AND ((NOT (X1)) X3)) X2)))))))))
(CAPTURE_CANDIDATE (AND ((OR ((AND ((NOT (X3)) (OR (X1 X2)))) (AND ((OR ((AND (X1 X1 (NOT (X3)))) (NOT (X2)))) (OR ((AND ((NOT (X1)) X3)) X2)))))))))
(CAPTURE_CANDIDATE (AND ((OR ((AND ((NOT (X3)) (OR (X1 X2)))) (AND ((OR (X1 (NOT (X2)))) (OR ((AND ((NOT (X1)) X3)) X2)))))))))
(CAPTURE_CANDIDATE (AND ((NOT (X3)) (OR (X1 X2)))))
(CAPTURE_CANDIDATE (AND ((OR ((AND ((NOT (X3)) (OR (X1 X2)))) (AND (X1 (NOT (X2)))))))))
(CAPTURE_CANDIDATE (AND ((OR ((AND ((NOT (X3)) (OR (X1 X2)))) (AND ((OR (X1 (AND ((NOT (X1)) (NOT (X2)))))) (OR ((AND ((NOT (X1)) X3)) X2)))))))))
(CAPTURE_CANDIDATE (AND ((OR ((AND ((NOT (X3)) (OR (X1 X2)))) (AND (X1 X2)))))))
(CAPTURE_CANDIDATE (AND ((OR ((AND ((NOT (X3)) (OR (X1 X2)))) (AND ((OR (X1 X2)) (OR ((AND ((NOT (X1)) X3)) X2)))))))))
(CAPTURE_CANDIDATE (AND ((OR ((AND ((NOT (X3)) (OR (X1 X2)))) (AND ((OR (X1 (AND ((NOT (X2)) X3)))) (OR ((AND ((NOT (X1)) X3)) X2)))))))))
(CAPTURE_CANDIDATE (AND ((OR ((AND ((NOT (X3)) (OR (X1 X2)))) (AND ((OR (X1 (AND ((NOT (X2)) (NOT (X3)))))) (OR ((AND ((NOT (X1)) X3)) X2)))))))))
(CAPTURE_CANDIDATE (AND ((OR ((AND ((NOT (X3)) (OR (X1 X2)))) (AND ((OR (X1 (AND ((NOT (X2)) (OR (X1 X3)))))) (OR ((AND ((NOT (X1)) X3)) X2)))))))))
(CAPTURE_CANDIDATE (AND ((OR ((AND ((NOT (X3)) (OR (X1 X2)))) (AND ((OR (X1 (AND ((NOT (X2)) (NOT (X1)) (NOT (X3)))))) (OR ((AND ((NOT (X1)) X3)) X2)))))))))
(CAPTURE_CANDIDATE (AND ((OR ((AND ((NOT (X3)) (OR (X1 X2)))) (AND (X1 (NOT (X2)))))))))
(CAPTURE_CANDIDATE (AND ((OR ((AND ((NOT (X3)) (OR (X1 X2)))) (AND ((OR (X1 (AND ((NOT (X2)) (NOT (X1)) (NOT (X2)))))) (OR ((AND ((NOT (X1)) X3)) X2)))))))))
(CAPTURE_CANDIDATE (AND ((OR ((AND ((NOT (X3)) (OR (X1 X2)))) (AND ((OR (X1 (AND ((NOT (X2)) (NOT (X1)))))) (OR ((AND ((NOT (X1)) X3)) X2)))))))))
(CAPTURE_CANDIDATE (AND ((OR ((AND ((NOT (X3)) (OR (X1 X2)))) (AND (X1 (NOT (X2)) (NOT (X2)))))))))
(CAPTURE_CANDIDATE (AND ((OR ((AND ((NOT (X3)) (OR (X1 X2)))) (AND ((OR (X1 (NOT (X2)) X1)) (OR ((AND ((NOT (X1)) X3)) X2)))))))))
(CAPTURE_CANDIDATE (AND ((OR ((AND ((NOT (X3)) (OR (X1 X2)))) (AND ((OR (X1 (NOT (X2)) (NOT (X1)))) (OR ((AND ((NOT (X1)) X3)) X2)))))))))
(CAPTURE_CANDIDATE (AND ((OR ((AND ((NOT (X3)) (OR (X1 X2)))) (AND ((OR (X1 (NOT (X2)) X2)) (OR ((AND ((NOT (X1)) X3)) X2)))))))))
(CAPTURE_CANDIDATE (AND ((OR ((AND ((NOT (X3)) (OR (X1 X2)))) (AND ((OR (X1 (NOT (X2)) (NOT (X2)))) (OR ((AND ((NOT (X1)) X3)) X2)))))))))
(CAPTURE_CANDIDATE (AND ((OR ((AND ((NOT (X3)) (OR (X1 X2)))) (AND ((OR (X1 (NOT (X2)) X3)) (OR ((AND ((NOT (X1)) X3)) X2)))))))))
(CAPTURE_CANDIDATE (AND ((OR ((AND ((NOT (X3)) (OR (X1 X2)))) (AND ((OR (X1 (NOT (X2)) (NOT (X3)))) (OR ((AND ((NOT (X1)) X3)) X2)))))))))
(CAPTURE_CANDIDATE (AND ((OR ((AND ((NOT (X3)) (OR (X1 X2)))) (AND ((OR (X1 (NOT (X2)) X1 X3)) (OR ((AND ((NOT (X1)) X3)) X2)))))))))
(CAPTURE_CANDIDATE (AND ((OR ((AND ((NOT (X3)) (OR (X1 X2)))) (AND ((OR (X1 (NOT (X2)) (AND ((NOT (X1)) (NOT (X3)))))) (OR ((AND ((NOT (X1)) X3)) X2)))))))))
(CAPTURE_CANDIDATE (AND ((OR ((AND ((NOT (X3)) (OR (X1 X2)))) (AND ((OR (X1 (NOT (X2)) (NOT (X2)) X3)) (OR ((AND ((NOT (X1)) X3)) X2)))))))))
(CAPTURE_CANDIDATE (AND ((OR ((AND ((NOT (X3)) (OR (X1 X2)))) (AND ((OR (X1 (NOT (X2)) (AND (X2 (NOT (X3)))))) (OR ((AND ((NOT (X1)) X3)) X2)))))))))
(CAPTURE_CANDIDATE (AND ((OR ((AND ((NOT (X3)) (OR (X1 X2)))) (AND ((OR (X1 (NOT (X2)) X2 X3)) (OR ((AND ((NOT (X1)) X3)) X2)))))))))
(CAPTURE_CANDIDATE (AND ((OR ((AND ((NOT (X3)) (OR (X1 X2)))) (AND ((OR (X1 (NOT (X2)) (AND ((NOT (X2)) (NOT (X3)))))) (OR ((AND ((NOT (X1)) X3)) X2)))))))))
(CAPTURE_CANDIDATE (AND ((OR ((AND ((NOT (X3)) (OR (X1 X2)))) (AND ((OR (X1 (NOT (X2)))) (OR ((AND ((NOT (X1)) X3)) X1 X2)))))))))
(CAPTURE_CANDIDATE (AND ((OR ((AND ((NOT (X3)) (OR (X1 X2)))) (AND ((OR (X1 (NOT (X2)))) (OR ((AND ((NOT (X1)) X3)) (NOT (X1)) X2)))))))))
(CAPTURE_CANDIDATE (AND ((OR ((AND ((NOT (X3)) (OR (X1 X2)))) (AND ((NOT (X1)) X3 (NOT (X2)))))))))
(CAPTURE_CANDIDATE (AND ((OR ((AND ((NOT (X3)) (OR (X1 X2)))) (AND ((OR (X1 (NOT (X2)))) (OR ((AND ((NOT (X1)) X3)) (NOT (X2)))))))))))
(CAPTURE_CANDIDATE (AND ((OR ((AND ((NOT (X3)) (OR (X1 X2)))) (AND ((OR (X1 (NOT (X2)))) (OR ((AND ((NOT (X1)) X3)) X2 X3)))))))))
(CAPTURE_CANDIDATE (AND ((OR ((AND ((NOT (X3)) (OR (X1 X2)))) (AND ((OR (X1 (NOT (X2)))) (OR ((AND ((NOT (X1)) X3)) X2 (NOT (X3)))))))))))
(CAPTURE_CANDIDATE (AND ((OR ((AND ((NOT (X3)) (OR (X1 X2)))) (AND ((OR (X1 (NOT (X2)))) (OR ((AND ((NOT (X1)) X3)) X2 (AND ((NOT (X1)) X3)))))))))))
(CAPTURE_CANDIDATE (AND ((OR ((AND ((NOT (X3)) (OR (X1 X2)))) (AND ((OR (X1 (NOT (X2)))) (OR ((AND ((NOT (X1)) X3)) X2 X1 (NOT (X3)))))))))))
(CAPTURE_CANDIDATE (AND ((OR ((AND ((NOT (X3)) (OR (X1 X2)))) (AND ((OR (X1 (NOT (X2)))) (OR ((AND ((NOT (X1)) X3)) X2 (AND ((NOT (X1)) X2)))))))))))
(CAPTURE_CANDIDATE (AND ((OR ((AND ((NOT (X3)) (OR (X1 X2)))) (AND ((OR (X1 (NOT (X2)))) (OR ((AND ((NOT (X1)) X3)) X2 X1 (NOT (X2)))))))))))
(CAPTURE_CANDIDATE (AND ((OR ((AND ((NOT (X3)) (OR (X1 X2)))) (AND ((OR (X1 (NOT (X2)))) (OR ((AND ((NOT (X1)) X3)) X2 (AND ((NOT (X2)) X3)))))))))))
(CAPTURE_CANDIDATE (AND ((OR ((AND ((NOT (X3)) (OR (X1 X2)))) (AND ((OR (X1 (NOT (X2)))) (OR ((AND ((NOT (X1)) X3)) X2 X2 (NOT (X3)))))))))))
(CAPTURE_CANDIDATE (AND ((OR ((AND ((NOT (X3)) (OR (X1 X2)))) (AND ((OR (X1 (NOT (X2)))) (OR (X3 X2)))))))))
(CAPTURE_CANDIDATE (AND ((OR ((AND ((NOT (X3)) (OR (X1 X2)))) (AND ((OR (X1 (NOT (X2)))) (OR ((AND (X1 X3)) X2)))))))))
(CAPTURE_CANDIDATE (AND ((OR ((AND ((NOT (X3)) (OR (X1 X2)))) (AND (X2 (NOT (X1)) X3)))))))
(CAPTURE_CANDIDATE (AND ((OR ((AND ((NOT (X3)) (OR (X1 X2)))) (AND ((OR (X1 (NOT (X2)))) (OR ((AND ((NOT (X2)) (NOT (X1)) X3)) X2)))))))))
(CAPTURE_CANDIDATE (AND ((OR ((AND ((NOT (X3)) (OR (X1 X2)))) (AND ((OR (X1 (NOT (X2)))) (OR ((NOT (X1)) X2)))))))))
(CAPTURE_CANDIDATE (AND ((OR ((AND ((NOT (X3)) (OR (X1 X2)))) (AND ((OR (X1 (NOT (X2)))) (OR ((AND ((NOT (X3)) (NOT (X1)))) X2)))))))))
(CAPTURE_CANDIDATE (AND ((OR ((AND ((NOT (X3)) (OR (X1 X2)))) (AND ((OR (X1 (NOT (X2)))) (OR ((AND ((NOT (X1)) X3)) X2)))))))))
(CAPTURE_CANDIDATE (AND ((OR ((AND ((NOT (X3)) (OR (X1 X2)))) (AND (X2 X1)))))))
(CAPTURE_CANDIDATE (AND ((OR ((AND ((NOT (X3)) (OR (X1 X2)))) (AND ((OR (X1 (NOT (X2)))) (OR ((AND ((NOT (X1)) X3)) X2)))))))))
(CAPTURE_CANDIDATE (AND ((NOT (X3)) (OR (X1 X2)))))
(CAPTURE_CANDIDATE (AND ((OR ((AND ((NOT (X3)) (OR (X1 X2)))) (AND ((OR (X1 (NOT (X2)))) (OR ((AND ((NOT (X1)) X3)) X2)))))))))
(CAPTURE_CANDIDATE (AND ((OR ((AND ((NOT (X3)) (OR (X1 X2)))) (AND (X2 X1)))))))
(CAPTURE_CANDIDATE (AND ((OR ((AND ((NOT (X3)) (OR (X1 X2)))) (AND ((OR (X1 (NOT (X2)))) (OR (X3 X2)))))))))
(CAPTURE_CANDIDATE (AND ((OR ((AND ((NOT (X3)) (OR (X1 X2)))) (AND ((OR (X1 (NOT (X2)))) (OR ((AND (X1 X3)) X2)))))))))
(CAPTURE_CANDIDATE (AND ((OR ((AND ((NOT (X3)) (OR (X1 X2)))) (AND ((OR (X1 (NOT (X2)))) (OR ((AND (X3 (OR ((NOT (X1)) X2)))) X2)))))))))
(CAPTURE_CANDIDATE (AND ((OR ((AND ((NOT (X3)) (OR (X1 X2)))) (AND ((OR (X1 (NOT (X2)))) (OR ((AND (X3 (OR ((NOT (X1)) (NOT (X2)))))) X2)))))))))
(CAPTURE_CANDIDATE (AND ((OR ((AND ((NOT (X3)) (OR (X1 X2)))) (AND ((OR (X1 (NOT (X2)))) (OR (X3 X2)))))))))
(CAPTURE_CANDIDATE (AND ((OR ((AND ((NOT (X3)) (OR (X1 X2)))) (AND ((OR (X1 (NOT (X2)))) (OR ((AND (X3 (NOT (X1)))) X2)))))))))
(CAPTURE_CANDIDATE (AND ((OR ((AND ((NOT (X3)) (OR (X1 X2)))) (AND ((OR (X1 (NOT (X2)))) (OR ((AND (X3 (OR ((NOT (X1)) X1)))) X2)))))))))
(CAPTURE_CANDIDATE (AND ((OR ((AND ((NOT (X3)) (OR (X1 X2)))) (AND ((OR (X1 (NOT (X2)))) (OR ((AND (X3 (NOT (X1)))) X2)))))))))
(CAPTURE_CANDIDATE (AND ((OR ((AND ((NOT (X3)) (OR (X1 X2)))) (AND ((OR (X1 (NOT (X2)))) (OR ((AND (X3 (OR ((NOT (X1)) (AND (X1 X2)))))) X2)))))))))
(CAPTURE_CANDIDATE (AND ((OR ((AND ((NOT (X3)) (OR (X1 X2)))) (AND ((OR (X1 (NOT (X2)))) (OR ((AND (X3 (OR ((NOT (X1)) (NOT (X1)) (NOT (X2)))))) X2)))))))))
(CAPTURE_CANDIDATE (AND ((OR ((AND ((NOT (X3)) (OR (X1 X2)))) (AND ((OR (X1 (NOT (X2)))) (OR ((AND (X3 (OR ((NOT (X1)) X2)))) X2)))))))))
(CAPTURE_CANDIDATE (AND ((OR ((AND ((NOT (X3)) (OR (X1 X2)))) (AND ((OR (X1 (NOT (X2)))) (OR ((AND (X3 (OR ((NOT (X1)) (NOT (X2)))))) X2)))))))))
(CAPTURE_CANDIDATE (AND ((OR ((AND ((NOT (X3)) (OR (X1 X2)))) (AND ((OR (X1 (NOT (X2)))) (OR ((AND ((NOT (X1)) X3)) X2)))))))))
(CAPTURE_CANDIDATE (AND ((OR ((AND ((NOT (X3)) (OR (X1 X2)))) (AND ((OR (X1 (NOT (X2)))) (OR ((NOT (X1)) X2)))))))))
(CAPTURE_CANDIDATE (AND ((OR ((AND ((NOT (X3)) (OR (X1 X2)))) (AND ((OR (X1 (NOT (X2)))) (OR ((AND ((NOT (X1)) (OR (X3 X2)))) X2)))))))))
(CAPTURE_CANDIDATE (AND ((OR ((AND ((NOT (X3)) (OR (X1 X2)))) (AND ((OR (X1 (NOT (X2)))) (OR ((AND ((NOT (X1)) (OR (X3 (NOT (X2)))))) X2)))))))))
(CAPTURE_CANDIDATE (AND ((OR ((AND ((NOT (X3)) (OR (X1 X2)))) (AND ((OR (X1 (NOT (X2)))) (OR ((AND ((NOT (X1)) X3)) X2)))))))))
(CAPTURE_CANDIDATE (AND ((OR ((AND ((NOT (X3)) (OR (X1 X2)))) (AND ((OR (X1 (NOT (X2)))) (OR ((NOT (X1)) X2)))))))))
(CAPTURE_CANDIDATE (AND ((OR ((AND ((NOT (X3)) (OR (X1 X2)))) (AND ((OR (X1 (NOT (X2)))) (OR ((AND ((NOT (X1)) X3 (NOT (X2)))) X2)))))))))
(CAPTURE_CANDIDATE (AND ((OR ((AND ((NOT (X3)) (OR (X1 X2)))) (AND ((OR (X1 (NOT (X2)))) (OR ((AND ((NOT (X1)) (OR (X3 X2 (NOT (X3)))))) X2)))))))))
(CAPTURE_CANDIDATE (AND ((OR ((AND ((NOT (X3)) (OR (X1 X2)))) (AND (X2 (NOT (X1)) X3)))))))
(CAPTURE_CANDIDATE (AND ((OR ((AND ((NOT (X3)) (OR (X1 X2)))) (AND ((OR (X1 (NOT (X2)))) (OR ((AND ((NOT (X1)) (OR (X3 (NOT (X2)) (NOT (X3)))))) X2)))))))))
(CAPTURE_CANDIDATE (AND ((OR ((AND ((NOT (X3)) (OR (X1 X2)))) (AND (X2 X1)))))))
(CAPTURE_CANDIDATE (AND ((OR ((AND ((NOT (X3)) (OR (X1 X2)))) (AND ((OR (X1 (NOT (X2)))) (OR ((AND ((NOT (X1)) X3)) X2)))))))))
(CAPTURE_CANDIDATE (AND ((OR ((AND ((NOT (X3)) (OR (X1 X2)))) (AND (X2 (NOT (X1)) X3)))))))
(CAPTURE_CANDIDATE (AND ((OR ((AND ((NOT (X3)) (OR (X1 X2)))) (AND ((OR (X1 (NOT (X2)))) (OR ((AND ((NOT (X1)) X3 (NOT (X2)))) X2)))))))))
(CAPTURE_CANDIDATE (AND ((OR ((AND ((NOT (X3)) (OR (X1 X2)))) (AND ((OR (X1 (NOT (X2)))) (OR ((AND ((NOT (X1)) X3)) X2)))))))))
(CAPTURE_CANDIDATE (AND ((OR ((AND ((NOT (X3)) (OR (X1 X2)))) (AND (X2 X1)))))))
(CAPTURE_CANDIDATE (AND ((OR ((AND ((NOT (X3)) (OR (X1 X2)))) (AND (X2 X1)))))))
(CAPTURE_CANDIDATE (AND ((OR ((AND ((NOT (X3)) (OR (X1 X2)))) (AND ((OR (X1 (NOT (X2)))) (OR ((AND ((NOT (X1)) X3)) X2)))))))))
(CAPTURE_CANDIDATE (AND ((OR ((AND ((NOT (X3)) (OR (X1 X2)))) (AND ((OR (X1 (NOT (X2)))) (OR ((AND ((NOT (X1)) X3)) X2)))))))))
(CAPTURE_CANDIDATE (AND ((OR ((AND ((NOT (X3)) (OR (X1 X2)))) (AND ((OR (X1 (NOT (X2)))) (OR ((AND ((NOT (X1)) X3)) X2)))))))))
(CAPTURE_CANDIDATE (AND ((OR ((AND ((NOT (X3)) (OR (X1 X2)))) (AND (X2 X1)))))))
(CAPTURE_CANDIDATE (AND ((OR ((AND ((NOT (X3)) (OR (X1 X2)))) (AND ((OR (X1 (NOT (X2)))) (OR ((AND ((NOT (X1)) X3)) X2)))))))))
(CAPTURE_CANDIDATE (AND ((OR ((AND ((NOT (X3)) (OR (X1 X2)))) (AND ((OR (X1 (NOT (X2)))) (OR ((AND ((NOT (X1)) X3)) (AND (X2 X1)))))))))))
(CAPTURE_CANDIDATE (AND ((OR ((AND ((NOT (X3)) (OR (X1 X2)))) (AND ((NOT (X1)) (NOT (X2)) X3)))))))
(CAPTURE_CANDIDATE (AND ((OR ((AND ((NOT (X3)) (OR (X1 X2)))) (AND (X3 (OR (X1 (NOT (X2)))) (OR ((NOT (X1)) X2)))))))))
(CAPTURE_CANDIDATE (AND ((OR ((AND ((NOT (X3)) (OR (X1 X2)))) (AND ((OR (X1 (NOT (X2)))) (OR ((AND ((NOT (X1)) X3)) (AND (X2 (NOT (X3)))))))))))))
(CAPTURE_CANDIDATE (AND ((OR ((AND ((NOT (X3)) (OR (X1 X2)))) (AND ((OR (X1 (NOT (X2)))) (OR ((AND ((NOT (X1)) X3)) X2)))))))))
(CAPTURE_CANDIDATE (AND ((OR ((AND ((NOT (X3)) (OR (X1 X2)))) (AND ((NOT (X1)) X3 (NOT (X2)))))))))
(CAPTURE_CANDIDATE (AND ((OR ((AND ((NOT (X3)) (OR (X1 X2)))) (AND ((OR (X1 (NOT (X2)))) (OR ((AND ((NOT (X1)) X3)) X2)))))))))
(CAPTURE_CANDIDATE (AND ((OR ((AND ((NOT (X3)) (OR (X1 X2)))) (AND ((NOT (X1)) X3 (NOT (X2)))))))))
(CAPTURE_CANDIDATE (AND ((OR ((AND ((NOT (X3)) (OR (X1 X2)))) (AND (X3 (OR (X1 (NOT (X2)))) (OR ((NOT (X1)) X2)))))))))
(CAPTURE_CANDIDATE (AND ((OR ((AND ((NOT (X3)) (OR (X1 X2)))) (AND ((OR (X1 (NOT (X2)))) (OR ((AND ((NOT (X1)) X3)) (AND (X2 X2 (NOT (X3)))))))))))))
(CAPTURE_CANDIDATE (AND ((OR ((AND ((NOT (X3)) (OR (X1 X2)))) (AND ((OR (X1 (NOT (X2)))) (OR ((AND ((NOT (X1)) X3)) X2 X1)))))))))
(CAPTURE_CANDIDATE (AND ((OR ((AND ((NOT (X3)) (OR (X1 X2)))) (AND ((OR (X1 (NOT (X2)))) (OR ((AND ((NOT (X1)) X3)) X2 (NOT (X1)))))))))))
(CAPTURE_CANDIDATE (AND ((OR ((AND ((NOT (X3)) (OR (X1 X2)))) (AND ((OR (X1 (NOT (X2)))) (OR ((AND ((NOT (X1)) X3)) X2 X2)))))))))
(CAPTURE_CANDIDATE (AND ((OR ((AND ((NOT (X3)) (OR (X1 X2)))) (AND ((OR (X1 (NOT (X2)))) (OR ((AND ((NOT (X1)) X3)) X2 (NOT (X2)))))))))))
(CAPTURE_CANDIDATE (AND ((OR ((AND ((NOT (X3)) (OR (X1 X2)))) (AND ((OR (X1 (NOT (X2)))) (OR ((AND ((NOT (X1)) X3)) X2 X3)))))))))
(CAPTURE_CANDIDATE (AND ((OR ((AND ((NOT (X3)) (OR (X1 X2)))) (AND ((OR (X1 (NOT (X2)))) (OR ((AND ((NOT (X1)) X3)) X2 (NOT (X3)))))))))))
(CAPTURE_CANDIDATE (AND ((OR ((AND ((NOT (X3)) (OR (X1 X2)))) (AND ((OR (X1 (NOT (X2)))) (OR ((AND ((NOT (X1)) X3)) X2 X2 X3)))))))))
(CAPTURE_CANDIDATE (AND ((OR ((AND ((NOT (X3)) (OR (X1 X2)))) (AND ((OR (X1 (NOT (X2)))) (OR ((AND ((NOT (X1)) X3)) X2 (AND ((NOT (X2)) (NOT (X3)))))))))))))
(CAPTURE_CANDIDATE (AND ((OR ((AND ((NOT (X3)) (OR (X1 X2)))) (AND ((OR (X1 (NOT (X2)))) (OR ((AND ((NOT (X1)) X3)) X2 (NOT (X1)) X2)))))))))
(CAPTURE_CANDIDATE (AND ((OR ((AND ((NOT (X3)) (OR (X1 X2)))) (AND ((OR (X1 (NOT (X2)))) (OR ((AND ((NOT (X1)) X3)) X2 (AND (X1 (NOT (X2)))))))))))))
(CAPTURE_CANDIDATE (AND ((OR ((AND ((NOT (X3)) (OR (X1 X2)))) (AND ((OR (X1 (NOT (X2)))) (OR ((AND ((NOT (X1)) X3)) X2 X1 X2)))))))))
(CAPTURE_CANDIDATE (AND ((OR ((AND ((NOT (X3)) (OR (X1 X2)))) (AND ((OR (X1 (NOT (X2)))) (OR ((AND ((NOT (X1)) X3)) X2 (AND ((NOT (X1)) (NOT (X2)))))))))))))
(CAPTURE_CANDIDATE (AND ((OR ((AND ((NOT (X3)) (OR (X1 X2)))) (AND (X1 X2)))))))
(CAPTURE_CANDIDATE (AND ((OR ((AND ((NOT (X3)) (OR (X1 X2)))) (AND ((NOT (X1)) (NOT (X2)) X3)))))))
(CAPTURE_CANDIDATE (AND ((OR ((AND ((NOT (X3)) (OR (X1 X2)))) (AND (X2 X1)))))))
(CAPTURE_CANDIDATE (AND ((OR ((AND ((NOT (X3)) (OR (X1 X2)))) (AND ((NOT (X2)) (NOT (X1)) X3)))))))
(CAPTURE_CANDIDATE (AND ((OR ((AND ((NOT (X3)) (OR (X1 X2)))) (AND (X3 (OR (X1 (NOT (X2)))) (OR ((NOT (X1)) X2)))))))))
(CAPTURE_CANDIDATE (AND ((NOT (X3)) (OR ((AND (X2 X1)) X1 X2)))))
(CAPTURE_CANDIDATE (AND ((OR ((AND ((NOT (X3)) (OR (X1 X2)))) (AND (X2 X3 X1)))))))
(CAPTURE_CANDIDATE (AND ((OR ((AND ((NOT (X3)) (OR (X1 X2)))) (AND ((OR (X1 (NOT (X2)))) (OR ((AND ((NOT (X1)) X3)) X2)) (OR ((NOT (X2)) (NOT (X3)))))))))))
(CAPTURE_CANDIDATE (AND ((OR ((AND ((NOT (X3)) (OR (X1 X2)))) (AND ((NOT (X1)) X2)))))))
(CAPTURE_CANDIDATE (AND ((OR ((AND ((NOT (X3)) (OR (X1 X2)))) (AND ((OR (X1 (NOT (X2)))) (OR ((AND ((NOT (X1)) X3)) X2)) (OR (X1 (NOT (X2)))))))))))
(CAPTURE_CANDIDATE (AND ((OR ((AND ((NOT (X3)) (OR (X1 X2)))) (AND (X1 X3 X2)))))))
(CAPTURE_CANDIDATE (AND ((OR ((AND ((NOT (X3)) (OR (X1 X2)))) (AND ((OR (X1 (NOT (X2)))) (OR ((AND ((NOT (X1)) X3)) X2)) (OR ((NOT (X1)) (NOT (X3)))))))))))
(CAPTURE_CANDIDATE (AND ((OR ((AND ((NOT (X3)) (OR (X1 X2)))) (AND ((OR (X1 (NOT (X2)))) (OR ((AND ((NOT (X1)) X3)) X2)))) X1)))))
(CAPTURE_CANDIDATE (AND ((OR ((AND ((NOT (X3)) (OR (X1 X2)))) (AND ((OR (X1 (NOT (X2)))) (OR ((AND ((NOT (X1)) X3)) X2)))) (NOT (X1)))))))
(CAPTURE_CANDIDATE (AND ((OR ((AND ((NOT (X3)) (OR (X1 X2)))) (AND ((OR (X1 (NOT (X2)))) (OR ((AND ((NOT (X1)) X3)) X2)))) X2)))))
(CAPTURE_CANDIDATE (AND ((OR ((AND ((NOT (X3)) (OR (X1 X2)))) (AND ((OR (X1 (NOT (X2)))) (OR ((AND ((NOT (X1)) X3)) X2)))) (NOT (X2)))))))
(CAPTURE_CANDIDATE (AND ((OR ((AND ((NOT (X3)) (OR (X1 X2)))) (AND ((OR (X1 (NOT (X2)))) (OR ((AND ((NOT (X1)) X3)) X2)))) X3)))))
(CAPTURE_CANDIDATE (AND ((OR ((AND ((NOT (X3)) (OR (X1 X2)))) (AND ((OR (X1 (NOT (X2)))) (OR ((AND ((NOT (X1)) X3)) X2)))) (NOT (X3)))))))
(CAPTURE_CANDIDATE (AND ((OR ((AND ((NOT (X3)) (OR (X1 X2)))) (AND ((OR (X1 (NOT (X2)))) (OR ((AND ((NOT (X1)) X3)) X2)))) X1 X2)))))
(CAPTURE_CANDIDATE (AND ((OR ((AND ((NOT (X3)) (OR (X1 X2)))) (AND ((OR (X1 (NOT (X2)))) (OR ((AND ((NOT (X1)) X3)) X2)))) (AND ((NOT (X1)) (NOT (X2)))))))))
(CAPTURE_CANDIDATE (AND ((OR ((AND ((NOT (X3)) (OR (X1 X2)))) (AND ((OR (X1 (NOT (X2)))) (OR ((AND ((NOT (X1)) X3)) X2)))) (NOT (X1)) X3)))))
(CAPTURE_CANDIDATE (AND ((OR ((AND ((NOT (X3)) (OR (X1 X2)))) (AND ((OR (X1 (NOT (X2)))) (OR ((AND ((NOT (X1)) X3)) X2)))) (AND (X1 (NOT (X3)))))))))
(CAPTURE_CANDIDATE (AND ((OR ((AND ((NOT (X3)) (OR (X1 X2)))) (AND ((OR (X1 (NOT (X2)))) (OR ((AND ((NOT (X1)) X3)) X2)))) (NOT (X2)) X3)))))
(CAPTURE_CANDIDATE (AND ((OR ((AND ((NOT (X3)) (OR (X1 X2)))) (AND ((OR (X1 (NOT (X2)))) (OR ((AND ((NOT (X1)) X3)) X2)))) (AND (X2 (NOT (X3)))))))))
(CAPTURE_CANDIDATE (AND (X1 (OR ((NOT (X3)) X2)))))
(CAPTURE_CANDIDATE (AND ((NOT (X1)) (OR ((AND ((NOT (X3)) X2)) (AND ((NOT (X2)) X3)))))))
(CAPTURE_CANDIDATE (AND (X2 (OR ((NOT (X3)) X1)))))
(CAPTURE_CANDIDATE (AND ((NOT (X2)) (OR ((AND ((NOT (X3)) X1)) (AND ((NOT (X1)) X3)))))))
(CAPTURE_CANDIDATE (AND (X3 (OR (X1 (NOT (X2)))) (OR ((NOT (X1)) X2)))))
(CAPTURE_CANDIDATE (AND ((NOT (X3)) (OR ((AND (X2 X1)) X1 X2)))))
(CAPTURE_CANDIDATE (AND (X1 X2)))
(CAPTURE_CANDIDATE (AND ((OR ((AND ((NOT (X3)) (OR (X1 X2)))) (AND ((OR (X1 (NOT (X2)))) (OR ((AND ((NOT (X1)) X3)) X2)))))) (OR ((NOT (X1)) (NOT (X2)))))))
(CAPTURE_CANDIDATE (AND (X1 X3 X2)))
(CAPTURE_CANDIDATE (AND ((OR ((AND ((NOT (X3)) (OR (X1 X2)))) (AND ((OR (X1 (NOT (X2)))) (OR ((AND ((NOT (X1)) X3)) X2)))))) (OR ((NOT (X1)) (NOT (X3)))))))
(CAPTURE_CANDIDATE (AND (X2 X3 X1)))
(CAPTURE_CANDIDATE (AND ((OR ((AND ((NOT (X3)) (OR (X1 X2)))) (AND ((OR (X1 (NOT (X2)))) (OR ((AND ((NOT (X1)) X3)) X2)))))) (OR ((NOT (X2)) (NOT (X3)))))))
(CAPTURE_CANDIDATE (AND ((OR (X1 (AND ((NOT (X3)) (OR (X1 X2)))) (AND ((OR (X1 (NOT (X2)))) (OR ((AND ((NOT (X1)) X3)) X2)))))))))
(CAPTURE_CANDIDATE (AND ((OR ((NOT (X1)) (AND ((NOT (X3)) (OR (X1 X2)))) (AND ((OR (X1 (NOT (X2)))) (OR ((AND ((NOT (X1)) X3)) X2)))))))))
(CAPTURE_CANDIDATE (AND ((OR (X2 (AND ((NOT (X3)) (OR (X1 X2)))) (AND ((OR (X1 (NOT (X2)))) (OR ((AND ((NOT (X1)) X3)) X2)))))))))
(CAPTURE_CANDIDATE (AND ((OR ((NOT (X2)) (AND ((NOT (X3)) (OR (X1 X2)))) (AND ((OR (X1 (NOT (X2)))) (OR ((AND ((NOT (X1)) X3)) X2)))))))))
(CAPTURE_CANDIDATE (AND ((OR (X3 (AND ((NOT (X3)) (OR (X1 X2)))) (AND ((OR (X1 (NOT (X2)))) (OR ((AND ((NOT (X1)) X3)) X2)))))))))
(CAPTURE_CANDIDATE (AND ((OR ((NOT (X3)) (AND ((NOT (X3)) (OR (X1 X2)))) (AND ((OR (X1 (NOT (X2)))) (OR ((AND ((NOT (X1)) X3)) X2)))))))))
(CAPTURE_CANDIDATE (AND ((OR ((AND ((NOT (X3)) (OR (X1 X2)))) (AND ((OR (X1 (NOT (X2)))) (OR ((AND ((NOT (X1)) X3)) X2)))) X1 X2)))))
(CAPTURE_CANDIDATE (AND ((OR ((AND ((NOT (X1)) (NOT (X2)))) (AND ((NOT (X3)) (OR (X1 X2)))) (AND ((OR (X1 (NOT (X2)))) (OR ((AND ((NOT (X1)) X3)) X2)))))))))
(CAPTURE_CANDIDATE (AND ((OR ((AND ((NOT (X3)) (OR (X1 X2)))) (AND ((OR (X1 (NOT (X2)))) (OR ((AND ((NOT (X1)) X3)) X2)))) X1 X3)))))
(CAPTURE_CANDIDATE (AND ((OR ((AND ((NOT (X1)) (NOT (X3)))) (AND ((NOT (X3)) (OR (X1 X2)))) (AND ((OR (X1 (NOT (X2)))) (OR ((AND ((NOT (X1)) X3)) X2)))))))))
(CAPTURE_CANDIDATE (AND ((OR ((AND ((NOT (X3)) (OR (X1 X2)))) (AND ((OR (X1 (NOT (X2)))) (OR ((AND ((NOT (X1)) X3)) X2)))) X2 X3)))))
(CAPTURE_CANDIDATE (AND ((OR ((AND ((NOT (X2)) (NOT (X3)))) (AND ((NOT (X3)) (OR (X1 X2)))) (AND ((OR (X1 (NOT (X2)))) (OR ((AND ((NOT (X1)) X3)) X2)))))))))
(New best score: -3.2857142857142856)
""
(Iteration 3 running)
(Crossover: true)
(CenterInst: (0 0 0 0 0 0 0 0 0 0 0 0 0 0 0 0 0 0 0 0 1 1 0 0 0 0 1 0 0 0 1 1 0 0 0 0 0 0 0 0 0 0 0 0 0 0 0 0 0 0 0 0 0 0 0 0 0 0 0 0 0 0 0 0 1 1 0 0 0 0 0 0 0 0 0 0 1 0 0 0 0 0 0 0 0 0 0 0 1 0 0 0 0 1 0 1 0 0 0 1 0 0 0 0 0 0 0 0 0 0 0 0 0 0 0 0 0 0 0 0 0 0 0 0 0 0 0 0 0 0 0 0 0 0 0 0 0 0 0 0 0 0 0 0 0 0 0 0 0 0 0))
(size: 8)
(102378 : 197 : 2)
(CAPTURE_CANDIDATE (AND ((OR ((AND ((NOT (X3)) (OR (X1 X2)))) (AND ((OR (X1 (NOT (X2)))) (OR ((AND ((NOT (X1)) X3)) X2)))))))))
(CAPTURE_CANDIDATE (AND ((OR (X1 (AND ((NOT (X3)) (OR (X1 X2)))) (AND ((OR (X1 (NOT (X2)))) (OR ((AND ((NOT (X1)) X3)) X2)))))))))
(CAPTURE_CANDIDATE (AND ((OR ((NOT (X1)) (AND ((NOT (X3)) (OR (X1 X2)))) (AND ((OR (X1 (NOT (X2)))) (OR ((AND ((NOT (X1)) X3)) X2)))))))))
(CAPTURE_CANDIDATE (AND ((OR (X2 (AND ((NOT (X3)) (OR (X1 X2)))) (AND ((OR (X1 (NOT (X2)))) (OR ((AND ((NOT (X1)) X3)) X2)))))))))
(CAPTURE_CANDIDATE (AND ((OR ((NOT (X2)) (AND ((NOT (X3)) (OR (X1 X2)))) (AND ((OR (X1 (NOT (X2)))) (OR ((AND ((NOT (X1)) X3)) X2)))))))))
(CAPTURE_CANDIDATE (AND ((OR (X3 (AND ((NOT (X3)) (OR (X1 X2)))) (AND ((OR (X1 (NOT (X2)))) (OR ((AND ((NOT (X1)) X3)) X2)))))))))
(CAPTURE_CANDIDATE (AND ((OR ((NOT (X3)) (AND ((NOT (X3)) (OR (X1 X2)))) (AND ((OR (X1 (NOT (X2)))) (OR ((AND ((NOT (X1)) X3)) X2)))))))))
(CAPTURE_CANDIDATE (AND ((OR ((AND ((NOT (X1)) X3)) (AND ((NOT (X3)) (OR (X1 X2)))) (AND ((OR (X1 (NOT (X2)))) (OR ((AND ((NOT (X1)) X3)) X2)))))))))
(CAPTURE_CANDIDATE (AND ((OR (X1 (NOT (X3)) (AND ((NOT (X3)) (OR (X1 X2)))) (AND ((OR (X1 (NOT (X2)))) (OR ((AND ((NOT (X1)) X3)) X2)))))))))
(CAPTURE_CANDIDATE (AND ((OR ((AND (X2 X3)) (AND ((NOT (X3)) (OR (X1 X2)))) (AND ((OR (X1 (NOT (X2)))) (OR ((AND ((NOT (X1)) X3)) X2)))))))))
(CAPTURE_CANDIDATE (AND ((OR ((NOT (X2)) (NOT (X3)) (AND ((NOT (X3)) (OR (X1 X2)))) (AND ((OR (X1 (NOT (X2)))) (OR ((AND ((NOT (X1)) X3)) X2)))))))))
(CAPTURE_CANDIDATE (AND ((OR ((AND ((NOT (X1)) X2)) (AND ((NOT (X3)) (OR (X1 X2)))) (AND ((OR (X1 (NOT (X2)))) (OR ((AND ((NOT (X1)) X3)) X2)))))))))
(CAPTURE_CANDIDATE (AND ((OR (X1 (NOT (X2)) (AND ((NOT (X3)) (OR (X1 X2)))) (AND ((OR (X1 (NOT (X2)))) (OR ((AND ((NOT (X1)) X3)) X2)))))))))
(CAPTURE_CANDIDATE (AND (X1 (OR ((NOT (X3)) X2)))))
(CAPTURE_CANDIDATE (AND ((NOT (X1)) (OR ((AND ((NOT (X3)) X2)) (AND ((NOT (X2)) X3)))))))
(CAPTURE_CANDIDATE (AND (X2 (OR ((NOT (X3)) X1)))))
(CAPTURE_CANDIDATE (AND ((NOT (X2)) (OR ((AND ((NOT (X3)) X1)) (AND ((NOT (X1)) X3)))))))
(CAPTURE_CANDIDATE (AND (X3 (OR (X1 (NOT (X2)))) (OR ((NOT (X1)) X2)))))
(CAPTURE_CANDIDATE (AND ((NOT (X3)) (OR ((AND (X2 X1)) X1 X2)))))
(CAPTURE_CANDIDATE (AND ((OR ((AND ((NOT (X3)) (OR (X1 X2)))) (AND ((OR (X1 (NOT (X2)))) (OR ((AND ((NOT (X1)) X3)) X2)))))) (OR (X2 X3)))))
(CAPTURE_CANDIDATE (AND ((NOT (X2)) (NOT (X3)) X1)))
(CAPTURE_CANDIDATE (AND ((OR ((AND ((NOT (X3)) (OR (X1 X2)))) (AND ((OR (X1 (NOT (X2)))) (OR ((AND ((NOT (X1)) X3)) X2)))))) (OR ((NOT (X1)) X2)))))
(CAPTURE_CANDIDATE (AND (X1 (NOT (X2)) (NOT (X3)))))
(CAPTURE_CANDIDATE (AND ((OR ((AND ((NOT (X3)) (OR (X1 X2)))) (AND ((OR (X1 (NOT (X2)))) (OR ((AND ((NOT (X1)) X3)) X2)))))) (OR (X1 X3)))))
(CAPTURE_CANDIDATE (AND ((NOT (X1)) (NOT (X3)) X2)))
(CAPTURE_CANDIDATE (AND ((OR ((AND ((NOT (X3)) (OR (X1 X2)))) (AND ((OR (X1 (NOT (X2)))) (OR ((AND ((NOT (X1)) X3)) X2)))) X1)))))
(CAPTURE_CANDIDATE (AND ((OR ((AND ((NOT (X3)) (OR (X1 X2)))) (AND ((OR (X1 (NOT (X2)))) (OR ((AND ((NOT (X1)) X3)) X2)))) (NOT (X1)))))))
(CAPTURE_CANDIDATE (AND ((OR ((AND ((NOT (X3)) (OR (X1 X2)))) (AND ((OR (X1 (NOT (X2)))) (OR ((AND ((NOT (X1)) X3)) X2)))) X2)))))
(CAPTURE_CANDIDATE (AND ((OR ((AND ((NOT (X3)) (OR (X1 X2)))) (AND ((OR (X1 (NOT (X2)))) (OR ((AND ((NOT (X1)) X3)) X2)))) (NOT (X2)))))))
(CAPTURE_CANDIDATE (AND ((OR ((AND ((NOT (X3)) (OR (X1 X2)))) (AND ((OR (X1 (NOT (X2)))) (OR ((AND ((NOT (X1)) X3)) X2)))) X3)))))
(CAPTURE_CANDIDATE (AND ((OR ((AND ((NOT (X3)) (OR (X1 X2)))) (AND ((OR (X1 (NOT (X2)))) (OR ((AND ((NOT (X1)) X3)) X2)))) (NOT (X3)))))))
(CAPTURE_CANDIDATE (AND ((OR ((AND ((NOT (X3)) (OR (X1 X2)))) (AND ((OR (X1 (NOT (X2)))) (OR ((AND ((NOT (X1)) X3)) X2)))) (AND ((NOT (X2)) X3)))))))
(CAPTURE_CANDIDATE (AND ((OR ((AND ((NOT (X3)) (OR (X1 X2)))) (AND ((OR (X1 (NOT (X2)))) (OR ((AND ((NOT (X1)) X3)) X2)))) X2 (NOT (X3)))))))
(CAPTURE_CANDIDATE (AND ((OR ((AND ((NOT (X3)) (OR (X1 X2)))) (AND ((OR (X1 (NOT (X2)))) (OR ((AND ((NOT (X1)) X3)) X2)))) (AND (X1 X3)))))))
(CAPTURE_CANDIDATE (AND ((OR ((AND ((NOT (X3)) (OR (X1 X2)))) (AND ((OR (X1 (NOT (X2)))) (OR ((AND ((NOT (X1)) X3)) X2)))) (NOT (X1)) (NOT (X3)))))))
(CAPTURE_CANDIDATE (AND ((OR ((AND ((NOT (X3)) (OR (X1 X2)))) (AND ((OR (X1 (NOT (X2)))) (OR ((AND ((NOT (X1)) X3)) X2)))) (AND ((NOT (X1)) X2)))))))
(CAPTURE_CANDIDATE (AND ((OR ((AND ((NOT (X3)) (OR (X1 X2)))) (AND ((OR (X1 (NOT (X2)))) (OR ((AND ((NOT (X1)) X3)) X2)))) X1 (NOT (X2)))))))
(CAPTURE_CANDIDATE (AND ((OR ((AND (X1 (NOT (X3)))) (AND ((OR (X1 (NOT (X2)))) (OR ((AND ((NOT (X1)) X3)) X2)))))))))
(CAPTURE_CANDIDATE (AND ((OR ((AND ((NOT (X1)) (NOT (X3)) X2)) (AND ((OR (X1 (NOT (X2)))) (OR ((AND ((NOT (X1)) X3)) X2)))))))))
(CAPTURE_CANDIDATE (AND ((OR ((AND (X2 (NOT (X3)))) (AND ((OR (X1 (NOT (X2)))) (OR ((AND ((NOT (X1)) X3)) X2)))))))))
(CAPTURE_CANDIDATE (AND ((OR ((AND ((NOT (X2)) (NOT (X3)) X1)) (AND ((OR (X1 (NOT (X2)))) (OR ((AND ((NOT (X1)) X3)) X2)))))))))
(CAPTURE_CANDIDATE (AND ((OR ((AND ((OR (X1 (NOT (X2)))) (OR ((AND ((NOT (X1)) X3)) X2)))) X1 X2)))))
(CAPTURE_CANDIDATE (AND ((OR ((AND (X3 (OR (X1 X2)))) (AND ((OR (X1 (NOT (X2)))) (OR ((AND ((NOT (X1)) X3)) X2)))))))))
(CAPTURE_CANDIDATE (AND ((OR ((NOT (X3)) (AND ((OR (X1 (NOT (X2)))) (OR ((AND ((NOT (X1)) X3)) X2)))))))))
(CAPTURE_CANDIDATE (AND ((OR ((AND ((NOT (X3)) (NOT (X1)) (NOT (X2)))) (AND ((OR (X1 (NOT (X2)))) (OR ((AND ((NOT (X1)) X3)) X2)))))))))
(CAPTURE_CANDIDATE (AND ((OR ((AND ((NOT (X3)) (OR (X1 X2)) (OR ((NOT (X1)) X2)))) (AND ((OR (X1 (NOT (X2)))) (OR ((AND ((NOT (X1)) X3)) X2)))))))))
(CAPTURE_CANDIDATE (AND ((OR ((AND (X1 (NOT (X2)) (NOT (X3)))) (AND ((OR (X1 (NOT (X2)))) (OR ((AND ((NOT (X1)) X3)) X2)))))))))
(CAPTURE_CANDIDATE (AND ((OR ((AND ((NOT (X3)) (NOT (X1)) X2)) (AND ((OR (X1 (NOT (X2)))) (OR ((AND ((NOT (X1)) X3)) X2)))))))))
(CAPTURE_CANDIDATE (AND ((OR ((AND (X1 (NOT (X3)))) (AND ((OR (X1 (NOT (X2)))) (OR ((AND ((NOT (X1)) X3)) X2)))))))))
(CAPTURE_CANDIDATE (AND ((OR ((AND ((OR (X1 (NOT (X3)))) (OR (X1 X2)))) (AND ((OR (X1 (NOT (X2)))) (OR ((AND ((NOT (X1)) X3)) X2)))))))))
(CAPTURE_CANDIDATE (AND ((OR ((AND ((OR ((NOT (X1)) (NOT (X3)))) (OR (X1 X2)))) (AND ((OR (X1 (NOT (X2)))) (OR ((AND ((NOT (X1)) X3)) X2)))))))))
(CAPTURE_CANDIDATE (AND ((OR ((AND ((OR (X2 (NOT (X3)))) (OR (X1 X2)))) (AND ((OR (X1 (NOT (X2)))) (OR ((AND ((NOT (X1)) X3)) X2)))))))))
(CAPTURE_CANDIDATE (AND ((OR ((AND ((OR ((NOT (X2)) (NOT (X3)))) (OR (X1 X2)))) (AND ((OR (X1 (NOT (X2)))) (OR ((AND ((NOT (X1)) X3)) X2)))))))))
(CAPTURE_CANDIDATE (AND ((OR ((AND ((OR (X1 (NOT (X2)))) (OR ((AND ((NOT (X1)) X3)) X2)))) X1 X2)))))
(CAPTURE_CANDIDATE (AND ((OR ((AND (X3 (OR (X1 X2)))) (AND ((OR (X1 (NOT (X2)))) (OR ((AND ((NOT (X1)) X3)) X2)))))))))
(CAPTURE_CANDIDATE (AND ((OR ((AND ((OR ((NOT (X3)) (AND ((NOT (X1)) X2)))) (OR (X1 X2)))) (AND ((OR (X1 (NOT (X2)))) (OR ((AND ((NOT (X1)) X3)) X2)))))))))
(CAPTURE_CANDIDATE (AND ((OR ((AND ((OR ((NOT (X3)) X1 (NOT (X2)))) (OR (X1 X2)))) (AND ((OR (X1 (NOT (X2)))) (OR ((AND ((NOT (X1)) X3)) X2)))))))))
(CAPTURE_CANDIDATE (AND ((OR ((AND ((OR ((NOT (X3)) (AND (X2 X3)))) (OR (X1 X2)))) (AND ((OR (X1 (NOT (X2)))) (OR ((AND ((NOT (X1)) X3)) X2)))))))))
(CAPTURE_CANDIDATE (AND ((OR ((AND ((OR ((NOT (X3)) (NOT (X2)) (NOT (X3)))) (OR (X1 X2)))) (AND ((OR (X1 (NOT (X2)))) (OR ((AND ((NOT (X1)) X3)) X2)))))))))
(CAPTURE_CANDIDATE (AND ((OR ((AND ((OR ((NOT (X3)) (AND (X1 X2)))) (OR (X1 X2)))) (AND ((OR (X1 (NOT (X2)))) (OR ((AND ((NOT (X1)) X3)) X2)))))))))
(CAPTURE_CANDIDATE (AND ((OR ((AND ((OR ((NOT (X3)) (NOT (X1)) (NOT (X2)))) (OR (X1 X2)))) (AND ((OR (X1 (NOT (X2)))) (OR ((AND ((NOT (X1)) X3)) X2)))))))))
(CAPTURE_CANDIDATE (AND ((OR ((AND ((NOT (X3)) X2)) (AND ((OR (X1 (NOT (X2)))) (OR ((AND ((NOT (X1)) X3)) X2)))))))))
(CAPTURE_CANDIDATE (AND ((OR ((AND ((NOT (X3)) (OR ((NOT (X1)) X2)))) (AND ((OR (X1 (NOT (X2)))) (OR ((AND ((NOT (X1)) X3)) X2)))))))))
(CAPTURE_CANDIDATE (AND ((OR ((AND ((NOT (X3)) X1)) (AND ((OR (X1 (NOT (X2)))) (OR ((AND ((NOT (X1)) X3)) X2)))))))))
(CAPTURE_CANDIDATE (AND ((OR ((AND ((NOT (X3)) (OR (X1 (NOT (X2)))))) (AND ((OR (X1 (NOT (X2)))) (OR ((AND ((NOT (X1)) X3)) X2)))))))))
(CAPTURE_CANDIDATE (AND ((OR ((AND ((NOT (X3)) (OR (X1 X2)))) (AND ((OR (X1 (NOT (X2)))) (OR ((AND ((NOT (X1)) X3)) X2)))))))))
(CAPTURE_CANDIDATE (AND ((OR ((NOT (X3)) (AND ((OR (X1 (NOT (X2)))) (OR ((AND ((NOT (X1)) X3)) X2)))))))))
(CAPTURE_CANDIDATE (AND ((OR ((AND ((NOT (X3)) (OR (X1 X2 (AND (X1 X2)))))) (AND ((OR (X1 (NOT (X2)))) (OR ((AND ((NOT (X1)) X3)) X2)))))))))
(CAPTURE_CANDIDATE (AND ((OR ((AND ((NOT (X3)) (OR (X1 X2 (NOT (X1)) (NOT (X2)))))) (AND ((OR (X1 (NOT (X2)))) (OR ((AND ((NOT (X1)) X3)) X2)))))))))
(CAPTURE_CANDIDATE (AND ((OR ((AND ((NOT (X3)) (OR (X1 X2)))) (AND ((OR (X1 (NOT (X2)))) (OR ((AND ((NOT (X1)) X3)) X2)))))))))
(CAPTURE_CANDIDATE (AND ((OR ((NOT (X3)) (AND ((OR (X1 (NOT (X2)))) (OR ((AND ((NOT (X1)) X3)) X2)))))))))
(CAPTURE_CANDIDATE (AND ((OR ((AND ((NOT (X3)) (OR (X1 X2)))) (AND ((OR (X1 (NOT (X2)))) (OR ((AND ((NOT (X1)) X3)) X2)))))))))
(CAPTURE_CANDIDATE (AND ((OR ((NOT (X3)) (AND ((OR (X1 (NOT (X2)))) (OR ((AND ((NOT (X1)) X3)) X2)))))))))
(CAPTURE_CANDIDATE (AND ((OR ((AND ((NOT (X3)) X2 X1)) (AND ((OR (X1 (NOT (X2)))) (OR ((AND ((NOT (X1)) X3)) X2)))))))))
(CAPTURE_CANDIDATE (AND ((OR ((AND ((NOT (X3)) (OR ((AND (X1 (NOT (X2)))) X2)))) (AND ((OR (X1 (NOT (X2)))) (OR ((AND ((NOT (X1)) X3)) X2)))))))))
(CAPTURE_CANDIDATE (AND ((OR ((AND ((NOT (X3)) X2)) (AND ((OR (X1 (NOT (X2)))) (OR ((AND ((NOT (X1)) X3)) X2)))))))))
(CAPTURE_CANDIDATE (AND ((OR ((AND ((NOT (X3)) (OR (X1 X2)))) (AND ((OR (X1 (NOT (X2)))) (OR ((AND ((NOT (X1)) X3)) X2)))))))))
(CAPTURE_CANDIDATE (AND ((OR ((AND ((NOT (X3)) X2 X1)) (AND ((OR (X1 (NOT (X2)))) (OR ((AND ((NOT (X1)) X3)) X2)))))))))
(CAPTURE_CANDIDATE (AND ((OR ((AND ((NOT (X3)) (OR ((AND (X1 X1 (NOT (X2)))) X2)))) (AND ((OR (X1 (NOT (X2)))) (OR ((AND ((NOT (X1)) X3)) X2)))))))))
(CAPTURE_CANDIDATE (AND ((OR ((AND ((NOT (X3)) (OR (X1 X2)))) (AND ((OR (X1 (NOT (X2)))) (OR ((AND ((NOT (X1)) X3)) X2)))))))))
(CAPTURE_CANDIDATE (AND ((OR ((AND ((NOT (X3)) X2)) (AND ((OR (X1 (NOT (X2)))) (OR ((AND ((NOT (X1)) X3)) X2)))))))))
(CAPTURE_CANDIDATE (AND ((OR ((AND ((NOT (X3)) (OR ((AND (X1 (NOT (X2)))) X2)))) (AND ((OR (X1 (NOT (X2)))) (OR ((AND ((NOT (X1)) X3)) X2)))))))))
(CAPTURE_CANDIDATE (AND ((OR ((AND ((NOT (X3)) X2 X1 (NOT (X3)))) (AND ((OR (X1 (NOT (X2)))) (OR ((AND ((NOT (X1)) X3)) X2)))))))))
(CAPTURE_CANDIDATE (AND ((OR ((AND ((NOT (X3)) X1 X2)) (AND ((OR (X1 (NOT (X2)))) (OR ((AND ((NOT (X1)) X3)) X2)))))))))
(CAPTURE_CANDIDATE (AND ((OR ((AND ((NOT (X3)) (OR (X1 (AND (X2 (NOT (X1)))))))) (AND ((OR (X1 (NOT (X2)))) (OR ((AND ((NOT (X1)) X3)) X2)))))))))
(CAPTURE_CANDIDATE (AND ((OR ((AND ((NOT (X3)) X1)) (AND ((OR (X1 (NOT (X2)))) (OR ((AND ((NOT (X1)) X3)) X2)))))))))
(CAPTURE_CANDIDATE (AND ((OR ((AND ((NOT (X3)) (OR (X1 X2)))) (AND ((OR (X1 (NOT (X2)))) (OR ((AND ((NOT (X1)) X3)) X2)))))))))
(CAPTURE_CANDIDATE (AND ((OR ((AND ((NOT (X3)) (OR (X1 X2)))) (AND ((OR (X1 (NOT (X2)))) (OR ((AND ((NOT (X1)) X3)) X2)))))))))
(CAPTURE_CANDIDATE (AND ((OR (X1 (NOT (X2)))) (OR ((AND ((NOT (X1)) X3)) X2)))))
(CAPTURE_CANDIDATE (AND ((OR ((AND ((NOT (X3)) X1 X2)) (AND ((OR (X1 (NOT (X2)))) (OR ((AND ((NOT (X1)) X3)) X2)))))))))
(CAPTURE_CANDIDATE (AND ((OR ((AND ((NOT (X3)) (OR (X1 (AND (X2 (NOT (X1)))))))) (AND ((OR (X1 (NOT (X2)))) (OR ((AND ((NOT (X1)) X3)) X2)))))))))
(CAPTURE_CANDIDATE (AND ((OR ((AND ((NOT (X3)) (OR (X1 X2)))) (AND ((OR (X1 (NOT (X2)))) (OR ((AND ((NOT (X1)) X3)) X2)))))))))
(CAPTURE_CANDIDATE (AND ((OR ((AND ((NOT (X3)) X1)) (AND ((OR (X1 (NOT (X2)))) (OR ((AND ((NOT (X1)) X3)) X2)))))))))
(CAPTURE_CANDIDATE (AND ((OR ((AND ((NOT (X3)) (OR (X1 X2 X1)))) (AND ((OR (X1 (NOT (X2)))) (OR ((AND ((NOT (X1)) X3)) X2)))))))))
(CAPTURE_CANDIDATE (AND ((OR ((AND ((NOT (X3)) (OR (X1 X2 (NOT (X1)))))) (AND ((OR (X1 (NOT (X2)))) (OR ((AND ((NOT (X1)) X3)) X2)))))))))
(CAPTURE_CANDIDATE (AND ((OR ((AND ((NOT (X3)) (OR (X1 X2 X2)))) (AND ((OR (X1 (NOT (X2)))) (OR ((AND ((NOT (X1)) X3)) X2)))))))))
(CAPTURE_CANDIDATE (AND ((OR ((AND ((NOT (X3)) (OR (X1 X2 (NOT (X2)))))) (AND ((OR (X1 (NOT (X2)))) (OR ((AND ((NOT (X1)) X3)) X2)))))))))
(CAPTURE_CANDIDATE (AND ((OR ((AND ((NOT (X3)) (OR (X1 X2)))) (AND ((OR (X1 (NOT (X2)))) (OR ((AND ((NOT (X1)) X3)) X2)))))))))
(CAPTURE_CANDIDATE (AND ((OR ((NOT (X3)) (AND ((OR (X1 (NOT (X2)))) (OR ((AND ((NOT (X1)) X3)) X2)))))))))
(CAPTURE_CANDIDATE (AND ((OR ((AND ((NOT (X3)) (OR (X1 X2 (NOT (X2)))))) (AND ((OR (X1 (NOT (X2)))) (OR ((AND ((NOT (X1)) X3)) X2)))))))))
(CAPTURE_CANDIDATE (AND ((OR ((AND ((NOT (X3)) (OR (X1 X2 X2)))) (AND ((OR (X1 (NOT (X2)))) (OR ((AND ((NOT (X1)) X3)) X2)))))))))
(CAPTURE_CANDIDATE (AND ((OR ((AND ((NOT (X3)) (OR (X1 X2 (NOT (X1)))))) (AND ((OR (X1 (NOT (X2)))) (OR ((AND ((NOT (X1)) X3)) X2)))))))))
(CAPTURE_CANDIDATE (AND ((OR ((AND ((NOT (X3)) (OR (X1 X2 X1)))) (AND ((OR (X1 (NOT (X2)))) (OR ((AND ((NOT (X1)) X3)) X2)))))))))
(CAPTURE_CANDIDATE (AND ((OR ((AND ((NOT (X3)) (OR (X1 X2 X1 X2)))) (AND ((OR (X1 (NOT (X2)))) (OR ((AND ((NOT (X1)) X3)) X2)))))))))
(CAPTURE_CANDIDATE (AND ((OR ((AND ((NOT (X3)) (OR (X1 X2 (AND ((NOT (X1)) (NOT (X2)))))))) (AND ((OR (X1 (NOT (X2)))) (OR ((AND ((NOT (X1)) X3)) X2)))))))))
(CAPTURE_CANDIDATE (AND ((OR ((AND ((NOT (X3)) X1)) (AND ((OR (X1 (NOT (X2)))) (OR ((AND ((NOT (X1)) X3)) X2)))))))))
(CAPTURE_CANDIDATE (AND ((OR ((AND ((NOT (X3)) (NOT (X1)) X2)) (AND ((OR (X1 (NOT (X2)))) (OR ((AND ((NOT (X1)) X3)) X2)))))))))
(CAPTURE_CANDIDATE (AND ((OR ((AND ((NOT (X3)) X2)) (AND ((OR (X1 (NOT (X2)))) (OR ((AND ((NOT (X1)) X3)) X2)))))))))
(CAPTURE_CANDIDATE (AND ((OR ((AND ((NOT (X3)) (NOT (X2)) X1)) (AND ((OR (X1 (NOT (X2)))) (OR ((AND ((NOT (X1)) X3)) X2)))))))))
(CAPTURE_CANDIDATE (AND ((OR (X1 (NOT (X2)))) (OR ((AND ((NOT (X1)) X3)) X2)))))
(CAPTURE_CANDIDATE (AND ((OR ((AND ((NOT (X3)) (OR (X1 X2)))) (AND ((OR (X1 (NOT (X2)))) (OR ((AND ((NOT (X1)) X3)) X2)))))))))
(CAPTURE_CANDIDATE (AND ((OR ((AND ((NOT (X3)) X1 X2)) (AND ((OR (X1 (NOT (X2)))) (OR ((AND ((NOT (X1)) X3)) X2)))))))))
(CAPTURE_CANDIDATE (AND ((OR ((AND ((NOT (X3)) (OR (X1 X2)) (OR ((NOT (X1)) (NOT (X2)))))) (AND ((OR (X1 (NOT (X2)))) (OR ((AND ((NOT (X1)) X3)) X2)))))))))
(CAPTURE_CANDIDATE (AND ((OR (X1 (NOT (X2)))) (OR ((AND ((NOT (X1)) X3)) X2)))))
(CAPTURE_CANDIDATE (AND ((OR ((AND ((NOT (X3)) (OR (X1 X2)))) (AND ((OR (X1 (NOT (X2)))) (OR ((AND ((NOT (X1)) X3)) X2)))))))))
(CAPTURE_CANDIDATE (AND ((OR (X1 (NOT (X2)))) (OR ((AND ((NOT (X1)) X3)) X2)))))
(CAPTURE_CANDIDATE (AND ((OR ((AND ((NOT (X3)) (OR (X1 X2)))) (AND ((OR (X1 (NOT (X2)))) (OR ((AND ((NOT (X1)) X3)) X2)))))))))
(CAPTURE_CANDIDATE (AND ((OR ((AND ((NOT (X3)) (OR (X1 X2)))) (AND (X1 (OR (X3 X2)))))))))
(CAPTURE_CANDIDATE (AND ((OR ((AND ((NOT (X3)) (OR (X1 X2)))) (AND ((NOT (X1)) (NOT (X2)) X3)))))))
(CAPTURE_CANDIDATE (AND ((OR ((AND ((NOT (X3)) (OR (X1 X2)))) (AND (X2 X1)))))))
(CAPTURE_CANDIDATE (AND ((OR ((AND ((NOT (X3)) (OR (X1 X2)))) (AND ((NOT (X2)) (NOT (X1)) X3)))))))
(CAPTURE_CANDIDATE (AND ((OR ((AND ((NOT (X3)) (OR (X1 X2)))) (AND (X3 (OR (X1 (NOT (X2)))) (OR ((NOT (X1)) X2)))))))))
(CAPTURE_CANDIDATE (AND ((NOT (X3)) (OR ((AND (X2 X1)) X1 X2)))))
(CAPTURE_CANDIDATE (AND ((OR ((AND ((NOT (X3)) (OR (X1 X2)))) (AND ((OR (X1 (NOT (X2)))) (OR ((AND ((NOT (X1)) X3)) X2)) (OR (X1 X3)))))))))
(CAPTURE_CANDIDATE (AND ((NOT (X3)) (OR (X1 X2)))))
(CAPTURE_CANDIDATE (AND ((OR ((AND ((NOT (X3)) (OR (X1 X2)))) (AND ((OR (X1 (NOT (X2)))) (OR ((AND ((NOT (X1)) X3)) X2)) (OR ((NOT (X1)) X3)))))))))
(CAPTURE_CANDIDATE (AND ((NOT (X3)) (OR ((AND (X1 X2)) X1 X2)))))
(CAPTURE_CANDIDATE (AND ((OR ((AND ((NOT (X3)) (OR (X1 X2)))) (AND ((OR (X1 (NOT (X2)))) (OR ((AND ((NOT (X1)) X3)) X2)) (OR (X2 X3)))))))))
(CAPTURE_CANDIDATE (AND ((NOT (X3)) (OR ((NOT (X2)) X1 X2)))))
(CAPTURE_CANDIDATE (AND ((OR ((AND ((NOT (X3)) (OR (X1 X2)))) (AND ((NOT (X2)) (NOT (X1)) X3)))))))
(CAPTURE_CANDIDATE (AND ((OR ((AND ((NOT (X3)) (OR (X1 X2)))) (AND ((OR ((NOT (X1)) (NOT (X2)))) (OR ((AND ((NOT (X1)) X3)) X2)))))))))
(CAPTURE_CANDIDATE (AND ((OR ((AND ((NOT (X3)) (OR (X1 X2)))) (AND (X1 X2)))))))
(CAPTURE_CANDIDATE (AND ((OR ((AND ((NOT (X3)) (OR (X1 X2)))) (AND ((OR (X1 X2)) (OR ((AND ((NOT (X1)) X3)) X2)))))))))
(CAPTURE_CANDIDATE (AND ((OR ((AND ((NOT (X3)) (OR (X1 X2)))) (AND ((OR (X1 (NOT (X2)) X3)) (OR ((AND ((NOT (X1)) X3)) X2)))))))))
(CAPTURE_CANDIDATE (AND ((OR ((AND ((NOT (X3)) (OR (X1 X2)))) (AND ((OR (X1 (NOT (X2)) (NOT (X3)))) (OR ((AND ((NOT (X1)) X3)) X2)))))))))
(CAPTURE_CANDIDATE (AND ((OR ((AND ((NOT (X3)) (OR (X1 X2)))) (AND ((OR (X1 (NOT (X2)) (AND (X2 X3)))) (OR ((AND ((NOT (X1)) X3)) X2)))))))))
(CAPTURE_CANDIDATE (AND ((OR ((AND ((NOT (X3)) (OR (X1 X2)))) (AND ((OR (X1 (NOT (X2)) (NOT (X2)) (NOT (X3)))) (OR ((AND ((NOT (X1)) X3)) X2)))))))))
(CAPTURE_CANDIDATE (AND ((OR ((AND ((NOT (X3)) (OR (X1 X2)))) (AND ((OR (X1 (NOT (X2)) (AND ((NOT (X1)) X3)))) (OR ((AND ((NOT (X1)) X3)) X2)))))))))
(CAPTURE_CANDIDATE (AND ((OR ((AND ((NOT (X3)) (OR (X1 X2)))) (AND ((OR (X1 (NOT (X2)) X1 (NOT (X3)))) (OR ((AND ((NOT (X1)) X3)) X2)))))))))
(CAPTURE_CANDIDATE (AND ((OR ((AND ((NOT (X3)) (OR (X1 X2)))) (AND ((OR (X1 (NOT (X2)) (AND ((NOT (X1)) X2)))) (OR ((AND ((NOT (X1)) X3)) X2)))))))))
(CAPTURE_CANDIDATE (AND ((OR ((AND ((NOT (X3)) (OR (X1 X2)))) (AND ((OR (X1 (NOT (X2)) X1 (NOT (X2)))) (OR ((AND ((NOT (X1)) X3)) X2)))))))))
(CAPTURE_CANDIDATE (AND ((OR ((AND ((NOT (X3)) (OR (X1 X2)))) (AND ((OR ((AND (X1 X2)) (NOT (X2)))) (OR ((AND ((NOT (X1)) X3)) X2)))))))))
(CAPTURE_CANDIDATE (AND ((OR ((AND ((NOT (X3)) (OR (X1 X2)))) (AND ((NOT (X2)) X1)))))))
(CAPTURE_CANDIDATE (AND ((OR ((AND ((NOT (X3)) (OR (X1 X2)))) (AND ((OR ((AND (X1 X3)) (NOT (X2)))) (OR ((AND ((NOT (X1)) X3)) X2)))))))))
(CAPTURE_CANDIDATE (AND ((OR ((AND ((NOT (X3)) (OR (X1 X2)))) (AND ((OR ((AND (X1 (NOT (X3)))) (NOT (X2)))) (OR ((AND ((NOT (X1)) X3)) X2)))))))))
(CAPTURE_CANDIDATE (AND ((OR ((AND ((NOT (X3)) (OR (X1 X2)))) (AND ((OR ((AND (X1 (OR (X2 X3)))) (NOT (X2)))) (OR ((AND ((NOT (X1)) X3)) X2)))))))))
(CAPTURE_CANDIDATE (AND ((NOT (X3)) (OR ((AND ((NOT (X2)) X1)) X1 X2)))))
(CAPTURE_CANDIDATE (AND ((OR ((AND ((NOT (X3)) (OR (X1 X2)))) (AND ((OR ((AND (X1 X3)) (NOT (X2)))) (OR ((AND ((NOT (X1)) X3)) X2)))))))))
(CAPTURE_CANDIDATE (AND ((OR ((AND ((NOT (X3)) (OR (X1 X2)))) (AND ((OR ((AND (X1 X1 (NOT (X3)))) (NOT (X2)))) (OR ((AND ((NOT (X1)) X3)) X2)))))))))
(CAPTURE_CANDIDATE (AND ((OR ((AND ((NOT (X3)) (OR (X1 X2)))) (AND ((OR (X1 (NOT (X2)))) (OR ((AND ((NOT (X1)) X3)) X2)))))))))
(CAPTURE_CANDIDATE (AND ((NOT (X3)) (OR (X1 X2)))))
(CAPTURE_CANDIDATE (AND ((OR ((AND ((NOT (X3)) (OR (X1 X2)))) (AND (X1 (NOT (X2)))))))))
(CAPTURE_CANDIDATE (AND ((OR ((AND ((NOT (X3)) (OR (X1 X2)))) (AND ((OR (X1 (AND ((NOT (X1)) (NOT (X2)))))) (OR ((AND ((NOT (X1)) X3)) X2)))))))))
(CAPTURE_CANDIDATE (AND ((OR ((AND ((NOT (X3)) (OR (X1 X2)))) (AND (X1 X2)))))))
(CAPTURE_CANDIDATE (AND ((OR ((AND ((NOT (X3)) (OR (X1 X2)))) (AND ((OR (X1 X2)) (OR ((AND ((NOT (X1)) X3)) X2)))))))))
(CAPTURE_CANDIDATE (AND ((OR ((AND ((NOT (X3)) (OR (X1 X2)))) (AND ((OR (X1 (AND ((NOT (X2)) X3)))) (OR ((AND ((NOT (X1)) X3)) X2)))))))))
(CAPTURE_CANDIDATE (AND ((OR ((AND ((NOT (X3)) (OR (X1 X2)))) (AND ((OR (X1 (AND ((NOT (X2)) (NOT (X3)))))) (OR ((AND ((NOT (X1)) X3)) X2)))))))))
(CAPTURE_CANDIDATE (AND ((OR ((AND ((NOT (X3)) (OR (X1 X2)))) (AND ((OR (X1 (AND ((NOT (X2)) (OR (X1 X3)))))) (OR ((AND ((NOT (X1)) X3)) X2)))))))))
(CAPTURE_CANDIDATE (AND ((OR ((AND ((NOT (X3)) (OR (X1 X2)))) (AND ((OR (X1 (AND ((NOT (X2)) (NOT (X1)) (NOT (X3)))))) (OR ((AND ((NOT (X1)) X3)) X2)))))))))
(CAPTURE_CANDIDATE (AND ((OR ((AND ((NOT (X3)) (OR (X1 X2)))) (AND (X1 (NOT (X2)))))))))
(CAPTURE_CANDIDATE (AND ((OR ((AND ((NOT (X3)) (OR (X1 X2)))) (AND ((OR (X1 (AND ((NOT (X2)) (NOT (X1)) (NOT (X2)))))) (OR ((AND ((NOT (X1)) X3)) X2)))))))))
(CAPTURE_CANDIDATE (AND ((OR ((AND ((NOT (X3)) (OR (X1 X2)))) (AND ((OR (X1 (AND ((NOT (X2)) (NOT (X1)))))) (OR ((AND ((NOT (X1)) X3)) X2)))))))))
(CAPTURE_CANDIDATE (AND ((OR ((AND ((NOT (X3)) (OR (X1 X2)))) (AND (X1 (NOT (X2)) (NOT (X2)))))))))
(CAPTURE_CANDIDATE (AND ((OR ((AND ((NOT (X3)) (OR (X1 X2)))) (AND ((OR (X1 (NOT (X2)) X1)) (OR ((AND ((NOT (X1)) X3)) X2)))))))))
(CAPTURE_CANDIDATE (AND ((OR ((AND ((NOT (X3)) (OR (X1 X2)))) (AND ((OR (X1 (NOT (X2)) (NOT (X1)))) (OR ((AND ((NOT (X1)) X3)) X2)))))))))
(CAPTURE_CANDIDATE (AND ((OR ((AND ((NOT (X3)) (OR (X1 X2)))) (AND ((OR (X1 (NOT (X2)) X2)) (OR ((AND ((NOT (X1)) X3)) X2)))))))))
(CAPTURE_CANDIDATE (AND ((OR ((AND ((NOT (X3)) (OR (X1 X2)))) (AND ((OR (X1 (NOT (X2)) (NOT (X2)))) (OR ((AND ((NOT (X1)) X3)) X2)))))))))
(CAPTURE_CANDIDATE (AND ((OR ((AND ((NOT (X3)) (OR (X1 X2)))) (AND ((OR (X1 (NOT (X2)) X3)) (OR ((AND ((NOT (X1)) X3)) X2)))))))))
(CAPTURE_CANDIDATE (AND ((OR ((AND ((NOT (X3)) (OR (X1 X2)))) (AND ((OR (X1 (NOT (X2)) (NOT (X3)))) (OR ((AND ((NOT (X1)) X3)) X2)))))))))
(CAPTURE_CANDIDATE (AND ((OR ((AND ((NOT (X3)) (OR (X1 X2)))) (AND ((OR (X1 (NOT (X2)) X1 X3)) (OR ((AND ((NOT (X1)) X3)) X2)))))))))
(CAPTURE_CANDIDATE (AND ((OR ((AND ((NOT (X3)) (OR (X1 X2)))) (AND ((OR (X1 (NOT (X2)) (AND ((NOT (X1)) (NOT (X3)))))) (OR ((AND ((NOT (X1)) X3)) X2)))))))))
(CAPTURE_CANDIDATE (AND ((OR ((AND ((NOT (X3)) (OR (X1 X2)))) (AND ((OR (X1 (NOT (X2)) (NOT (X2)) X3)) (OR ((AND ((NOT (X1)) X3)) X2)))))))))
(CAPTURE_CANDIDATE (AND ((OR ((AND ((NOT (X3)) (OR (X1 X2)))) (AND ((OR (X1 (NOT (X2)) (AND (X2 (NOT (X3)))))) (OR ((AND ((NOT (X1)) X3)) X2)))))))))
(CAPTURE_CANDIDATE (AND ((OR ((AND ((NOT (X3)) (OR (X1 X2)))) (AND ((OR (X1 (NOT (X2)) X2 X3)) (OR ((AND ((NOT (X1)) X3)) X2)))))))))
(CAPTURE_CANDIDATE (AND ((OR ((AND ((NOT (X3)) (OR (X1 X2)))) (AND ((OR (X1 (NOT (X2)) (AND ((NOT (X2)) (NOT (X3)))))) (OR ((AND ((NOT (X1)) X3)) X2)))))))))
(CAPTURE_CANDIDATE (AND ((OR ((AND ((NOT (X3)) (OR (X1 X2)))) (AND ((OR (X1 (NOT (X2)))) (OR ((AND ((NOT (X1)) X3)) X1 X2)))))))))
(CAPTURE_CANDIDATE (AND ((OR ((AND ((NOT (X3)) (OR (X1 X2)))) (AND ((OR (X1 (NOT (X2)))) (OR ((AND ((NOT (X1)) X3)) (NOT (X1)) X2)))))))))
(CAPTURE_CANDIDATE (AND ((OR ((AND ((NOT (X3)) (OR (X1 X2)))) (AND ((NOT (X1)) X3 (NOT (X2)))))))))
(CAPTURE_CANDIDATE (AND ((OR ((AND ((NOT (X3)) (OR (X1 X2)))) (AND ((OR (X1 (NOT (X2)))) (OR ((AND ((NOT (X1)) X3)) (NOT (X2)))))))))))
(CAPTURE_CANDIDATE (AND ((OR ((AND ((NOT (X3)) (OR (X1 X2)))) (AND ((OR (X1 (NOT (X2)))) (OR ((AND ((NOT (X1)) X3)) X2 X3)))))))))
(CAPTURE_CANDIDATE (AND ((OR ((AND ((NOT (X3)) (OR (X1 X2)))) (AND ((OR (X1 (NOT (X2)))) (OR ((AND ((NOT (X1)) X3)) X2 (NOT (X3)))))))))))
(CAPTURE_CANDIDATE (AND ((OR ((AND ((NOT (X3)) (OR (X1 X2)))) (AND ((OR (X1 (NOT (X2)))) (OR ((AND ((NOT (X1)) X3)) X2 (AND ((NOT (X1)) X3)))))))))))
(CAPTURE_CANDIDATE (AND ((OR ((AND ((NOT (X3)) (OR (X1 X2)))) (AND ((OR (X1 (NOT (X2)))) (OR ((AND ((NOT (X1)) X3)) X2 X1 (NOT (X3)))))))))))
(CAPTURE_CANDIDATE (AND ((OR ((AND ((NOT (X3)) (OR (X1 X2)))) (AND ((OR (X1 (NOT (X2)))) (OR ((AND ((NOT (X1)) X3)) X2 (AND ((NOT (X1)) X2)))))))))))
(CAPTURE_CANDIDATE (AND ((OR ((AND ((NOT (X3)) (OR (X1 X2)))) (AND ((OR (X1 (NOT (X2)))) (OR ((AND ((NOT (X1)) X3)) X2 X1 (NOT (X2)))))))))))
(CAPTURE_CANDIDATE (AND ((OR ((AND ((NOT (X3)) (OR (X1 X2)))) (AND ((OR (X1 (NOT (X2)))) (OR ((AND ((NOT (X1)) X3)) X2 (AND ((NOT (X2)) X3)))))))))))
(CAPTURE_CANDIDATE (AND ((OR ((AND ((NOT (X3)) (OR (X1 X2)))) (AND ((OR (X1 (NOT (X2)))) (OR ((AND ((NOT (X1)) X3)) X2 X2 (NOT (X3)))))))))))
(CAPTURE_CANDIDATE (AND ((OR ((AND ((NOT (X3)) (OR (X1 X2)))) (AND ((OR (X1 (NOT (X2)))) (OR (X3 X2)))))))))
(CAPTURE_CANDIDATE (AND ((OR ((AND ((NOT (X3)) (OR (X1 X2)))) (AND ((OR (X1 (NOT (X2)))) (OR ((AND (X1 X3)) X2)))))))))
(CAPTURE_CANDIDATE (AND ((OR ((AND ((NOT (X3)) (OR (X1 X2)))) (AND (X2 (NOT (X1)) X3)))))))
(CAPTURE_CANDIDATE (AND ((OR ((AND ((NOT (X3)) (OR (X1 X2)))) (AND ((OR (X1 (NOT (X2)))) (OR ((AND ((NOT (X2)) (NOT (X1)) X3)) X2)))))))))
(CAPTURE_CANDIDATE (AND ((OR ((AND ((NOT (X3)) (OR (X1 X2)))) (AND ((OR (X1 (NOT (X2)))) (OR ((NOT (X1)) X2)))))))))
(CAPTURE_CANDIDATE (AND ((OR ((AND ((NOT (X3)) (OR (X1 X2)))) (AND ((OR (X1 (NOT (X2)))) (OR ((AND ((NOT (X3)) (NOT (X1)))) X2)))))))))
(CAPTURE_CANDIDATE (AND ((OR ((AND ((NOT (X3)) (OR (X1 X2)))) (AND ((OR (X1 (NOT (X2)))) (OR ((AND ((NOT (X1)) X3)) X2)))))))))
(CAPTURE_CANDIDATE (AND ((OR ((AND ((NOT (X3)) (OR (X1 X2)))) (AND (X2 X1)))))))
(CAPTURE_CANDIDATE (AND ((OR ((AND ((NOT (X3)) (OR (X1 X2)))) (AND ((OR (X1 (NOT (X2)))) (OR ((AND ((NOT (X1)) X3)) X2)))))))))
(CAPTURE_CANDIDATE (AND ((NOT (X3)) (OR (X1 X2)))))
(CAPTURE_CANDIDATE (AND ((OR ((AND ((NOT (X3)) (OR (X1 X2)))) (AND ((OR (X1 (NOT (X2)))) (OR ((AND ((NOT (X1)) X3)) X2)))))))))
(CAPTURE_CANDIDATE (AND ((OR ((AND ((NOT (X3)) (OR (X1 X2)))) (AND (X2 X1)))))))
(CAPTURE_CANDIDATE (AND ((OR ((AND ((NOT (X3)) (OR (X1 X2)))) (AND ((OR (X1 (NOT (X2)))) (OR (X3 X2)))))))))
(CAPTURE_CANDIDATE (AND ((OR ((AND ((NOT (X3)) (OR (X1 X2)))) (AND ((OR (X1 (NOT (X2)))) (OR ((AND (X1 X3)) X2)))))))))
(CAPTURE_CANDIDATE (AND ((OR ((AND ((NOT (X3)) (OR (X1 X2)))) (AND ((OR (X1 (NOT (X2)))) (OR ((AND (X3 (OR ((NOT (X1)) X2)))) X2)))))))))
(CAPTURE_CANDIDATE (AND ((OR ((AND ((NOT (X3)) (OR (X1 X2)))) (AND ((OR (X1 (NOT (X2)))) (OR ((AND (X3 (OR ((NOT (X1)) (NOT (X2)))))) X2)))))))))
(CAPTURE_CANDIDATE (AND ((OR ((AND ((NOT (X3)) (OR (X1 X2)))) (AND ((OR (X1 (NOT (X2)))) (OR (X3 X2)))))))))
(CAPTURE_CANDIDATE (AND ((OR ((AND ((NOT (X3)) (OR (X1 X2)))) (AND ((OR (X1 (NOT (X2)))) (OR ((AND (X3 (NOT (X1)))) X2)))))))))
(CAPTURE_CANDIDATE (AND ((OR ((AND ((NOT (X3)) (OR (X1 X2)))) (AND ((OR (X1 (NOT (X2)))) (OR ((AND (X3 (OR ((NOT (X1)) X1)))) X2)))))))))
(CAPTURE_CANDIDATE (AND ((OR ((AND ((NOT (X3)) (OR (X1 X2)))) (AND ((OR (X1 (NOT (X2)))) (OR ((AND (X3 (NOT (X1)))) X2)))))))))
(CAPTURE_CANDIDATE (AND ((OR ((AND ((NOT (X3)) (OR (X1 X2)))) (AND ((OR (X1 (NOT (X2)))) (OR ((AND (X3 (OR ((NOT (X1)) (AND (X1 X2)))))) X2)))))))))
(CAPTURE_CANDIDATE (AND ((OR ((AND ((NOT (X3)) (OR (X1 X2)))) (AND ((OR (X1 (NOT (X2)))) (OR ((AND (X3 (OR ((NOT (X1)) (NOT (X1)) (NOT (X2)))))) X2)))))))))
(CAPTURE_CANDIDATE (AND ((OR ((AND ((NOT (X3)) (OR (X1 X2)))) (AND ((OR (X1 (NOT (X2)))) (OR ((AND (X3 (OR ((NOT (X1)) X2)))) X2)))))))))
(CAPTURE_CANDIDATE (AND ((OR ((AND ((NOT (X3)) (OR (X1 X2)))) (AND ((OR (X1 (NOT (X2)))) (OR ((AND (X3 (OR ((NOT (X1)) (NOT (X2)))))) X2)))))))))
(CAPTURE_CANDIDATE (AND ((OR ((AND ((NOT (X3)) (OR (X1 X2)))) (AND ((OR (X1 (NOT (X2)))) (OR ((AND ((NOT (X1)) X3)) X2)))))))))
(CAPTURE_CANDIDATE (AND ((OR ((AND ((NOT (X3)) (OR (X1 X2)))) (AND ((OR (X1 (NOT (X2)))) (OR ((NOT (X1)) X2)))))))))
(CAPTURE_CANDIDATE (AND ((OR ((AND ((NOT (X3)) (OR (X1 X2)))) (AND ((OR (X1 (NOT (X2)))) (OR ((AND ((NOT (X1)) (OR (X3 X2)))) X2)))))))))
(CAPTURE_CANDIDATE (AND ((OR ((AND ((NOT (X3)) (OR (X1 X2)))) (AND ((OR (X1 (NOT (X2)))) (OR ((AND ((NOT (X1)) (OR (X3 (NOT (X2)))))) X2)))))))))
(CAPTURE_CANDIDATE (AND ((OR ((AND ((NOT (X3)) (OR (X1 X2)))) (AND ((OR (X1 (NOT (X2)))) (OR ((AND ((NOT (X1)) X3)) X2)))))))))
(CAPTURE_CANDIDATE (AND ((OR ((AND ((NOT (X3)) (OR (X1 X2)))) (AND ((OR (X1 (NOT (X2)))) (OR ((NOT (X1)) X2)))))))))
(CAPTURE_CANDIDATE (AND ((OR ((AND ((NOT (X3)) (OR (X1 X2)))) (AND ((OR (X1 (NOT (X2)))) (OR ((AND ((NOT (X1)) X3 (NOT (X2)))) X2)))))))))
(CAPTURE_CANDIDATE (AND ((OR ((AND ((NOT (X3)) (OR (X1 X2)))) (AND ((OR (X1 (NOT (X2)))) (OR ((AND ((NOT (X1)) (OR (X3 X2 (NOT (X3)))))) X2)))))))))
(CAPTURE_CANDIDATE (AND ((OR ((AND ((NOT (X3)) (OR (X1 X2)))) (AND (X2 (NOT (X1)) X3)))))))
(CAPTURE_CANDIDATE (AND ((OR ((AND ((NOT (X3)) (OR (X1 X2)))) (AND ((OR (X1 (NOT (X2)))) (OR ((AND ((NOT (X1)) (OR (X3 (NOT (X2)) (NOT (X3)))))) X2)))))))))
(CAPTURE_CANDIDATE (AND ((OR ((AND ((NOT (X3)) (OR (X1 X2)))) (AND (X2 X1)))))))
(CAPTURE_CANDIDATE (AND ((OR ((AND ((NOT (X3)) (OR (X1 X2)))) (AND ((OR (X1 (NOT (X2)))) (OR ((AND ((NOT (X1)) X3)) X2)))))))))
(CAPTURE_CANDIDATE (AND ((OR ((AND ((NOT (X3)) (OR (X1 X2)))) (AND (X2 (NOT (X1)) X3)))))))
(CAPTURE_CANDIDATE (AND ((OR ((AND ((NOT (X3)) (OR (X1 X2)))) (AND ((OR (X1 (NOT (X2)))) (OR ((AND ((NOT (X1)) X3 (NOT (X2)))) X2)))))))))
(CAPTURE_CANDIDATE (AND ((OR ((AND ((NOT (X3)) (OR (X1 X2)))) (AND ((OR (X1 (NOT (X2)))) (OR ((AND ((NOT (X1)) X3)) X2)))))))))
(CAPTURE_CANDIDATE (AND ((OR ((AND ((NOT (X3)) (OR (X1 X2)))) (AND (X2 X1)))))))
(CAPTURE_CANDIDATE (AND ((OR ((AND ((NOT (X3)) (OR (X1 X2)))) (AND (X2 X1)))))))
(CAPTURE_CANDIDATE (AND ((OR ((AND ((NOT (X3)) (OR (X1 X2)))) (AND ((OR (X1 (NOT (X2)))) (OR ((AND ((NOT (X1)) X3)) X2)))))))))
(CAPTURE_CANDIDATE (AND ((OR ((AND ((NOT (X3)) (OR (X1 X2)))) (AND ((OR (X1 (NOT (X2)))) (OR ((AND ((NOT (X1)) X3)) X2)))))))))
(CAPTURE_CANDIDATE (AND ((OR ((AND ((NOT (X3)) (OR (X1 X2)))) (AND ((OR (X1 (NOT (X2)))) (OR ((AND ((NOT (X1)) X3)) X2)))))))))
(CAPTURE_CANDIDATE (AND ((OR ((AND ((NOT (X3)) (OR (X1 X2)))) (AND (X2 X1)))))))
(CAPTURE_CANDIDATE (AND ((OR ((AND ((NOT (X3)) (OR (X1 X2)))) (AND ((OR (X1 (NOT (X2)))) (OR ((AND ((NOT (X1)) X3)) X2)))))))))
(CAPTURE_CANDIDATE (AND ((OR ((AND ((NOT (X3)) (OR (X1 X2)))) (AND ((OR (X1 (NOT (X2)))) (OR ((AND ((NOT (X1)) X3)) (AND (X2 X1)))))))))))
(CAPTURE_CANDIDATE (AND ((OR ((AND ((NOT (X3)) (OR (X1 X2)))) (AND ((NOT (X1)) (NOT (X2)) X3)))))))
(CAPTURE_CANDIDATE (AND ((OR ((AND ((NOT (X3)) (OR (X1 X2)))) (AND (X3 (OR (X1 (NOT (X2)))) (OR ((NOT (X1)) X2)))))))))
(CAPTURE_CANDIDATE (AND ((OR ((AND ((NOT (X3)) (OR (X1 X2)))) (AND ((OR (X1 (NOT (X2)))) (OR ((AND ((NOT (X1)) X3)) (AND (X2 (NOT (X3)))))))))))))
(CAPTURE_CANDIDATE (AND ((OR ((AND ((NOT (X3)) (OR (X1 X2)))) (AND ((OR (X1 (NOT (X2)))) (OR ((AND ((NOT (X1)) X3)) X2)))))))))
(CAPTURE_CANDIDATE (AND ((OR ((AND ((NOT (X3)) (OR (X1 X2)))) (AND ((NOT (X1)) X3 (NOT (X2)))))))))
(CAPTURE_CANDIDATE (AND ((OR ((AND ((NOT (X3)) (OR (X1 X2)))) (AND ((OR (X1 (NOT (X2)))) (OR ((AND ((NOT (X1)) X3)) X2)))))))))
(CAPTURE_CANDIDATE (AND ((OR ((AND ((NOT (X3)) (OR (X1 X2)))) (AND ((NOT (X1)) X3 (NOT (X2)))))))))
(CAPTURE_CANDIDATE (AND ((OR ((AND ((NOT (X3)) (OR (X1 X2)))) (AND (X3 (OR (X1 (NOT (X2)))) (OR ((NOT (X1)) X2)))))))))
(CAPTURE_CANDIDATE (AND ((OR ((AND ((NOT (X3)) (OR (X1 X2)))) (AND ((OR (X1 (NOT (X2)))) (OR ((AND ((NOT (X1)) X3)) (AND (X2 X2 (NOT (X3)))))))))))))
(CAPTURE_CANDIDATE (AND ((OR ((AND ((NOT (X3)) (OR (X1 X2)))) (AND ((OR (X1 (NOT (X2)))) (OR ((AND ((NOT (X1)) X3)) X2 X1)))))))))
(CAPTURE_CANDIDATE (AND ((OR ((AND ((NOT (X3)) (OR (X1 X2)))) (AND ((OR (X1 (NOT (X2)))) (OR ((AND ((NOT (X1)) X3)) X2 (NOT (X1)))))))))))
(CAPTURE_CANDIDATE (AND ((OR ((AND ((NOT (X3)) (OR (X1 X2)))) (AND ((OR (X1 (NOT (X2)))) (OR ((AND ((NOT (X1)) X3)) X2 X2)))))))))
(CAPTURE_CANDIDATE (AND ((OR ((AND ((NOT (X3)) (OR (X1 X2)))) (AND ((OR (X1 (NOT (X2)))) (OR ((AND ((NOT (X1)) X3)) X2 (NOT (X2)))))))))))
(CAPTURE_CANDIDATE (AND ((OR ((AND ((NOT (X3)) (OR (X1 X2)))) (AND ((OR (X1 (NOT (X2)))) (OR ((AND ((NOT (X1)) X3)) X2 X3)))))))))
(CAPTURE_CANDIDATE (AND ((OR ((AND ((NOT (X3)) (OR (X1 X2)))) (AND ((OR (X1 (NOT (X2)))) (OR ((AND ((NOT (X1)) X3)) X2 (NOT (X3)))))))))))
(CAPTURE_CANDIDATE (AND ((OR ((AND ((NOT (X3)) (OR (X1 X2)))) (AND ((OR (X1 (NOT (X2)))) (OR ((AND ((NOT (X1)) X3)) X2 X2 X3)))))))))
(CAPTURE_CANDIDATE (AND ((OR ((AND ((NOT (X3)) (OR (X1 X2)))) (AND ((OR (X1 (NOT (X2)))) (OR ((AND ((NOT (X1)) X3)) X2 (AND ((NOT (X2)) (NOT (X3)))))))))))))
(CAPTURE_CANDIDATE (AND ((OR ((AND ((NOT (X3)) (OR (X1 X2)))) (AND ((OR (X1 (NOT (X2)))) (OR ((AND ((NOT (X1)) X3)) X2 (NOT (X1)) X2)))))))))
(CAPTURE_CANDIDATE (AND ((OR ((AND ((NOT (X3)) (OR (X1 X2)))) (AND ((OR (X1 (NOT (X2)))) (OR ((AND ((NOT (X1)) X3)) X2 (AND (X1 (NOT (X2)))))))))))))
(CAPTURE_CANDIDATE (AND ((OR ((AND ((NOT (X3)) (OR (X1 X2)))) (AND ((OR (X1 (NOT (X2)))) (OR ((AND ((NOT (X1)) X3)) X2 X1 X2)))))))))
(CAPTURE_CANDIDATE (AND ((OR ((AND ((NOT (X3)) (OR (X1 X2)))) (AND ((OR (X1 (NOT (X2)))) (OR ((AND ((NOT (X1)) X3)) X2 (AND ((NOT (X1)) (NOT (X2)))))))))))))
(CAPTURE_CANDIDATE (AND ((OR ((AND ((NOT (X3)) (OR (X1 X2)))) (AND (X1 X2)))))))
(CAPTURE_CANDIDATE (AND ((OR ((AND ((NOT (X3)) (OR (X1 X2)))) (AND ((NOT (X1)) (NOT (X2)) X3)))))))
(CAPTURE_CANDIDATE (AND ((OR ((AND ((NOT (X3)) (OR (X1 X2)))) (AND (X2 X1)))))))
(CAPTURE_CANDIDATE (AND ((OR ((AND ((NOT (X3)) (OR (X1 X2)))) (AND ((NOT (X2)) (NOT (X1)) X3)))))))
(CAPTURE_CANDIDATE (AND ((OR ((AND ((NOT (X3)) (OR (X1 X2)))) (AND (X3 (OR (X1 (NOT (X2)))) (OR ((NOT (X1)) X2)))))))))
(CAPTURE_CANDIDATE (AND ((NOT (X3)) (OR ((AND (X2 X1)) X1 X2)))))
(CAPTURE_CANDIDATE (AND ((OR ((AND ((NOT (X3)) (OR (X1 X2)))) (AND (X2 X3 X1)))))))
(CAPTURE_CANDIDATE (AND ((OR ((AND ((NOT (X3)) (OR (X1 X2)))) (AND ((OR (X1 (NOT (X2)))) (OR ((AND ((NOT (X1)) X3)) X2)) (OR ((NOT (X2)) (NOT (X3)))))))))))
(CAPTURE_CANDIDATE (AND ((OR ((AND ((NOT (X3)) (OR (X1 X2)))) (AND ((NOT (X1)) X2)))))))
(CAPTURE_CANDIDATE (AND ((OR ((AND ((NOT (X3)) (OR (X1 X2)))) (AND ((OR (X1 (NOT (X2)))) (OR ((AND ((NOT (X1)) X3)) X2)) (OR (X1 (NOT (X2)))))))))))
(CAPTURE_CANDIDATE (AND ((OR ((AND ((NOT (X3)) (OR (X1 X2)))) (AND (X1 X3 X2)))))))
(CAPTURE_CANDIDATE (AND ((OR ((AND ((NOT (X3)) (OR (X1 X2)))) (AND ((OR (X1 (NOT (X2)))) (OR ((AND ((NOT (X1)) X3)) X2)) (OR ((NOT (X1)) (NOT (X3)))))))))))
(CAPTURE_CANDIDATE (AND ((OR ((AND ((NOT (X3)) (OR (X1 X2)))) (AND ((OR (X1 (NOT (X2)))) (OR ((AND ((NOT (X1)) X3)) X2)))) X1)))))
(CAPTURE_CANDIDATE (AND ((OR ((AND ((NOT (X3)) (OR (X1 X2)))) (AND ((OR (X1 (NOT (X2)))) (OR ((AND ((NOT (X1)) X3)) X2)))) (NOT (X1)))))))
(CAPTURE_CANDIDATE (AND ((OR ((AND ((NOT (X3)) (OR (X1 X2)))) (AND ((OR (X1 (NOT (X2)))) (OR ((AND ((NOT (X1)) X3)) X2)))) X2)))))
(CAPTURE_CANDIDATE (AND ((OR ((AND ((NOT (X3)) (OR (X1 X2)))) (AND ((OR (X1 (NOT (X2)))) (OR ((AND ((NOT (X1)) X3)) X2)))) (NOT (X2)))))))
(CAPTURE_CANDIDATE (AND ((OR ((AND ((NOT (X3)) (OR (X1 X2)))) (AND ((OR (X1 (NOT (X2)))) (OR ((AND ((NOT (X1)) X3)) X2)))) X3)))))
(CAPTURE_CANDIDATE (AND ((OR ((AND ((NOT (X3)) (OR (X1 X2)))) (AND ((OR (X1 (NOT (X2)))) (OR ((AND ((NOT (X1)) X3)) X2)))) (NOT (X3)))))))
(CAPTURE_CANDIDATE (AND ((OR ((AND ((NOT (X3)) (OR (X1 X2)))) (AND ((OR (X1 (NOT (X2)))) (OR ((AND ((NOT (X1)) X3)) X2)))) X1 X2)))))
(CAPTURE_CANDIDATE (AND ((OR ((AND ((NOT (X3)) (OR (X1 X2)))) (AND ((OR (X1 (NOT (X2)))) (OR ((AND ((NOT (X1)) X3)) X2)))) (AND ((NOT (X1)) (NOT (X2)))))))))
(CAPTURE_CANDIDATE (AND ((OR ((AND ((NOT (X3)) (OR (X1 X2)))) (AND ((OR (X1 (NOT (X2)))) (OR ((AND ((NOT (X1)) X3)) X2)))) (NOT (X1)) X3)))))
(CAPTURE_CANDIDATE (AND ((OR ((AND ((NOT (X3)) (OR (X1 X2)))) (AND ((OR (X1 (NOT (X2)))) (OR ((AND ((NOT (X1)) X3)) X2)))) (AND (X1 (NOT (X3)))))))))
(CAPTURE_CANDIDATE (AND ((OR ((AND ((NOT (X3)) (OR (X1 X2)))) (AND ((OR (X1 (NOT (X2)))) (OR ((AND ((NOT (X1)) X3)) X2)))) (NOT (X2)) X3)))))
(CAPTURE_CANDIDATE (AND ((OR ((AND ((NOT (X3)) (OR (X1 X2)))) (AND ((OR (X1 (NOT (X2)))) (OR ((AND ((NOT (X1)) X3)) X2)))) (AND (X2 (NOT (X3)))))))))
(CAPTURE_CANDIDATE (AND (X1 (OR ((NOT (X3)) X2)))))
(CAPTURE_CANDIDATE (AND ((NOT (X1)) (OR ((AND ((NOT (X3)) X2)) (AND ((NOT (X2)) X3)))))))
(CAPTURE_CANDIDATE (AND (X2 (OR ((NOT (X3)) X1)))))
(CAPTURE_CANDIDATE (AND ((NOT (X2)) (OR ((AND ((NOT (X3)) X1)) (AND ((NOT (X1)) X3)))))))
(CAPTURE_CANDIDATE (AND (X3 (OR (X1 (NOT (X2)))) (OR ((NOT (X1)) X2)))))
(CAPTURE_CANDIDATE (AND ((NOT (X3)) (OR ((AND (X2 X1)) X1 X2)))))
(CAPTURE_CANDIDATE (AND (X1 X2)))
(CAPTURE_CANDIDATE (AND ((OR ((AND ((NOT (X3)) (OR (X1 X2)))) (AND ((OR (X1 (NOT (X2)))) (OR ((AND ((NOT (X1)) X3)) X2)))))) (OR ((NOT (X1)) (NOT (X2)))))))
(CAPTURE_CANDIDATE (AND (X1 X3 X2)))
(CAPTURE_CANDIDATE (AND ((OR ((AND ((NOT (X3)) (OR (X1 X2)))) (AND ((OR (X1 (NOT (X2)))) (OR ((AND ((NOT (X1)) X3)) X2)))))) (OR ((NOT (X1)) (NOT (X3)))))))
(CAPTURE_CANDIDATE (AND (X2 X3 X1)))
(CAPTURE_CANDIDATE (AND ((OR ((AND ((NOT (X3)) (OR (X1 X2)))) (AND ((OR (X1 (NOT (X2)))) (OR ((AND ((NOT (X1)) X3)) X2)))))) (OR ((NOT (X2)) (NOT (X3)))))))
(CAPTURE_CANDIDATE (AND ((OR (X1 (AND ((NOT (X3)) (OR (X1 X2)))) (AND ((OR (X1 (NOT (X2)))) (OR ((AND ((NOT (X1)) X3)) X2)))))))))
(CAPTURE_CANDIDATE (AND ((OR ((NOT (X1)) (AND ((NOT (X3)) (OR (X1 X2)))) (AND ((OR (X1 (NOT (X2)))) (OR ((AND ((NOT (X1)) X3)) X2)))))))))
(CAPTURE_CANDIDATE (AND ((OR (X2 (AND ((NOT (X3)) (OR (X1 X2)))) (AND ((OR (X1 (NOT (X2)))) (OR ((AND ((NOT (X1)) X3)) X2)))))))))
(CAPTURE_CANDIDATE (AND ((OR ((NOT (X2)) (AND ((NOT (X3)) (OR (X1 X2)))) (AND ((OR (X1 (NOT (X2)))) (OR ((AND ((NOT (X1)) X3)) X2)))))))))
(CAPTURE_CANDIDATE (AND ((OR (X3 (AND ((NOT (X3)) (OR (X1 X2)))) (AND ((OR (X1 (NOT (X2)))) (OR ((AND ((NOT (X1)) X3)) X2)))))))))
(CAPTURE_CANDIDATE (AND ((OR ((NOT (X3)) (AND ((NOT (X3)) (OR (X1 X2)))) (AND ((OR (X1 (NOT (X2)))) (OR ((AND ((NOT (X1)) X3)) X2)))))))))
(CAPTURE_CANDIDATE (AND ((OR ((AND ((NOT (X3)) (OR (X1 X2)))) (AND ((OR (X1 (NOT (X2)))) (OR ((AND ((NOT (X1)) X3)) X2)))) X1 X2)))))
(CAPTURE_CANDIDATE (AND ((OR ((AND ((NOT (X1)) (NOT (X2)))) (AND ((NOT (X3)) (OR (X1 X2)))) (AND ((OR (X1 (NOT (X2)))) (OR ((AND ((NOT (X1)) X3)) X2)))))))))
(CAPTURE_CANDIDATE (AND ((OR ((AND ((NOT (X3)) (OR (X1 X2)))) (AND ((OR (X1 (NOT (X2)))) (OR ((AND ((NOT (X1)) X3)) X2)))) X1 X3)))))
(CAPTURE_CANDIDATE (AND ((OR ((AND ((NOT (X1)) (NOT (X3)))) (AND ((NOT (X3)) (OR (X1 X2)))) (AND ((OR (X1 (NOT (X2)))) (OR ((AND ((NOT (X1)) X3)) X2)))))))))
(CAPTURE_CANDIDATE (AND ((OR ((AND ((NOT (X3)) (OR (X1 X2)))) (AND ((OR (X1 (NOT (X2)))) (OR ((AND ((NOT (X1)) X3)) X2)))) X2 X3)))))
(CAPTURE_CANDIDATE (AND ((OR ((AND ((NOT (X2)) (NOT (X3)))) (AND ((NOT (X3)) (OR (X1 X2)))) (AND ((OR (X1 (NOT (X2)))) (OR ((AND ((NOT (X1)) X3)) X2)))))))))
(CAPTURE_CANDIDATE (AND ((OR ((AND ((NOT (X3)) (OR (X1 X2)))) (AND (X3 (OR (X1 (NOT (X2)))) (OR ((NOT (X1)) X2)))))))))
(CAPTURE_CANDIDATE (AND ((OR ((AND ((NOT (X3)) (OR (X1 X2)))) (AND (X3 (OR (X1 (NOT (X2)))) (OR ((NOT (X1)) X2)))))))))
(CAPTURE_CANDIDATE (AND ((OR ((AND ((NOT (X3)) (OR (X1 X2)))) (AND (X3 (OR (X1 (NOT (X2)))) (OR ((NOT (X1)) X2)))))))))
(CAPTURE_CANDIDATE (AND ((OR ((AND ((NOT (X3)) (OR (X1 X2)))) (AND (X3 (OR (X1 (NOT (X2)))) (OR ((NOT (X1)) X2)))))))))
(CAPTURE_CANDIDATE (AND ((OR ((AND ((NOT (X3)) (OR (X1 X2)))) (AND (X3 (OR (X1 (NOT (X2)))) (OR ((NOT (X1)) X2)))))))))
(CAPTURE_CANDIDATE (AND ((OR ((AND ((NOT (X3)) (OR (X1 X2)))) (AND (X3 (OR (X1 (NOT (X2)))) (OR ((NOT (X1)) X2)))))))))
(CAPTURE_CANDIDATE (AND ((OR ((AND ((NOT (X3)) (OR (X1 X2)))) (AND (X3 (OR (X1 (NOT (X2)))) (OR ((NOT (X1)) X2)))))))))
(CAPTURE_CANDIDATE (AND ((OR ((AND ((NOT (X3)) (OR (X1 X2)))) (AND (X3 (OR (X1 (NOT (X2)))) (OR ((NOT (X1)) X2)))))))))
(CAPTURE_CANDIDATE (AND ((OR ((AND ((NOT (X3)) (OR (X1 X2)))) (AND (X3 (OR (X1 (NOT (X2)))) (OR ((NOT (X1)) X2)))))))))
(CAPTURE_CANDIDATE (AND ((OR ((AND ((NOT (X3)) (OR (X1 X2)))) (AND (X3 (OR (X1 (NOT (X2)))) (OR ((NOT (X1)) X2)))))))))
(CAPTURE_CANDIDATE (AND ((OR ((AND ((NOT (X3)) (OR (X1 X2)))) (AND ((OR (X1 (NOT (X2)))) (OR ((AND ((NOT (X1)) X3)) X2)))))))))
(CAPTURE_CANDIDATE (AND ((OR ((AND ((NOT (X3)) (OR (X1 X2)))) (AND (X3 (OR (X1 (NOT (X2)))) (OR ((NOT (X1)) X2)))))))))
(CAPTURE_CANDIDATE (AND ((OR ((AND ((NOT (X3)) (OR (X1 X2)))) (AND (X3 (OR (X1 (NOT (X2)))) (OR ((NOT (X1)) X2)))))))))
(CAPTURE_CANDIDATE (AND ((OR ((AND ((NOT (X3)) (OR (X1 X2)))) (AND (X3 (OR (X1 (NOT (X2)))) (OR ((NOT (X1)) X2)))))))))
(CAPTURE_CANDIDATE (AND ((OR ((AND ((NOT (X3)) (OR (X1 X2)))) (AND (X3 (OR (X1 (NOT (X2)))) (OR ((NOT (X1)) X2)))))))))
(CAPTURE_CANDIDATE (AND ((OR ((AND ((NOT (X3)) (OR (X1 X2)))) (AND (X3 (OR (X1 (NOT (X2)))) (OR ((NOT (X1)) X2)))))))))
(CAPTURE_CANDIDATE (AND ((OR ((AND ((NOT (X3)) (OR (X1 X2)))) (AND (X3 (OR (X1 (NOT (X2)))) (OR ((NOT (X1)) X2)))))))))
(CAPTURE_CANDIDATE (AND ((OR ((AND ((NOT (X3)) (OR (X1 X2)))) (AND (X3 (OR (X1 (NOT (X2)))) (OR ((NOT (X1)) X2)))))))))
(CAPTURE_CANDIDATE (AND ((OR ((AND ((NOT (X3)) (OR (X1 X2)))) (AND (X3 (OR (X1 (NOT (X2)))) (OR ((NOT (X1)) X2)))))))))
(CAPTURE_CANDIDATE (AND ((OR ((AND ((NOT (X3)) (OR (X1 X2)))) (AND (X3 (OR (X1 (NOT (X2)))) (OR ((NOT (X1)) X2)))))))))
(CAPTURE_CANDIDATE (AND ((OR ((AND ((NOT (X3)) (OR (X1 X2)))) (AND (X3 (OR (X1 (NOT (X2)))) (OR ((NOT (X1)) X2)))))))))
(CAPTURE_CANDIDATE (AND ((OR ((AND ((NOT (X3)) (OR (X1 X2)))) (AND (X3 (OR (X1 (NOT (X2)))) (OR ((NOT (X1)) X2)))))))))
(CAPTURE_CANDIDATE (AND ((OR ((AND ((NOT (X3)) (OR (X1 X2)))) (AND ((OR (X1 (NOT (X2)))) (OR ((AND ((NOT (X1)) X3)) X2)))))))))
(CAPTURE_CANDIDATE (AND ((OR ((AND ((NOT (X3)) (OR (X1 X2)))) (AND ((OR (X1 (NOT (X2)))) (OR ((AND ((NOT (X1)) X3)) X2)))))))))
(CAPTURE_CANDIDATE (AND ((OR ((AND ((NOT (X3)) (OR (X1 X2)))) (AND (X3 (OR (X1 (NOT (X2)))) (OR ((NOT (X1)) X2)))))))))
(CAPTURE_CANDIDATE (AND ((OR ((AND ((NOT (X3)) (OR (X1 X2)))) (AND (X3 (OR (X1 (NOT (X2)))) (OR ((NOT (X1)) X2)))))))))
(CAPTURE_CANDIDATE (AND ((OR ((AND ((NOT (X3)) (OR (X1 X2)))) (AND (X3 (OR (X1 (NOT (X2)))) (OR ((NOT (X1)) X2)))))))))
(CAPTURE_CANDIDATE (AND ((OR ((AND ((NOT (X3)) (OR (X1 X2)))) (AND ((OR (X1 (NOT (X2)))) (OR ((AND ((NOT (X1)) X3)) X2)))))))))
(CAPTURE_CANDIDATE (AND ((OR ((AND ((NOT (X3)) (OR (X1 X2)))) (AND ((OR (X1 (NOT (X2)))) (OR ((AND ((NOT (X1)) X3)) X2)))))))))
(CAPTURE_CANDIDATE (AND ((OR ((AND ((NOT (X3)) (OR (X1 X2)))) (AND (X3 (OR (X1 (NOT (X2)))) (OR ((NOT (X1)) X2)))))))))
(CAPTURE_CANDIDATE (AND ((OR ((AND ((NOT (X3)) (OR (X1 X2)))) (AND ((OR (X1 (NOT (X2)))) (OR ((AND ((NOT (X1)) X3)) X2)))))))))
(CAPTURE_CANDIDATE (AND ((OR ((AND ((NOT (X3)) (OR (X1 X2)))) (AND (X3 (OR (X1 (NOT (X2)))) (OR ((NOT (X1)) X2)))))))))
(CAPTURE_CANDIDATE (AND ((OR ((AND ((NOT (X3)) (OR (X1 X2)))) (AND (X3 (OR (X1 (NOT (X2)))) (OR ((NOT (X1)) X2)))))))))
(CAPTURE_CANDIDATE (AND ((OR ((AND ((NOT (X3)) (OR (X1 X2)))) (AND ((OR (X1 (NOT (X2)))) (OR ((AND ((NOT (X1)) X3)) X2)))))))))
(CAPTURE_CANDIDATE (AND ((OR ((AND ((NOT (X3)) (OR (X1 X2)))) (AND ((OR (X1 (NOT (X2)))) (OR ((AND ((NOT (X1)) X3)) X2)))))))))
(CAPTURE_CANDIDATE (AND ((OR ((AND ((NOT (X3)) (OR (X1 X2)))) (AND (X3 (OR (X1 (NOT (X2)))) (OR ((NOT (X1)) X2)))))))))
(CAPTURE_CANDIDATE (AND ((OR ((AND ((NOT (X3)) (OR (X1 X2)))) (AND ((OR (X1 (NOT (X2)))) (OR ((AND ((NOT (X1)) X3)) X2)))))))))
(CAPTURE_CANDIDATE (AND ((OR ((AND ((NOT (X3)) (OR (X1 X2)))) (AND ((OR (X1 (NOT (X2)))) (OR ((AND ((NOT (X1)) X3)) X2)))))))))
(CAPTURE_CANDIDATE (AND ((OR ((AND ((NOT (X3)) (OR (X1 X2)))) (AND (X3 (OR (X1 (NOT (X2)))) (OR ((NOT (X1)) X2)))))))))
(CAPTURE_CANDIDATE (AND ((OR ((AND ((NOT (X3)) (OR (X1 X2)))) (AND (X3 (OR (X1 (NOT (X2)))) (OR ((NOT (X1)) X2)))))))))
(CAPTURE_CANDIDATE (AND ((OR ((AND ((NOT (X3)) (OR (X1 X2)))) (AND ((OR (X1 (NOT (X2)))) (OR ((AND ((NOT (X1)) X3)) X2)))))))))
(CAPTURE_CANDIDATE (AND ((OR ((AND ((NOT (X3)) (OR (X1 X2)))) (AND ((OR (X1 (NOT (X2)))) (OR ((AND ((NOT (X1)) X3)) X2)))))))))
(CAPTURE_CANDIDATE (AND ((OR ((AND ((NOT (X3)) (OR (X1 X2)))) (AND (X3 (OR (X1 (NOT (X2)))) (OR ((NOT (X1)) X2)))))))))
(CAPTURE_CANDIDATE (AND ((OR ((AND ((NOT (X3)) (OR (X1 X2)))) (AND ((OR (X1 (NOT (X2)))) (OR ((AND ((NOT (X1)) X3)) X2)))))))))
(CAPTURE_CANDIDATE (AND ((OR ((AND ((NOT (X3)) (OR (X1 X2)))) (AND ((OR (X1 (NOT (X2)))) (OR ((AND ((NOT (X1)) X3)) X2)))))))))
(CAPTURE_CANDIDATE (AND ((OR ((AND ((NOT (X3)) (OR (X1 X2)))) (AND ((OR (X1 (NOT (X2)))) (OR ((AND ((NOT (X1)) X3)) X2)))))))))
(CAPTURE_CANDIDATE (AND ((OR ((AND ((NOT (X3)) (OR (X1 X2)))) (AND (X3 (OR (X1 (NOT (X2)))) (OR ((NOT (X1)) X2)))))))))
(CAPTURE_CANDIDATE (AND ((OR ((AND ((NOT (X3)) (OR (X1 X2)))) (AND (X3 (OR (X1 (NOT (X2)))) (OR ((NOT (X1)) X2)))))))))
(CAPTURE_CANDIDATE (AND ((OR ((AND ((NOT (X3)) (OR (X1 X2)))) (AND ((OR (X1 (NOT (X2)))) (OR ((AND ((NOT (X1)) X3)) X2)))))))))
(CAPTURE_CANDIDATE (AND ((OR ((AND ((NOT (X3)) (OR (X1 X2)))) (AND ((OR (X1 (NOT (X2)))) (OR ((AND ((NOT (X1)) X3)) X2)))))))))
(CAPTURE_CANDIDATE (AND ((OR ((AND ((NOT (X3)) (OR (X1 X2)))) (AND (X3 (OR (X1 (NOT (X2)))) (OR ((NOT (X1)) X2)))))))))
(CAPTURE_CANDIDATE (AND ((OR ((AND ((NOT (X3)) (OR (X1 X2)))) (AND (X3 (OR (X1 (NOT (X2)))) (OR ((NOT (X1)) X2)))))))))
(CAPTURE_CANDIDATE (AND ((OR ((AND ((NOT (X3)) (OR (X1 X2)))) (AND (X3 (OR (X1 (NOT (X2)))) (OR ((NOT (X1)) X2)))))))))
(CAPTURE_CANDIDATE (AND ((OR ((AND ((NOT (X3)) (OR (X1 X2)))) (AND (X3 (OR (X1 (NOT (X2)))) (OR ((NOT (X1)) X2)))))))))
(CAPTURE_CANDIDATE (AND ((OR ((AND ((NOT (X3)) (OR (X1 X2)))) (AND (X3 (OR (X1 (NOT (X2)))) (OR ((NOT (X1)) X2)))))))))
(CAPTURE_CANDIDATE (AND ((OR ((AND ((NOT (X3)) (OR (X1 X2)))) (AND (X3 (OR (X1 (NOT (X2)))) (OR ((NOT (X1)) X2)))))))))
(CAPTURE_CANDIDATE (AND ((OR ((AND ((NOT (X3)) (OR (X1 X2)))) (AND (X3 (OR (X1 (NOT (X2)))) (OR ((NOT (X1)) X2)))))))))
(CAPTURE_CANDIDATE (AND ((OR ((AND ((NOT (X3)) (OR (X1 X2)))) (AND (X3 (OR (X1 (NOT (X2)))) (OR ((NOT (X1)) X2)))))))))
(CAPTURE_CANDIDATE (AND ((OR ((AND ((NOT (X3)) (OR (X1 X2)))) (AND (X3 (OR (X1 (NOT (X2)))) (OR ((NOT (X1)) X2)))))))))
(CAPTURE_CANDIDATE (AND ((OR ((AND ((NOT (X3)) (OR (X1 X2)))) (AND (X3 (OR (X1 (NOT (X2)))) (OR ((NOT (X1)) X2)))))))))
(CAPTURE_CANDIDATE (AND ((OR ((AND ((NOT (X3)) (OR (X1 X2)))) (AND (X3 (OR (X1 (NOT (X2)))) (OR ((NOT (X1)) X2)))))))))
(CAPTURE_CANDIDATE (AND ((OR ((AND ((NOT (X3)) (OR (X1 X2)))) (AND (X3 (OR (X1 (NOT (X2)))) (OR ((NOT (X1)) X2)))))))))
(CAPTURE_CANDIDATE (AND ((OR ((AND ((NOT (X3)) (OR (X1 X2)))) (AND (X3 (OR (X1 (NOT (X2)))) (OR ((NOT (X1)) X2)))))))))
(CAPTURE_CANDIDATE (AND ((OR ((AND ((NOT (X3)) (OR (X1 X2)))) (AND (X3 (OR (X1 (NOT (X2)))) (OR ((NOT (X1)) X2)))))))))
(CAPTURE_CANDIDATE (AND ((OR ((AND ((NOT (X3)) (OR (X1 X2)))) (AND (X3 (OR (X1 (NOT (X2)))) (OR ((NOT (X1)) X2)))))))))
(CAPTURE_CANDIDATE (AND ((OR ((AND ((NOT (X3)) (OR (X1 X2)))) (AND (X3 (OR (X1 (NOT (X2)))) (OR ((NOT (X1)) X2)))))))))
(CAPTURE_CANDIDATE (AND ((OR ((AND ((NOT (X3)) (OR (X1 X2)))) (AND (X3 (OR (X1 (NOT (X2)))) (OR ((NOT (X1)) X2)))))))))
(CAPTURE_CANDIDATE (AND ((OR ((AND ((NOT (X3)) (OR (X1 X2)))) (AND (X3 (OR (X1 (NOT (X2)))) (OR ((NOT (X1)) X2)))))))))
(CAPTURE_CANDIDATE (AND ((OR ((AND ((NOT (X3)) (OR (X1 X2)))) (AND (X3 (OR (X1 (NOT (X2)))) (OR ((NOT (X1)) X2)))))))))
(CAPTURE_CANDIDATE (AND ((OR ((AND ((NOT (X3)) (OR (X1 X2)))) (AND (X3 (OR (X1 (NOT (X2)))) (OR ((NOT (X1)) X2)))))))))
(CAPTURE_CANDIDATE (AND ((OR ((AND ((NOT (X3)) (OR (X1 X2)))) (AND (X3 (OR (X1 (NOT (X2)))) (OR ((NOT (X1)) X2)))))))))
(CAPTURE_CANDIDATE (AND ((OR ((AND ((NOT (X3)) (OR (X1 X2)))) (AND (X3 (OR (X1 (NOT (X2)))) (OR ((NOT (X1)) X2)))))))))
(CAPTURE_CANDIDATE (AND (X3 (OR (X1 (NOT (X2)))) (OR ((NOT (X1)) X2)))))
(CAPTURE_CANDIDATE (AND ((NOT (X2)) (OR ((AND ((NOT (X3)) X1)) (AND (X3 (NOT (X1)))))))))
(CAPTURE_CANDIDATE (AND ((NOT (X1)) (OR ((AND ((NOT (X3)) X2)) (AND (X3 (NOT (X2)))))))))
(CAPTURE_CANDIDATE (AND ((OR ((AND ((NOT (X3)) (OR (X1 X2)))) (AND ((OR (X1 (NOT (X2)))) (OR ((AND ((NOT (X1)) X3)) X2)) (OR (X2 X3)))))))))
(CAPTURE_CANDIDATE (AND ((OR ((AND ((NOT (X3)) (OR (X1 X2)))) (AND ((OR (X1 (NOT (X2)))) (OR ((AND ((NOT (X1)) X3)) X2)) (OR (X1 X3)))))))))
(CAPTURE_CANDIDATE (AND ((OR ((AND ((NOT (X3)) (OR (X1 X2)))) (AND (X3 X2 X1)))))))
(CAPTURE_CANDIDATE (AND ((OR ((AND ((NOT (X3)) (OR (X1 X2)))) (AND (X3 X2 X1)))))))
(CAPTURE_CANDIDATE (AND ((OR ((AND ((NOT (X3)) (OR (X1 X2)))) (AND (X3 X2 X1)))))))
(New best score: -3.2857142857142856)
(Terminating because score hasn't improved)
(Terminating because score hasn't improved)
(Terminating because score hasn't improved)
(OptimizedDeme: 383)
"Merging Deme"
(Demesize: 383)
(nEval: 10000 LenSInstList: 383)
(TopCnd: 383)
(Keep 100 Unique instances from 383)
(KeptUniqueTopCandidates NewSize: 100)
(TrimmedDownDeme: 100)
(CAPTURE_CANDIDATE (AND ((OR ((AND ((NOT (X3)) (OR (X1 X2)))) (AND ((OR (X1 (NOT (X2)))) (OR ((AND ((NOT (X1)) X3)) X2)))))))))
(CAPTURE_CANDIDATE (AND ((OR ((AND ((NOT (X3)) (OR (X1 X2)))) (AND (X3 (OR (X1 (NOT (X2)))) (OR ((NOT (X1)) X2)))))))))
(CAPTURE_CANDIDATE (AND ((OR ((AND ((NOT (X3)) (OR (X1 X2)))) (AND ((OR (X1 (NOT (X2)))) (OR ((AND ((NOT (X1)) X3)) X2)))))))))
(CAPTURE_CANDIDATE (AND ((OR ((AND ((NOT (X3)) (OR (X1 X2)))) (AND ((OR (X1 (NOT (X2)))) (OR ((AND (X3 (NOT (X1)))) X2)))))))))
(CAPTURE_CANDIDATE (AND ((OR ((AND ((NOT (X3)) (OR (X1 X2)))) (AND ((OR (X1 (NOT (X2)))) (OR ((AND ((NOT (X1)) X3)) X2)))))))))
(CAPTURE_CANDIDATE (AND ((OR ((AND ((NOT (X3)) (OR (X1 X2)))) (AND (X3 (OR (X1 (NOT (X2)))) (OR ((NOT (X1)) X2)))))))))
(CAPTURE_CANDIDATE (AND ((OR ((AND ((NOT (X3)) (OR (X1 X2)))) (AND ((OR (X1 (NOT (X2)))) (OR ((AND ((NOT (X1)) X3)) X2)))))))))
(CAPTURE_CANDIDATE (AND ((OR ((AND ((NOT (X3)) (OR (X1 X2)))) (AND (X3 (OR (X1 (NOT (X2)))) (OR ((NOT (X1)) X2)))))))))
(CAPTURE_CANDIDATE (AND ((OR ((AND ((NOT (X3)) (OR (X1 X2)))) (AND ((OR (X1 (NOT (X2)))) (OR ((AND ((NOT (X1)) X3)) X2)))))))))
(CAPTURE_CANDIDATE (AND ((OR ((AND ((NOT (X3)) (OR (X1 X2)))) (AND (X3 (OR (X1 (NOT (X2)))) (OR ((NOT (X1)) X2)))))))))
(CAPTURE_CANDIDATE (AND ((OR ((AND ((NOT (X3)) (OR (X1 X2)))) (AND ((OR (X1 (NOT (X2)))) (OR ((AND ((NOT (X1)) X3)) X2)))))))))
(CAPTURE_CANDIDATE (AND ((OR ((AND ((NOT (X3)) (OR (X1 X2)))) (AND (X3 (OR (X1 (NOT (X2)))) (OR ((NOT (X1)) X2)))))))))
(CAPTURE_CANDIDATE (AND ((OR ((AND ((NOT (X3)) (OR (X1 X2)))) (AND ((OR (X1 (NOT (X2)))) (OR ((AND ((NOT (X1)) X3)) X2)))))))))
(CAPTURE_CANDIDATE (AND ((OR ((AND ((NOT (X3)) (OR (X1 X2)))) (AND (X3 (OR (X1 (NOT (X2)))) (OR ((NOT (X1)) X2)))))))))
(CAPTURE_CANDIDATE (AND ((OR ((AND ((NOT (X3)) (OR (X1 X2)))) (AND ((OR (X1 (NOT (X2)))) (OR ((AND ((NOT (X1)) X3)) X2)))))))))
(CAPTURE_CANDIDATE (AND ((OR ((AND ((NOT (X3)) (OR (X1 X2)))) (AND (X3 (OR (X1 (NOT (X2)))) (OR ((NOT (X1)) X2)))))))))
(CAPTURE_CANDIDATE (AND ((OR ((AND ((NOT (X3)) (OR (X1 X2)))) (AND ((OR (X1 (NOT (X2)))) (OR ((AND ((NOT (X1)) X3)) X2)))))))))
(CAPTURE_CANDIDATE (AND ((OR ((AND ((NOT (X3)) (OR (X1 X2)))) (AND (X3 (OR (X1 (NOT (X2)))) (OR ((NOT (X1)) X2)))))))))
(CAPTURE_CANDIDATE (AND ((OR ((AND ((NOT (X3)) (OR (X1 X2)))) (AND ((OR (X1 (NOT (X2)))) (OR ((AND ((NOT (X1)) X3)) X2)))))))))
(CAPTURE_CANDIDATE (AND ((OR ((AND ((NOT (X3)) (OR (X1 X2)))) (AND (X3 (OR (X1 (NOT (X2)))) (OR ((NOT (X1)) X2)))))))))
(CAPTURE_CANDIDATE (AND ((OR ((AND ((NOT (X3)) (OR (X1 X2)))) (AND ((OR (X1 (NOT (X2)))) (OR ((AND ((NOT (X1)) X3)) X2)))))))))
(CAPTURE_CANDIDATE (AND ((OR ((AND ((NOT (X3)) (OR (X1 X2)))) (AND (X3 (OR (X1 (NOT (X2)))) (OR ((NOT (X1)) X2)))))))))
(CAPTURE_CANDIDATE (AND ((OR ((AND ((NOT (X3)) (OR (X1 X2)))) (AND ((OR (X1 (NOT (X2)))) (OR ((AND ((NOT (X1)) X3)) X2)))))))))
(CAPTURE_CANDIDATE (AND ((OR ((AND ((NOT (X3)) (OR (X1 X2)))) (AND (X3 (OR (X1 (NOT (X2)))) (OR ((NOT (X1)) X2)))))))))
(CAPTURE_CANDIDATE (AND ((OR ((AND ((NOT (X3)) (OR (X1 X2)))) (AND ((OR (X1 (NOT (X2)))) (OR ((AND ((NOT (X1)) X3)) X2)))))))))
(CAPTURE_CANDIDATE (AND ((OR ((AND ((NOT (X3)) (OR (X1 X2)))) (AND (X3 (OR (X1 (NOT (X2)))) (OR ((NOT (X1)) X2)))))))))
(CAPTURE_CANDIDATE (AND ((NOT (X1)) (OR ((AND ((NOT (X3)) X2)) (AND ((NOT (X2)) X3)))))))
(CAPTURE_CANDIDATE (AND ((NOT (X2)) (OR ((AND ((NOT (X3)) X1)) (AND ((NOT (X1)) X3)))))))
(CAPTURE_CANDIDATE (AND (X3 (OR (X1 (NOT (X2)))) (OR ((NOT (X1)) X2)))))
(CAPTURE_CANDIDATE (AND ((OR ((AND ((NOT (X3)) (OR (X1 X2)))) (AND (X2 X1)))))))
(CAPTURE_CANDIDATE (AND ((OR ((AND ((NOT (X3)) (OR (X1 X2)))) (AND (X1 X2)))))))
(CAPTURE_CANDIDATE (AND ((OR ((AND ((NOT (X3)) (OR (X1 X2)))) (AND (X2 X1)))))))
(CAPTURE_CANDIDATE (AND ((OR ((AND ((NOT (X3)) (OR (X1 X2)))) (AND (X1 X2)))))))
(CAPTURE_CANDIDATE (AND ((OR ((AND ((NOT (X3)) (OR (X1 X2)))) (AND (X2 X1)))))))
(CAPTURE_CANDIDATE (AND ((NOT (X1)) (OR ((AND ((NOT (X3)) X2)) (AND ((NOT (X2)) X3)))))))
(CAPTURE_CANDIDATE (AND ((NOT (X2)) (OR ((AND ((NOT (X3)) X1)) (AND ((NOT (X1)) X3)))))))
(CAPTURE_CANDIDATE (AND (X3 (OR (X1 (NOT (X2)))) (OR ((NOT (X1)) X2)))))
(CAPTURE_CANDIDATE (AND ((NOT (X2)) (OR ((AND ((NOT (X3)) X1)) (AND (X3 (NOT (X1)))))))))
(CAPTURE_CANDIDATE (AND ((NOT (X1)) (OR ((AND ((NOT (X3)) X2)) (AND (X3 (NOT (X2)))))))))
(CAPTURE_CANDIDATE (AND ((OR ((AND ((NOT (X3)) (OR ((AND (X1 (NOT (X2)))) X2)))) (AND ((OR (X1 (NOT (X2)))) (OR ((AND ((NOT (X1)) X3)) X2)))))))))
(CAPTURE_CANDIDATE (AND ((OR ((AND ((NOT (X3)) (OR (X1 (AND (X2 (NOT (X1)))))))) (AND ((OR (X1 (NOT (X2)))) (OR ((AND ((NOT (X1)) X3)) X2)))))))))
(CAPTURE_CANDIDATE (AND ((OR ((AND ((NOT (X3)) (OR (X1 X2 X1)))) (AND ((OR (X1 (NOT (X2)))) (OR ((AND ((NOT (X1)) X3)) X2)))))))))
(CAPTURE_CANDIDATE (AND ((OR ((AND ((NOT (X3)) (OR (X1 X2 X2)))) (AND ((OR (X1 (NOT (X2)))) (OR ((AND ((NOT (X1)) X3)) X2)))))))))
(CAPTURE_CANDIDATE (AND ((OR ((AND ((NOT (X3)) (OR (X1 X2 X1)))) (AND ((OR (X1 (NOT (X2)))) (OR ((AND ((NOT (X1)) X3)) X2)))))))))
(CAPTURE_CANDIDATE (AND ((OR ((AND ((NOT (X3)) (OR (X1 X2)))) (AND ((OR (X1 (NOT (X2)) (NOT (X3)))) (OR ((AND ((NOT (X1)) X3)) X2)))))))))
(CAPTURE_CANDIDATE (AND ((OR ((AND ((NOT (X3)) (OR (X1 X2)))) (AND ((OR ((AND (X1 X2)) (NOT (X2)))) (OR ((AND ((NOT (X1)) X3)) X2)))))))))
(CAPTURE_CANDIDATE (AND ((OR ((AND ((NOT (X3)) (OR (X1 X2)))) (AND ((OR ((AND (X1 X3)) (NOT (X2)))) (OR ((AND ((NOT (X1)) X3)) X2)))))))))
(CAPTURE_CANDIDATE (AND ((OR ((AND ((NOT (X3)) (OR (X1 X2)))) (AND ((OR (X1 (AND ((NOT (X1)) (NOT (X2)))))) (OR ((AND ((NOT (X1)) X3)) X2)))))))))
(CAPTURE_CANDIDATE (AND ((OR ((AND ((NOT (X3)) (OR (X1 X2)))) (AND ((OR (X1 (AND ((NOT (X2)) X3)))) (OR ((AND ((NOT (X1)) X3)) X2)))))))))
(CAPTURE_CANDIDATE (AND ((OR ((AND ((NOT (X3)) (OR (X1 X2)))) (AND ((OR (X1 (AND ((NOT (X2)) (NOT (X1)))))) (OR ((AND ((NOT (X1)) X3)) X2)))))))))
(CAPTURE_CANDIDATE (AND ((OR ((AND ((NOT (X3)) (OR (X1 X2)))) (AND ((OR (X1 (NOT (X2)) X1)) (OR ((AND ((NOT (X1)) X3)) X2)))))))))
(CAPTURE_CANDIDATE (AND ((OR ((AND ((NOT (X3)) (OR (X1 X2)))) (AND ((OR (X1 (NOT (X2)) (NOT (X2)))) (OR ((AND ((NOT (X1)) X3)) X2)))))))))
(CAPTURE_CANDIDATE (AND ((OR ((AND ((NOT (X3)) (OR (X1 X2)))) (AND ((OR (X1 (NOT (X2)) (NOT (X3)))) (OR ((AND ((NOT (X1)) X3)) X2)))))))))
(CAPTURE_CANDIDATE (AND ((OR ((AND ((NOT (X3)) (OR (X1 X2)))) (AND ((OR (X1 (NOT (X2)))) (OR ((AND ((NOT (X2)) (NOT (X1)) X3)) X2)))))))))
(CAPTURE_CANDIDATE (AND ((OR ((AND ((NOT (X3)) (OR (X1 X2)))) (AND ((OR (X1 (NOT (X2)))) (OR ((AND (X3 (OR ((NOT (X1)) X2)))) X2)))))))))
(CAPTURE_CANDIDATE (AND ((OR ((AND ((NOT (X3)) (OR (X1 X2)))) (AND ((OR (X1 (NOT (X2)))) (OR ((AND ((NOT (X1)) (OR (X3 X2)))) X2)))))))))
(CAPTURE_CANDIDATE (AND ((OR ((AND ((NOT (X3)) (OR (X1 X2)))) (AND ((OR (X1 (NOT (X2)))) (OR ((AND ((NOT (X1)) X3 (NOT (X2)))) X2)))))))))
(CAPTURE_CANDIDATE (AND ((OR ((AND ((NOT (X3)) (OR (X1 X2)))) (AND ((OR (X1 (NOT (X2)))) (OR ((AND ((NOT (X1)) X3)) (AND (X2 X1)))))))))))
(CAPTURE_CANDIDATE (AND ((OR ((AND ((NOT (X3)) (OR (X1 X2)))) (AND ((OR (X1 (NOT (X2)))) (OR ((AND ((NOT (X1)) X3)) X2 X2)))))))))
(CAPTURE_CANDIDATE (AND ((OR ((NOT (X3)) (AND ((OR (X1 (NOT (X2)))) (OR ((AND ((NOT (X1)) X3)) X2)))))))))
(CAPTURE_CANDIDATE (AND ((OR ((AND ((NOT (X3)) (OR (X1 X2)))) (AND ((NOT (X1)) (NOT (X2)) X3)))))))
(CAPTURE_CANDIDATE (AND ((OR ((AND ((NOT (X3)) (OR (X1 X2)))) (AND ((NOT (X2)) (NOT (X1)) X3)))))))
(CAPTURE_CANDIDATE (AND ((OR ((AND ((NOT (X3)) (OR (X1 X2)))) (AND ((NOT (X1)) X3 (NOT (X2)))))))))
(CAPTURE_CANDIDATE (AND ((OR ((AND ((NOT (X3)) (OR (X1 X2)))) (AND ((NOT (X1)) (NOT (X2)) X3)))))))
(CAPTURE_CANDIDATE (AND ((OR ((AND ((NOT (X3)) (OR (X1 X2)))) (AND ((NOT (X1)) X3 (NOT (X2)))))))))
(CAPTURE_CANDIDATE (AND ((OR ((AND ((NOT (X3)) (OR (X1 X2)))) (AND ((NOT (X1)) (NOT (X2)) X3)))))))
(CAPTURE_CANDIDATE (AND ((OR ((AND ((NOT (X3)) (OR (X1 X2)))) (AND ((NOT (X2)) (NOT (X1)) X3)))))))
(CAPTURE_CANDIDATE (AND ((OR ((AND ((NOT (X3)) (OR (X1 X2)))) (AND (X2 X3 X1)))))))
(CAPTURE_CANDIDATE (AND ((OR ((AND ((NOT (X3)) (OR (X1 X2)))) (AND (X1 X3 X2)))))))
(CAPTURE_CANDIDATE (AND ((OR ((AND ((NOT (X3)) (OR (X1 X2)))) (AND (X3 X2 X1)))))))
(CAPTURE_CANDIDATE (AND ((OR ((AND ((OR ((NOT (X3)) (AND (X1 X2)))) (OR (X1 X2)))) (AND ((OR (X1 (NOT (X2)))) (OR ((AND ((NOT (X1)) X3)) X2)))))))))
(CAPTURE_CANDIDATE (AND ((OR ((AND ((NOT (X3)) (OR (X1 X2 (AND (X1 X2)))))) (AND ((OR (X1 (NOT (X2)))) (OR ((AND ((NOT (X1)) X3)) X2)))))))))
(CAPTURE_CANDIDATE (AND ((OR ((AND ((NOT (X3)) (OR ((AND (X1 X1 (NOT (X2)))) X2)))) (AND ((OR (X1 (NOT (X2)))) (OR ((AND ((NOT (X1)) X3)) X2)))))))))
(CAPTURE_CANDIDATE (AND ((OR ((AND ((NOT (X3)) (OR (X1 X2 X1 X2)))) (AND ((OR (X1 (NOT (X2)))) (OR ((AND ((NOT (X1)) X3)) X2)))))))))
(CAPTURE_CANDIDATE (AND ((OR ((AND ((NOT (X3)) (OR (X1 X2)) (OR ((NOT (X1)) (NOT (X2)))))) (AND ((OR (X1 (NOT (X2)))) (OR ((AND ((NOT (X1)) X3)) X2)))))))))
(CAPTURE_CANDIDATE (AND ((OR ((AND ((NOT (X3)) (OR (X1 X2)))) (AND ((OR (X1 (NOT (X2)))) (OR ((AND ((NOT (X1)) X3)) X2)) (OR (X1 X3)))))))))
(CAPTURE_CANDIDATE (AND ((OR ((AND ((NOT (X3)) (OR (X1 X2)))) (AND ((OR (X1 (NOT (X2)))) (OR ((AND ((NOT (X1)) X3)) X2)) (OR ((NOT (X1)) X3)))))))))
(CAPTURE_CANDIDATE (AND ((OR ((AND ((NOT (X3)) (OR (X1 X2)))) (AND ((OR (X1 (NOT (X2)))) (OR ((AND ((NOT (X1)) X3)) X2)) (OR (X2 X3)))))))))
(CAPTURE_CANDIDATE (AND ((OR ((AND ((NOT (X3)) (OR (X1 X2)))) (AND ((OR (X1 (NOT (X2)) (NOT (X2)) (NOT (X3)))) (OR ((AND ((NOT (X1)) X3)) X2)))))))))
(CAPTURE_CANDIDATE (AND ((OR ((AND ((NOT (X3)) (OR (X1 X2)))) (AND ((OR (X1 (NOT (X2)) X1 (NOT (X3)))) (OR ((AND ((NOT (X1)) X3)) X2)))))))))
(CAPTURE_CANDIDATE (AND ((OR ((AND ((NOT (X3)) (OR (X1 X2)))) (AND ((OR (X1 (NOT (X2)) X1 (NOT (X2)))) (OR ((AND ((NOT (X1)) X3)) X2)))))))))
(CAPTURE_CANDIDATE (AND ((OR ((AND ((NOT (X3)) (OR (X1 X2)))) (AND ((OR ((AND (X1 (OR (X2 X3)))) (NOT (X2)))) (OR ((AND ((NOT (X1)) X3)) X2)))))))))
(CAPTURE_CANDIDATE (AND ((OR ((AND ((NOT (X3)) (OR (X1 X2)))) (AND ((OR (X1 (AND ((NOT (X2)) (OR (X1 X3)))))) (OR ((AND ((NOT (X1)) X3)) X2)))))))))
(CAPTURE_CANDIDATE (AND ((OR ((AND ((NOT (X3)) (OR (X1 X2)))) (AND ((OR (X1 (AND ((NOT (X2)) (NOT (X1)) (NOT (X2)))))) (OR ((AND ((NOT (X1)) X3)) X2)))))))))
(CAPTURE_CANDIDATE (AND ((OR ((AND ((NOT (X3)) (OR (X1 X2)))) (AND ((OR (X1 (NOT (X2)) (AND ((NOT (X1)) (NOT (X3)))))) (OR ((AND ((NOT (X1)) X3)) X2)))))))))
(CAPTURE_CANDIDATE (AND ((OR ((AND ((NOT (X3)) (OR (X1 X2)))) (AND ((OR (X1 (NOT (X2)) (AND (X2 (NOT (X3)))))) (OR ((AND ((NOT (X1)) X3)) X2)))))))))
(CAPTURE_CANDIDATE (AND ((OR ((AND ((NOT (X3)) (OR (X1 X2)))) (AND ((OR (X1 (NOT (X2)) (AND ((NOT (X2)) (NOT (X3)))))) (OR ((AND ((NOT (X1)) X3)) X2)))))))))
(CAPTURE_CANDIDATE (AND ((OR ((AND ((NOT (X3)) (OR (X1 X2)))) (AND ((OR (X1 (NOT (X2)))) (OR ((AND ((NOT (X1)) X3)) X2 (AND ((NOT (X1)) X3)))))))))))
(CAPTURE_CANDIDATE (AND ((OR ((AND ((NOT (X3)) (OR (X1 X2)))) (AND ((OR (X1 (NOT (X2)))) (OR ((AND ((NOT (X1)) X3)) X2 (AND ((NOT (X1)) X2)))))))))))
(CAPTURE_CANDIDATE (AND ((OR ((AND ((NOT (X3)) (OR (X1 X2)))) (AND ((OR (X1 (NOT (X2)))) (OR ((AND (X3 (OR ((NOT (X1)) (AND (X1 X2)))))) X2)))))))))
(CAPTURE_CANDIDATE (AND ((OR ((AND ((NOT (X3)) (OR (X1 X2)))) (AND ((OR (X1 (NOT (X2)))) (OR ((AND ((NOT (X1)) X3)) X2)) (OR (X1 (NOT (X2)))))))))))
(CAPTURE_CANDIDATE (AND ((OR ((AND ((NOT (X3)) (OR (X1 X2)))) (AND ((OR (X1 (NOT (X2)))) (OR ((AND ((NOT (X1)) X3)) X2)))) (AND (X1 (NOT (X3)))))))))
(CAPTURE_CANDIDATE (AND ((OR ((AND ((NOT (X3)) (OR (X1 X2)))) (AND ((OR (X1 (NOT (X2)))) (OR ((AND ((NOT (X1)) X3)) X2)))) (AND (X2 (NOT (X3)))))))))
(CAPTURE_CANDIDATE (AND ((OR ((AND ((NOT (X3)) (OR (X1 X2)))) (AND ((OR (X1 (NOT (X2)))) (OR ((AND ((NOT (X1)) X3)) X2)))))) (OR ((NOT (X1)) (NOT (X2)))))))
(CAPTURE_CANDIDATE (AND ((OR ((AND ((NOT (X3)) (OR (X1 X2)))) (AND ((OR (X1 (NOT (X2)))) (OR ((AND ((NOT (X1)) X3)) X2)) (OR (X2 X3)))))))))
(CAPTURE_CANDIDATE (AND ((OR ((AND ((NOT (X3)) (OR (X1 X2)))) (AND ((OR (X1 (NOT (X2)))) (OR ((AND ((NOT (X1)) X3)) X2)) (OR (X1 X3)))))))))
(CAPTURE_CANDIDATE (AND (X1 (OR ((NOT (X3)) X2)))))
(CAPTURE_CANDIDATE (AND (X2 (OR ((NOT (X3)) X1)))))
(CAPTURE_CANDIDATE (AND ((NOT (X2)) (NOT (X3)) X1)))
(CAPTURE_CANDIDATE (AND (X1 (NOT (X2)) (NOT (X3)))))
(Before getNewCandidates: 100)
(Going to merge 47 Instances)
(Metapop size before resize: 146)
(Metapop size after resize: 146)
""
(Generation 6)
"expand  deme returnn"
(SelectedTree: (AND (NOT X2) (OR (AND (NOT X3) X1) (AND (NOT X1) X3))))
(GeneratedList: (0 0 0 0 0 0 0 1 0 0 0 0 0 0 0 0 0 1 1 0 1 0 0 0 0 0 0 0 0 0 0 1 0 0 0 0 0 0 0 0 0 1 0 1 0 0 0 1 0 0 0 0 0 0 0 0 0 0 0 0 0 0 0 0 0 0 0 0 0 0 0 1 0 0 0 0 0 0 0 0 0 0 0 0 0 0 0 0))
""
(Iteration 1 running)
(Crossover: false)
(CenterInst: (0 0 0 0 0 0 0 1 0 0 0 0 0 0 0 0 0 1 1 0 1 0 0 0 0 0 0 0 0 0 0 1 0 0 0 0 0 0 0 0 0 1 0 1 0 0 0 1 0 0 0 0 0 0 0 0 0 0 0 0 0 0 0 0 0 0 0 0 0 0 0 1 0 0 0 0 0 0 0 0 0 0 0 0 0 0 0 0))
(size: 8)
(1 : 1 : 0)
(CAPTURE_CANDIDATE (AND ((NOT (X2)) (OR ((AND (X1 (NOT (X3)))) (AND ((NOT (X1)) X3)))))))
(New best score: -3.4285714285714284)
""
(Iteration 2 running)
(Crossover: false)
(CenterInst: (0 0 0 0 0 0 0 1 0 0 0 0 0 0 0 0 0 1 1 0 1 0 0 0 0 0 0 0 0 0 0 1 0 0 0 0 0 0 0 0 0 1 0 1 0 0 0 1 0 0 0 0 0 0 0 0 0 0 0 0 0 0 0 0 0 0 0 0 0 0 0 1 0 0 0 0 0 0 0 0 0 0 0 0 0 0 0 0))
(size: 8)
(528 : 499 : 1)
(CAPTURE_CANDIDATE (AND ((NOT (X2)) (OR ((AND (X1 (NOT (X3)))) (AND ((NOT (X1)) X3)))))))
(CAPTURE_CANDIDATE (AND ((OR ((AND ((NOT (X2)) (OR ((AND (X1 (NOT (X3)))) (AND ((NOT (X1)) X3)))))) X1)))))
(CAPTURE_CANDIDATE (AND ((OR ((AND ((NOT (X2)) (OR ((AND (X1 (NOT (X3)))) (AND ((NOT (X1)) X3)))))) (NOT (X1)))))))
(CAPTURE_CANDIDATE (AND ((OR ((AND ((NOT (X2)) (OR ((AND (X1 (NOT (X3)))) (AND ((NOT (X1)) X3)))))) X2)))))
(CAPTURE_CANDIDATE (AND ((NOT (X2)) (OR ((AND (X1 (NOT (X3)))) (AND ((NOT (X1)) X3)))))))
(CAPTURE_CANDIDATE (AND ((OR ((AND ((NOT (X2)) (OR ((AND (X1 (NOT (X3)))) (AND ((NOT (X1)) X3)))))) X3)))))
(CAPTURE_CANDIDATE (AND ((OR ((AND ((NOT (X2)) (OR ((AND (X1 (NOT (X3)))) (AND ((NOT (X1)) X3)))))) (NOT (X3)))))))
(CAPTURE_CANDIDATE (AND ((OR ((AND ((NOT (X2)) (OR ((AND (X1 (NOT (X3)))) (AND ((NOT (X1)) X3)))))) (AND ((NOT (X1)) X3)))))))
(CAPTURE_CANDIDATE (AND ((OR ((AND ((NOT (X2)) (OR ((AND (X1 (NOT (X3)))) (AND ((NOT (X1)) X3)))))) X1 (NOT (X3)))))))
(CAPTURE_CANDIDATE (AND ((OR ((AND ((NOT (X2)) (OR ((AND (X1 (NOT (X3)))) (AND ((NOT (X1)) X3)))))) (AND (X2 X3)))))))
(CAPTURE_CANDIDATE (AND ((OR ((AND ((NOT (X2)) (OR ((AND (X1 (NOT (X3)))) (AND ((NOT (X1)) X3)))))) (NOT (X2)) (NOT (X3)))))))
(CAPTURE_CANDIDATE (AND ((OR ((AND ((NOT (X2)) (OR ((AND (X1 (NOT (X3)))) (AND ((NOT (X1)) X3)))))) (AND (X1 X2)))))))
(CAPTURE_CANDIDATE (AND ((OR ((AND ((NOT (X2)) (OR ((AND (X1 (NOT (X3)))) (AND ((NOT (X1)) X3)))))) (NOT (X1)) (NOT (X2)))))))
(CAPTURE_CANDIDATE (AND (X1 (NOT (X2)) (NOT (X3)))))
(CAPTURE_CANDIDATE (AND ((NOT (X1)) (NOT (X2)) X3)))
(CAPTURE_CANDIDATE (AND ((OR ((AND (X1 (NOT (X3)))) (AND ((NOT (X1)) X3)))))))
(CAPTURE_CANDIDATE (AND (X2 (OR ((AND (X1 (NOT (X3)))) (AND ((NOT (X1)) X3)))))))
(CAPTURE_CANDIDATE (AND (X3 (NOT (X2)) (NOT (X1)))))
(CAPTURE_CANDIDATE (AND ((NOT (X3)) (NOT (X2)) X1)))
(CAPTURE_CANDIDATE (AND ((NOT (X2)) (OR ((AND (X1 (NOT (X3)))) (AND ((NOT (X1)) X3)))))))
(CAPTURE_CANDIDATE (AND ((NOT (X2)) X3 (NOT (X1)))))
(CAPTURE_CANDIDATE (AND ((NOT (X2)) (NOT (X3)) X1)))
(CAPTURE_CANDIDATE (AND ((NOT (X2)) (NOT (X1)) X3)))
(CAPTURE_CANDIDATE (AND (X1 (NOT (X2)) (NOT (X3)))))
(CAPTURE_CANDIDATE (AND ((NOT (X2)) (OR ((AND (X1 (NOT (X3)))) X1 (AND ((NOT (X1)) X3)))))))
(CAPTURE_CANDIDATE (AND ((NOT (X2)) (OR ((AND (X1 (NOT (X3)))) (NOT (X1)) (AND ((NOT (X1)) X3)))))))
(CAPTURE_CANDIDATE (AND ((NOT (X2)) (OR ((AND (X1 (NOT (X3)))) (AND ((NOT (X1)) X3)))))))
(CAPTURE_CANDIDATE (NOT (X2)))
(CAPTURE_CANDIDATE (AND ((NOT (X2)) (OR ((AND (X1 (NOT (X3)))) X3 (AND ((NOT (X1)) X3)))))))
(CAPTURE_CANDIDATE (AND ((NOT (X2)) (OR ((AND (X1 (NOT (X3)))) (NOT (X3)) (AND ((NOT (X1)) X3)))))))
(CAPTURE_CANDIDATE (AND ((NOT (X2)) (OR ((AND (X1 (NOT (X3)))) (AND ((NOT (X1)) X3)))))))
(CAPTURE_CANDIDATE (NOT (X2)))
(CAPTURE_CANDIDATE (AND ((NOT (X2)) (OR ((AND (X1 (NOT (X3)))) (AND (X1 X3)) (AND ((NOT (X1)) X3)))))))
(CAPTURE_CANDIDATE (AND ((NOT (X2)) (OR ((AND (X1 (NOT (X3)))) (NOT (X1)) (NOT (X3)) (AND ((NOT (X1)) X3)))))))
(CAPTURE_CANDIDATE (AND ((NOT (X2)) X1 (NOT (X3)))))
(CAPTURE_CANDIDATE (AND ((NOT (X2)) (OR ((AND (X1 (NOT (X3)))) X1 (NOT (X3)))))))
(CAPTURE_CANDIDATE (AND ((NOT (X2)) (OR ((NOT (X3)) (AND ((NOT (X1)) X3)))))))
(CAPTURE_CANDIDATE (AND ((NOT (X2)) (NOT (X1)) (OR ((NOT (X3)) X3)))))
(CAPTURE_CANDIDATE (AND ((NOT (X2)) (NOT (X1)) X3)))
(CAPTURE_CANDIDATE (AND ((NOT (X2)) (OR ((AND (X1 (NOT (X3)))) (AND ((NOT (X1)) X3)))))))
(CAPTURE_CANDIDATE (AND ((NOT (X2)) (OR (X1 (AND ((NOT (X1)) X3)))))))
(CAPTURE_CANDIDATE (AND ((NOT (X2)) X3 (OR (X1 (NOT (X1)))))))
(CAPTURE_CANDIDATE (AND ((NOT (X2)) (NOT (X1)) X3)))
(CAPTURE_CANDIDATE (AND ((NOT (X2)) (OR ((AND ((NOT (X3)) X1)) (AND ((NOT (X1)) X3)))))))
(CAPTURE_CANDIDATE (AND ((NOT (X2)) (OR ((AND (X1 (NOT (X3)))) (AND ((NOT (X1)) X3)))))))
(CAPTURE_CANDIDATE (AND ((NOT (X2)) (NOT (X1)) (OR ((NOT (X3)) X3)))))
(CAPTURE_CANDIDATE (AND ((NOT (X2)) (OR ((AND (X1 (NOT (X3)))) (AND ((NOT (X1)) X3)))))))
(CAPTURE_CANDIDATE (AND ((NOT (X2)) (OR ((AND (X1 (NOT (X3)))) (AND ((NOT (X1)) X3)))))))
(CAPTURE_CANDIDATE (AND ((NOT (X2)) (OR ((AND ((NOT (X3)) X1)) (AND ((NOT (X1)) X3)))))))
(CAPTURE_CANDIDATE (AND ((NOT (X2)) (OR ((NOT (X3)) (AND ((NOT (X1)) X3)))))))
(CAPTURE_CANDIDATE (AND ((NOT (X2)) (OR ((AND ((NOT (X3)) X1)) (AND ((NOT (X1)) X3)))))))
(CAPTURE_CANDIDATE (AND ((NOT (X2)) (OR ((NOT (X3)) (AND ((NOT (X1)) X3)))))))
(CAPTURE_CANDIDATE (AND ((NOT (X2)) (OR ((AND ((NOT (X3)) X1)) (AND ((NOT (X1)) X3)))))))
(CAPTURE_CANDIDATE (AND ((NOT (X2)) (OR ((NOT (X3)) (AND ((NOT (X1)) X3)))))))
(CAPTURE_CANDIDATE (AND ((NOT (X2)) (OR ((AND ((NOT (X3)) X1)) (AND ((NOT (X1)) X3)))))))
(CAPTURE_CANDIDATE (AND ((NOT (X2)) (OR ((NOT (X3)) (AND ((NOT (X1)) X3)))))))
(CAPTURE_CANDIDATE (AND ((NOT (X2)) (OR ((AND ((NOT (X3)) X1)) (AND ((NOT (X1)) X3)))))))
(CAPTURE_CANDIDATE (AND ((NOT (X2)) (OR ((NOT (X3)) (AND ((NOT (X1)) X3)))))))
(CAPTURE_CANDIDATE (AND ((NOT (X2)) (OR (X1 (AND ((NOT (X1)) X3)))))))
(CAPTURE_CANDIDATE (AND ((NOT (X2)) (OR ((AND (X1 (NOT (X3)))) (AND ((NOT (X1)) X3)))))))
(CAPTURE_CANDIDATE (AND ((NOT (X2)) (OR ((AND (X1 (NOT (X3)))) (AND ((NOT (X1)) X3)))))))
(CAPTURE_CANDIDATE (AND ((NOT (X2)) (OR (X1 (AND ((NOT (X1)) X3)))))))
(CAPTURE_CANDIDATE (AND ((NOT (X2)) (OR (X1 (AND ((NOT (X1)) X3)))))))
(CAPTURE_CANDIDATE (AND ((NOT (X2)) X3 (OR (X1 (NOT (X1)))))))
(CAPTURE_CANDIDATE (AND ((NOT (X2)) (OR ((AND (X1 (OR ((NOT (X3)) X3)))) (AND ((NOT (X1)) X3)))))))
(CAPTURE_CANDIDATE (AND ((NOT (X2)) (OR ((AND (X1 (NOT (X3)))) (AND ((NOT (X1)) X3)))))))
(CAPTURE_CANDIDATE (AND ((NOT (X2)) (OR ((AND (X1 (NOT (X3)))) (AND ((NOT (X1)) X3)))))))
(CAPTURE_CANDIDATE (AND ((NOT (X2)) (OR (X1 (AND ((NOT (X1)) X3)))))))
(CAPTURE_CANDIDATE (AND ((NOT (X2)) (OR ((AND (X1 (OR ((NOT (X3)) X3)))) (AND ((NOT (X1)) X3)))))))
(CAPTURE_CANDIDATE (AND ((NOT (X2)) (OR ((AND (X1 (NOT (X3)))) (AND ((NOT (X1)) X3)))))))
(CAPTURE_CANDIDATE (AND ((NOT (X2)) (OR ((AND (X1 (NOT (X3)))) (AND ((NOT (X1)) X3)))))))
(CAPTURE_CANDIDATE (AND ((NOT (X2)) (NOT (X1)) X3)))
(CAPTURE_CANDIDATE (AND ((NOT (X2)) (NOT (X1)) X3)))
(CAPTURE_CANDIDATE (AND ((NOT (X2)) (OR ((AND (X1 (NOT (X3)))) (AND ((NOT (X1)) X3)))))))
(CAPTURE_CANDIDATE (AND ((NOT (X2)) (NOT (X1)) X3)))
(CAPTURE_CANDIDATE (AND ((NOT (X2)) (OR ((AND (X1 (NOT (X3)))) (AND ((NOT (X1)) X3)))))))
(CAPTURE_CANDIDATE (AND ((NOT (X2)) (NOT (X1)) X3)))
(CAPTURE_CANDIDATE (AND ((NOT (X2)) (OR ((AND (X1 (NOT (X3)))) (AND ((NOT (X1)) X3)))))))
(CAPTURE_CANDIDATE (AND ((NOT (X2)) (NOT (X1)) X3)))
(CAPTURE_CANDIDATE (AND ((NOT (X2)) (OR ((AND (X1 (NOT (X3)))) (AND ((NOT (X1)) X3)))))))
(CAPTURE_CANDIDATE (AND ((NOT (X2)) (NOT (X1)) X3)))
(CAPTURE_CANDIDATE (AND ((NOT (X2)) (OR ((AND (X1 (NOT (X3)))) (AND ((NOT (X1)) X3)))))))
(CAPTURE_CANDIDATE (AND ((NOT (X2)) (OR ((AND (X1 (NOT (X3)))) X3)))))
(CAPTURE_CANDIDATE (AND ((NOT (X2)) X1 (OR ((NOT (X3)) X3)))))
(CAPTURE_CANDIDATE (AND ((NOT (X2)) X1 (NOT (X3)))))
(CAPTURE_CANDIDATE (AND ((NOT (X2)) (OR ((AND (X1 (NOT (X3)))) (AND ((NOT (X1)) X3)))))))
(CAPTURE_CANDIDATE (AND ((NOT (X2)) (OR ((AND (X1 (NOT (X3)))) (NOT (X1)))))))
(CAPTURE_CANDIDATE (AND ((NOT (X2)) (NOT (X3)) (OR (X1 (NOT (X1)))))))
(CAPTURE_CANDIDATE (AND ((NOT (X2)) (OR ((AND (X1 (NOT (X3)))) (AND ((NOT (X1)) X3)))))))
(CAPTURE_CANDIDATE (AND ((NOT (X2)) X1 (NOT (X3)))))
(CAPTURE_CANDIDATE (AND ((NOT (X2)) (OR ((AND (X1 (NOT (X3)))) (AND ((NOT (X1)) X3)))))))
(CAPTURE_CANDIDATE (AND ((NOT (X2)) X1 (NOT (X3)))))
(CAPTURE_CANDIDATE (AND ((NOT (X2)) (OR ((AND (X1 (NOT (X3)))) (AND ((NOT (X1)) X3)))))))
(CAPTURE_CANDIDATE (AND ((NOT (X2)) X1 (NOT (X3)))))
(CAPTURE_CANDIDATE (AND ((NOT (X2)) (OR ((AND (X1 (NOT (X3)))) X3)))))
(CAPTURE_CANDIDATE (AND ((NOT (X2)) X1 (OR ((NOT (X3)) X3)))))
(CAPTURE_CANDIDATE (AND ((NOT (X2)) (OR ((AND (X1 (NOT (X3)))) (AND (X3 (NOT (X1)))))))))
(CAPTURE_CANDIDATE (AND ((NOT (X2)) (OR ((AND (X1 (NOT (X3)))) X3)))))
(CAPTURE_CANDIDATE (AND ((NOT (X2)) (OR ((AND (X1 (NOT (X3)))) X3)))))
(CAPTURE_CANDIDATE (AND ((NOT (X2)) (OR ((AND (X1 (NOT (X3)))) (AND (X3 (NOT (X1)))))))))
(CAPTURE_CANDIDATE (AND ((NOT (X2)) (OR ((AND (X1 (NOT (X3)))) (AND (X3 (NOT (X1)))))))))
(CAPTURE_CANDIDATE (AND ((NOT (X2)) (OR ((AND (X1 (NOT (X3)))) X3)))))
(CAPTURE_CANDIDATE (AND ((NOT (X2)) X1 (NOT (X3)))))
(CAPTURE_CANDIDATE (AND ((NOT (X2)) (OR ((AND (X1 (NOT (X3)))) X3)))))
(CAPTURE_CANDIDATE (AND ((NOT (X2)) (OR ((AND (X1 (NOT (X3)))) (AND ((NOT (X1)) X3)))))))
(CAPTURE_CANDIDATE (AND ((NOT (X2)) (OR ((AND (X1 (NOT (X3)))) (AND (X3 (OR ((NOT (X1)) X1)))))))))
(CAPTURE_CANDIDATE (AND ((NOT (X2)) (OR ((AND (X1 (NOT (X3)))) (AND ((NOT (X1)) X3)))))))
(CAPTURE_CANDIDATE (AND ((NOT (X2)) (OR ((AND (X1 (NOT (X3)))) (NOT (X1)))))))
(CAPTURE_CANDIDATE (AND ((NOT (X2)) (OR ((AND (X1 (NOT (X3)))) (AND ((NOT (X1)) X3)))))))
(CAPTURE_CANDIDATE (AND ((NOT (X2)) (OR ((AND (X1 (NOT (X3)))) (NOT (X1)))))))
(CAPTURE_CANDIDATE (AND ((NOT (X2)) (OR ((AND (X1 (NOT (X3)))) (AND ((NOT (X1)) X3)))))))
(CAPTURE_CANDIDATE (AND ((NOT (X2)) (OR ((AND (X1 (NOT (X3)))) (AND ((NOT (X1)) (OR (X3 (NOT (X3)))))))))))
(CAPTURE_CANDIDATE (AND ((NOT (X2)) (OR ((AND (X1 (NOT (X3)))) (AND ((NOT (X1)) X3)))))))
(CAPTURE_CANDIDATE (AND ((NOT (X2)) (OR ((AND (X1 (NOT (X3)))) (NOT (X1)))))))
(CAPTURE_CANDIDATE (AND ((NOT (X2)) (OR ((AND (X1 (NOT (X3)))) (AND ((NOT (X1)) X3)))))))
(CAPTURE_CANDIDATE (AND ((NOT (X2)) (OR ((AND (X1 (NOT (X3)))) (NOT (X1)))))))
(CAPTURE_CANDIDATE (AND ((NOT (X2)) X1 (NOT (X3)))))
(CAPTURE_CANDIDATE (AND ((NOT (X2)) (OR ((AND (X1 (NOT (X3)))) (AND ((NOT (X1)) X3)))))))
(CAPTURE_CANDIDATE (AND ((NOT (X2)) X1 (NOT (X3)))))
(CAPTURE_CANDIDATE (AND ((NOT (X2)) (OR ((AND (X1 (NOT (X3)))) (AND ((NOT (X1)) X3)))))))
(CAPTURE_CANDIDATE (AND ((NOT (X2)) (OR ((AND (X1 (NOT (X3)))) (AND ((NOT (X1)) X3)))))))
(CAPTURE_CANDIDATE (AND ((NOT (X2)) X1 (NOT (X3)))))
(CAPTURE_CANDIDATE (AND ((NOT (X2)) X1 (NOT (X3)))))
(CAPTURE_CANDIDATE (AND ((NOT (X2)) (OR ((AND (X1 (NOT (X3)))) (AND ((NOT (X1)) X3)))))))
(CAPTURE_CANDIDATE (AND ((NOT (X2)) (OR ((AND (X1 (NOT (X3)))) (AND ((NOT (X1)) X3)))))))
(CAPTURE_CANDIDATE (AND ((NOT (X2)) (OR ((AND (X1 (NOT (X3)))) (AND ((NOT (X1)) X3)))))))
(CAPTURE_CANDIDATE (AND ((NOT (X2)) (OR ((AND (X1 (NOT (X3)))) (AND ((NOT (X1)) X3)))))))
(CAPTURE_CANDIDATE (AND ((NOT (X2)) X1 (NOT (X3)))))
(CAPTURE_CANDIDATE (AND ((NOT (X2)) (OR ((AND (X1 (NOT (X3)))) (AND ((NOT (X1)) X3)) X1)))))
(CAPTURE_CANDIDATE (AND ((NOT (X2)) (OR ((AND (X1 (NOT (X3)))) (AND ((NOT (X1)) X3)) (NOT (X1)))))))
(CAPTURE_CANDIDATE (AND ((NOT (X2)) (OR ((AND (X1 (NOT (X3)))) (AND ((NOT (X1)) X3)))))))
(CAPTURE_CANDIDATE (NOT (X2)))
(CAPTURE_CANDIDATE (AND ((NOT (X2)) (OR ((AND (X1 (NOT (X3)))) (AND ((NOT (X1)) X3)) X3)))))
(CAPTURE_CANDIDATE (AND ((NOT (X2)) (OR ((AND (X1 (NOT (X3)))) (AND ((NOT (X1)) X3)) (NOT (X3)))))))
(CAPTURE_CANDIDATE (AND ((NOT (X2)) (OR ((AND (X1 (NOT (X3)))) (AND ((NOT (X1)) X3)) X1 X3)))))
(CAPTURE_CANDIDATE (AND ((NOT (X2)) (OR ((AND (X1 (NOT (X3)))) (AND ((NOT (X1)) X3)) (AND ((NOT (X1)) (NOT (X3)))))))))
(CAPTURE_CANDIDATE (NOT (X2)))
(CAPTURE_CANDIDATE (AND ((NOT (X2)) (OR ((AND (X1 (NOT (X3)))) (AND ((NOT (X1)) X3)))))))
(CAPTURE_CANDIDATE (AND ((NOT (X2)) (OR ((AND (X1 (NOT (X3)))) (AND ((NOT (X1)) X3)) (NOT (X1)))))))
(CAPTURE_CANDIDATE (AND ((NOT (X2)) (OR ((AND (X1 (NOT (X3)))) (AND ((NOT (X1)) X3)) X1)))))
(CAPTURE_CANDIDATE (AND ((OR ((AND (X1 (NOT (X3)))) (AND ((NOT (X1)) X3)))) (OR (X1 (NOT (X2)))))))
(CAPTURE_CANDIDATE (AND ((OR ((AND (X1 (NOT (X3)))) (AND ((NOT (X1)) X3)))) (OR ((NOT (X1)) (NOT (X2)))))))
(CAPTURE_CANDIDATE (AND ((OR ((AND (X1 (NOT (X3)))) (AND ((NOT (X1)) X3)))))))
(CAPTURE_CANDIDATE (AND (X2 (OR ((AND (X1 (NOT (X3)))) (AND ((NOT (X1)) X3)))))))
(CAPTURE_CANDIDATE (AND ((OR ((AND (X1 (NOT (X3)))) (AND ((NOT (X1)) X3)))) (OR ((NOT (X2)) X3)))))
(CAPTURE_CANDIDATE (AND ((OR ((AND (X1 (NOT (X3)))) (AND ((NOT (X1)) X3)))) (OR ((NOT (X2)) (NOT (X3)))))))
(CAPTURE_CANDIDATE (AND ((OR ((AND (X1 (NOT (X3)))) (AND ((NOT (X1)) X3)))) (OR ((NOT (X2)) (AND ((NOT (X1)) X2)))))))
(CAPTURE_CANDIDATE (AND ((OR ((AND (X1 (NOT (X3)))) (AND ((NOT (X1)) X3)))) (OR ((NOT (X2)) X1 (NOT (X2)))))))
(CAPTURE_CANDIDATE (AND ((NOT (X2)) X3 (NOT (X1)))))
(CAPTURE_CANDIDATE (AND ((OR ((AND (X1 (NOT (X3)))) (AND ((NOT (X1)) X3)))) (OR ((NOT (X2)) X2 (NOT (X3)))))))
(CAPTURE_CANDIDATE (AND ((OR ((AND (X1 (NOT (X3)))) (AND ((NOT (X1)) X3)))) (OR ((NOT (X2)) (AND (X1 X2)))))))
(CAPTURE_CANDIDATE (AND ((OR ((AND (X1 (NOT (X3)))) (AND ((NOT (X1)) X3)))) (OR ((NOT (X2)) (NOT (X1)) (NOT (X2)))))))
(CAPTURE_CANDIDATE (AND ((NOT (X2)) X1 (NOT (X3)))))
(CAPTURE_CANDIDATE (AND ((NOT (X2)) (NOT (X1)) X3)))
(CAPTURE_CANDIDATE (AND ((NOT (X2)) (OR ((AND (X1 (NOT (X3)))) (AND ((NOT (X1)) X3)))))))
(CAPTURE_CANDIDATE (AND ((NOT (X2)) X3 (NOT (X1)))))
(CAPTURE_CANDIDATE (AND ((NOT (X2)) (NOT (X3)) X1)))
(CAPTURE_CANDIDATE (AND ((NOT (X2)) (OR ((AND (X1 (NOT (X3)))) (AND ((NOT (X1)) X3)))))))
(CAPTURE_CANDIDATE (AND ((NOT (X2)) X3 (NOT (X1)))))
(CAPTURE_CANDIDATE (AND ((NOT (X2)) (NOT (X3)) X1)))
(CAPTURE_CANDIDATE (AND ((NOT (X2)) (OR ((AND (X1 (NOT (X3)))) (AND ((NOT (X1)) X3)))))))
(CAPTURE_CANDIDATE (AND ((OR ((AND ((NOT (X2)) (OR ((AND (X1 (NOT (X3)))) (AND ((NOT (X1)) X3)))))) X1)))))
(CAPTURE_CANDIDATE (AND ((OR ((AND ((NOT (X2)) (OR ((AND (X1 (NOT (X3)))) (AND ((NOT (X1)) X3)))))) (NOT (X1)))))))
(CAPTURE_CANDIDATE (AND ((OR ((AND ((NOT (X2)) (OR ((AND (X1 (NOT (X3)))) (AND ((NOT (X1)) X3)))))) X2)))))
(CAPTURE_CANDIDATE (AND ((NOT (X2)) (OR ((AND (X1 (NOT (X3)))) (AND ((NOT (X1)) X3)))))))
(CAPTURE_CANDIDATE (AND ((OR ((AND ((NOT (X2)) (OR ((AND (X1 (NOT (X3)))) (AND ((NOT (X1)) X3)))))) X3)))))
(CAPTURE_CANDIDATE (AND ((OR ((AND ((NOT (X2)) (OR ((AND (X1 (NOT (X3)))) (AND ((NOT (X1)) X3)))))) (NOT (X3)))))))
(CAPTURE_CANDIDATE (AND ((OR ((AND ((NOT (X2)) (OR ((AND (X1 (NOT (X3)))) (AND ((NOT (X1)) X3)))))) (NOT (X2)) X3)))))
(CAPTURE_CANDIDATE (AND ((OR ((AND ((NOT (X2)) (OR ((AND (X1 (NOT (X3)))) (AND ((NOT (X1)) X3)))))) (AND (X2 (NOT (X3)))))))))
(CAPTURE_CANDIDATE (AND ((OR ((AND ((NOT (X2)) (OR ((AND (X1 (NOT (X3)))) (AND ((NOT (X1)) X3)))))) (NOT (X1)) X3)))))
(CAPTURE_CANDIDATE (AND ((OR ((AND ((NOT (X2)) (OR ((AND (X1 (NOT (X3)))) (AND ((NOT (X1)) X3)))))) (AND (X1 (NOT (X3)))))))))
(CAPTURE_CANDIDATE (AND ((OR ((AND ((NOT (X2)) (OR ((AND (X1 (NOT (X3)))) (AND ((NOT (X1)) X3)))))) X1 X3)))))
(CAPTURE_CANDIDATE (AND ((OR ((AND ((NOT (X2)) (OR ((AND (X1 (NOT (X3)))) (AND ((NOT (X1)) X3)))))) (AND ((NOT (X1)) (NOT (X3)))))))))
(New best score: -3.4285714285714284)
""
(Iteration 3 running)
(Crossover: true)
(CenterInst: (0 0 0 0 0 0 0 1 0 0 0 0 0 0 0 0 0 1 1 0 1 0 0 0 0 0 0 0 0 0 0 1 0 0 0 0 0 0 0 0 0 1 0 1 0 0 0 1 0 0 0 0 0 0 0 0 0 0 0 0 0 0 0 0 0 0 0 0 0 0 0 1 0 0 0 0 0 0 0 0 0 0 0 0 0 0 0 0))
(size: 8)
(34716 : 323 : 2)
(CAPTURE_CANDIDATE (AND ((NOT (X2)) (OR ((AND (X1 (NOT (X3)))) (AND ((NOT (X1)) X3)))))))
(CAPTURE_CANDIDATE (AND ((OR ((AND ((NOT (X2)) (OR ((AND (X1 (NOT (X3)))) (AND ((NOT (X1)) X3)))))) X1)))))
(CAPTURE_CANDIDATE (AND ((OR ((AND ((NOT (X2)) (OR ((AND (X1 (NOT (X3)))) (AND ((NOT (X1)) X3)))))) (NOT (X1)))))))
(CAPTURE_CANDIDATE (AND ((OR ((AND ((NOT (X2)) (OR ((AND (X1 (NOT (X3)))) (AND ((NOT (X1)) X3)))))) X2)))))
(CAPTURE_CANDIDATE (AND ((NOT (X2)) (OR ((AND (X1 (NOT (X3)))) (AND ((NOT (X1)) X3)))))))
(CAPTURE_CANDIDATE (AND ((OR ((AND ((NOT (X2)) (OR ((AND (X1 (NOT (X3)))) (AND ((NOT (X1)) X3)))))) X3)))))
(CAPTURE_CANDIDATE (AND ((OR ((AND ((NOT (X2)) (OR ((AND (X1 (NOT (X3)))) (AND ((NOT (X1)) X3)))))) (NOT (X3)))))))
(CAPTURE_CANDIDATE (AND ((OR ((AND ((NOT (X2)) (OR ((AND (X1 (NOT (X3)))) (AND ((NOT (X1)) X3)))))) (AND ((NOT (X1)) X3)))))))
(CAPTURE_CANDIDATE (AND ((OR ((AND ((NOT (X2)) (OR ((AND (X1 (NOT (X3)))) (AND ((NOT (X1)) X3)))))) X1 (NOT (X3)))))))
(CAPTURE_CANDIDATE (AND ((OR ((AND ((NOT (X2)) (OR ((AND (X1 (NOT (X3)))) (AND ((NOT (X1)) X3)))))) (AND (X2 X3)))))))
(CAPTURE_CANDIDATE (AND ((OR ((AND ((NOT (X2)) (OR ((AND (X1 (NOT (X3)))) (AND ((NOT (X1)) X3)))))) (NOT (X2)) (NOT (X3)))))))
(CAPTURE_CANDIDATE (AND ((OR ((AND ((NOT (X2)) (OR ((AND (X1 (NOT (X3)))) (AND ((NOT (X1)) X3)))))) (AND (X1 X2)))))))
(CAPTURE_CANDIDATE (AND ((OR ((AND ((NOT (X2)) (OR ((AND (X1 (NOT (X3)))) (AND ((NOT (X1)) X3)))))) (NOT (X1)) (NOT (X2)))))))
(CAPTURE_CANDIDATE (AND (X1 (NOT (X2)) (NOT (X3)))))
(CAPTURE_CANDIDATE (AND ((NOT (X1)) (NOT (X2)) X3)))
(CAPTURE_CANDIDATE (AND ((OR ((AND (X1 (NOT (X3)))) (AND ((NOT (X1)) X3)))))))
(CAPTURE_CANDIDATE (AND (X2 (OR ((AND (X1 (NOT (X3)))) (AND ((NOT (X1)) X3)))))))
(CAPTURE_CANDIDATE (AND (X3 (NOT (X2)) (NOT (X1)))))
(CAPTURE_CANDIDATE (AND ((NOT (X3)) (NOT (X2)) X1)))
(CAPTURE_CANDIDATE (AND ((NOT (X2)) (OR ((AND (X1 (NOT (X3)))) (AND ((NOT (X1)) X3)))))))
(CAPTURE_CANDIDATE (AND ((NOT (X2)) X3 (NOT (X1)))))
(CAPTURE_CANDIDATE (AND ((NOT (X2)) (NOT (X3)) X1)))
(CAPTURE_CANDIDATE (AND ((NOT (X2)) (NOT (X1)) X3)))
(CAPTURE_CANDIDATE (AND (X1 (NOT (X2)) (NOT (X3)))))
(CAPTURE_CANDIDATE (AND ((NOT (X2)) (OR ((AND (X1 (NOT (X3)))) X1 (AND ((NOT (X1)) X3)))))))
(CAPTURE_CANDIDATE (AND ((NOT (X2)) (OR ((AND (X1 (NOT (X3)))) (NOT (X1)) (AND ((NOT (X1)) X3)))))))
(CAPTURE_CANDIDATE (AND ((NOT (X2)) (OR ((AND (X1 (NOT (X3)))) (AND ((NOT (X1)) X3)))))))
(CAPTURE_CANDIDATE (NOT (X2)))
(CAPTURE_CANDIDATE (AND ((NOT (X2)) (OR ((AND (X1 (NOT (X3)))) X3 (AND ((NOT (X1)) X3)))))))
(CAPTURE_CANDIDATE (AND ((NOT (X2)) (OR ((AND (X1 (NOT (X3)))) (NOT (X3)) (AND ((NOT (X1)) X3)))))))
(CAPTURE_CANDIDATE (AND ((NOT (X2)) (OR ((AND (X1 (NOT (X3)))) (AND ((NOT (X1)) X3)))))))
(CAPTURE_CANDIDATE (NOT (X2)))
(CAPTURE_CANDIDATE (AND ((NOT (X2)) (OR ((AND (X1 (NOT (X3)))) (AND (X1 X3)) (AND ((NOT (X1)) X3)))))))
(CAPTURE_CANDIDATE (AND ((NOT (X2)) (OR ((AND (X1 (NOT (X3)))) (NOT (X1)) (NOT (X3)) (AND ((NOT (X1)) X3)))))))
(CAPTURE_CANDIDATE (AND ((NOT (X2)) X1 (NOT (X3)))))
(CAPTURE_CANDIDATE (AND ((NOT (X2)) (OR ((AND (X1 (NOT (X3)))) X1 (NOT (X3)))))))
(CAPTURE_CANDIDATE (AND ((NOT (X2)) (OR ((NOT (X3)) (AND ((NOT (X1)) X3)))))))
(CAPTURE_CANDIDATE (AND ((NOT (X2)) (NOT (X1)) (OR ((NOT (X3)) X3)))))
(CAPTURE_CANDIDATE (AND ((NOT (X2)) (NOT (X1)) X3)))
(CAPTURE_CANDIDATE (AND ((NOT (X2)) (OR ((AND (X1 (NOT (X3)))) (AND ((NOT (X1)) X3)))))))
(CAPTURE_CANDIDATE (AND ((NOT (X2)) (OR (X1 (AND ((NOT (X1)) X3)))))))
(CAPTURE_CANDIDATE (AND ((NOT (X2)) X3 (OR (X1 (NOT (X1)))))))
(CAPTURE_CANDIDATE (AND ((NOT (X2)) (NOT (X1)) X3)))
(CAPTURE_CANDIDATE (AND ((NOT (X2)) (OR ((AND ((NOT (X3)) X1)) (AND ((NOT (X1)) X3)))))))
(CAPTURE_CANDIDATE (AND ((NOT (X2)) (OR ((AND (X1 (NOT (X3)))) (AND ((NOT (X1)) X3)))))))
(CAPTURE_CANDIDATE (AND ((NOT (X2)) (NOT (X1)) (OR ((NOT (X3)) X3)))))
(CAPTURE_CANDIDATE (AND ((NOT (X2)) (OR ((AND (X1 (NOT (X3)))) (AND ((NOT (X1)) X3)))))))
(CAPTURE_CANDIDATE (AND ((NOT (X2)) (OR ((AND (X1 (NOT (X3)))) (AND ((NOT (X1)) X3)))))))
(CAPTURE_CANDIDATE (AND ((NOT (X2)) (OR ((AND ((NOT (X3)) X1)) (AND ((NOT (X1)) X3)))))))
(CAPTURE_CANDIDATE (AND ((NOT (X2)) (OR ((NOT (X3)) (AND ((NOT (X1)) X3)))))))
(CAPTURE_CANDIDATE (AND ((NOT (X2)) (OR ((AND ((NOT (X3)) X1)) (AND ((NOT (X1)) X3)))))))
(CAPTURE_CANDIDATE (AND ((NOT (X2)) (OR ((NOT (X3)) (AND ((NOT (X1)) X3)))))))
(CAPTURE_CANDIDATE (AND ((NOT (X2)) (OR ((AND ((NOT (X3)) X1)) (AND ((NOT (X1)) X3)))))))
(CAPTURE_CANDIDATE (AND ((NOT (X2)) (OR ((NOT (X3)) (AND ((NOT (X1)) X3)))))))
(CAPTURE_CANDIDATE (AND ((NOT (X2)) (OR ((AND ((NOT (X3)) X1)) (AND ((NOT (X1)) X3)))))))
(CAPTURE_CANDIDATE (AND ((NOT (X2)) (OR ((NOT (X3)) (AND ((NOT (X1)) X3)))))))
(CAPTURE_CANDIDATE (AND ((NOT (X2)) (OR ((AND ((NOT (X3)) X1)) (AND ((NOT (X1)) X3)))))))
(CAPTURE_CANDIDATE (AND ((NOT (X2)) (OR ((NOT (X3)) (AND ((NOT (X1)) X3)))))))
(CAPTURE_CANDIDATE (AND ((NOT (X2)) (OR (X1 (AND ((NOT (X1)) X3)))))))
(CAPTURE_CANDIDATE (AND ((NOT (X2)) (OR ((AND (X1 (NOT (X3)))) (AND ((NOT (X1)) X3)))))))
(CAPTURE_CANDIDATE (AND ((NOT (X2)) (OR ((AND (X1 (NOT (X3)))) (AND ((NOT (X1)) X3)))))))
(CAPTURE_CANDIDATE (AND ((NOT (X2)) (OR (X1 (AND ((NOT (X1)) X3)))))))
(CAPTURE_CANDIDATE (AND ((NOT (X2)) (OR (X1 (AND ((NOT (X1)) X3)))))))
(CAPTURE_CANDIDATE (AND ((NOT (X2)) X3 (OR (X1 (NOT (X1)))))))
(CAPTURE_CANDIDATE (AND ((NOT (X2)) (OR ((AND (X1 (OR ((NOT (X3)) X3)))) (AND ((NOT (X1)) X3)))))))
(CAPTURE_CANDIDATE (AND ((NOT (X2)) (OR ((AND (X1 (NOT (X3)))) (AND ((NOT (X1)) X3)))))))
(CAPTURE_CANDIDATE (AND ((NOT (X2)) (OR ((AND (X1 (NOT (X3)))) (AND ((NOT (X1)) X3)))))))
(CAPTURE_CANDIDATE (AND ((NOT (X2)) (OR (X1 (AND ((NOT (X1)) X3)))))))
(CAPTURE_CANDIDATE (AND ((NOT (X2)) (OR ((AND (X1 (OR ((NOT (X3)) X3)))) (AND ((NOT (X1)) X3)))))))
(CAPTURE_CANDIDATE (AND ((NOT (X2)) (OR ((AND (X1 (NOT (X3)))) (AND ((NOT (X1)) X3)))))))
(CAPTURE_CANDIDATE (AND ((NOT (X2)) (OR ((AND (X1 (NOT (X3)))) (AND ((NOT (X1)) X3)))))))
(CAPTURE_CANDIDATE (AND ((NOT (X2)) (NOT (X1)) X3)))
(CAPTURE_CANDIDATE (AND ((NOT (X2)) (NOT (X1)) X3)))
(CAPTURE_CANDIDATE (AND ((NOT (X2)) (OR ((AND (X1 (NOT (X3)))) (AND ((NOT (X1)) X3)))))))
(CAPTURE_CANDIDATE (AND ((NOT (X2)) (NOT (X1)) X3)))
(CAPTURE_CANDIDATE (AND ((NOT (X2)) (OR ((AND (X1 (NOT (X3)))) (AND ((NOT (X1)) X3)))))))
(CAPTURE_CANDIDATE (AND ((NOT (X2)) (NOT (X1)) X3)))
(CAPTURE_CANDIDATE (AND ((NOT (X2)) (OR ((AND (X1 (NOT (X3)))) (AND ((NOT (X1)) X3)))))))
(CAPTURE_CANDIDATE (AND ((NOT (X2)) (NOT (X1)) X3)))
(CAPTURE_CANDIDATE (AND ((NOT (X2)) (OR ((AND (X1 (NOT (X3)))) (AND ((NOT (X1)) X3)))))))
(CAPTURE_CANDIDATE (AND ((NOT (X2)) (NOT (X1)) X3)))
(CAPTURE_CANDIDATE (AND ((NOT (X2)) (OR ((AND (X1 (NOT (X3)))) (AND ((NOT (X1)) X3)))))))
(CAPTURE_CANDIDATE (AND ((NOT (X2)) (OR ((AND (X1 (NOT (X3)))) X3)))))
(CAPTURE_CANDIDATE (AND ((NOT (X2)) X1 (OR ((NOT (X3)) X3)))))
(CAPTURE_CANDIDATE (AND ((NOT (X2)) X1 (NOT (X3)))))
(CAPTURE_CANDIDATE (AND ((NOT (X2)) (OR ((AND (X1 (NOT (X3)))) (AND ((NOT (X1)) X3)))))))
(CAPTURE_CANDIDATE (AND ((NOT (X2)) (OR ((AND (X1 (NOT (X3)))) (NOT (X1)))))))
(CAPTURE_CANDIDATE (AND ((NOT (X2)) (NOT (X3)) (OR (X1 (NOT (X1)))))))
(CAPTURE_CANDIDATE (AND ((NOT (X2)) (OR ((AND (X1 (NOT (X3)))) (AND ((NOT (X1)) X3)))))))
(CAPTURE_CANDIDATE (AND ((NOT (X2)) X1 (NOT (X3)))))
(CAPTURE_CANDIDATE (AND ((NOT (X2)) (OR ((AND (X1 (NOT (X3)))) (AND ((NOT (X1)) X3)))))))
(CAPTURE_CANDIDATE (AND ((NOT (X2)) X1 (NOT (X3)))))
(CAPTURE_CANDIDATE (AND ((NOT (X2)) (OR ((AND (X1 (NOT (X3)))) (AND ((NOT (X1)) X3)))))))
(CAPTURE_CANDIDATE (AND ((NOT (X2)) X1 (NOT (X3)))))
(CAPTURE_CANDIDATE (AND ((NOT (X2)) (OR ((AND (X1 (NOT (X3)))) X3)))))
(CAPTURE_CANDIDATE (AND ((NOT (X2)) X1 (OR ((NOT (X3)) X3)))))
(CAPTURE_CANDIDATE (AND ((NOT (X2)) (OR ((AND (X1 (NOT (X3)))) (AND (X3 (NOT (X1)))))))))
(CAPTURE_CANDIDATE (AND ((NOT (X2)) (OR ((AND (X1 (NOT (X3)))) X3)))))
(CAPTURE_CANDIDATE (AND ((NOT (X2)) (OR ((AND (X1 (NOT (X3)))) X3)))))
(CAPTURE_CANDIDATE (AND ((NOT (X2)) (OR ((AND (X1 (NOT (X3)))) (AND (X3 (NOT (X1)))))))))
(CAPTURE_CANDIDATE (AND ((NOT (X2)) (OR ((AND (X1 (NOT (X3)))) (AND (X3 (NOT (X1)))))))))
(CAPTURE_CANDIDATE (AND ((NOT (X2)) (OR ((AND (X1 (NOT (X3)))) X3)))))
(CAPTURE_CANDIDATE (AND ((NOT (X2)) X1 (NOT (X3)))))
(CAPTURE_CANDIDATE (AND ((NOT (X2)) (OR ((AND (X1 (NOT (X3)))) X3)))))
(CAPTURE_CANDIDATE (AND ((NOT (X2)) (OR ((AND (X1 (NOT (X3)))) (AND ((NOT (X1)) X3)))))))
(CAPTURE_CANDIDATE (AND ((NOT (X2)) (OR ((AND (X1 (NOT (X3)))) (AND (X3 (OR ((NOT (X1)) X1)))))))))
(CAPTURE_CANDIDATE (AND ((NOT (X2)) (OR ((AND (X1 (NOT (X3)))) (AND ((NOT (X1)) X3)))))))
(CAPTURE_CANDIDATE (AND ((NOT (X2)) (OR ((AND (X1 (NOT (X3)))) (NOT (X1)))))))
(CAPTURE_CANDIDATE (AND ((NOT (X2)) (OR ((AND (X1 (NOT (X3)))) (AND ((NOT (X1)) X3)))))))
(CAPTURE_CANDIDATE (AND ((NOT (X2)) (OR ((AND (X1 (NOT (X3)))) (NOT (X1)))))))
(CAPTURE_CANDIDATE (AND ((NOT (X2)) (OR ((AND (X1 (NOT (X3)))) (AND ((NOT (X1)) X3)))))))
(CAPTURE_CANDIDATE (AND ((NOT (X2)) (OR ((AND (X1 (NOT (X3)))) (AND ((NOT (X1)) (OR (X3 (NOT (X3)))))))))))
(CAPTURE_CANDIDATE (AND ((NOT (X2)) (OR ((AND (X1 (NOT (X3)))) (AND ((NOT (X1)) X3)))))))
(CAPTURE_CANDIDATE (AND ((NOT (X2)) (OR ((AND (X1 (NOT (X3)))) (NOT (X1)))))))
(CAPTURE_CANDIDATE (AND ((NOT (X2)) (OR ((AND (X1 (NOT (X3)))) (AND ((NOT (X1)) X3)))))))
(CAPTURE_CANDIDATE (AND ((NOT (X2)) (OR ((AND (X1 (NOT (X3)))) (NOT (X1)))))))
(CAPTURE_CANDIDATE (AND ((NOT (X2)) X1 (NOT (X3)))))
(CAPTURE_CANDIDATE (AND ((NOT (X2)) (OR ((AND (X1 (NOT (X3)))) (AND ((NOT (X1)) X3)))))))
(CAPTURE_CANDIDATE (AND ((NOT (X2)) X1 (NOT (X3)))))
(CAPTURE_CANDIDATE (AND ((NOT (X2)) (OR ((AND (X1 (NOT (X3)))) (AND ((NOT (X1)) X3)))))))
(CAPTURE_CANDIDATE (AND ((NOT (X2)) (OR ((AND (X1 (NOT (X3)))) (AND ((NOT (X1)) X3)))))))
(CAPTURE_CANDIDATE (AND ((NOT (X2)) X1 (NOT (X3)))))
(CAPTURE_CANDIDATE (AND ((NOT (X2)) X1 (NOT (X3)))))
(CAPTURE_CANDIDATE (AND ((NOT (X2)) (OR ((AND (X1 (NOT (X3)))) (AND ((NOT (X1)) X3)))))))
(CAPTURE_CANDIDATE (AND ((NOT (X2)) (OR ((AND (X1 (NOT (X3)))) (AND ((NOT (X1)) X3)))))))
(CAPTURE_CANDIDATE (AND ((NOT (X2)) (OR ((AND (X1 (NOT (X3)))) (AND ((NOT (X1)) X3)))))))
(CAPTURE_CANDIDATE (AND ((NOT (X2)) (OR ((AND (X1 (NOT (X3)))) (AND ((NOT (X1)) X3)))))))
(CAPTURE_CANDIDATE (AND ((NOT (X2)) X1 (NOT (X3)))))
(CAPTURE_CANDIDATE (AND ((NOT (X2)) (OR ((AND (X1 (NOT (X3)))) (AND ((NOT (X1)) X3)) X1)))))
(CAPTURE_CANDIDATE (AND ((NOT (X2)) (OR ((AND (X1 (NOT (X3)))) (AND ((NOT (X1)) X3)) (NOT (X1)))))))
(CAPTURE_CANDIDATE (AND ((NOT (X2)) (OR ((AND (X1 (NOT (X3)))) (AND ((NOT (X1)) X3)))))))
(CAPTURE_CANDIDATE (NOT (X2)))
(CAPTURE_CANDIDATE (AND ((NOT (X2)) (OR ((AND (X1 (NOT (X3)))) (AND ((NOT (X1)) X3)) X3)))))
(CAPTURE_CANDIDATE (AND ((NOT (X2)) (OR ((AND (X1 (NOT (X3)))) (AND ((NOT (X1)) X3)) (NOT (X3)))))))
(CAPTURE_CANDIDATE (AND ((NOT (X2)) (OR ((AND (X1 (NOT (X3)))) (AND ((NOT (X1)) X3)) X1 X3)))))
(CAPTURE_CANDIDATE (AND ((NOT (X2)) (OR ((AND (X1 (NOT (X3)))) (AND ((NOT (X1)) X3)) (AND ((NOT (X1)) (NOT (X3)))))))))
(CAPTURE_CANDIDATE (NOT (X2)))
(CAPTURE_CANDIDATE (AND ((NOT (X2)) (OR ((AND (X1 (NOT (X3)))) (AND ((NOT (X1)) X3)))))))
(CAPTURE_CANDIDATE (AND ((NOT (X2)) (OR ((AND (X1 (NOT (X3)))) (AND ((NOT (X1)) X3)) (NOT (X1)))))))
(CAPTURE_CANDIDATE (AND ((NOT (X2)) (OR ((AND (X1 (NOT (X3)))) (AND ((NOT (X1)) X3)) X1)))))
(CAPTURE_CANDIDATE (AND ((OR ((AND (X1 (NOT (X3)))) (AND ((NOT (X1)) X3)))) (OR (X1 (NOT (X2)))))))
(CAPTURE_CANDIDATE (AND ((OR ((AND (X1 (NOT (X3)))) (AND ((NOT (X1)) X3)))) (OR ((NOT (X1)) (NOT (X2)))))))
(CAPTURE_CANDIDATE (AND ((OR ((AND (X1 (NOT (X3)))) (AND ((NOT (X1)) X3)))))))
(CAPTURE_CANDIDATE (AND (X2 (OR ((AND (X1 (NOT (X3)))) (AND ((NOT (X1)) X3)))))))
(CAPTURE_CANDIDATE (AND ((OR ((AND (X1 (NOT (X3)))) (AND ((NOT (X1)) X3)))) (OR ((NOT (X2)) X3)))))
(CAPTURE_CANDIDATE (AND ((OR ((AND (X1 (NOT (X3)))) (AND ((NOT (X1)) X3)))) (OR ((NOT (X2)) (NOT (X3)))))))
(CAPTURE_CANDIDATE (AND ((OR ((AND (X1 (NOT (X3)))) (AND ((NOT (X1)) X3)))) (OR ((NOT (X2)) (AND ((NOT (X1)) X2)))))))
(CAPTURE_CANDIDATE (AND ((OR ((AND (X1 (NOT (X3)))) (AND ((NOT (X1)) X3)))) (OR ((NOT (X2)) X1 (NOT (X2)))))))
(CAPTURE_CANDIDATE (AND ((NOT (X2)) X3 (NOT (X1)))))
(CAPTURE_CANDIDATE (AND ((OR ((AND (X1 (NOT (X3)))) (AND ((NOT (X1)) X3)))) (OR ((NOT (X2)) X2 (NOT (X3)))))))
(CAPTURE_CANDIDATE (AND ((OR ((AND (X1 (NOT (X3)))) (AND ((NOT (X1)) X3)))) (OR ((NOT (X2)) (AND (X1 X2)))))))
(CAPTURE_CANDIDATE (AND ((OR ((AND (X1 (NOT (X3)))) (AND ((NOT (X1)) X3)))) (OR ((NOT (X2)) (NOT (X1)) (NOT (X2)))))))
(CAPTURE_CANDIDATE (AND ((NOT (X2)) X1 (NOT (X3)))))
(CAPTURE_CANDIDATE (AND ((NOT (X2)) (NOT (X1)) X3)))
(CAPTURE_CANDIDATE (AND ((NOT (X2)) (OR ((AND (X1 (NOT (X3)))) (AND ((NOT (X1)) X3)))))))
(CAPTURE_CANDIDATE (AND ((NOT (X2)) X3 (NOT (X1)))))
(CAPTURE_CANDIDATE (AND ((NOT (X2)) (NOT (X3)) X1)))
(CAPTURE_CANDIDATE (AND ((NOT (X2)) (OR ((AND (X1 (NOT (X3)))) (AND ((NOT (X1)) X3)))))))
(CAPTURE_CANDIDATE (AND ((NOT (X2)) X3 (NOT (X1)))))
(CAPTURE_CANDIDATE (AND ((NOT (X2)) (NOT (X3)) X1)))
(CAPTURE_CANDIDATE (AND ((NOT (X2)) (OR ((AND (X1 (NOT (X3)))) (AND ((NOT (X1)) X3)))))))
(CAPTURE_CANDIDATE (AND ((OR ((AND ((NOT (X2)) (OR ((AND (X1 (NOT (X3)))) (AND ((NOT (X1)) X3)))))) X1)))))
(CAPTURE_CANDIDATE (AND ((OR ((AND ((NOT (X2)) (OR ((AND (X1 (NOT (X3)))) (AND ((NOT (X1)) X3)))))) (NOT (X1)))))))
(CAPTURE_CANDIDATE (AND ((OR ((AND ((NOT (X2)) (OR ((AND (X1 (NOT (X3)))) (AND ((NOT (X1)) X3)))))) X2)))))
(CAPTURE_CANDIDATE (AND ((NOT (X2)) (OR ((AND (X1 (NOT (X3)))) (AND ((NOT (X1)) X3)))))))
(CAPTURE_CANDIDATE (AND ((OR ((AND ((NOT (X2)) (OR ((AND (X1 (NOT (X3)))) (AND ((NOT (X1)) X3)))))) X3)))))
(CAPTURE_CANDIDATE (AND ((OR ((AND ((NOT (X2)) (OR ((AND (X1 (NOT (X3)))) (AND ((NOT (X1)) X3)))))) (NOT (X3)))))))
(CAPTURE_CANDIDATE (AND ((OR ((AND ((NOT (X2)) (OR ((AND (X1 (NOT (X3)))) (AND ((NOT (X1)) X3)))))) (NOT (X2)) X3)))))
(CAPTURE_CANDIDATE (AND ((OR ((AND ((NOT (X2)) (OR ((AND (X1 (NOT (X3)))) (AND ((NOT (X1)) X3)))))) (AND (X2 (NOT (X3)))))))))
(CAPTURE_CANDIDATE (AND ((OR ((AND ((NOT (X2)) (OR ((AND (X1 (NOT (X3)))) (AND ((NOT (X1)) X3)))))) (NOT (X1)) X3)))))
(CAPTURE_CANDIDATE (AND ((OR ((AND ((NOT (X2)) (OR ((AND (X1 (NOT (X3)))) (AND ((NOT (X1)) X3)))))) (AND (X1 (NOT (X3)))))))))
(CAPTURE_CANDIDATE (AND ((OR ((AND ((NOT (X2)) (OR ((AND (X1 (NOT (X3)))) (AND ((NOT (X1)) X3)))))) X1 X3)))))
(CAPTURE_CANDIDATE (AND ((OR ((AND ((NOT (X2)) (OR ((AND (X1 (NOT (X3)))) (AND ((NOT (X1)) X3)))))) (AND ((NOT (X1)) (NOT (X3)))))))))
(CAPTURE_CANDIDATE (AND ((NOT (X2)) (OR ((AND (X1 (NOT (X3)))) (AND ((NOT (X1)) X3)))))))
(CAPTURE_CANDIDATE (AND ((NOT (X2)) (OR ((AND (X1 (NOT (X3)))) (AND ((NOT (X1)) X3)))))))
(CAPTURE_CANDIDATE (AND ((NOT (X2)) (OR ((AND (X1 (NOT (X3)))) (AND ((NOT (X1)) X3)))))))
(CAPTURE_CANDIDATE (AND ((NOT (X2)) (OR ((AND (X1 (NOT (X3)))) (AND ((NOT (X1)) X3)))))))
(CAPTURE_CANDIDATE (AND ((NOT (X2)) (OR ((AND (X1 (NOT (X3)))) (AND ((NOT (X1)) X3)))))))
(CAPTURE_CANDIDATE (AND ((NOT (X2)) (OR ((AND (X1 (NOT (X3)))) (AND ((NOT (X1)) X3)))))))
(CAPTURE_CANDIDATE (AND ((NOT (X2)) (OR ((AND (X1 (NOT (X3)))) (AND ((NOT (X1)) X3)))))))
(CAPTURE_CANDIDATE (AND ((NOT (X2)) (OR ((AND (X1 (NOT (X3)))) (AND ((NOT (X1)) X3)))))))
(CAPTURE_CANDIDATE (AND ((NOT (X2)) (OR ((AND (X1 (NOT (X3)))) (AND ((NOT (X1)) X3)))))))
(CAPTURE_CANDIDATE (AND ((NOT (X2)) (OR ((AND (X1 (NOT (X3)))) (AND ((NOT (X1)) X3)))))))
(CAPTURE_CANDIDATE (AND ((NOT (X2)) (OR ((AND (X1 (NOT (X3)))) (AND ((NOT (X1)) X3)))))))
(CAPTURE_CANDIDATE (AND ((NOT (X2)) (OR ((AND (X1 (NOT (X3)))) (AND ((NOT (X1)) X3)))))))
(CAPTURE_CANDIDATE (AND ((NOT (X2)) (OR ((AND (X1 (NOT (X3)))) (AND ((NOT (X1)) X3)))))))
(CAPTURE_CANDIDATE (AND ((NOT (X2)) (OR ((AND (X1 (NOT (X3)))) (AND ((NOT (X1)) X3)))))))
(CAPTURE_CANDIDATE (AND ((NOT (X2)) (OR ((AND (X1 (NOT (X3)))) (AND ((NOT (X1)) X3)))))))
(CAPTURE_CANDIDATE (AND ((NOT (X2)) (OR ((AND (X1 (NOT (X3)))) (AND ((NOT (X1)) X3)))))))
(CAPTURE_CANDIDATE (AND ((NOT (X2)) (OR ((AND (X1 (NOT (X3)))) (AND ((NOT (X1)) X3)))))))
(CAPTURE_CANDIDATE (AND ((NOT (X2)) (OR ((AND (X1 (NOT (X3)))) (AND ((NOT (X1)) X3)))))))
(CAPTURE_CANDIDATE (AND ((NOT (X2)) (OR ((AND (X1 (NOT (X3)))) (AND ((NOT (X1)) X3)))))))
(CAPTURE_CANDIDATE (AND ((NOT (X2)) (OR ((AND (X1 (NOT (X3)))) (AND ((NOT (X1)) X3)))))))
(CAPTURE_CANDIDATE (AND ((NOT (X2)) (OR ((AND (X1 (NOT (X3)))) (AND ((NOT (X1)) X3)))))))
(CAPTURE_CANDIDATE (AND ((NOT (X2)) (OR ((AND (X1 (NOT (X3)))) (AND ((NOT (X1)) X3)))))))
(CAPTURE_CANDIDATE (AND ((NOT (X2)) (OR ((AND (X1 (NOT (X3)))) (AND ((NOT (X1)) X3)))))))
(CAPTURE_CANDIDATE (AND ((NOT (X2)) (OR ((AND (X1 (NOT (X3)))) (AND ((NOT (X1)) X3)))))))
(CAPTURE_CANDIDATE (AND ((NOT (X2)) (OR ((AND (X1 (NOT (X3)))) (AND ((NOT (X1)) X3)))))))
(CAPTURE_CANDIDATE (AND ((NOT (X2)) (OR ((AND (X1 (NOT (X3)))) (AND ((NOT (X1)) X3)))))))
(CAPTURE_CANDIDATE (AND ((NOT (X2)) (OR ((AND (X1 (NOT (X3)))) (AND ((NOT (X1)) X3)))))))
(CAPTURE_CANDIDATE (AND ((NOT (X2)) (OR ((AND (X1 (NOT (X3)))) (AND ((NOT (X1)) X3)))))))
(CAPTURE_CANDIDATE (AND ((NOT (X2)) (OR ((AND (X1 (NOT (X3)))) (AND ((NOT (X1)) X3)))))))
(CAPTURE_CANDIDATE (AND ((NOT (X2)) (OR ((AND (X1 (NOT (X3)))) (AND ((NOT (X1)) X3)))))))
(CAPTURE_CANDIDATE (AND ((NOT (X2)) (OR ((AND (X1 (NOT (X3)))) (AND ((NOT (X1)) X3)))))))
(CAPTURE_CANDIDATE (AND ((NOT (X2)) (OR ((AND (X1 (NOT (X3)))) (AND ((NOT (X1)) X3)))))))
(CAPTURE_CANDIDATE (AND ((NOT (X2)) (OR ((AND (X1 (NOT (X3)))) (AND ((NOT (X1)) X3)))))))
(CAPTURE_CANDIDATE (AND ((NOT (X2)) (OR ((AND (X1 (NOT (X3)))) (AND ((NOT (X1)) X3)))))))
(CAPTURE_CANDIDATE (AND ((NOT (X2)) (OR ((AND (X1 (NOT (X3)))) (AND ((NOT (X1)) X3)))))))
(CAPTURE_CANDIDATE (AND ((NOT (X2)) (OR ((AND (X1 (NOT (X3)))) (AND ((NOT (X1)) X3)))))))
(CAPTURE_CANDIDATE (AND ((NOT (X2)) (OR ((AND (X1 (NOT (X3)))) (AND ((NOT (X1)) X3)))))))
(CAPTURE_CANDIDATE (AND ((NOT (X2)) (OR ((AND (X1 (NOT (X3)))) (AND ((NOT (X1)) X3)))))))
(CAPTURE_CANDIDATE (AND ((NOT (X2)) (OR ((AND (X1 (NOT (X3)))) (AND ((NOT (X1)) X3)))))))
(CAPTURE_CANDIDATE (AND ((NOT (X2)) (OR ((AND (X1 (NOT (X3)))) (AND ((NOT (X1)) X3)))))))
(CAPTURE_CANDIDATE (AND ((NOT (X2)) (OR ((AND (X1 (NOT (X3)))) (AND ((NOT (X1)) X3)))))))
(CAPTURE_CANDIDATE (AND ((NOT (X2)) (OR ((AND (X1 (NOT (X3)))) (AND ((NOT (X1)) X3)))))))
(CAPTURE_CANDIDATE (AND ((NOT (X2)) (OR ((AND (X1 (NOT (X3)))) (AND ((NOT (X1)) X3)))))))
(CAPTURE_CANDIDATE (AND ((NOT (X2)) (OR ((AND (X1 (NOT (X3)))) (AND ((NOT (X1)) X3)))))))
(CAPTURE_CANDIDATE (AND ((NOT (X2)) (OR ((AND (X1 (NOT (X3)))) (AND ((NOT (X1)) X3)))))))
(CAPTURE_CANDIDATE (AND ((NOT (X2)) (OR ((AND (X1 (NOT (X3)))) (AND ((NOT (X1)) X3)))))))
(CAPTURE_CANDIDATE (AND ((NOT (X2)) (OR ((AND (X1 (NOT (X3)))) (AND ((NOT (X1)) X3)))))))
(CAPTURE_CANDIDATE (AND ((NOT (X2)) (OR ((AND (X1 (NOT (X3)))) (AND ((NOT (X1)) X3)))))))
(CAPTURE_CANDIDATE (AND ((NOT (X2)) (OR ((AND (X1 (NOT (X3)))) (AND ((NOT (X1)) X3)))))))
(CAPTURE_CANDIDATE (AND ((NOT (X2)) (OR ((AND (X1 (NOT (X3)))) (AND ((NOT (X1)) X3)))))))
(CAPTURE_CANDIDATE (AND ((NOT (X2)) (OR ((AND (X1 (NOT (X3)))) (AND ((NOT (X1)) X3)))))))
(CAPTURE_CANDIDATE (AND ((NOT (X2)) (OR ((AND (X1 (NOT (X3)))) (AND ((NOT (X1)) X3)))))))
(CAPTURE_CANDIDATE (AND ((NOT (X2)) (OR ((AND (X1 (NOT (X3)))) (AND ((NOT (X1)) X3)))))))
(CAPTURE_CANDIDATE (AND ((NOT (X2)) (OR ((AND (X1 (NOT (X3)))) (AND ((NOT (X1)) X3)))))))
(CAPTURE_CANDIDATE (AND ((NOT (X2)) (OR ((AND (X1 (NOT (X3)))) (AND ((NOT (X1)) X3)))))))
(CAPTURE_CANDIDATE (AND ((NOT (X2)) (OR ((AND (X1 (NOT (X3)))) (AND ((NOT (X1)) X3)))))))
(CAPTURE_CANDIDATE (AND ((NOT (X2)) (OR ((AND (X1 (NOT (X3)))) (AND ((NOT (X1)) X3)))))))
(CAPTURE_CANDIDATE (AND ((NOT (X2)) (OR ((AND (X1 (NOT (X3)))) (AND ((NOT (X1)) X3)))))))
(CAPTURE_CANDIDATE (AND ((NOT (X2)) (OR ((AND (X1 (NOT (X3)))) (AND ((NOT (X1)) X3)))))))
(CAPTURE_CANDIDATE (AND ((NOT (X2)) (OR ((AND (X1 (NOT (X3)))) (AND (X3 (NOT (X1)))))))))
(CAPTURE_CANDIDATE (AND ((NOT (X2)) (OR ((AND (X1 (NOT (X3)))) (AND (X3 (NOT (X1)))))))))
(CAPTURE_CANDIDATE (AND ((NOT (X2)) (OR ((AND (X1 (NOT (X3)))) (AND (X3 (NOT (X1)))))))))
(CAPTURE_CANDIDATE (AND ((NOT (X2)) (OR ((AND (X1 (NOT (X3)))) (AND ((NOT (X1)) X3)))))))
(CAPTURE_CANDIDATE (AND ((NOT (X2)) (OR ((AND (X1 (NOT (X3)))) (AND ((NOT (X1)) X3)))))))
(CAPTURE_CANDIDATE (AND ((NOT (X2)) (OR ((AND (X1 (NOT (X3)))) (AND ((NOT (X1)) X3)))))))
(CAPTURE_CANDIDATE (AND ((NOT (X2)) (OR ((AND (X1 (NOT (X3)))) (AND ((NOT (X1)) X3)))))))
(CAPTURE_CANDIDATE (AND ((NOT (X2)) (OR ((AND (X1 (NOT (X3)))) (AND ((NOT (X1)) X3)))))))
(CAPTURE_CANDIDATE (AND ((NOT (X2)) (OR ((AND (X1 (NOT (X3)))) (AND ((NOT (X1)) X3)))))))
(CAPTURE_CANDIDATE (AND ((NOT (X2)) (OR ((AND (X1 (NOT (X3)))) (AND ((NOT (X1)) X3)))))))
(CAPTURE_CANDIDATE (AND ((NOT (X2)) (OR ((AND (X1 (NOT (X3)))) (AND ((NOT (X1)) X3)))))))
(CAPTURE_CANDIDATE (AND ((NOT (X2)) (OR ((AND (X1 (NOT (X3)))) (AND ((NOT (X1)) X3)))))))
(CAPTURE_CANDIDATE (AND ((NOT (X2)) (OR ((AND (X1 (NOT (X3)))) (AND ((NOT (X1)) X3)))))))
(CAPTURE_CANDIDATE (AND ((NOT (X2)) (OR ((AND (X1 (NOT (X3)))) (AND ((NOT (X1)) X3)))))))
(CAPTURE_CANDIDATE (AND ((NOT (X2)) (OR ((AND (X1 (NOT (X3)))) (AND ((NOT (X1)) X3)))))))
(CAPTURE_CANDIDATE (AND ((NOT (X2)) (OR ((AND (X1 (NOT (X3)))) (AND ((NOT (X1)) X3)))))))
(CAPTURE_CANDIDATE (AND ((NOT (X2)) (OR ((AND (X1 (NOT (X3)))) (AND ((NOT (X1)) X3)))))))
(CAPTURE_CANDIDATE (AND ((NOT (X2)) (OR ((AND (X1 (NOT (X3)))) (AND ((NOT (X1)) X3)))))))
(CAPTURE_CANDIDATE (AND ((NOT (X2)) (OR ((AND ((NOT (X3)) X1)) (AND ((NOT (X1)) X3)))))))
(CAPTURE_CANDIDATE (AND ((NOT (X2)) (OR ((AND ((NOT (X3)) X1)) (AND ((NOT (X1)) X3)))))))
(CAPTURE_CANDIDATE (AND ((NOT (X2)) (OR ((AND ((NOT (X3)) X1)) (AND ((NOT (X1)) X3)))))))
(New best score: -3.4285714285714284)
(Terminating because score hasn't improved)
(Terminating because score hasn't improved)
(Terminating because score hasn't improved)
(OptimizedDeme: 257)
"Merging Deme"
(Demesize: 257)
(nEval: 10000 LenSInstList: 257)
(TopCnd: 257)
(Keep 100 Unique instances from 257)
(KeptUniqueTopCandidates NewSize: 96)
(TrimmedDownDeme: 88)
(CAPTURE_CANDIDATE (AND ((NOT (X2)) (OR ((AND (X1 (NOT (X3)))) (AND ((NOT (X1)) X3)))))))
(CAPTURE_CANDIDATE (AND ((NOT (X2)) (OR ((AND ((NOT (X3)) X1)) (AND ((NOT (X1)) X3)))))))
(CAPTURE_CANDIDATE (AND ((NOT (X2)) (OR ((AND (X1 (NOT (X3)))) (AND ((NOT (X1)) X3)))))))
(CAPTURE_CANDIDATE (AND ((NOT (X2)) (OR ((AND ((NOT (X3)) X1)) (AND ((NOT (X1)) X3)))))))
(CAPTURE_CANDIDATE (AND ((NOT (X2)) (OR ((AND (X1 (NOT (X3)))) (AND ((NOT (X1)) X3)))))))
(CAPTURE_CANDIDATE (AND ((NOT (X2)) (OR ((AND (X1 (NOT (X3)))) (AND (X3 (NOT (X1)))))))))
(CAPTURE_CANDIDATE (AND ((NOT (X2)) (OR ((AND (X1 (NOT (X3)))) (AND ((NOT (X1)) X3)))))))
(CAPTURE_CANDIDATE (AND ((NOT (X2)) (OR ((AND (X1 (NOT (X3)))) (AND (X3 (NOT (X1)))))))))
(CAPTURE_CANDIDATE (AND ((NOT (X2)) (OR ((AND (X1 (NOT (X3)))) (AND ((NOT (X1)) X3)))))))
(CAPTURE_CANDIDATE (AND ((NOT (X2)) (OR ((AND ((NOT (X3)) X1)) (AND ((NOT (X1)) X3)))))))
(CAPTURE_CANDIDATE (AND ((OR ((AND ((NOT (X2)) (OR ((AND (X1 (NOT (X3)))) (AND ((NOT (X1)) X3)))))) X2)))))
(CAPTURE_CANDIDATE (AND (X1 (NOT (X2)) (NOT (X3)))))
(CAPTURE_CANDIDATE (AND ((NOT (X1)) (NOT (X2)) X3)))
(CAPTURE_CANDIDATE (AND (X3 (NOT (X2)) (NOT (X1)))))
(CAPTURE_CANDIDATE (AND ((NOT (X3)) (NOT (X2)) X1)))
(CAPTURE_CANDIDATE (AND ((NOT (X2)) X3 (NOT (X1)))))
(CAPTURE_CANDIDATE (AND ((NOT (X2)) (NOT (X3)) X1)))
(CAPTURE_CANDIDATE (AND ((NOT (X2)) (NOT (X1)) X3)))
(CAPTURE_CANDIDATE (AND (X1 (NOT (X2)) (NOT (X3)))))
(CAPTURE_CANDIDATE (AND ((NOT (X2)) X1 (NOT (X3)))))
(CAPTURE_CANDIDATE (AND ((NOT (X2)) (NOT (X1)) X3)))
(CAPTURE_CANDIDATE (AND ((NOT (X2)) X1 (NOT (X3)))))
(CAPTURE_CANDIDATE (AND ((NOT (X2)) X3 (NOT (X1)))))
(CAPTURE_CANDIDATE (AND ((NOT (X2)) X1 (NOT (X3)))))
(CAPTURE_CANDIDATE (AND ((NOT (X2)) (NOT (X1)) X3)))
(CAPTURE_CANDIDATE (AND ((NOT (X2)) X3 (NOT (X1)))))
(CAPTURE_CANDIDATE (AND ((NOT (X2)) (NOT (X3)) X1)))
(CAPTURE_CANDIDATE (AND ((NOT (X2)) X3 (NOT (X1)))))
(CAPTURE_CANDIDATE (AND ((NOT (X2)) (NOT (X3)) X1)))
(CAPTURE_CANDIDATE (AND ((OR ((AND ((NOT (X2)) (OR ((AND (X1 (NOT (X3)))) (AND ((NOT (X1)) X3)))))) (AND (X2 X3)))))))
(CAPTURE_CANDIDATE (AND ((OR ((AND ((NOT (X2)) (OR ((AND (X1 (NOT (X3)))) (AND ((NOT (X1)) X3)))))) (AND (X1 X2)))))))
(CAPTURE_CANDIDATE (AND ((OR ((AND ((NOT (X2)) (OR ((AND (X1 (NOT (X3)))) (AND ((NOT (X1)) X3)))))) (AND (X2 (NOT (X3)))))))))
(CAPTURE_CANDIDATE (AND ((OR ((AND ((NOT (X2)) (OR ((AND (X1 (NOT (X3)))) (AND ((NOT (X1)) X3)))))) (AND ((NOT (X1)) (NOT (X3)))))))))
(CAPTURE_CANDIDATE (AND ((NOT (X2)) (OR ((NOT (X3)) (AND ((NOT (X1)) X3)))))))
(CAPTURE_CANDIDATE (AND ((NOT (X2)) (OR (X1 (AND ((NOT (X1)) X3)))))))
(CAPTURE_CANDIDATE (AND ((NOT (X2)) (OR ((NOT (X3)) (AND ((NOT (X1)) X3)))))))
(CAPTURE_CANDIDATE (AND ((NOT (X2)) (OR (X1 (AND ((NOT (X1)) X3)))))))
(CAPTURE_CANDIDATE (AND ((NOT (X2)) (OR ((AND (X1 (NOT (X3)))) X3)))))
(CAPTURE_CANDIDATE (AND ((NOT (X2)) (OR ((AND (X1 (NOT (X3)))) (NOT (X1)))))))
(CAPTURE_CANDIDATE (AND ((NOT (X2)) (OR ((AND (X1 (NOT (X3)))) X3)))))
(CAPTURE_CANDIDATE (AND ((NOT (X2)) (OR ((AND (X1 (NOT (X3)))) (NOT (X1)))))))
(CAPTURE_CANDIDATE (NOT (X2)))
(CAPTURE_CANDIDATE (AND ((OR ((AND ((NOT (X2)) (OR ((AND (X1 (NOT (X3)))) (AND ((NOT (X1)) X3)))))) X1)))))
(CAPTURE_CANDIDATE (AND ((OR ((AND ((NOT (X2)) (OR ((AND (X1 (NOT (X3)))) (AND ((NOT (X1)) X3)))))) (NOT (X1)))))))
(CAPTURE_CANDIDATE (AND ((OR ((AND ((NOT (X2)) (OR ((AND (X1 (NOT (X3)))) (AND ((NOT (X1)) X3)))))) X3)))))
(CAPTURE_CANDIDATE (AND ((OR ((AND ((NOT (X2)) (OR ((AND (X1 (NOT (X3)))) (AND ((NOT (X1)) X3)))))) (NOT (X3)))))))
(CAPTURE_CANDIDATE (AND ((NOT (X2)) (OR ((AND (X1 (NOT (X3)))) X1 (AND ((NOT (X1)) X3)))))))
(CAPTURE_CANDIDATE (AND ((NOT (X2)) (OR ((AND (X1 (NOT (X3)))) (NOT (X1)) (AND ((NOT (X1)) X3)))))))
(CAPTURE_CANDIDATE (AND ((NOT (X2)) (OR ((AND (X1 (NOT (X3)))) X3 (AND ((NOT (X1)) X3)))))))
(CAPTURE_CANDIDATE (AND ((NOT (X2)) (OR ((AND (X1 (NOT (X3)))) (NOT (X3)) (AND ((NOT (X1)) X3)))))))
(CAPTURE_CANDIDATE (AND ((NOT (X2)) (OR ((AND (X1 (OR ((NOT (X3)) X3)))) (AND ((NOT (X1)) X3)))))))
(CAPTURE_CANDIDATE (AND ((NOT (X2)) (OR ((AND (X1 (NOT (X3)))) (AND (X3 (OR ((NOT (X1)) X1)))))))))
(CAPTURE_CANDIDATE (AND ((NOT (X2)) (OR ((AND (X1 (NOT (X3)))) (AND ((NOT (X1)) (OR (X3 (NOT (X3)))))))))))
(CAPTURE_CANDIDATE (AND ((NOT (X2)) (OR ((AND (X1 (NOT (X3)))) (AND ((NOT (X1)) X3)) X1)))))
(CAPTURE_CANDIDATE (AND ((NOT (X2)) (OR ((AND (X1 (NOT (X3)))) (AND ((NOT (X1)) X3)) (NOT (X1)))))))
(CAPTURE_CANDIDATE (AND ((NOT (X2)) (OR ((AND (X1 (NOT (X3)))) (AND ((NOT (X1)) X3)) X3)))))
(CAPTURE_CANDIDATE (AND ((NOT (X2)) (OR ((AND (X1 (NOT (X3)))) (AND ((NOT (X1)) X3)) (NOT (X3)))))))
(CAPTURE_CANDIDATE (AND ((NOT (X2)) (OR ((AND (X1 (NOT (X3)))) (AND ((NOT (X1)) X3)) (NOT (X1)))))))
(CAPTURE_CANDIDATE (AND ((NOT (X2)) (OR ((AND (X1 (NOT (X3)))) (AND ((NOT (X1)) X3)) X1)))))
(CAPTURE_CANDIDATE (AND ((OR ((AND (X1 (NOT (X3)))) (AND ((NOT (X1)) X3)))) (OR (X1 (NOT (X2)))))))
(CAPTURE_CANDIDATE (AND ((OR ((AND (X1 (NOT (X3)))) (AND ((NOT (X1)) X3)))) (OR ((NOT (X1)) (NOT (X2)))))))
(CAPTURE_CANDIDATE (AND ((OR ((AND (X1 (NOT (X3)))) (AND ((NOT (X1)) X3)))) (OR ((NOT (X2)) X3)))))
(CAPTURE_CANDIDATE (AND ((OR ((AND (X1 (NOT (X3)))) (AND ((NOT (X1)) X3)))) (OR ((NOT (X2)) (NOT (X3)))))))
(CAPTURE_CANDIDATE (AND ((OR ((AND ((NOT (X2)) (OR ((AND (X1 (NOT (X3)))) (AND ((NOT (X1)) X3)))))) X1)))))
(CAPTURE_CANDIDATE (AND ((OR ((AND ((NOT (X2)) (OR ((AND (X1 (NOT (X3)))) (AND ((NOT (X1)) X3)))))) (NOT (X1)))))))
(CAPTURE_CANDIDATE (AND ((OR ((AND ((NOT (X2)) (OR ((AND (X1 (NOT (X3)))) (AND ((NOT (X1)) X3)))))) X3)))))
(CAPTURE_CANDIDATE (AND ((OR ((AND ((NOT (X2)) (OR ((AND (X1 (NOT (X3)))) (AND ((NOT (X1)) X3)))))) (NOT (X3)))))))
(CAPTURE_CANDIDATE (AND ((OR ((AND ((NOT (X2)) (OR ((AND (X1 (NOT (X3)))) (AND ((NOT (X1)) X3)))))) (AND ((NOT (X1)) X3)))))))
(CAPTURE_CANDIDATE (AND ((OR ((AND ((NOT (X2)) (OR ((AND (X1 (NOT (X3)))) (AND ((NOT (X1)) X3)))))) X1 (NOT (X3)))))))
(CAPTURE_CANDIDATE (AND ((NOT (X2)) (OR ((AND (X1 (NOT (X3)))) (AND (X1 X3)) (AND ((NOT (X1)) X3)))))))
(CAPTURE_CANDIDATE (AND ((NOT (X2)) (OR ((AND (X1 (NOT (X3)))) (NOT (X1)) (NOT (X3)) (AND ((NOT (X1)) X3)))))))
(CAPTURE_CANDIDATE (AND ((NOT (X2)) (OR ((AND (X1 (NOT (X3)))) (AND ((NOT (X1)) X3)) X1 X3)))))
(CAPTURE_CANDIDATE (AND ((NOT (X2)) (OR ((AND (X1 (NOT (X3)))) (AND ((NOT (X1)) X3)) (AND ((NOT (X1)) (NOT (X3)))))))))
(CAPTURE_CANDIDATE (AND ((OR ((AND (X1 (NOT (X3)))) (AND ((NOT (X1)) X3)))) (OR ((NOT (X2)) (AND ((NOT (X1)) X2)))))))
(CAPTURE_CANDIDATE (AND ((OR ((AND (X1 (NOT (X3)))) (AND ((NOT (X1)) X3)))) (OR ((NOT (X2)) X1 (NOT (X2)))))))
(CAPTURE_CANDIDATE (AND ((OR ((AND (X1 (NOT (X3)))) (AND ((NOT (X1)) X3)))) (OR ((NOT (X2)) (AND (X1 X2)))))))
(CAPTURE_CANDIDATE (AND ((OR ((AND (X1 (NOT (X3)))) (AND ((NOT (X1)) X3)))) (OR ((NOT (X2)) (NOT (X1)) (NOT (X2)))))))
(CAPTURE_CANDIDATE (AND ((OR ((AND ((NOT (X2)) (OR ((AND (X1 (NOT (X3)))) (AND ((NOT (X1)) X3)))))) (NOT (X1)) X3)))))
(CAPTURE_CANDIDATE (AND ((OR ((AND ((NOT (X2)) (OR ((AND (X1 (NOT (X3)))) (AND ((NOT (X1)) X3)))))) (AND (X1 (NOT (X3)))))))))
(CAPTURE_CANDIDATE (AND ((OR ((AND (X1 (NOT (X3)))) (AND ((NOT (X1)) X3)))))))
(CAPTURE_CANDIDATE (AND ((NOT (X2)) (NOT (X1)) (OR ((NOT (X3)) X3)))))
(CAPTURE_CANDIDATE (AND ((NOT (X2)) X3 (OR (X1 (NOT (X1)))))))
(CAPTURE_CANDIDATE (AND ((NOT (X2)) (NOT (X1)) (OR ((NOT (X3)) X3)))))
(CAPTURE_CANDIDATE (AND ((NOT (X2)) X3 (OR (X1 (NOT (X1)))))))
(CAPTURE_CANDIDATE (AND ((NOT (X2)) X1 (OR ((NOT (X3)) X3)))))
(CAPTURE_CANDIDATE (AND ((NOT (X2)) (NOT (X3)) (OR (X1 (NOT (X1)))))))
(CAPTURE_CANDIDATE (AND ((NOT (X2)) X1 (OR ((NOT (X3)) X3)))))
(CAPTURE_CANDIDATE (AND ((OR ((AND (X1 (NOT (X3)))) (AND ((NOT (X1)) X3)))))))
(Before getNewCandidates: 88)
(Going to merge 13 Instances)
(Metapop size before resize: 159)
(Metapop size after resize: 159)
""
(Generation 5)
"expand  deme returnn"
(SelectedTree: (AND (OR (AND X1 X3 X2) (AND (NOT X3) (OR X1 X2)))))
(GeneratedList: (0 0 0 0 0 0 0 0 0 0 0 0 0 0 0 0 0 0 1 1 1 0 0 0 0 0 0 0 0 0 0 0 0 0 0 0 0 0 0 0 0 0 0 0 0 0 0 1 0 0 0 1 1 0 0 0 0 0 0 0 0 0 0 0 0 0 0 0 0 0 0 0 0 0 0 1 0 0 0 0 0 0 0 0 0 0 0 0 0 0 0 0 0 0 0 0 0 0 0 0 0 0 0))
""
(Iteration 1 running)
(Crossover: false)
(CenterInst: (0 0 0 0 0 0 0 0 0 0 0 0 0 0 0 0 0 0 1 1 1 0 0 0 0 0 0 0 0 0 0 0 0 0 0 0 0 0 0 0 0 0 0 0 0 0 0 1 0 0 0 1 1 0 0 0 0 0 0 0 0 0 0 0 0 0 0 0 0 0 0 0 0 0 0 1 0 0 0 0 0 0 0 0 0 0 0 0 0 0 0 0 0 0 0 0 0 0 0 0 0 0 0))
(size: 8)
(1 : 1 : 0)
(CAPTURE_CANDIDATE (AND ((OR ((AND (X1 X2 X3)) (AND ((NOT (X3)) (OR (X1 X2)))))))))
(New best score: -3.7142857142857144)
""
(Iteration 2 running)
(Crossover: false)
(CenterInst: (0 0 0 0 0 0 0 0 0 0 0 0 0 0 0 0 0 0 1 1 1 0 0 0 0 0 0 0 0 0 0 0 0 0 0 0 0 0 0 0 0 0 0 0 0 0 0 1 0 0 0 1 1 0 0 0 0 0 0 0 0 0 0 0 0 0 0 0 0 0 0 0 0 0 0 1 0 0 0 0 0 0 0 0 0 0 0 0 0 0 0 0 0 0 0 0 0 0 0 0 0 0 0))
(size: 8)
(618 : 499 : 1)
(CAPTURE_CANDIDATE (AND ((OR ((AND (X1 X2 X3)) (AND ((NOT (X3)) (OR (X1 X2)))))))))
(CAPTURE_CANDIDATE (AND ((OR (X1 (AND (X1 X2 X3)) (AND ((NOT (X3)) (OR (X1 X2)))))))))
(CAPTURE_CANDIDATE (AND ((OR ((NOT (X1)) (AND (X1 X2 X3)) (AND ((NOT (X3)) (OR (X1 X2)))))))))
(CAPTURE_CANDIDATE (AND ((OR (X2 (AND (X1 X2 X3)) (AND ((NOT (X3)) (OR (X1 X2)))))))))
(CAPTURE_CANDIDATE (AND ((OR ((NOT (X2)) (AND (X1 X2 X3)) (AND ((NOT (X3)) (OR (X1 X2)))))))))
(CAPTURE_CANDIDATE (AND ((OR (X3 (AND (X1 X2 X3)) (AND ((NOT (X3)) (OR (X1 X2)))))))))
(CAPTURE_CANDIDATE (AND ((OR ((NOT (X3)) (AND (X1 X2 X3)) (AND ((NOT (X3)) (OR (X1 X2)))))))))
(CAPTURE_CANDIDATE (AND ((OR ((AND (X2 X3)) (AND (X1 X2 X3)) (AND ((NOT (X3)) (OR (X1 X2)))))))))
(CAPTURE_CANDIDATE (AND ((OR ((NOT (X2)) (NOT (X3)) (AND (X1 X2 X3)) (AND ((NOT (X3)) (OR (X1 X2)))))))))
(CAPTURE_CANDIDATE (AND ((OR ((AND ((NOT (X1)) X2)) (AND (X1 X2 X3)) (AND ((NOT (X3)) (OR (X1 X2)))))))))
(CAPTURE_CANDIDATE (AND ((OR (X1 (NOT (X2)) (AND (X1 X2 X3)) (AND ((NOT (X3)) (OR (X1 X2)))))))))
(CAPTURE_CANDIDATE (AND ((OR ((AND ((NOT (X1)) X3)) (AND (X1 X2 X3)) (AND ((NOT (X3)) (OR (X1 X2)))))))))
(CAPTURE_CANDIDATE (AND ((OR (X1 (NOT (X3)) (AND (X1 X2 X3)) (AND ((NOT (X3)) (OR (X1 X2)))))))))
(CAPTURE_CANDIDATE (AND (X1 (OR ((AND (X2 X3)) (NOT (X3)))))))
(CAPTURE_CANDIDATE (AND ((NOT (X1)) (NOT (X3)) X2)))
(CAPTURE_CANDIDATE (AND (X2 (OR ((AND (X1 X3)) (NOT (X3)))))))
(CAPTURE_CANDIDATE (AND ((NOT (X2)) (NOT (X3)) X1)))
(CAPTURE_CANDIDATE (AND (X3 X1 X2)))
(CAPTURE_CANDIDATE (AND ((NOT (X3)) (OR (X1 X2)))))
(CAPTURE_CANDIDATE (AND ((OR ((AND (X1 X2 X3)) (AND ((NOT (X3)) (OR (X1 X2)))))) (OR ((NOT (X1)) X2)))))
(CAPTURE_CANDIDATE (AND (X1 (NOT (X2)) (NOT (X3)))))
(CAPTURE_CANDIDATE (AND ((OR ((AND (X1 X2 X3)) (AND ((NOT (X3)) (OR (X1 X2)))))) (OR ((NOT (X2)) X3)))))
(CAPTURE_CANDIDATE (AND (X2 (NOT (X3)))))
(CAPTURE_CANDIDATE (AND ((OR ((AND (X1 X2 X3)) (AND ((NOT (X3)) (OR (X1 X2)))))) (OR (X2 X3)))))
(CAPTURE_CANDIDATE (AND ((NOT (X2)) (NOT (X3)) X1)))
(CAPTURE_CANDIDATE (AND ((OR ((AND (X1 X2 X3)) (AND ((NOT (X3)) (OR (X1 X2)))) X1)))))
(CAPTURE_CANDIDATE (AND ((OR ((AND (X1 X2 X3)) (AND ((NOT (X3)) (OR (X1 X2)))) (NOT (X1)))))))
(CAPTURE_CANDIDATE (AND ((OR ((AND (X1 X2 X3)) (AND ((NOT (X3)) (OR (X1 X2)))) X2)))))
(CAPTURE_CANDIDATE (AND ((OR ((AND (X1 X2 X3)) (AND ((NOT (X3)) (OR (X1 X2)))) (NOT (X2)))))))
(CAPTURE_CANDIDATE (AND ((OR ((AND (X1 X2 X3)) (AND ((NOT (X3)) (OR (X1 X2)))) X3)))))
(CAPTURE_CANDIDATE (AND ((OR ((AND (X1 X2 X3)) (AND ((NOT (X3)) (OR (X1 X2)))) (NOT (X3)))))))
(CAPTURE_CANDIDATE (AND ((OR ((AND (X1 X2 X3)) (AND ((NOT (X3)) (OR (X1 X2)))) (AND ((NOT (X2)) X3)))))))
(CAPTURE_CANDIDATE (AND ((OR ((AND (X1 X2 X3)) (AND ((NOT (X3)) (OR (X1 X2)))) X2 (NOT (X3)))))))
(CAPTURE_CANDIDATE (AND ((OR ((AND (X1 X2 X3)) (AND ((NOT (X3)) (OR (X1 X2)))) (AND (X1 X2)))))))
(CAPTURE_CANDIDATE (AND ((OR ((AND (X1 X2 X3)) (AND ((NOT (X3)) (OR (X1 X2)))) (NOT (X1)) (NOT (X2)))))))
(CAPTURE_CANDIDATE (AND ((OR ((AND (X1 X2 X3)) (AND ((NOT (X3)) (OR (X1 X2)))) (AND ((NOT (X1)) X2)))))))
(CAPTURE_CANDIDATE (AND ((OR ((AND (X1 X2 X3)) (AND ((NOT (X3)) (OR (X1 X2)))) X1 (NOT (X2)))))))
(CAPTURE_CANDIDATE (AND ((OR ((AND (X2 X3)) (AND ((NOT (X3)) (OR (X1 X2)))))))))
(CAPTURE_CANDIDATE (AND ((OR ((AND ((NOT (X1)) X2 X3)) (AND ((NOT (X3)) (OR (X1 X2)))))))))
(CAPTURE_CANDIDATE (AND ((OR ((AND (X1 X3)) (AND ((NOT (X3)) (OR (X1 X2)))))))))
(CAPTURE_CANDIDATE (AND ((OR ((AND ((NOT (X2)) X1 X3)) (AND ((NOT (X3)) (OR (X1 X2)))))))))
(CAPTURE_CANDIDATE (AND ((OR ((AND (X1 X2)) (AND ((NOT (X3)) (OR (X1 X2)))))))))
(CAPTURE_CANDIDATE (AND ((NOT (X3)) (OR ((AND (X1 X2)) X1 X2)))))
(CAPTURE_CANDIDATE (AND ((OR ((AND (X1 X2 X3)) (AND ((NOT (X3)) (OR (X1 X2)))))))))
(CAPTURE_CANDIDATE (AND ((NOT (X3)) (OR (X1 X2)))))
(CAPTURE_CANDIDATE (AND ((OR ((AND (X1 X2 X3)) (AND ((NOT (X3)) (OR (X1 X2)))))))))
(CAPTURE_CANDIDATE (AND ((NOT (X3)) (OR (X1 X2)))))
(CAPTURE_CANDIDATE (AND ((OR ((AND (X1 X2 X3)) (AND ((NOT (X3)) (OR (X1 X2)))))))))
(CAPTURE_CANDIDATE (AND ((NOT (X3)) (OR (X1 X2)))))
(CAPTURE_CANDIDATE (AND ((OR ((AND (X2 X3)) (AND ((NOT (X3)) (OR (X1 X2)))))))))
(CAPTURE_CANDIDATE (AND ((OR ((AND (X2 X3 X1)) (AND ((NOT (X3)) (OR (X1 X2)))))))))
(CAPTURE_CANDIDATE (AND ((OR ((AND (X2 X3)) (AND ((NOT (X3)) (OR (X1 X2)))))))))
(CAPTURE_CANDIDATE (AND ((OR ((AND (X2 X3 X1)) (AND ((NOT (X3)) (OR (X1 X2)))))))))
(CAPTURE_CANDIDATE (AND ((OR ((AND (X2 X3 (OR (X1 (NOT (X1)))))) (AND ((NOT (X3)) (OR (X1 X2)))))))))
(CAPTURE_CANDIDATE (AND ((OR ((AND (X2 X3 X1)) (AND ((NOT (X3)) (OR (X1 X2)))))))))
(CAPTURE_CANDIDATE (AND ((OR ((AND (X2 X3)) (AND ((NOT (X3)) (OR (X1 X2)))))))))
(CAPTURE_CANDIDATE (AND ((OR ((AND (X2 X3 X1)) (AND ((NOT (X3)) (OR (X1 X2)))))))))
(CAPTURE_CANDIDATE (AND ((OR ((AND (X1 X3 X2)) (AND ((NOT (X3)) (OR (X1 X2)))))))))
(CAPTURE_CANDIDATE (AND ((OR ((AND (X2 X3 (OR (X1 (NOT (X1)))))) (AND ((NOT (X3)) (OR (X1 X2)))))))))
(CAPTURE_CANDIDATE (AND ((OR ((AND (X1 X3)) (AND ((NOT (X3)) (OR (X1 X2)))))))))
(CAPTURE_CANDIDATE (AND ((OR ((AND (X1 X3 X2)) (AND ((NOT (X3)) (OR (X1 X2)))))))))
(CAPTURE_CANDIDATE (AND ((OR ((AND (X1 X3)) (AND ((NOT (X3)) (OR (X1 X2)))))))))
(CAPTURE_CANDIDATE (AND ((OR ((AND (X1 X3 X2)) (AND ((NOT (X3)) (OR (X1 X2)))))))))
(CAPTURE_CANDIDATE (AND ((OR ((AND (X1 X3)) (AND ((NOT (X3)) (OR (X1 X2)))))))))
(CAPTURE_CANDIDATE (AND ((OR ((AND (X1 X3 X2)) (AND ((NOT (X3)) (OR (X1 X2)))))))))
(CAPTURE_CANDIDATE (AND ((NOT (X3)) (OR (X1 X2)))))
(CAPTURE_CANDIDATE (AND ((OR ((AND (X1 X3)) (AND ((NOT (X3)) (OR (X1 X2)))))))))
(CAPTURE_CANDIDATE (AND ((OR ((AND (X1 X3 X2)) (AND ((NOT (X3)) (OR (X1 X2)))))))))
(CAPTURE_CANDIDATE (AND ((OR ((AND (X1 X3)) (AND ((NOT (X3)) (OR (X1 X2)))))))))
(CAPTURE_CANDIDATE (AND ((OR ((AND (X1 X2)) (AND ((NOT (X3)) (OR (X1 X2)))))))))
(CAPTURE_CANDIDATE (AND ((OR ((AND (X1 X2 X3)) (AND ((NOT (X3)) (OR (X1 X2)))))))))
(CAPTURE_CANDIDATE (AND ((OR ((AND (X1 X2)) (AND ((NOT (X3)) (OR (X1 X2)))))))))
(CAPTURE_CANDIDATE (AND ((OR ((AND (X1 X2 X3)) (AND ((NOT (X3)) (OR (X1 X2)))))))))
(CAPTURE_CANDIDATE (AND ((OR ((AND (X1 X2 X3)) (AND ((NOT (X3)) (OR (X1 X2)))))))))
(CAPTURE_CANDIDATE (AND ((OR ((AND (X1 X2)) (AND ((NOT (X3)) (OR (X1 X2)))))))))
(CAPTURE_CANDIDATE (AND ((OR ((AND (X1 X2 X3 X1)) (AND ((NOT (X3)) (OR (X1 X2)))))))))
(CAPTURE_CANDIDATE (AND ((OR ((AND (X1 X2 (OR (X3 (NOT (X3)))))) (AND ((NOT (X3)) (OR (X1 X2)))))))))
(CAPTURE_CANDIDATE (AND ((OR ((AND (X1 X2 X3 X2)) (AND ((NOT (X3)) (OR (X1 X2)))))))))
(CAPTURE_CANDIDATE (AND ((OR ((AND (X1 X2 (OR (X3 (NOT (X3)))))) (AND ((NOT (X3)) (OR (X1 X2)))))))))
(CAPTURE_CANDIDATE (AND ((OR ((AND (X1 X2 X3)) (AND ((NOT (X3)) (OR (X1 X2)))))))))
(CAPTURE_CANDIDATE (AND ((NOT (X3)) (OR (X1 X2)))))
(CAPTURE_CANDIDATE (AND ((OR ((AND (X1 X2 X3)) (AND ((NOT (X3)) (OR (X1 X2)))))))))
(CAPTURE_CANDIDATE (AND ((NOT (X3)) (OR (X1 X2)))))
(CAPTURE_CANDIDATE (AND ((OR ((AND (X1 X2 X3)) (AND ((NOT (X3)) (OR (X1 X2)))))))))
(CAPTURE_CANDIDATE (AND ((NOT (X3)) (OR (X1 X2)))))
(CAPTURE_CANDIDATE (AND ((NOT (X3)) (OR (X1 X2)))))
(CAPTURE_CANDIDATE (AND ((OR ((AND (X1 X2 X3)) (AND ((NOT (X3)) (OR (X1 X2)))))))))
(CAPTURE_CANDIDATE (AND ((OR ((AND (X1 X2 X3)) (AND ((NOT (X3)) (OR (X1 X2)))))))))
(CAPTURE_CANDIDATE (AND ((OR ((AND (X1 X2 X3)) (AND ((NOT (X3)) (OR (X1 X2)))))))))
(CAPTURE_CANDIDATE (AND ((OR ((AND (X1 X2 X3)) (AND ((NOT (X3)) (OR (X1 X2)))))))))
(CAPTURE_CANDIDATE (AND ((OR ((AND (X1 X2 X3)) (AND ((NOT (X3)) (OR (X1 X2)))))))))
(CAPTURE_CANDIDATE (AND (X1 (OR ((AND (X2 X3)) (NOT (X3)))))))
(CAPTURE_CANDIDATE (AND (X2 (OR ((AND (X1 X3)) (AND ((NOT (X1)) (NOT (X3)))))))))
(CAPTURE_CANDIDATE (AND (X2 (OR ((AND (X1 X3)) (NOT (X3)))))))
(CAPTURE_CANDIDATE (AND (X1 (OR ((AND (X2 X3)) (AND ((NOT (X2)) (NOT (X3)))))))))
(CAPTURE_CANDIDATE (AND ((OR ((AND (X1 X2 X3)) X1 X2)))))
(CAPTURE_CANDIDATE (AND (X3 (OR ((AND (X1 X2)) X1 X2)))))
(CAPTURE_CANDIDATE (AND (X2 (OR ((AND (X1 X3)) (AND ((NOT (X3)) (NOT (X1)))))))))
(CAPTURE_CANDIDATE (AND (X1 (OR ((AND (X2 X3)) (NOT (X3)))))))
(CAPTURE_CANDIDATE (AND ((OR ((AND (X1 X2 X3)) (AND ((NOT (X3)) (OR (X1 X2)) (OR ((NOT (X1)) X2)))))))))
(CAPTURE_CANDIDATE (AND (X1 (OR ((AND (X2 X3)) (AND ((NOT (X2)) (NOT (X3)))))))))
(CAPTURE_CANDIDATE (AND (X1 (OR ((AND (X2 X3)) (AND ((NOT (X3)) (NOT (X2)))))))))
(CAPTURE_CANDIDATE (AND (X2 (OR ((AND (X1 X3)) (NOT (X3)))))))
(CAPTURE_CANDIDATE (AND (X2 (OR ((AND (X1 X3)) (NOT (X3)))))))
(CAPTURE_CANDIDATE (AND ((OR ((AND (X1 X2 X3)) (AND ((NOT (X3)) (OR ((NOT (X1)) X2)))))))))
(CAPTURE_CANDIDATE (AND (X1 (OR ((AND (X2 X3)) (NOT (X3)))))))
(CAPTURE_CANDIDATE (AND ((OR ((AND (X1 X2 X3)) (AND ((NOT (X3)) (OR (X1 (NOT (X2)))))))))))
(CAPTURE_CANDIDATE (AND ((OR ((AND (X1 X2 X3)) (AND ((NOT (X3)) (OR (X1 X2)))))))))
(CAPTURE_CANDIDATE (AND ((OR ((AND (X1 X2 X3)) (NOT (X3)))))))
(CAPTURE_CANDIDATE (AND ((OR ((AND (X1 X2 X3)) (AND ((NOT (X3)) (OR (X1 X2)))))))))
(CAPTURE_CANDIDATE (AND ((OR ((AND (X1 X2 X3)) (NOT (X3)))))))
(CAPTURE_CANDIDATE (AND ((OR ((AND (X1 X2 X3)) (AND ((NOT (X3)) (OR (X1 X2)))))))))
(CAPTURE_CANDIDATE (AND ((OR ((AND (X1 X2 X3)) (NOT (X3)))))))
(CAPTURE_CANDIDATE (AND ((OR ((AND (X1 X2 X3)) (AND ((NOT (X3)) (OR (X1 X2 (AND ((NOT (X1)) X2)))))))))))
(CAPTURE_CANDIDATE (AND ((OR ((AND (X1 X2 X3)) (AND ((NOT (X3)) (OR (X1 X2 X1 (NOT (X2)))))))))))
(CAPTURE_CANDIDATE (AND (X1 X2 (OR (X3 (NOT (X3)))))))
(CAPTURE_CANDIDATE (AND ((OR ((AND (X1 X2 X3)) (AND ((NOT (X3)) (OR ((AND (X1 (NOT (X2)))) X2)))))))))
(CAPTURE_CANDIDATE (AND (X2 (OR ((AND (X1 X3)) (NOT (X3)))))))
(CAPTURE_CANDIDATE (AND ((OR ((AND (X1 X2 X3)) (AND ((NOT (X3)) (OR (X1 X2)))))))))
(CAPTURE_CANDIDATE (AND (X1 X2 (OR (X3 (NOT (X3)))))))
(CAPTURE_CANDIDATE (AND ((OR ((AND (X1 X2 X3)) (AND ((NOT (X3)) (OR ((AND (X1 X1 (NOT (X2)))) X2)))))))))
(CAPTURE_CANDIDATE (AND ((OR ((AND (X1 X2 X3)) (AND ((NOT (X3)) (OR (X1 X2)))))))))
(CAPTURE_CANDIDATE (AND (X2 (OR ((AND (X1 X3)) (NOT (X3)))))))
(CAPTURE_CANDIDATE (AND ((OR ((AND (X1 X2 X3)) (AND ((NOT (X3)) (OR ((AND (X1 (NOT (X2)))) X2)))))))))
(CAPTURE_CANDIDATE (AND (X1 X2 (OR (X3 (NOT (X3)))))))
(CAPTURE_CANDIDATE (AND (X1 X2 (OR (X3 (NOT (X3)))))))
(CAPTURE_CANDIDATE (AND ((OR ((AND (X1 X2 X3)) (AND ((NOT (X3)) (OR (X1 (AND (X2 (NOT (X1)))))))))))))
(CAPTURE_CANDIDATE (AND (X1 (OR ((AND (X2 X3)) (NOT (X3)))))))
(CAPTURE_CANDIDATE (AND ((OR ((AND (X1 X2 X3)) (AND ((NOT (X3)) (OR (X1 X2)))))))))
(CAPTURE_CANDIDATE (AND ((OR ((AND (X1 X2 X3)) (AND ((NOT (X3)) (OR (X1 X2)))))))))
(CAPTURE_CANDIDATE (AND (X1 X2 X3)))
(CAPTURE_CANDIDATE (AND ((OR ((AND (X1 X2 X3)) (AND ((NOT (X3)) (OR (X1 X2)))))))))
(CAPTURE_CANDIDATE (AND (X1 (OR ((AND (X2 X3)) (NOT (X3)))))))
(CAPTURE_CANDIDATE (AND ((OR ((AND (X1 X2 X3)) (AND ((NOT (X3)) (OR (X1 (AND (X2 (NOT (X1)))))))))))))
(CAPTURE_CANDIDATE (AND (X1 X2 (OR (X3 (NOT (X3)))))))
(CAPTURE_CANDIDATE (AND ((OR ((AND (X1 X2 X3)) (AND ((NOT (X3)) (OR (X1 X2 X1)))))))))
(CAPTURE_CANDIDATE (AND ((OR ((AND (X1 X2 X3)) (AND ((NOT (X3)) (OR (X1 X2 (NOT (X1)))))))))))
(CAPTURE_CANDIDATE (AND ((OR ((AND (X1 X2 X3)) (AND ((NOT (X3)) (OR (X1 X2 X2)))))))))
(CAPTURE_CANDIDATE (AND ((OR ((AND (X1 X2 X3)) (AND ((NOT (X3)) (OR (X1 X2 (NOT (X2)))))))))))
(CAPTURE_CANDIDATE (AND ((OR ((AND (X1 X2 X3)) (AND ((NOT (X3)) (OR (X1 X2)))))))))
(CAPTURE_CANDIDATE (AND ((OR ((AND (X1 X2 X3)) (NOT (X3)))))))
(CAPTURE_CANDIDATE (AND ((OR ((AND (X1 X2 X3)) (AND ((NOT (X3)) (OR (X1 X2 X2)))))))))
(CAPTURE_CANDIDATE (AND ((OR ((AND (X1 X2 X3)) (AND ((NOT (X3)) (OR (X1 X2 (NOT (X2)))))))))))
(CAPTURE_CANDIDATE (AND ((OR ((AND (X1 X2 X3)) (AND ((NOT (X3)) (OR (X1 X2 X1)))))))))
(CAPTURE_CANDIDATE (AND ((OR ((AND (X1 X2 X3)) (AND ((NOT (X3)) (OR (X1 X2 (NOT (X1)))))))))))
(CAPTURE_CANDIDATE (AND ((OR ((AND (X1 X2 X3)) (AND ((NOT (X3)) (OR (X1 X2 X1 X2)))))))))
(CAPTURE_CANDIDATE (AND ((OR ((AND (X1 X2 X3)) (AND ((NOT (X3)) (OR (X1 X2 (AND ((NOT (X1)) (NOT (X2)))))))))))))
(CAPTURE_CANDIDATE (AND ((OR ((AND (X1 X2 X3)) (AND ((OR (X1 X2)) (OR (X1 (NOT (X3)))))))))))
(CAPTURE_CANDIDATE (AND ((OR ((AND (X1 X2 X3)) (AND ((OR (X1 X2)) (OR ((NOT (X1)) (NOT (X3)))))))))))
(CAPTURE_CANDIDATE (AND ((OR ((AND (X1 X2 X3)) (AND ((OR (X1 X2)) (OR (X2 (NOT (X3)))))))))))
(CAPTURE_CANDIDATE (AND ((OR ((AND (X1 X2 X3)) (AND ((OR (X1 X2)) (OR ((NOT (X2)) (NOT (X3)))))))))))
(CAPTURE_CANDIDATE (AND ((OR ((AND (X1 X2 X3)) X1 X2)))))
(CAPTURE_CANDIDATE (AND (X3 (OR ((AND (X1 X2)) X1 X2)))))
(CAPTURE_CANDIDATE (AND ((OR ((AND (X1 X2 X3)) (AND ((OR (X1 X2)) (OR ((NOT (X3)) (AND ((NOT (X1)) X2)))))))))))
(CAPTURE_CANDIDATE (AND ((OR ((AND (X1 X2 X3)) (AND ((OR (X1 X2)) (OR ((NOT (X3)) X1 (NOT (X2)))))))))))
(CAPTURE_CANDIDATE (AND ((OR ((AND (X1 X2 X3)) (AND ((OR (X1 X2)) (OR ((NOT (X3)) (AND ((NOT (X1)) X3)))))))))))
(CAPTURE_CANDIDATE (AND ((OR ((AND (X1 X2 X3)) (AND ((OR (X1 X2)) (OR ((NOT (X3)) X1 (NOT (X3)))))))))))
(CAPTURE_CANDIDATE (AND ((OR ((AND (X1 X2 X3)) (AND ((OR (X1 X2)) (OR ((NOT (X3)) (AND (X1 X2)))))))))))
(CAPTURE_CANDIDATE (AND ((OR ((AND (X1 X2 X3)) (AND ((OR (X1 X2)) (OR ((NOT (X3)) (NOT (X1)) (NOT (X2)))))))))))
(CAPTURE_CANDIDATE (AND (X1 (OR ((AND (X2 X3)) (NOT (X3)))))))
(CAPTURE_CANDIDATE (AND (X2 (OR ((AND (X1 X3)) (AND ((NOT (X3)) (NOT (X1)))))))))
(CAPTURE_CANDIDATE (AND (X2 (OR ((AND (X1 X3)) (NOT (X3)))))))
(CAPTURE_CANDIDATE (AND (X1 (OR ((AND (X2 X3)) (AND ((NOT (X3)) (NOT (X2)))))))))
(CAPTURE_CANDIDATE (AND (X1 X2 X3)))
(CAPTURE_CANDIDATE (AND ((OR ((AND (X1 X2 X3)) (AND ((NOT (X3)) (OR (X1 X2)))))))))
(CAPTURE_CANDIDATE (AND (X2 (OR ((AND (X1 X3)) (AND ((NOT (X3)) (NOT (X1)))))))))
(CAPTURE_CANDIDATE (AND ((OR ((AND (X1 X2 X3)) (AND ((NOT (X3)) (OR (X1 X2)) (OR (X1 (NOT (X2)))))))))))
(CAPTURE_CANDIDATE (AND (X1 X2 X3)))
(CAPTURE_CANDIDATE (AND ((OR ((AND (X1 X2 X3)) (AND ((NOT (X3)) (OR (X1 X2)))))))))
(CAPTURE_CANDIDATE (AND (X1 X2 X3)))
(CAPTURE_CANDIDATE (AND ((OR ((AND (X1 X2 X3)) (AND ((NOT (X3)) (OR (X1 X2)))))))))
(CAPTURE_CANDIDATE (AND ((OR ((AND (X1 X2 X3)) (AND ((NOT (X3)) (OR (X1 X2)))) X1)))))
(CAPTURE_CANDIDATE (AND ((OR ((AND (X1 X2 X3)) (AND ((NOT (X3)) (OR (X1 X2)))) (NOT (X1)))))))
(CAPTURE_CANDIDATE (AND ((OR ((AND (X1 X2 X3)) (AND ((NOT (X3)) (OR (X1 X2)))) X2)))))
(CAPTURE_CANDIDATE (AND ((OR ((AND (X1 X2 X3)) (AND ((NOT (X3)) (OR (X1 X2)))) (NOT (X2)))))))
(CAPTURE_CANDIDATE (AND ((OR ((AND (X1 X2 X3)) (AND ((NOT (X3)) (OR (X1 X2)))) X3)))))
(CAPTURE_CANDIDATE (AND ((OR ((AND (X1 X2 X3)) (AND ((NOT (X3)) (OR (X1 X2)))) (NOT (X3)))))))
(CAPTURE_CANDIDATE (AND ((OR ((AND (X1 X2 X3)) (AND ((NOT (X3)) (OR (X1 X2)))) X1 X2)))))
(CAPTURE_CANDIDATE (AND ((OR ((AND (X1 X2 X3)) (AND ((NOT (X3)) (OR (X1 X2)))) (AND ((NOT (X1)) (NOT (X2)))))))))
(CAPTURE_CANDIDATE (AND ((OR ((AND (X1 X2 X3)) (AND ((NOT (X3)) (OR (X1 X2)))) X1 X3)))))
(CAPTURE_CANDIDATE (AND ((OR ((AND (X1 X2 X3)) (AND ((NOT (X3)) (OR (X1 X2)))) (AND ((NOT (X1)) (NOT (X3)))))))))
(CAPTURE_CANDIDATE (AND ((OR ((AND (X1 X2 X3)) (AND ((NOT (X3)) (OR (X1 X2)))) (NOT (X1)) X2)))))
(CAPTURE_CANDIDATE (AND ((OR ((AND (X1 X2 X3)) (AND ((NOT (X3)) (OR (X1 X2)))) (AND (X1 (NOT (X2)))))))))
(CAPTURE_CANDIDATE (AND (X1 (OR ((AND (X2 X3)) (NOT (X3)))))))
(CAPTURE_CANDIDATE (AND ((NOT (X1)) (NOT (X3)) X2)))
(CAPTURE_CANDIDATE (AND (X2 (OR ((AND (X1 X3)) (NOT (X3)))))))
(CAPTURE_CANDIDATE (AND ((NOT (X2)) (NOT (X3)) X1)))
(CAPTURE_CANDIDATE (AND (X3 X1 X2)))
(CAPTURE_CANDIDATE (AND ((NOT (X3)) (OR (X1 X2)))))
(CAPTURE_CANDIDATE (AND (X2 X3 X1)))
(CAPTURE_CANDIDATE (AND ((OR ((AND (X1 X2 X3)) (AND ((NOT (X3)) (OR (X1 X2)))))) (OR ((NOT (X2)) (NOT (X3)))))))
(CAPTURE_CANDIDATE (AND (X1 X3 X2)))
(CAPTURE_CANDIDATE (AND ((OR ((AND (X1 X2 X3)) (AND ((NOT (X3)) (OR (X1 X2)))))) (OR ((NOT (X1)) (NOT (X3)))))))
(CAPTURE_CANDIDATE (AND ((NOT (X2)) X3)))
(CAPTURE_CANDIDATE (AND ((OR ((AND (X1 X2 X3)) (AND ((NOT (X3)) (OR (X1 X2)))))) (OR (X2 (NOT (X3)))))))
(CAPTURE_CANDIDATE (AND ((OR (X1 (AND (X1 X2 X3)) (AND ((NOT (X3)) (OR (X1 X2)))))))))
(CAPTURE_CANDIDATE (AND ((OR ((NOT (X1)) (AND (X1 X2 X3)) (AND ((NOT (X3)) (OR (X1 X2)))))))))
(CAPTURE_CANDIDATE (AND ((OR (X2 (AND (X1 X2 X3)) (AND ((NOT (X3)) (OR (X1 X2)))))))))
(CAPTURE_CANDIDATE (AND ((OR ((NOT (X2)) (AND (X1 X2 X3)) (AND ((NOT (X3)) (OR (X1 X2)))))))))
(CAPTURE_CANDIDATE (AND ((OR (X3 (AND (X1 X2 X3)) (AND ((NOT (X3)) (OR (X1 X2)))))))))
(CAPTURE_CANDIDATE (AND ((OR ((NOT (X3)) (AND (X1 X2 X3)) (AND ((NOT (X3)) (OR (X1 X2)))))))))
(CAPTURE_CANDIDATE (AND ((OR ((AND (X1 X2 X3)) (AND ((NOT (X3)) (OR (X1 X2)))) X2 X3)))))
(CAPTURE_CANDIDATE (AND ((OR ((AND ((NOT (X2)) (NOT (X3)))) (AND (X1 X2 X3)) (AND ((NOT (X3)) (OR (X1 X2)))))))))
(CAPTURE_CANDIDATE (AND ((OR ((AND (X1 X2 X3)) (AND ((NOT (X3)) (OR (X1 X2)))) (NOT (X2)) X3)))))
(CAPTURE_CANDIDATE (AND ((OR ((AND (X2 (NOT (X3)))) (AND (X1 X2 X3)) (AND ((NOT (X3)) (OR (X1 X2)))))))))
(CAPTURE_CANDIDATE (AND ((OR ((AND (X1 X2 X3)) (AND ((NOT (X3)) (OR (X1 X2)))) X1 X2)))))
(CAPTURE_CANDIDATE (AND ((OR ((AND ((NOT (X1)) (NOT (X2)))) (AND (X1 X2 X3)) (AND ((NOT (X3)) (OR (X1 X2)))))))))
(New best score: -3.4285714285714284)
""
(Iteration 3 running)
(Crossover: true)
(CenterInst: (0 0 0 0 0 0 0 0 0 0 0 0 0 0 0 0 0 0 1 1 1 0 0 0 0 0 0 0 0 0 0 0 0 0 0 0 0 0 0 0 0 0 0 0 0 0 0 1 0 0 0 1 1 0 0 0 0 0 0 0 0 0 0 0 0 0 0 0 0 0 0 0 0 0 0 1 0 0 0 0 0 0 0 0 0 0 0 0 0 0 0 0 0 0 0 0 0 0 0 0 0 0 0))
(size: 8)
(47586 : 293 : 2)
(CAPTURE_CANDIDATE (AND ((OR ((AND (X1 X2 X3)) (AND ((NOT (X3)) (OR (X1 X2)))))))))
(CAPTURE_CANDIDATE (AND ((OR (X1 (AND (X1 X2 X3)) (AND ((NOT (X3)) (OR (X1 X2)))))))))
(CAPTURE_CANDIDATE (AND ((OR ((NOT (X1)) (AND (X1 X2 X3)) (AND ((NOT (X3)) (OR (X1 X2)))))))))
(CAPTURE_CANDIDATE (AND ((OR (X2 (AND (X1 X2 X3)) (AND ((NOT (X3)) (OR (X1 X2)))))))))
(CAPTURE_CANDIDATE (AND ((OR ((NOT (X2)) (AND (X1 X2 X3)) (AND ((NOT (X3)) (OR (X1 X2)))))))))
(CAPTURE_CANDIDATE (AND ((OR (X3 (AND (X1 X2 X3)) (AND ((NOT (X3)) (OR (X1 X2)))))))))
(CAPTURE_CANDIDATE (AND ((OR ((NOT (X3)) (AND (X1 X2 X3)) (AND ((NOT (X3)) (OR (X1 X2)))))))))
(CAPTURE_CANDIDATE (AND ((OR ((AND (X2 X3)) (AND (X1 X2 X3)) (AND ((NOT (X3)) (OR (X1 X2)))))))))
(CAPTURE_CANDIDATE (AND ((OR ((NOT (X2)) (NOT (X3)) (AND (X1 X2 X3)) (AND ((NOT (X3)) (OR (X1 X2)))))))))
(CAPTURE_CANDIDATE (AND ((OR ((AND ((NOT (X1)) X2)) (AND (X1 X2 X3)) (AND ((NOT (X3)) (OR (X1 X2)))))))))
(CAPTURE_CANDIDATE (AND ((OR (X1 (NOT (X2)) (AND (X1 X2 X3)) (AND ((NOT (X3)) (OR (X1 X2)))))))))
(CAPTURE_CANDIDATE (AND ((OR ((AND ((NOT (X1)) X3)) (AND (X1 X2 X3)) (AND ((NOT (X3)) (OR (X1 X2)))))))))
(CAPTURE_CANDIDATE (AND ((OR (X1 (NOT (X3)) (AND (X1 X2 X3)) (AND ((NOT (X3)) (OR (X1 X2)))))))))
(CAPTURE_CANDIDATE (AND (X1 (OR ((AND (X2 X3)) (NOT (X3)))))))
(CAPTURE_CANDIDATE (AND ((NOT (X1)) (NOT (X3)) X2)))
(CAPTURE_CANDIDATE (AND (X2 (OR ((AND (X1 X3)) (NOT (X3)))))))
(CAPTURE_CANDIDATE (AND ((NOT (X2)) (NOT (X3)) X1)))
(CAPTURE_CANDIDATE (AND (X3 X1 X2)))
(CAPTURE_CANDIDATE (AND ((NOT (X3)) (OR (X1 X2)))))
(CAPTURE_CANDIDATE (AND ((OR ((AND (X1 X2 X3)) (AND ((NOT (X3)) (OR (X1 X2)))))) (OR ((NOT (X1)) X2)))))
(CAPTURE_CANDIDATE (AND (X1 (NOT (X2)) (NOT (X3)))))
(CAPTURE_CANDIDATE (AND ((OR ((AND (X1 X2 X3)) (AND ((NOT (X3)) (OR (X1 X2)))))) (OR ((NOT (X2)) X3)))))
(CAPTURE_CANDIDATE (AND (X2 (NOT (X3)))))
(CAPTURE_CANDIDATE (AND ((OR ((AND (X1 X2 X3)) (AND ((NOT (X3)) (OR (X1 X2)))))) (OR (X2 X3)))))
(CAPTURE_CANDIDATE (AND ((NOT (X2)) (NOT (X3)) X1)))
(CAPTURE_CANDIDATE (AND ((OR ((AND (X1 X2 X3)) (AND ((NOT (X3)) (OR (X1 X2)))) X1)))))
(CAPTURE_CANDIDATE (AND ((OR ((AND (X1 X2 X3)) (AND ((NOT (X3)) (OR (X1 X2)))) (NOT (X1)))))))
(CAPTURE_CANDIDATE (AND ((OR ((AND (X1 X2 X3)) (AND ((NOT (X3)) (OR (X1 X2)))) X2)))))
(CAPTURE_CANDIDATE (AND ((OR ((AND (X1 X2 X3)) (AND ((NOT (X3)) (OR (X1 X2)))) (NOT (X2)))))))
(CAPTURE_CANDIDATE (AND ((OR ((AND (X1 X2 X3)) (AND ((NOT (X3)) (OR (X1 X2)))) X3)))))
(CAPTURE_CANDIDATE (AND ((OR ((AND (X1 X2 X3)) (AND ((NOT (X3)) (OR (X1 X2)))) (NOT (X3)))))))
(CAPTURE_CANDIDATE (AND ((OR ((AND (X1 X2 X3)) (AND ((NOT (X3)) (OR (X1 X2)))) (AND ((NOT (X2)) X3)))))))
(CAPTURE_CANDIDATE (AND ((OR ((AND (X1 X2 X3)) (AND ((NOT (X3)) (OR (X1 X2)))) X2 (NOT (X3)))))))
(CAPTURE_CANDIDATE (AND ((OR ((AND (X1 X2 X3)) (AND ((NOT (X3)) (OR (X1 X2)))) (AND (X1 X2)))))))
(CAPTURE_CANDIDATE (AND ((OR ((AND (X1 X2 X3)) (AND ((NOT (X3)) (OR (X1 X2)))) (NOT (X1)) (NOT (X2)))))))
(CAPTURE_CANDIDATE (AND ((OR ((AND (X1 X2 X3)) (AND ((NOT (X3)) (OR (X1 X2)))) (AND ((NOT (X1)) X2)))))))
(CAPTURE_CANDIDATE (AND ((OR ((AND (X1 X2 X3)) (AND ((NOT (X3)) (OR (X1 X2)))) X1 (NOT (X2)))))))
(CAPTURE_CANDIDATE (AND ((OR ((AND (X2 X3)) (AND ((NOT (X3)) (OR (X1 X2)))))))))
(CAPTURE_CANDIDATE (AND ((OR ((AND ((NOT (X1)) X2 X3)) (AND ((NOT (X3)) (OR (X1 X2)))))))))
(CAPTURE_CANDIDATE (AND ((OR ((AND (X1 X3)) (AND ((NOT (X3)) (OR (X1 X2)))))))))
(CAPTURE_CANDIDATE (AND ((OR ((AND ((NOT (X2)) X1 X3)) (AND ((NOT (X3)) (OR (X1 X2)))))))))
(CAPTURE_CANDIDATE (AND ((OR ((AND (X1 X2)) (AND ((NOT (X3)) (OR (X1 X2)))))))))
(CAPTURE_CANDIDATE (AND ((NOT (X3)) (OR ((AND (X1 X2)) X1 X2)))))
(CAPTURE_CANDIDATE (AND ((OR ((AND (X1 X2 X3)) (AND ((NOT (X3)) (OR (X1 X2)))))))))
(CAPTURE_CANDIDATE (AND ((NOT (X3)) (OR (X1 X2)))))
(CAPTURE_CANDIDATE (AND ((OR ((AND (X1 X2 X3)) (AND ((NOT (X3)) (OR (X1 X2)))))))))
(CAPTURE_CANDIDATE (AND ((NOT (X3)) (OR (X1 X2)))))
(CAPTURE_CANDIDATE (AND ((OR ((AND (X1 X2 X3)) (AND ((NOT (X3)) (OR (X1 X2)))))))))
(CAPTURE_CANDIDATE (AND ((NOT (X3)) (OR (X1 X2)))))
(CAPTURE_CANDIDATE (AND ((OR ((AND (X2 X3)) (AND ((NOT (X3)) (OR (X1 X2)))))))))
(CAPTURE_CANDIDATE (AND ((OR ((AND (X2 X3 X1)) (AND ((NOT (X3)) (OR (X1 X2)))))))))
(CAPTURE_CANDIDATE (AND ((OR ((AND (X2 X3)) (AND ((NOT (X3)) (OR (X1 X2)))))))))
(CAPTURE_CANDIDATE (AND ((OR ((AND (X2 X3 X1)) (AND ((NOT (X3)) (OR (X1 X2)))))))))
(CAPTURE_CANDIDATE (AND ((OR ((AND (X2 X3 (OR (X1 (NOT (X1)))))) (AND ((NOT (X3)) (OR (X1 X2)))))))))
(CAPTURE_CANDIDATE (AND ((OR ((AND (X2 X3 X1)) (AND ((NOT (X3)) (OR (X1 X2)))))))))
(CAPTURE_CANDIDATE (AND ((OR ((AND (X2 X3)) (AND ((NOT (X3)) (OR (X1 X2)))))))))
(CAPTURE_CANDIDATE (AND ((OR ((AND (X2 X3 X1)) (AND ((NOT (X3)) (OR (X1 X2)))))))))
(CAPTURE_CANDIDATE (AND ((OR ((AND (X1 X3 X2)) (AND ((NOT (X3)) (OR (X1 X2)))))))))
(CAPTURE_CANDIDATE (AND ((OR ((AND (X2 X3 (OR (X1 (NOT (X1)))))) (AND ((NOT (X3)) (OR (X1 X2)))))))))
(CAPTURE_CANDIDATE (AND ((OR ((AND (X1 X3)) (AND ((NOT (X3)) (OR (X1 X2)))))))))
(CAPTURE_CANDIDATE (AND ((OR ((AND (X1 X3 X2)) (AND ((NOT (X3)) (OR (X1 X2)))))))))
(CAPTURE_CANDIDATE (AND ((OR ((AND (X1 X3)) (AND ((NOT (X3)) (OR (X1 X2)))))))))
(CAPTURE_CANDIDATE (AND ((OR ((AND (X1 X3 X2)) (AND ((NOT (X3)) (OR (X1 X2)))))))))
(CAPTURE_CANDIDATE (AND ((OR ((AND (X1 X3)) (AND ((NOT (X3)) (OR (X1 X2)))))))))
(CAPTURE_CANDIDATE (AND ((OR ((AND (X1 X3 X2)) (AND ((NOT (X3)) (OR (X1 X2)))))))))
(CAPTURE_CANDIDATE (AND ((NOT (X3)) (OR (X1 X2)))))
(CAPTURE_CANDIDATE (AND ((OR ((AND (X1 X3)) (AND ((NOT (X3)) (OR (X1 X2)))))))))
(CAPTURE_CANDIDATE (AND ((OR ((AND (X1 X3 X2)) (AND ((NOT (X3)) (OR (X1 X2)))))))))
(CAPTURE_CANDIDATE (AND ((OR ((AND (X1 X3)) (AND ((NOT (X3)) (OR (X1 X2)))))))))
(CAPTURE_CANDIDATE (AND ((OR ((AND (X1 X2)) (AND ((NOT (X3)) (OR (X1 X2)))))))))
(CAPTURE_CANDIDATE (AND ((OR ((AND (X1 X2 X3)) (AND ((NOT (X3)) (OR (X1 X2)))))))))
(CAPTURE_CANDIDATE (AND ((OR ((AND (X1 X2)) (AND ((NOT (X3)) (OR (X1 X2)))))))))
(CAPTURE_CANDIDATE (AND ((OR ((AND (X1 X2 X3)) (AND ((NOT (X3)) (OR (X1 X2)))))))))
(CAPTURE_CANDIDATE (AND ((OR ((AND (X1 X2 X3)) (AND ((NOT (X3)) (OR (X1 X2)))))))))
(CAPTURE_CANDIDATE (AND ((OR ((AND (X1 X2)) (AND ((NOT (X3)) (OR (X1 X2)))))))))
(CAPTURE_CANDIDATE (AND ((OR ((AND (X1 X2 X3 X1)) (AND ((NOT (X3)) (OR (X1 X2)))))))))
(CAPTURE_CANDIDATE (AND ((OR ((AND (X1 X2 (OR (X3 (NOT (X3)))))) (AND ((NOT (X3)) (OR (X1 X2)))))))))
(CAPTURE_CANDIDATE (AND ((OR ((AND (X1 X2 X3 X2)) (AND ((NOT (X3)) (OR (X1 X2)))))))))
(CAPTURE_CANDIDATE (AND ((OR ((AND (X1 X2 (OR (X3 (NOT (X3)))))) (AND ((NOT (X3)) (OR (X1 X2)))))))))
(CAPTURE_CANDIDATE (AND ((OR ((AND (X1 X2 X3)) (AND ((NOT (X3)) (OR (X1 X2)))))))))
(CAPTURE_CANDIDATE (AND ((NOT (X3)) (OR (X1 X2)))))
(CAPTURE_CANDIDATE (AND ((OR ((AND (X1 X2 X3)) (AND ((NOT (X3)) (OR (X1 X2)))))))))
(CAPTURE_CANDIDATE (AND ((NOT (X3)) (OR (X1 X2)))))
(CAPTURE_CANDIDATE (AND ((OR ((AND (X1 X2 X3)) (AND ((NOT (X3)) (OR (X1 X2)))))))))
(CAPTURE_CANDIDATE (AND ((NOT (X3)) (OR (X1 X2)))))
(CAPTURE_CANDIDATE (AND ((NOT (X3)) (OR (X1 X2)))))
(CAPTURE_CANDIDATE (AND ((OR ((AND (X1 X2 X3)) (AND ((NOT (X3)) (OR (X1 X2)))))))))
(CAPTURE_CANDIDATE (AND ((OR ((AND (X1 X2 X3)) (AND ((NOT (X3)) (OR (X1 X2)))))))))
(CAPTURE_CANDIDATE (AND ((OR ((AND (X1 X2 X3)) (AND ((NOT (X3)) (OR (X1 X2)))))))))
(CAPTURE_CANDIDATE (AND ((OR ((AND (X1 X2 X3)) (AND ((NOT (X3)) (OR (X1 X2)))))))))
(CAPTURE_CANDIDATE (AND ((OR ((AND (X1 X2 X3)) (AND ((NOT (X3)) (OR (X1 X2)))))))))
(CAPTURE_CANDIDATE (AND (X1 (OR ((AND (X2 X3)) (NOT (X3)))))))
(CAPTURE_CANDIDATE (AND (X2 (OR ((AND (X1 X3)) (AND ((NOT (X1)) (NOT (X3)))))))))
(CAPTURE_CANDIDATE (AND (X2 (OR ((AND (X1 X3)) (NOT (X3)))))))
(CAPTURE_CANDIDATE (AND (X1 (OR ((AND (X2 X3)) (AND ((NOT (X2)) (NOT (X3)))))))))
(CAPTURE_CANDIDATE (AND ((OR ((AND (X1 X2 X3)) X1 X2)))))
(CAPTURE_CANDIDATE (AND (X3 (OR ((AND (X1 X2)) X1 X2)))))
(CAPTURE_CANDIDATE (AND (X2 (OR ((AND (X1 X3)) (AND ((NOT (X3)) (NOT (X1)))))))))
(CAPTURE_CANDIDATE (AND (X1 (OR ((AND (X2 X3)) (NOT (X3)))))))
(CAPTURE_CANDIDATE (AND ((OR ((AND (X1 X2 X3)) (AND ((NOT (X3)) (OR (X1 X2)) (OR ((NOT (X1)) X2)))))))))
(CAPTURE_CANDIDATE (AND (X1 (OR ((AND (X2 X3)) (AND ((NOT (X2)) (NOT (X3)))))))))
(CAPTURE_CANDIDATE (AND (X1 (OR ((AND (X2 X3)) (AND ((NOT (X3)) (NOT (X2)))))))))
(CAPTURE_CANDIDATE (AND (X2 (OR ((AND (X1 X3)) (NOT (X3)))))))
(CAPTURE_CANDIDATE (AND (X2 (OR ((AND (X1 X3)) (NOT (X3)))))))
(CAPTURE_CANDIDATE (AND ((OR ((AND (X1 X2 X3)) (AND ((NOT (X3)) (OR ((NOT (X1)) X2)))))))))
(CAPTURE_CANDIDATE (AND (X1 (OR ((AND (X2 X3)) (NOT (X3)))))))
(CAPTURE_CANDIDATE (AND ((OR ((AND (X1 X2 X3)) (AND ((NOT (X3)) (OR (X1 (NOT (X2)))))))))))
(CAPTURE_CANDIDATE (AND ((OR ((AND (X1 X2 X3)) (AND ((NOT (X3)) (OR (X1 X2)))))))))
(CAPTURE_CANDIDATE (AND ((OR ((AND (X1 X2 X3)) (NOT (X3)))))))
(CAPTURE_CANDIDATE (AND ((OR ((AND (X1 X2 X3)) (AND ((NOT (X3)) (OR (X1 X2)))))))))
(CAPTURE_CANDIDATE (AND ((OR ((AND (X1 X2 X3)) (NOT (X3)))))))
(CAPTURE_CANDIDATE (AND ((OR ((AND (X1 X2 X3)) (AND ((NOT (X3)) (OR (X1 X2)))))))))
(CAPTURE_CANDIDATE (AND ((OR ((AND (X1 X2 X3)) (NOT (X3)))))))
(CAPTURE_CANDIDATE (AND ((OR ((AND (X1 X2 X3)) (AND ((NOT (X3)) (OR (X1 X2 (AND ((NOT (X1)) X2)))))))))))
(CAPTURE_CANDIDATE (AND ((OR ((AND (X1 X2 X3)) (AND ((NOT (X3)) (OR (X1 X2 X1 (NOT (X2)))))))))))
(CAPTURE_CANDIDATE (AND (X1 X2 (OR (X3 (NOT (X3)))))))
(CAPTURE_CANDIDATE (AND ((OR ((AND (X1 X2 X3)) (AND ((NOT (X3)) (OR ((AND (X1 (NOT (X2)))) X2)))))))))
(CAPTURE_CANDIDATE (AND (X2 (OR ((AND (X1 X3)) (NOT (X3)))))))
(CAPTURE_CANDIDATE (AND ((OR ((AND (X1 X2 X3)) (AND ((NOT (X3)) (OR (X1 X2)))))))))
(CAPTURE_CANDIDATE (AND (X1 X2 (OR (X3 (NOT (X3)))))))
(CAPTURE_CANDIDATE (AND ((OR ((AND (X1 X2 X3)) (AND ((NOT (X3)) (OR ((AND (X1 X1 (NOT (X2)))) X2)))))))))
(CAPTURE_CANDIDATE (AND ((OR ((AND (X1 X2 X3)) (AND ((NOT (X3)) (OR (X1 X2)))))))))
(CAPTURE_CANDIDATE (AND (X2 (OR ((AND (X1 X3)) (NOT (X3)))))))
(CAPTURE_CANDIDATE (AND ((OR ((AND (X1 X2 X3)) (AND ((NOT (X3)) (OR ((AND (X1 (NOT (X2)))) X2)))))))))
(CAPTURE_CANDIDATE (AND (X1 X2 (OR (X3 (NOT (X3)))))))
(CAPTURE_CANDIDATE (AND (X1 X2 (OR (X3 (NOT (X3)))))))
(CAPTURE_CANDIDATE (AND ((OR ((AND (X1 X2 X3)) (AND ((NOT (X3)) (OR (X1 (AND (X2 (NOT (X1)))))))))))))
(CAPTURE_CANDIDATE (AND (X1 (OR ((AND (X2 X3)) (NOT (X3)))))))
(CAPTURE_CANDIDATE (AND ((OR ((AND (X1 X2 X3)) (AND ((NOT (X3)) (OR (X1 X2)))))))))
(CAPTURE_CANDIDATE (AND ((OR ((AND (X1 X2 X3)) (AND ((NOT (X3)) (OR (X1 X2)))))))))
(CAPTURE_CANDIDATE (AND (X1 X2 X3)))
(CAPTURE_CANDIDATE (AND ((OR ((AND (X1 X2 X3)) (AND ((NOT (X3)) (OR (X1 X2)))))))))
(CAPTURE_CANDIDATE (AND (X1 (OR ((AND (X2 X3)) (NOT (X3)))))))
(CAPTURE_CANDIDATE (AND ((OR ((AND (X1 X2 X3)) (AND ((NOT (X3)) (OR (X1 (AND (X2 (NOT (X1)))))))))))))
(CAPTURE_CANDIDATE (AND (X1 X2 (OR (X3 (NOT (X3)))))))
(CAPTURE_CANDIDATE (AND ((OR ((AND (X1 X2 X3)) (AND ((NOT (X3)) (OR (X1 X2 X1)))))))))
(CAPTURE_CANDIDATE (AND ((OR ((AND (X1 X2 X3)) (AND ((NOT (X3)) (OR (X1 X2 (NOT (X1)))))))))))
(CAPTURE_CANDIDATE (AND ((OR ((AND (X1 X2 X3)) (AND ((NOT (X3)) (OR (X1 X2 X2)))))))))
(CAPTURE_CANDIDATE (AND ((OR ((AND (X1 X2 X3)) (AND ((NOT (X3)) (OR (X1 X2 (NOT (X2)))))))))))
(CAPTURE_CANDIDATE (AND ((OR ((AND (X1 X2 X3)) (AND ((NOT (X3)) (OR (X1 X2)))))))))
(CAPTURE_CANDIDATE (AND ((OR ((AND (X1 X2 X3)) (NOT (X3)))))))
(CAPTURE_CANDIDATE (AND ((OR ((AND (X1 X2 X3)) (AND ((NOT (X3)) (OR (X1 X2 X2)))))))))
(CAPTURE_CANDIDATE (AND ((OR ((AND (X1 X2 X3)) (AND ((NOT (X3)) (OR (X1 X2 (NOT (X2)))))))))))
(CAPTURE_CANDIDATE (AND ((OR ((AND (X1 X2 X3)) (AND ((NOT (X3)) (OR (X1 X2 X1)))))))))
(CAPTURE_CANDIDATE (AND ((OR ((AND (X1 X2 X3)) (AND ((NOT (X3)) (OR (X1 X2 (NOT (X1)))))))))))
(CAPTURE_CANDIDATE (AND ((OR ((AND (X1 X2 X3)) (AND ((NOT (X3)) (OR (X1 X2 X1 X2)))))))))
(CAPTURE_CANDIDATE (AND ((OR ((AND (X1 X2 X3)) (AND ((NOT (X3)) (OR (X1 X2 (AND ((NOT (X1)) (NOT (X2)))))))))))))
(CAPTURE_CANDIDATE (AND ((OR ((AND (X1 X2 X3)) (AND ((OR (X1 X2)) (OR (X1 (NOT (X3)))))))))))
(CAPTURE_CANDIDATE (AND ((OR ((AND (X1 X2 X3)) (AND ((OR (X1 X2)) (OR ((NOT (X1)) (NOT (X3)))))))))))
(CAPTURE_CANDIDATE (AND ((OR ((AND (X1 X2 X3)) (AND ((OR (X1 X2)) (OR (X2 (NOT (X3)))))))))))
(CAPTURE_CANDIDATE (AND ((OR ((AND (X1 X2 X3)) (AND ((OR (X1 X2)) (OR ((NOT (X2)) (NOT (X3)))))))))))
(CAPTURE_CANDIDATE (AND ((OR ((AND (X1 X2 X3)) X1 X2)))))
(CAPTURE_CANDIDATE (AND (X3 (OR ((AND (X1 X2)) X1 X2)))))
(CAPTURE_CANDIDATE (AND ((OR ((AND (X1 X2 X3)) (AND ((OR (X1 X2)) (OR ((NOT (X3)) (AND ((NOT (X1)) X2)))))))))))
(CAPTURE_CANDIDATE (AND ((OR ((AND (X1 X2 X3)) (AND ((OR (X1 X2)) (OR ((NOT (X3)) X1 (NOT (X2)))))))))))
(CAPTURE_CANDIDATE (AND ((OR ((AND (X1 X2 X3)) (AND ((OR (X1 X2)) (OR ((NOT (X3)) (AND ((NOT (X1)) X3)))))))))))
(CAPTURE_CANDIDATE (AND ((OR ((AND (X1 X2 X3)) (AND ((OR (X1 X2)) (OR ((NOT (X3)) X1 (NOT (X3)))))))))))
(CAPTURE_CANDIDATE (AND ((OR ((AND (X1 X2 X3)) (AND ((OR (X1 X2)) (OR ((NOT (X3)) (AND (X1 X2)))))))))))
(CAPTURE_CANDIDATE (AND ((OR ((AND (X1 X2 X3)) (AND ((OR (X1 X2)) (OR ((NOT (X3)) (NOT (X1)) (NOT (X2)))))))))))
(CAPTURE_CANDIDATE (AND (X1 (OR ((AND (X2 X3)) (NOT (X3)))))))
(CAPTURE_CANDIDATE (AND (X2 (OR ((AND (X1 X3)) (AND ((NOT (X3)) (NOT (X1)))))))))
(CAPTURE_CANDIDATE (AND (X2 (OR ((AND (X1 X3)) (NOT (X3)))))))
(CAPTURE_CANDIDATE (AND (X1 (OR ((AND (X2 X3)) (AND ((NOT (X3)) (NOT (X2)))))))))
(CAPTURE_CANDIDATE (AND (X1 X2 X3)))
(CAPTURE_CANDIDATE (AND ((OR ((AND (X1 X2 X3)) (AND ((NOT (X3)) (OR (X1 X2)))))))))
(CAPTURE_CANDIDATE (AND (X2 (OR ((AND (X1 X3)) (AND ((NOT (X3)) (NOT (X1)))))))))
(CAPTURE_CANDIDATE (AND ((OR ((AND (X1 X2 X3)) (AND ((NOT (X3)) (OR (X1 X2)) (OR (X1 (NOT (X2)))))))))))
(CAPTURE_CANDIDATE (AND (X1 X2 X3)))
(CAPTURE_CANDIDATE (AND ((OR ((AND (X1 X2 X3)) (AND ((NOT (X3)) (OR (X1 X2)))))))))
(CAPTURE_CANDIDATE (AND (X1 X2 X3)))
(CAPTURE_CANDIDATE (AND ((OR ((AND (X1 X2 X3)) (AND ((NOT (X3)) (OR (X1 X2)))))))))
(CAPTURE_CANDIDATE (AND ((OR ((AND (X1 X2 X3)) (AND ((NOT (X3)) (OR (X1 X2)))) X1)))))
(CAPTURE_CANDIDATE (AND ((OR ((AND (X1 X2 X3)) (AND ((NOT (X3)) (OR (X1 X2)))) (NOT (X1)))))))
(CAPTURE_CANDIDATE (AND ((OR ((AND (X1 X2 X3)) (AND ((NOT (X3)) (OR (X1 X2)))) X2)))))
(CAPTURE_CANDIDATE (AND ((OR ((AND (X1 X2 X3)) (AND ((NOT (X3)) (OR (X1 X2)))) (NOT (X2)))))))
(CAPTURE_CANDIDATE (AND ((OR ((AND (X1 X2 X3)) (AND ((NOT (X3)) (OR (X1 X2)))) X3)))))
(CAPTURE_CANDIDATE (AND ((OR ((AND (X1 X2 X3)) (AND ((NOT (X3)) (OR (X1 X2)))) (NOT (X3)))))))
(CAPTURE_CANDIDATE (AND ((OR ((AND (X1 X2 X3)) (AND ((NOT (X3)) (OR (X1 X2)))) X1 X2)))))
(CAPTURE_CANDIDATE (AND ((OR ((AND (X1 X2 X3)) (AND ((NOT (X3)) (OR (X1 X2)))) (AND ((NOT (X1)) (NOT (X2)))))))))
(CAPTURE_CANDIDATE (AND ((OR ((AND (X1 X2 X3)) (AND ((NOT (X3)) (OR (X1 X2)))) X1 X3)))))
(CAPTURE_CANDIDATE (AND ((OR ((AND (X1 X2 X3)) (AND ((NOT (X3)) (OR (X1 X2)))) (AND ((NOT (X1)) (NOT (X3)))))))))
(CAPTURE_CANDIDATE (AND ((OR ((AND (X1 X2 X3)) (AND ((NOT (X3)) (OR (X1 X2)))) (NOT (X1)) X2)))))
(CAPTURE_CANDIDATE (AND ((OR ((AND (X1 X2 X3)) (AND ((NOT (X3)) (OR (X1 X2)))) (AND (X1 (NOT (X2)))))))))
(CAPTURE_CANDIDATE (AND (X1 (OR ((AND (X2 X3)) (NOT (X3)))))))
(CAPTURE_CANDIDATE (AND ((NOT (X1)) (NOT (X3)) X2)))
(CAPTURE_CANDIDATE (AND (X2 (OR ((AND (X1 X3)) (NOT (X3)))))))
(CAPTURE_CANDIDATE (AND ((NOT (X2)) (NOT (X3)) X1)))
(CAPTURE_CANDIDATE (AND (X3 X1 X2)))
(CAPTURE_CANDIDATE (AND ((NOT (X3)) (OR (X1 X2)))))
(CAPTURE_CANDIDATE (AND (X2 X3 X1)))
(CAPTURE_CANDIDATE (AND ((OR ((AND (X1 X2 X3)) (AND ((NOT (X3)) (OR (X1 X2)))))) (OR ((NOT (X2)) (NOT (X3)))))))
(CAPTURE_CANDIDATE (AND (X1 X3 X2)))
(CAPTURE_CANDIDATE (AND ((OR ((AND (X1 X2 X3)) (AND ((NOT (X3)) (OR (X1 X2)))))) (OR ((NOT (X1)) (NOT (X3)))))))
(CAPTURE_CANDIDATE (AND ((NOT (X2)) X3)))
(CAPTURE_CANDIDATE (AND ((OR ((AND (X1 X2 X3)) (AND ((NOT (X3)) (OR (X1 X2)))))) (OR (X2 (NOT (X3)))))))
(CAPTURE_CANDIDATE (AND ((OR (X1 (AND (X1 X2 X3)) (AND ((NOT (X3)) (OR (X1 X2)))))))))
(CAPTURE_CANDIDATE (AND ((OR ((NOT (X1)) (AND (X1 X2 X3)) (AND ((NOT (X3)) (OR (X1 X2)))))))))
(CAPTURE_CANDIDATE (AND ((OR (X2 (AND (X1 X2 X3)) (AND ((NOT (X3)) (OR (X1 X2)))))))))
(CAPTURE_CANDIDATE (AND ((OR ((NOT (X2)) (AND (X1 X2 X3)) (AND ((NOT (X3)) (OR (X1 X2)))))))))
(CAPTURE_CANDIDATE (AND ((OR (X3 (AND (X1 X2 X3)) (AND ((NOT (X3)) (OR (X1 X2)))))))))
(CAPTURE_CANDIDATE (AND ((OR ((NOT (X3)) (AND (X1 X2 X3)) (AND ((NOT (X3)) (OR (X1 X2)))))))))
(CAPTURE_CANDIDATE (AND ((OR ((AND (X1 X2 X3)) (AND ((NOT (X3)) (OR (X1 X2)))) X2 X3)))))
(CAPTURE_CANDIDATE (AND ((OR ((AND ((NOT (X2)) (NOT (X3)))) (AND (X1 X2 X3)) (AND ((NOT (X3)) (OR (X1 X2)))))))))
(CAPTURE_CANDIDATE (AND ((OR ((AND (X1 X2 X3)) (AND ((NOT (X3)) (OR (X1 X2)))) (NOT (X2)) X3)))))
(CAPTURE_CANDIDATE (AND ((OR ((AND (X2 (NOT (X3)))) (AND (X1 X2 X3)) (AND ((NOT (X3)) (OR (X1 X2)))))))))
(CAPTURE_CANDIDATE (AND ((OR ((AND (X1 X2 X3)) (AND ((NOT (X3)) (OR (X1 X2)))) X1 X2)))))
(CAPTURE_CANDIDATE (AND ((OR ((AND ((NOT (X1)) (NOT (X2)))) (AND (X1 X2 X3)) (AND ((NOT (X3)) (OR (X1 X2)))))))))
(CAPTURE_CANDIDATE (AND (X1 (OR ((AND (X2 X3)) (AND ((NOT (X2)) (NOT (X3)))))))))
(CAPTURE_CANDIDATE (AND (X1 X2 X3)))
(CAPTURE_CANDIDATE (AND (X1 (OR ((AND (X2 X3)) (AND ((NOT (X2)) (NOT (X3)))))))))
(CAPTURE_CANDIDATE (AND (X1 X2 X3)))
(CAPTURE_CANDIDATE (AND (X1 X2 X3)))
(CAPTURE_CANDIDATE (AND (X1 (OR ((AND (X2 X3)) (AND ((NOT (X2)) (NOT (X3)))))))))
(CAPTURE_CANDIDATE (AND (X1 X2 X3)))
(CAPTURE_CANDIDATE (AND (X1 (OR ((AND (X2 X3)) (AND ((NOT (X2)) (NOT (X3)))))))))
(CAPTURE_CANDIDATE (AND (X1 (OR ((AND (X2 X3)) (AND ((NOT (X2)) (NOT (X3)))))))))
(CAPTURE_CANDIDATE (AND (X1 X2 X3)))
(CAPTURE_CANDIDATE (AND (X1 X2 X3)))
(CAPTURE_CANDIDATE (AND (X1 (OR ((AND (X2 X3)) (AND ((NOT (X3)) (NOT (X2)))))))))
(CAPTURE_CANDIDATE (AND (X2 (OR ((AND (X1 X3)) (AND ((NOT (X3)) (NOT (X1)))))))))
(CAPTURE_CANDIDATE (AND (X1 (OR ((AND (X2 X3)) (AND ((NOT (X3)) (NOT (X2)))))))))
(CAPTURE_CANDIDATE (AND (X1 (OR ((AND (X2 X3)) (AND ((NOT (X3)) (NOT (X2)))))))))
(CAPTURE_CANDIDATE (AND (X2 (OR ((AND (X1 X3)) (AND ((NOT (X3)) (NOT (X1)))))))))
(CAPTURE_CANDIDATE (AND ((OR ((AND (X1 X2 X3)) (AND ((NOT (X3)) (OR (X1 X2)) (OR ((NOT (X1)) (NOT (X2)))))))))))
(CAPTURE_CANDIDATE (AND ((OR ((AND (X1 X2 X3)) (AND ((NOT (X3)) (OR (X1 X2)) (OR ((NOT (X1)) (NOT (X2)) (AND ((NOT (X1)) X2)))))))))))
(CAPTURE_CANDIDATE (AND (X2 (OR ((AND (X1 X3)) (AND ((NOT (X3)) (NOT (X1)))))))))
(CAPTURE_CANDIDATE (AND ((OR ((AND (X1 X2 X3)) (AND ((NOT (X3)) (OR (X1 X2)) (OR ((NOT (X2)) (AND ((NOT (X1)) X2)))))))))))
(CAPTURE_CANDIDATE (AND (X2 (OR ((AND (X1 X3)) (AND ((NOT (X3)) (NOT (X1)))))))))
(CAPTURE_CANDIDATE (AND (X1 X2 X3)))
(CAPTURE_CANDIDATE (AND (X2 (OR ((AND (X1 X3)) (AND ((NOT (X3)) (NOT (X1)))))))))
(CAPTURE_CANDIDATE (AND ((OR ((AND (X1 X2 X3)) (AND ((NOT (X3)) (NOT (X1)) (NOT (X2)))))))))
(CAPTURE_CANDIDATE (AND (X1 X2 X3)))
(CAPTURE_CANDIDATE (AND (X1 X2 X3)))
(CAPTURE_CANDIDATE (AND (X1 (OR ((AND (X2 X3)) (AND ((NOT (X2)) (NOT (X3)))))))))
(CAPTURE_CANDIDATE (AND (X1 X2 X3)))
(CAPTURE_CANDIDATE (AND (X1 (OR ((AND (X2 X3)) (AND ((NOT (X2)) (NOT (X3)))))))))
(CAPTURE_CANDIDATE (AND (X1 (OR ((AND (X2 X3)) (AND ((NOT (X2)) (NOT (X3)))))))))
(CAPTURE_CANDIDATE (AND (X1 (OR ((AND (X2 X3)) (AND ((NOT (X2)) (NOT (X3)))))))))
(CAPTURE_CANDIDATE (AND (X2 (OR ((AND (X1 X3)) (AND ((NOT (X1)) (NOT (X3)))))))))
(CAPTURE_CANDIDATE (AND (X1 X2 X3)))
(CAPTURE_CANDIDATE (AND (X2 (OR ((AND (X1 X3)) (AND ((NOT (X1)) (NOT (X3)))))))))
(CAPTURE_CANDIDATE (AND (X2 (OR ((AND (X1 X3)) (AND ((NOT (X1)) (NOT (X3)))))))))
(CAPTURE_CANDIDATE (AND (X1 X2 X3)))
(CAPTURE_CANDIDATE (AND (X2 (OR ((AND (X1 X3)) (AND ((NOT (X1)) (NOT (X3)))))))))
(CAPTURE_CANDIDATE (AND ((OR ((AND (X1 X2 X3)) (AND ((NOT (X1)) (NOT (X2)) (NOT (X3)))))))))
(CAPTURE_CANDIDATE (AND (X2 (OR (X1 (AND ((NOT (X3)) (NOT (X1)))))))))
(CAPTURE_CANDIDATE (AND (X1 (OR (X2 (AND ((NOT (X3)) (NOT (X2)))))))))
(CAPTURE_CANDIDATE (AND (X2 (OR (X1 (AND ((NOT (X3)) (NOT (X1)))))))))
(CAPTURE_CANDIDATE (AND (X1 (OR (X2 (AND ((NOT (X3)) (NOT (X2)))))))))
(CAPTURE_CANDIDATE (AND (X1 (OR (X2 (AND ((NOT (X2)) (NOT (X3)))))))))
(CAPTURE_CANDIDATE (AND (X2 (OR (X1 (AND ((NOT (X3)) (NOT (X1)))))))))
(CAPTURE_CANDIDATE (AND (X1 (OR (X2 (AND ((NOT (X2)) (NOT (X3)))))))))
(CAPTURE_CANDIDATE (AND (X2 (OR (X1 (AND ((NOT (X1)) (NOT (X3)))))))))
(CAPTURE_CANDIDATE (AND (X2 (OR (X1 (AND ((NOT (X3)) (NOT (X1)))))))))
(CAPTURE_CANDIDATE (AND (X1 (OR (X2 (AND ((NOT (X3)) (NOT (X2)))))))))
(CAPTURE_CANDIDATE (AND (X2 (OR (X1 (AND ((NOT (X3)) (NOT (X1)))))))))
(CAPTURE_CANDIDATE (AND (X1 (OR (X2 (AND ((NOT (X3)) (NOT (X2)))))))))
(CAPTURE_CANDIDATE (AND (X2 (OR (X1 (AND ((NOT (X3)) (NOT (X1)))))))))
(CAPTURE_CANDIDATE (AND (X2 (OR (X1 (AND ((NOT (X3)) (NOT (X1)))))))))
(CAPTURE_CANDIDATE (AND ((OR ((AND (X1 X2 X3)) (AND ((NOT (X3)) (OR (X1 X2)))))))))
(CAPTURE_CANDIDATE (AND ((OR ((AND (X1 X2 X3)) (AND ((NOT (X3)) (OR (X1 X2)))))))))
(CAPTURE_CANDIDATE (AND ((OR ((AND (X1 X2 X3)) (AND ((NOT (X3)) (OR (X1 X2)))))))))
(CAPTURE_CANDIDATE (AND (X2 (OR ((AND (X1 X3)) (AND ((NOT (X3)) (NOT (X1)))))))))
(CAPTURE_CANDIDATE (AND (X2 (OR ((AND (X1 X3)) (AND ((NOT (X3)) (NOT (X1)))))))))
(CAPTURE_CANDIDATE (AND (X2 (OR ((AND (X1 X3)) (AND ((NOT (X3)) (NOT (X1)))))))))
(CAPTURE_CANDIDATE (AND (X2 (OR ((AND (X1 X3)) (AND ((NOT (X3)) (NOT (X1)))))))))
(CAPTURE_CANDIDATE (AND (X2 (OR ((AND (X1 X3)) (AND ((NOT (X3)) (NOT (X1)))))))))
(CAPTURE_CANDIDATE (AND (X2 (OR ((AND (X1 X3)) (AND ((NOT (X3)) (NOT (X1)))))))))
(CAPTURE_CANDIDATE (AND (X2 (OR ((AND (X1 X3)) (AND ((NOT (X3)) (NOT (X1)))))))))
(CAPTURE_CANDIDATE (AND (X2 (OR ((AND (X1 X3)) (AND ((NOT (X3)) (NOT (X1)))))))))
(CAPTURE_CANDIDATE (AND (X2 (OR ((AND (X1 X3)) (AND ((NOT (X3)) (NOT (X1)))))))))
(CAPTURE_CANDIDATE (AND (X2 (OR ((AND (X1 X3)) (AND ((NOT (X3)) (NOT (X1)))))))))
(CAPTURE_CANDIDATE (AND (X2 (OR ((AND (X1 X3)) (AND ((NOT (X3)) (NOT (X1)))))))))
(CAPTURE_CANDIDATE (AND (X2 (OR ((AND (X1 X3)) (AND ((NOT (X3)) (NOT (X1)))))))))
(CAPTURE_CANDIDATE (AND (X2 (OR ((AND (X1 X3)) (AND ((NOT (X3)) (NOT (X1)))))))))
(CAPTURE_CANDIDATE (AND (X2 (OR ((AND (X1 X3)) (AND ((NOT (X3)) (NOT (X1)))))))))
(CAPTURE_CANDIDATE (AND (X2 (OR ((AND (X1 X3)) (AND ((NOT (X3)) (NOT (X1)))))))))
(CAPTURE_CANDIDATE (AND (X2 (OR ((AND (X1 X3)) (AND ((NOT (X3)) (NOT (X1)))))))))
(CAPTURE_CANDIDATE (AND (X2 (OR ((AND (X1 X3)) (AND ((NOT (X3)) (NOT (X1)))))))))
(CAPTURE_CANDIDATE (AND (X2 (OR ((AND (X1 X3)) (AND ((NOT (X3)) (NOT (X1)))))))))
(CAPTURE_CANDIDATE (AND (X2 (OR ((AND (X1 X3)) (AND ((NOT (X3)) (NOT (X1)))))))))
(CAPTURE_CANDIDATE (AND (X2 (OR ((AND (X1 X3)) (AND ((NOT (X3)) (NOT (X1)))))))))
(CAPTURE_CANDIDATE (AND (X2 (OR ((AND (X1 X3)) (AND ((NOT (X3)) (NOT (X1)))))))))
(CAPTURE_CANDIDATE (AND (X2 (OR ((AND (X1 X3)) (AND ((NOT (X3)) (NOT (X1)))))))))
(CAPTURE_CANDIDATE (AND (X2 (OR ((AND (X1 X3)) (AND ((NOT (X3)) (NOT (X1)))))))))
(CAPTURE_CANDIDATE (AND (X2 (OR ((AND (X1 X3)) (AND ((NOT (X3)) (NOT (X1)))))))))
(CAPTURE_CANDIDATE (AND (X2 (OR ((AND (X1 X3)) (AND ((NOT (X3)) (NOT (X1)))))))))
(New best score: -3.2857142857142856)
(Terminating because score hasn't improved)
(Terminating because score hasn't improved)
(Terminating because score hasn't improved)
(OptimizedDeme: 287)
"Merging Deme"
(Demesize: 287)
(nEval: 10000 LenSInstList: 287)
(TopCnd: 287)
(Keep 100 Unique instances from 287)
(KeptUniqueTopCandidates NewSize: 100)
(TrimmedDownDeme: 100)
(CAPTURE_CANDIDATE (AND ((OR ((AND (X1 X2 X3)) (AND ((NOT (X3)) (OR (X1 X2)) (OR ((NOT (X1)) (NOT (X2)))))))))))
(CAPTURE_CANDIDATE (AND ((OR ((AND (X1 X2)) (AND ((NOT (X3)) (OR (X1 X2)))))))))
(CAPTURE_CANDIDATE (AND (X2 (OR ((AND (X1 X3)) (AND ((NOT (X1)) (NOT (X3)))))))))
(CAPTURE_CANDIDATE (AND (X1 (OR ((AND (X2 X3)) (AND ((NOT (X2)) (NOT (X3)))))))))
(CAPTURE_CANDIDATE (AND (X2 (OR ((AND (X1 X3)) (AND ((NOT (X3)) (NOT (X1)))))))))
(CAPTURE_CANDIDATE (AND (X1 (OR ((AND (X2 X3)) (AND ((NOT (X2)) (NOT (X3)))))))))
(CAPTURE_CANDIDATE (AND (X1 (OR ((AND (X2 X3)) (AND ((NOT (X3)) (NOT (X2)))))))))
(CAPTURE_CANDIDATE (AND (X2 (OR ((AND (X1 X3)) (AND ((NOT (X3)) (NOT (X1)))))))))
(CAPTURE_CANDIDATE (AND (X1 (OR ((AND (X2 X3)) (AND ((NOT (X3)) (NOT (X2)))))))))
(CAPTURE_CANDIDATE (AND (X2 (OR ((AND (X1 X3)) (AND ((NOT (X3)) (NOT (X1)))))))))
(CAPTURE_CANDIDATE (AND (X1 (OR ((AND (X2 X3)) (AND ((NOT (X2)) (NOT (X3)))))))))
(CAPTURE_CANDIDATE (AND (X1 (OR ((AND (X2 X3)) (AND ((NOT (X3)) (NOT (X2)))))))))
(CAPTURE_CANDIDATE (AND (X2 (OR ((AND (X1 X3)) (AND ((NOT (X3)) (NOT (X1)))))))))
(CAPTURE_CANDIDATE (AND (X1 (OR ((AND (X2 X3)) (AND ((NOT (X3)) (NOT (X2)))))))))
(CAPTURE_CANDIDATE (AND (X2 (OR ((AND (X1 X3)) (AND ((NOT (X3)) (NOT (X1)))))))))
(CAPTURE_CANDIDATE (AND (X1 (OR ((AND (X2 X3)) (AND ((NOT (X2)) (NOT (X3)))))))))
(CAPTURE_CANDIDATE (AND (X2 (OR ((AND (X1 X3)) (AND ((NOT (X1)) (NOT (X3)))))))))
(CAPTURE_CANDIDATE (AND (X2 (OR ((AND (X1 X3)) (AND ((NOT (X3)) (NOT (X1)))))))))
(CAPTURE_CANDIDATE (AND ((OR ((AND (X1 X2 X3)) (AND ((NOT (X3)) (OR (X1 X2)) (OR ((NOT (X2)) (AND ((NOT (X1)) X2)))))))))))
(CAPTURE_CANDIDATE (AND ((OR ((AND (X1 X2 X3)) (AND ((NOT (X3)) (OR (X1 X2)))))))))
(CAPTURE_CANDIDATE (AND ((OR ((AND (X2 X3 X1)) (AND ((NOT (X3)) (OR (X1 X2)))))))))
(CAPTURE_CANDIDATE (AND ((OR ((AND (X1 X3 X2)) (AND ((NOT (X3)) (OR (X1 X2)))))))))
(CAPTURE_CANDIDATE (AND ((OR ((AND (X1 X2 X3)) (AND ((NOT (X3)) (OR (X1 X2)))))))))
(CAPTURE_CANDIDATE (AND ((OR ((AND (X1 X2 X3)) (AND ((NOT (X3)) (OR (X1 X2)) (OR ((NOT (X1)) (NOT (X2)) (AND ((NOT (X1)) X2)))))))))))
(CAPTURE_CANDIDATE (AND ((NOT (X1)) (NOT (X3)) X2)))
(CAPTURE_CANDIDATE (AND ((NOT (X2)) (NOT (X3)) X1)))
(CAPTURE_CANDIDATE (AND (X3 X1 X2)))
(CAPTURE_CANDIDATE (AND ((NOT (X3)) (OR (X1 X2)))))
(CAPTURE_CANDIDATE (AND (X1 (NOT (X2)) (NOT (X3)))))
(CAPTURE_CANDIDATE (AND ((NOT (X2)) (NOT (X3)) X1)))
(CAPTURE_CANDIDATE (AND ((NOT (X3)) (OR (X1 X2)))))
(CAPTURE_CANDIDATE (AND (X1 X2 X3)))
(CAPTURE_CANDIDATE (AND ((NOT (X1)) (NOT (X3)) X2)))
(CAPTURE_CANDIDATE (AND ((NOT (X2)) (NOT (X3)) X1)))
(CAPTURE_CANDIDATE (AND (X3 X1 X2)))
(CAPTURE_CANDIDATE (AND ((NOT (X3)) (OR (X1 X2)))))
(CAPTURE_CANDIDATE (AND (X2 X3 X1)))
(CAPTURE_CANDIDATE (AND (X1 X3 X2)))
(CAPTURE_CANDIDATE (AND (X1 X2 X3)))
(CAPTURE_CANDIDATE (AND ((OR ((AND (X1 X2 X3 X1)) (AND ((NOT (X3)) (OR (X1 X2)))))))))
(CAPTURE_CANDIDATE (AND ((OR ((AND (X1 X2 (OR (X3 (NOT (X3)))))) (AND ((NOT (X3)) (OR (X1 X2)))))))))
(CAPTURE_CANDIDATE (AND ((OR ((AND (X1 X2 X3 X2)) (AND ((NOT (X3)) (OR (X1 X2)))))))))
(CAPTURE_CANDIDATE (AND ((OR ((AND (X1 X2 (OR (X3 (NOT (X3)))))) (AND ((NOT (X3)) (OR (X1 X2)))))))))
(CAPTURE_CANDIDATE (AND ((OR ((AND (X1 X2 X3)) (AND ((NOT (X3)) (OR ((AND (X1 (NOT (X2)))) X2)))))))))
(CAPTURE_CANDIDATE (AND ((OR ((AND (X1 X2 X3)) (AND ((NOT (X3)) (OR (X1 (AND (X2 (NOT (X1)))))))))))))
(CAPTURE_CANDIDATE (AND ((OR ((AND (X1 X2 X3)) (AND ((NOT (X3)) (OR (X1 X2 X1)))))))))
(CAPTURE_CANDIDATE (AND ((OR ((AND (X1 X2 X3)) (AND ((NOT (X3)) (OR (X1 X2 X2)))))))))
(CAPTURE_CANDIDATE (AND ((OR ((AND (X1 X2 X3)) (AND ((NOT (X3)) (OR (X1 X2 X1)))))))))
(CAPTURE_CANDIDATE (AND (X1 (OR ((AND (X2 X3)) (NOT (X3)))))))
(CAPTURE_CANDIDATE (AND (X2 (OR ((AND (X1 X3)) (NOT (X3)))))))
(CAPTURE_CANDIDATE (AND (X1 (OR ((AND (X2 X3)) (NOT (X3)))))))
(CAPTURE_CANDIDATE (AND (X2 (OR ((AND (X1 X3)) (NOT (X3)))))))
(CAPTURE_CANDIDATE (AND (X1 (OR ((AND (X2 X3)) (NOT (X3)))))))
(CAPTURE_CANDIDATE (AND (X2 (OR ((AND (X1 X3)) (NOT (X3)))))))
(CAPTURE_CANDIDATE (AND (X1 (OR ((AND (X2 X3)) (NOT (X3)))))))
(CAPTURE_CANDIDATE (AND ((OR ((AND (X1 X2 X3)) (NOT (X3)))))))
(CAPTURE_CANDIDATE (AND (X2 (OR ((AND (X1 X3)) (NOT (X3)))))))
(CAPTURE_CANDIDATE (AND (X1 (OR ((AND (X2 X3)) (NOT (X3)))))))
(CAPTURE_CANDIDATE (AND ((OR ((AND (X1 X2 X3)) (NOT (X3)))))))
(CAPTURE_CANDIDATE (AND (X1 (OR ((AND (X2 X3)) (NOT (X3)))))))
(CAPTURE_CANDIDATE (AND (X2 (OR ((AND (X1 X3)) (NOT (X3)))))))
(CAPTURE_CANDIDATE (AND (X1 (OR ((AND (X2 X3)) (NOT (X3)))))))
(CAPTURE_CANDIDATE (AND (X2 (OR ((AND (X1 X3)) (NOT (X3)))))))
(CAPTURE_CANDIDATE (AND (X2 (OR (X1 (AND ((NOT (X3)) (NOT (X1)))))))))
(CAPTURE_CANDIDATE (AND (X1 (OR (X2 (AND ((NOT (X3)) (NOT (X2)))))))))
(CAPTURE_CANDIDATE (AND (X2 (OR (X1 (AND ((NOT (X3)) (NOT (X1)))))))))
(CAPTURE_CANDIDATE (AND (X1 (OR (X2 (AND ((NOT (X3)) (NOT (X2)))))))))
(CAPTURE_CANDIDATE (AND (X1 (OR (X2 (AND ((NOT (X2)) (NOT (X3)))))))))
(CAPTURE_CANDIDATE (AND (X2 (OR (X1 (AND ((NOT (X3)) (NOT (X1)))))))))
(CAPTURE_CANDIDATE (AND (X1 (OR (X2 (AND ((NOT (X2)) (NOT (X3)))))))))
(CAPTURE_CANDIDATE (AND (X2 (OR (X1 (AND ((NOT (X1)) (NOT (X3)))))))))
(CAPTURE_CANDIDATE (AND (X2 (OR (X1 (AND ((NOT (X3)) (NOT (X1)))))))))
(CAPTURE_CANDIDATE (AND (X1 (OR (X2 (AND ((NOT (X3)) (NOT (X2)))))))))
(CAPTURE_CANDIDATE (AND (X2 (OR (X1 (AND ((NOT (X3)) (NOT (X1)))))))))
(CAPTURE_CANDIDATE (AND (X1 (OR (X2 (AND ((NOT (X3)) (NOT (X2)))))))))
(CAPTURE_CANDIDATE (AND (X2 (OR (X1 (AND ((NOT (X3)) (NOT (X1)))))))))
(CAPTURE_CANDIDATE (AND ((OR ((AND ((NOT (X1)) X3)) (AND (X1 X2 X3)) (AND ((NOT (X3)) (OR (X1 X2)))))))))
(CAPTURE_CANDIDATE (AND ((OR ((AND (X1 X2 X3)) (AND ((NOT (X3)) (OR (X1 X2)))))) (OR ((NOT (X2)) X3)))))
(CAPTURE_CANDIDATE (AND ((OR ((AND (X1 X2 X3)) (AND ((NOT (X3)) (OR (X1 X2)))) (AND ((NOT (X2)) X3)))))))
(CAPTURE_CANDIDATE (AND ((OR ((AND (X1 X2 X3)) (AND ((NOT (X3)) (OR (X1 X2)))) (AND (X1 X2)))))))
(CAPTURE_CANDIDATE (AND ((OR ((AND (X1 X2 X3)) (AND ((NOT (X3)) (OR (X1 X2 (AND ((NOT (X1)) X2)))))))))))
(CAPTURE_CANDIDATE (AND ((OR ((AND (X1 X2 X3)) (AND ((NOT (X3)) (OR ((AND (X1 X1 (NOT (X2)))) X2)))))))))
(CAPTURE_CANDIDATE (AND ((OR ((AND (X1 X2 X3)) (AND ((NOT (X3)) (OR (X1 X2 X1 X2)))))))))
(CAPTURE_CANDIDATE (AND ((OR ((AND (X1 X2 X3)) (AND ((OR (X1 X2)) (OR ((NOT (X3)) (AND (X1 X2)))))))))))
(CAPTURE_CANDIDATE (AND ((OR ((AND (X1 X2 X3)) (AND ((NOT (X3)) (OR (X1 X2)))) (AND ((NOT (X1)) (NOT (X2)))))))))
(CAPTURE_CANDIDATE (AND ((OR ((AND (X1 X2 X3)) (AND ((NOT (X3)) (OR (X1 X2)))))) (OR (X2 (NOT (X3)))))))
(CAPTURE_CANDIDATE (AND ((OR ((AND (X2 (NOT (X3)))) (AND (X1 X2 X3)) (AND ((NOT (X3)) (OR (X1 X2)))))))))
(CAPTURE_CANDIDATE (AND ((OR ((AND ((NOT (X1)) (NOT (X2)))) (AND (X1 X2 X3)) (AND ((NOT (X3)) (OR (X1 X2)))))))))
(CAPTURE_CANDIDATE (AND ((OR ((AND (X2 X3)) (AND ((NOT (X3)) (OR (X1 X2)))))))))
(CAPTURE_CANDIDATE (AND ((OR ((AND (X1 X3)) (AND ((NOT (X3)) (OR (X1 X2)))))))))
(CAPTURE_CANDIDATE (AND ((NOT (X3)) (OR ((AND (X1 X2)) X1 X2)))))
(CAPTURE_CANDIDATE (AND ((OR ((AND (X2 X3)) (AND ((NOT (X3)) (OR (X1 X2)))))))))
(CAPTURE_CANDIDATE (AND ((OR ((AND (X1 X3)) (AND ((NOT (X3)) (OR (X1 X2)))))))))
(CAPTURE_CANDIDATE (AND (X2 (NOT (X3)))))
(CAPTURE_CANDIDATE (AND ((NOT (X2)) X3)))
(CAPTURE_CANDIDATE (AND ((OR (X1 (AND (X1 X2 X3)) (AND ((NOT (X3)) (OR (X1 X2)))))))))
(CAPTURE_CANDIDATE (AND ((OR ((NOT (X1)) (AND (X1 X2 X3)) (AND ((NOT (X3)) (OR (X1 X2)))))))))
(CAPTURE_CANDIDATE (AND ((OR (X2 (AND (X1 X2 X3)) (AND ((NOT (X3)) (OR (X1 X2)))))))))
(CAPTURE_CANDIDATE (AND ((OR ((NOT (X2)) (AND (X1 X2 X3)) (AND ((NOT (X3)) (OR (X1 X2)))))))))
(CAPTURE_CANDIDATE (AND ((OR (X3 (AND (X1 X2 X3)) (AND ((NOT (X3)) (OR (X1 X2)))))))))
(Before getNewCandidates: 100)
(Going to merge 10 Instances)
(Metapop size before resize: 169)
(Metapop size after resize: 169)
""
(Generation 4)
"expand  deme returnn"
(SelectedTree: (AND (NOT X2) (OR (AND (NOT X3) X1) (AND (NOT X1) X3))))
(GeneratedList: (0 0 0 0 0 0 0 1 0 0 0 0 0 0 0 1 0 0 1 0 1 0 0 0 0 0 0 0 0 0 0 1 0 0 0 0 0 0 0 0 0 1 0 1 0 0 0 1 0 0 0 0 0 0 0 0 0 0 0 0 0 0 0 0 0 0 0 0 0 0 0 1 0 0 0 0 0 0 0 0 0 0 0 0 0 0 0 0))
""
(Iteration 1 running)
(Crossover: false)
(CenterInst: (0 0 0 0 0 0 0 1 0 0 0 0 0 0 0 1 0 0 1 0 1 0 0 0 0 0 0 0 0 0 0 1 0 0 0 0 0 0 0 0 0 1 0 1 0 0 0 1 0 0 0 0 0 0 0 0 0 0 0 0 0 0 0 0 0 0 0 0 0 0 0 1 0 0 0 0 0 0 0 0 0 0 0 0 0 0 0 0))
(size: 8)
(1 : 1 : 0)
(CAPTURE_CANDIDATE (AND ((NOT (X2)) (OR ((AND (X1 (NOT (X3)))) (AND ((NOT (X1)) X3)))))))
(New best score: -3.4285714285714284)
""
(Iteration 2 running)
(Crossover: false)
(CenterInst: (0 0 0 0 0 0 0 1 0 0 0 0 0 0 0 1 0 0 1 0 1 0 0 0 0 0 0 0 0 0 0 1 0 0 0 0 0 0 0 0 0 1 0 1 0 0 0 1 0 0 0 0 0 0 0 0 0 0 0 0 0 0 0 0 0 0 0 0 0 0 0 1 0 0 0 0 0 0 0 0 0 0 0 0 0 0 0 0))
(size: 8)
(528 : 499 : 1)
(CAPTURE_CANDIDATE (AND ((NOT (X2)) (OR ((AND (X1 (NOT (X3)))) (AND ((NOT (X1)) X3)))))))
(CAPTURE_CANDIDATE (AND ((OR ((AND ((NOT (X2)) (OR ((AND (X1 (NOT (X3)))) (AND ((NOT (X1)) X3)))))) X1)))))
(CAPTURE_CANDIDATE (AND ((OR ((AND ((NOT (X2)) (OR ((AND (X1 (NOT (X3)))) (AND ((NOT (X1)) X3)))))) (NOT (X1)))))))
(CAPTURE_CANDIDATE (AND ((OR ((AND ((NOT (X2)) (OR ((AND (X1 (NOT (X3)))) (AND ((NOT (X1)) X3)))))) X2)))))
(CAPTURE_CANDIDATE (AND ((NOT (X2)) (OR ((AND (X1 (NOT (X3)))) (AND ((NOT (X1)) X3)))))))
(CAPTURE_CANDIDATE (AND ((OR ((AND ((NOT (X2)) (OR ((AND (X1 (NOT (X3)))) (AND ((NOT (X1)) X3)))))) X3)))))
(CAPTURE_CANDIDATE (AND ((OR ((AND ((NOT (X2)) (OR ((AND (X1 (NOT (X3)))) (AND ((NOT (X1)) X3)))))) (NOT (X3)))))))
(CAPTURE_CANDIDATE (AND ((OR ((AND ((NOT (X2)) (OR ((AND (X1 (NOT (X3)))) (AND ((NOT (X1)) X3)))))) (AND ((NOT (X1)) X3)))))))
(CAPTURE_CANDIDATE (AND ((OR ((AND ((NOT (X2)) (OR ((AND (X1 (NOT (X3)))) (AND ((NOT (X1)) X3)))))) X1 (NOT (X3)))))))
(CAPTURE_CANDIDATE (AND ((NOT (X2)) (OR (X3 (AND (X1 (NOT (X3)))) (AND ((NOT (X1)) X3)))))))
(CAPTURE_CANDIDATE (AND ((OR ((AND ((NOT (X2)) (OR ((AND (X1 (NOT (X3)))) (AND ((NOT (X1)) X3)))))) X2 (NOT (X3)))))))
(CAPTURE_CANDIDATE (AND ((OR ((AND ((NOT (X2)) (OR ((AND (X1 (NOT (X3)))) (AND ((NOT (X1)) X3)))))) (AND (X1 X3)))))))
(CAPTURE_CANDIDATE (AND ((OR ((AND ((NOT (X2)) (OR ((AND (X1 (NOT (X3)))) (AND ((NOT (X1)) X3)))))) (NOT (X1)) (NOT (X3)))))))
(CAPTURE_CANDIDATE (AND (X1 (NOT (X2)) (NOT (X3)))))
(CAPTURE_CANDIDATE (AND ((NOT (X1)) (NOT (X2)) X3)))
(CAPTURE_CANDIDATE (AND ((OR ((AND (X1 (NOT (X3)))) (AND ((NOT (X1)) X3)))))))
(CAPTURE_CANDIDATE (AND (X2 (OR ((AND (X1 (NOT (X3)))) (AND ((NOT (X1)) X3)))))))
(CAPTURE_CANDIDATE (AND (X3 (NOT (X2)) (NOT (X1)))))
(CAPTURE_CANDIDATE (AND ((NOT (X3)) (NOT (X2)) X1)))
(CAPTURE_CANDIDATE (AND ((NOT (X2)) X1 (NOT (X3)))))
(CAPTURE_CANDIDATE (AND ((NOT (X1)) (NOT (X2)) X3)))
(CAPTURE_CANDIDATE (AND ((NOT (X2)) (NOT (X1)) X3)))
(CAPTURE_CANDIDATE (AND (X1 (NOT (X2)) (NOT (X3)))))
(CAPTURE_CANDIDATE (AND ((NOT (X2)) (OR ((AND (X1 (NOT (X3)))) (AND ((NOT (X1)) X3)))) (OR ((NOT (X1)) X3)))))
(CAPTURE_CANDIDATE (AND (X1 (NOT (X3)) (NOT (X2)))))
(CAPTURE_CANDIDATE (AND ((NOT (X2)) (OR ((AND (X1 (NOT (X3)))) X1 (AND ((NOT (X1)) X3)))))))
(CAPTURE_CANDIDATE (AND ((NOT (X2)) (OR ((AND (X1 (NOT (X3)))) (NOT (X1)) (AND ((NOT (X1)) X3)))))))
(CAPTURE_CANDIDATE (AND ((NOT (X2)) (OR ((AND (X1 (NOT (X3)))) (AND ((NOT (X1)) X3)))))))
(CAPTURE_CANDIDATE (NOT (X2)))
(CAPTURE_CANDIDATE (AND ((NOT (X2)) (OR ((AND (X1 (NOT (X3)))) X3 (AND ((NOT (X1)) X3)))))))
(CAPTURE_CANDIDATE (AND ((NOT (X2)) (OR ((AND (X1 (NOT (X3)))) (NOT (X3)) (AND ((NOT (X1)) X3)))))))
(CAPTURE_CANDIDATE (AND ((NOT (X2)) X1 (NOT (X3)))))
(CAPTURE_CANDIDATE (AND ((NOT (X2)) (OR ((AND (X1 (NOT (X3)))) X1 (NOT (X3)))))))
(CAPTURE_CANDIDATE (AND ((NOT (X2)) (OR ((AND (X1 (NOT (X3)))) (AND ((NOT (X1)) X3)))))))
(CAPTURE_CANDIDATE (NOT (X2)))
(CAPTURE_CANDIDATE (AND ((NOT (X2)) (OR ((AND (X1 (NOT (X3)))) (AND ((NOT (X1)) X3)))))))
(CAPTURE_CANDIDATE (NOT (X2)))
(CAPTURE_CANDIDATE (AND ((NOT (X2)) (OR ((NOT (X3)) (AND ((NOT (X1)) X3)))))))
(CAPTURE_CANDIDATE (AND ((NOT (X2)) (NOT (X1)) (OR ((NOT (X3)) X3)))))
(CAPTURE_CANDIDATE (AND ((NOT (X2)) (NOT (X1)) X3)))
(CAPTURE_CANDIDATE (AND ((NOT (X2)) (OR ((AND (X1 (NOT (X3)))) (AND ((NOT (X1)) X3)))))))
(CAPTURE_CANDIDATE (AND ((NOT (X2)) (OR (X1 (AND ((NOT (X1)) X3)))))))
(CAPTURE_CANDIDATE (AND ((NOT (X2)) X3 (OR (X1 (NOT (X1)))))))
(CAPTURE_CANDIDATE (AND ((NOT (X2)) (NOT (X1)) X3)))
(CAPTURE_CANDIDATE (AND ((NOT (X2)) (OR ((AND (X1 (NOT (X3)))) (AND ((NOT (X1)) X3)))))))
(CAPTURE_CANDIDATE (AND ((NOT (X2)) (OR ((AND (X1 (NOT (X3)))) (AND ((NOT (X1)) X3)))))))
(CAPTURE_CANDIDATE (AND ((NOT (X2)) (NOT (X1)) (OR ((NOT (X3)) X3)))))
(CAPTURE_CANDIDATE (AND ((NOT (X2)) (OR ((AND (X1 (NOT (X3)))) (AND ((NOT (X1)) X3)))))))
(CAPTURE_CANDIDATE (AND ((NOT (X2)) (NOT (X1)) (OR ((NOT (X3)) X3)))))
(CAPTURE_CANDIDATE (AND ((NOT (X2)) (OR ((AND ((NOT (X3)) X1)) (AND ((NOT (X1)) X3)))))))
(CAPTURE_CANDIDATE (AND ((NOT (X2)) (OR ((NOT (X3)) (AND ((NOT (X1)) X3)))))))
(CAPTURE_CANDIDATE (AND ((NOT (X2)) (OR ((AND ((NOT (X3)) X1)) (AND ((NOT (X1)) X3)))))))
(CAPTURE_CANDIDATE (AND ((NOT (X2)) (OR ((NOT (X3)) (AND ((NOT (X1)) X3)))))))
(CAPTURE_CANDIDATE (AND ((NOT (X2)) (OR ((AND ((NOT (X3)) X1)) (AND ((NOT (X1)) X3)))))))
(CAPTURE_CANDIDATE (AND ((NOT (X2)) (OR ((NOT (X3)) (AND ((NOT (X1)) X3)))))))
(CAPTURE_CANDIDATE (AND ((NOT (X2)) (NOT (X1)) X3)))
(CAPTURE_CANDIDATE (AND ((NOT (X2)) (OR ((NOT (X3)) (AND ((NOT (X1)) X3)))))))
(CAPTURE_CANDIDATE (AND ((NOT (X2)) (OR ((AND ((NOT (X3)) X1)) (AND ((NOT (X1)) X3)))))))
(CAPTURE_CANDIDATE (AND ((NOT (X2)) (OR ((NOT (X3)) (AND ((NOT (X1)) X3)))))))
(CAPTURE_CANDIDATE (AND ((NOT (X2)) (OR (X1 (AND ((NOT (X1)) X3)))))))
(CAPTURE_CANDIDATE (AND ((NOT (X2)) (OR ((AND (X1 (NOT (X3)))) (AND ((NOT (X1)) X3)))))))
(CAPTURE_CANDIDATE (AND ((NOT (X2)) (OR ((AND (X1 (NOT (X3)))) (AND ((NOT (X1)) X3)))))))
(CAPTURE_CANDIDATE (AND ((NOT (X2)) (OR (X1 (AND ((NOT (X1)) X3)))))))
(CAPTURE_CANDIDATE (AND ((NOT (X2)) (OR (X1 (AND ((NOT (X1)) X3)))))))
(CAPTURE_CANDIDATE (AND ((NOT (X2)) X3 (OR (X1 (NOT (X1)))))))
(CAPTURE_CANDIDATE (AND ((NOT (X2)) (OR ((AND (X1 (NOT (X3)))) (AND ((NOT (X1)) X3)))))))
(CAPTURE_CANDIDATE (AND ((NOT (X2)) (OR (X1 (AND ((NOT (X1)) X3)))))))
(CAPTURE_CANDIDATE (AND ((NOT (X2)) (OR ((AND (X1 (OR ((NOT (X3)) X3)))) (AND ((NOT (X1)) X3)))))))
(CAPTURE_CANDIDATE (AND ((NOT (X2)) (OR ((AND (X1 (NOT (X3)))) (AND ((NOT (X1)) X3)))))))
(CAPTURE_CANDIDATE (AND ((NOT (X2)) (OR ((AND (X1 (NOT (X3)))) (AND ((NOT (X1)) X3)))))))
(CAPTURE_CANDIDATE (AND ((NOT (X2)) (OR (X1 (AND ((NOT (X1)) X3)))))))
(CAPTURE_CANDIDATE (AND ((NOT (X2)) (OR ((AND (X1 (NOT (X3)))) (AND ((NOT (X1)) X3)))))))
(CAPTURE_CANDIDATE (AND ((NOT (X2)) (NOT (X1)) X3)))
(CAPTURE_CANDIDATE (AND ((NOT (X2)) (NOT (X1)) X3)))
(CAPTURE_CANDIDATE (AND ((NOT (X2)) (OR ((AND (X1 (NOT (X3)))) (AND ((NOT (X1)) X3)))))))
(CAPTURE_CANDIDATE (AND ((NOT (X2)) (NOT (X1)) X3)))
(CAPTURE_CANDIDATE (AND ((NOT (X2)) (OR ((AND (X1 (NOT (X3)))) (AND ((NOT (X1)) X3)))))))
(CAPTURE_CANDIDATE (AND ((NOT (X2)) (NOT (X1)) X3)))
(CAPTURE_CANDIDATE (AND ((NOT (X2)) (OR ((AND (X1 (NOT (X3)))) (AND ((NOT (X1)) X3)))))))
(CAPTURE_CANDIDATE (AND ((NOT (X2)) (NOT (X1)) X3)))
(CAPTURE_CANDIDATE (AND ((NOT (X2)) (OR ((AND (X1 (NOT (X3)))) (AND ((NOT (X1)) X3)))))))
(CAPTURE_CANDIDATE (AND ((NOT (X2)) (NOT (X1)) X3)))
(CAPTURE_CANDIDATE (AND ((NOT (X2)) (OR ((AND (X1 (NOT (X3)))) (AND ((NOT (X1)) X3)))))))
(CAPTURE_CANDIDATE (AND ((NOT (X2)) (OR ((AND (X1 (NOT (X3)))) X3)))))
(CAPTURE_CANDIDATE (AND ((NOT (X2)) X1 (OR ((NOT (X3)) X3)))))
(CAPTURE_CANDIDATE (AND ((NOT (X2)) X1 (NOT (X3)))))
(CAPTURE_CANDIDATE (AND ((NOT (X2)) (OR ((AND (X1 (NOT (X3)))) (AND ((NOT (X1)) X3)))))))
(CAPTURE_CANDIDATE (AND ((NOT (X2)) (OR ((AND (X1 (NOT (X3)))) (NOT (X1)))))))
(CAPTURE_CANDIDATE (AND ((NOT (X2)) (NOT (X3)) (OR (X1 (NOT (X1)))))))
(CAPTURE_CANDIDATE (AND ((NOT (X2)) (OR ((AND (X1 (NOT (X3)))) (AND ((NOT (X1)) X3)))))))
(CAPTURE_CANDIDATE (AND ((NOT (X2)) X1 (NOT (X3)))))
(CAPTURE_CANDIDATE (AND ((NOT (X2)) X1 (NOT (X3)))))
(CAPTURE_CANDIDATE (AND ((NOT (X2)) (OR ((AND (X1 (NOT (X3)))) (AND ((NOT (X1)) X3)))))))
(CAPTURE_CANDIDATE (AND ((NOT (X2)) (OR ((AND (X1 (NOT (X3)))) (AND ((NOT (X1)) X3)))))))
(CAPTURE_CANDIDATE (AND ((NOT (X2)) X1 (OR ((NOT (X3)) X3)))))
(CAPTURE_CANDIDATE (AND ((NOT (X2)) (OR ((AND (X1 (NOT (X3)))) X3)))))
(CAPTURE_CANDIDATE (AND ((NOT (X2)) X1 (OR ((NOT (X3)) X3)))))
(CAPTURE_CANDIDATE (AND ((NOT (X2)) (OR ((AND (X1 (NOT (X3)))) (AND (X3 (NOT (X1)))))))))
(CAPTURE_CANDIDATE (AND ((NOT (X2)) (OR ((AND (X1 (NOT (X3)))) X3)))))
(CAPTURE_CANDIDATE (AND ((NOT (X2)) (OR ((AND (X1 (NOT (X3)))) X3)))))
(CAPTURE_CANDIDATE (AND ((NOT (X2)) (OR ((AND (X1 (NOT (X3)))) (AND (X3 (NOT (X1)))))))))
(CAPTURE_CANDIDATE (AND ((NOT (X2)) (OR ((AND (X1 (NOT (X3)))) X3)))))
(CAPTURE_CANDIDATE (AND ((NOT (X2)) (OR ((AND (X1 (NOT (X3)))) (AND (X3 (NOT (X1)))))))))
(CAPTURE_CANDIDATE (AND ((NOT (X2)) (OR ((AND (X1 (NOT (X3)))) (AND (X3 (NOT (X1)))))))))
(CAPTURE_CANDIDATE (AND ((NOT (X2)) (OR ((AND (X1 (NOT (X3)))) X3)))))
(CAPTURE_CANDIDATE (AND ((NOT (X2)) (OR ((AND (X1 (NOT (X3)))) (AND ((NOT (X1)) X3)))))))
(CAPTURE_CANDIDATE (AND ((NOT (X2)) (OR ((AND (X1 (NOT (X3)))) (AND (X3 (OR ((NOT (X1)) X1)))))))))
(CAPTURE_CANDIDATE (AND ((NOT (X2)) (OR ((AND (X1 (NOT (X3)))) (AND ((NOT (X1)) X3)))))))
(CAPTURE_CANDIDATE (AND ((NOT (X2)) (OR ((AND (X1 (NOT (X3)))) (NOT (X1)))))))
(CAPTURE_CANDIDATE (AND ((NOT (X2)) (OR ((AND (X1 (NOT (X3)))) (AND ((NOT (X1)) X3)))))))
(CAPTURE_CANDIDATE (AND ((NOT (X2)) (OR ((AND (X1 (NOT (X3)))) (NOT (X1)))))))
(CAPTURE_CANDIDATE (AND ((NOT (X2)) (OR ((AND (X1 (NOT (X3)))) (AND ((NOT (X1)) X3)))))))
(CAPTURE_CANDIDATE (AND ((NOT (X2)) (OR ((AND (X1 (NOT (X3)))) (NOT (X1)))))))
(CAPTURE_CANDIDATE (AND ((NOT (X2)) (OR ((AND (X1 (NOT (X3)))) (AND ((NOT (X1)) X3)))))))
(CAPTURE_CANDIDATE (AND ((NOT (X2)) (OR ((AND (X1 (NOT (X3)))) (NOT (X1)))))))
(CAPTURE_CANDIDATE (AND ((NOT (X2)) (OR ((AND (X1 (NOT (X3)))) (AND ((NOT (X1)) X3 (NOT (X1)))))))))
(CAPTURE_CANDIDATE (AND ((NOT (X2)) (OR ((AND (X1 (NOT (X3)))) (AND ((NOT (X1)) (OR (X3 (NOT (X3)))))))))))
(CAPTURE_CANDIDATE (AND ((NOT (X2)) X1 (NOT (X3)))))
(CAPTURE_CANDIDATE (AND ((NOT (X2)) (OR ((AND (X1 (NOT (X3)))) (AND ((NOT (X1)) X3)))))))
(CAPTURE_CANDIDATE (AND ((NOT (X2)) X1 (NOT (X3)))))
(CAPTURE_CANDIDATE (AND ((NOT (X2)) (OR ((AND (X1 (NOT (X3)))) (AND ((NOT (X1)) X3)))))))
(CAPTURE_CANDIDATE (AND ((NOT (X2)) (OR ((AND (X1 (NOT (X3)))) (AND ((NOT (X1)) X3)))))))
(CAPTURE_CANDIDATE (AND ((NOT (X2)) X1 (NOT (X3)))))
(CAPTURE_CANDIDATE (AND ((NOT (X2)) X1 (NOT (X3)))))
(CAPTURE_CANDIDATE (AND ((NOT (X2)) (OR ((AND (X1 (NOT (X3)))) (AND ((NOT (X1)) X3)))))))
(CAPTURE_CANDIDATE (AND ((NOT (X2)) X1 (NOT (X3)))))
(CAPTURE_CANDIDATE (AND ((NOT (X2)) (OR ((AND (X1 (NOT (X3)))) (AND ((NOT (X1)) X3)))))))
(CAPTURE_CANDIDATE (AND ((NOT (X2)) X1 (NOT (X3)))))
(CAPTURE_CANDIDATE (AND ((NOT (X2)) (OR ((AND (X1 (NOT (X3)))) (AND ((NOT (X1)) X3)))))))
(CAPTURE_CANDIDATE (AND ((NOT (X2)) (OR ((AND (X1 (NOT (X3)))) (AND ((NOT (X1)) X3)) X1)))))
(CAPTURE_CANDIDATE (AND ((NOT (X2)) (OR ((AND (X1 (NOT (X3)))) (AND ((NOT (X1)) X3)) (NOT (X1)))))))
(CAPTURE_CANDIDATE (AND ((NOT (X2)) (OR ((AND (X1 (NOT (X3)))) (AND ((NOT (X1)) X3)))))))
(CAPTURE_CANDIDATE (NOT (X2)))
(CAPTURE_CANDIDATE (AND ((NOT (X2)) (OR ((AND (X1 (NOT (X3)))) (AND ((NOT (X1)) X3)) X3)))))
(CAPTURE_CANDIDATE (AND ((NOT (X2)) (OR ((AND (X1 (NOT (X3)))) (AND ((NOT (X1)) X3)) (NOT (X3)))))))
(CAPTURE_CANDIDATE (AND ((NOT (X2)) (OR ((AND (X1 (NOT (X3)))) (AND ((NOT (X1)) X3)) X1)))))
(CAPTURE_CANDIDATE (AND ((NOT (X2)) (OR ((AND (X1 (NOT (X3)))) (AND ((NOT (X1)) X3)) (NOT (X1)))))))
(CAPTURE_CANDIDATE (NOT (X2)))
(CAPTURE_CANDIDATE (AND ((NOT (X2)) (OR ((AND (X1 (NOT (X3)))) (AND ((NOT (X1)) X3)))))))
(CAPTURE_CANDIDATE (AND ((NOT (X2)) (OR ((AND (X1 (NOT (X3)))) (AND ((NOT (X1)) X3)) (NOT (X1)))))))
(CAPTURE_CANDIDATE (AND ((NOT (X2)) (OR ((AND (X1 (NOT (X3)))) (AND ((NOT (X1)) X3)) X1)))))
(CAPTURE_CANDIDATE (AND ((OR ((AND (X1 (NOT (X3)))) (AND ((NOT (X1)) X3)))) (OR (X1 (NOT (X2)))))))
(CAPTURE_CANDIDATE (AND ((OR ((AND (X1 (NOT (X3)))) (AND ((NOT (X1)) X3)))) (OR ((NOT (X1)) (NOT (X2)))))))
(CAPTURE_CANDIDATE (AND ((OR ((AND (X1 (NOT (X3)))) (AND ((NOT (X1)) X3)))))))
(CAPTURE_CANDIDATE (AND (X2 (OR ((AND (X1 (NOT (X3)))) (AND ((NOT (X1)) X3)))))))
(CAPTURE_CANDIDATE (AND ((OR ((AND (X1 (NOT (X3)))) (AND ((NOT (X1)) X3)))) (OR ((NOT (X2)) X3)))))
(CAPTURE_CANDIDATE (AND ((OR ((AND (X1 (NOT (X3)))) (AND ((NOT (X1)) X3)))) (OR ((NOT (X2)) (NOT (X3)))))))
(CAPTURE_CANDIDATE (AND ((OR ((AND (X1 (NOT (X3)))) (AND ((NOT (X1)) X3)))) (OR ((NOT (X2)) (AND ((NOT (X1)) X2)))))))
(CAPTURE_CANDIDATE (AND ((OR ((AND (X1 (NOT (X3)))) (AND ((NOT (X1)) X3)))) (OR ((NOT (X2)) X1 (NOT (X2)))))))
(CAPTURE_CANDIDATE (AND ((OR ((AND (X1 (NOT (X3)))) (AND ((NOT (X1)) X3)))) (OR ((NOT (X2)) (AND (X1 X3)))))))
(CAPTURE_CANDIDATE (AND ((OR ((AND (X1 (NOT (X3)))) (AND ((NOT (X1)) X3)))) (OR ((NOT (X2)) (NOT (X1)) (NOT (X3)))))))
(CAPTURE_CANDIDATE (AND ((NOT (X2)) X3 (NOT (X1)))))
(CAPTURE_CANDIDATE (AND ((OR ((AND (X1 (NOT (X3)))) (AND ((NOT (X1)) X3)))) (OR ((NOT (X2)) X2 (NOT (X3)))))))
(CAPTURE_CANDIDATE (AND ((NOT (X2)) X1 (NOT (X3)))))
(CAPTURE_CANDIDATE (AND ((NOT (X2)) (NOT (X1)) X3)))
(CAPTURE_CANDIDATE (AND ((NOT (X2)) (OR ((AND (X1 (NOT (X3)))) (AND ((NOT (X1)) X3)))))))
(CAPTURE_CANDIDATE (AND ((NOT (X2)) X3 (NOT (X1)))))
(CAPTURE_CANDIDATE (AND ((NOT (X2)) (NOT (X3)) X1)))
(CAPTURE_CANDIDATE (AND ((NOT (X2)) X3 (NOT (X1)))))
(CAPTURE_CANDIDATE (AND ((NOT (X2)) (NOT (X3)) X1)))
(CAPTURE_CANDIDATE (AND ((NOT (X2)) (OR ((AND (X1 (NOT (X3)))) (AND ((NOT (X1)) X3)))))))
(CAPTURE_CANDIDATE (AND ((NOT (X2)) (OR ((AND (X1 (NOT (X3)))) (AND ((NOT (X1)) X3)))))))
(CAPTURE_CANDIDATE (AND ((OR ((AND ((NOT (X2)) (OR ((AND (X1 (NOT (X3)))) (AND ((NOT (X1)) X3)))))) X1)))))
(CAPTURE_CANDIDATE (AND ((OR ((AND ((NOT (X2)) (OR ((AND (X1 (NOT (X3)))) (AND ((NOT (X1)) X3)))))) (NOT (X1)))))))
(CAPTURE_CANDIDATE (AND ((OR ((AND ((NOT (X2)) (OR ((AND (X1 (NOT (X3)))) (AND ((NOT (X1)) X3)))))) X2)))))
(CAPTURE_CANDIDATE (AND ((NOT (X2)) (OR ((AND (X1 (NOT (X3)))) (AND ((NOT (X1)) X3)))))))
(CAPTURE_CANDIDATE (AND ((OR ((AND ((NOT (X2)) (OR ((AND (X1 (NOT (X3)))) (AND ((NOT (X1)) X3)))))) X3)))))
(CAPTURE_CANDIDATE (AND ((OR ((AND ((NOT (X2)) (OR ((AND (X1 (NOT (X3)))) (AND ((NOT (X1)) X3)))))) (NOT (X3)))))))
(CAPTURE_CANDIDATE (AND ((OR ((AND ((NOT (X2)) (OR ((AND (X1 (NOT (X3)))) (AND ((NOT (X1)) X3)))))) (NOT (X2)) X3)))))
(CAPTURE_CANDIDATE (AND ((OR ((AND ((NOT (X2)) (OR ((AND (X1 (NOT (X3)))) (AND ((NOT (X1)) X3)))))) (AND (X2 (NOT (X3)))))))))
(CAPTURE_CANDIDATE (AND ((OR ((AND ((NOT (X2)) (OR ((AND (X1 (NOT (X3)))) (AND ((NOT (X1)) X3)))))) (NOT (X1)) X2)))))
(CAPTURE_CANDIDATE (AND ((NOT (X2)) (OR (X1 (AND (X1 (NOT (X3)))) (AND ((NOT (X1)) X3)))))))
(CAPTURE_CANDIDATE (AND ((OR ((AND ((NOT (X2)) (OR ((AND (X1 (NOT (X3)))) (AND ((NOT (X1)) X3)))))) X2 X3)))))
(CAPTURE_CANDIDATE (AND ((NOT (X2)) (OR ((NOT (X3)) (AND (X1 (NOT (X3)))) (AND ((NOT (X1)) X3)))))))
(New best score: -3.4285714285714284)
""
(Iteration 3 running)
(Crossover: true)
(CenterInst: (0 0 0 0 0 0 0 1 0 0 0 0 0 0 0 1 0 0 1 0 1 0 0 0 0 0 0 0 0 0 0 1 0 0 0 0 0 0 0 0 0 1 0 1 0 0 0 1 0 0 0 0 0 0 0 0 0 0 0 0 0 0 0 0 0 0 0 0 0 0 0 1 0 0 0 0 0 0 0 0 0 0 0 0 0 0 0 0))
(size: 8)
(34716 : 323 : 2)
(CAPTURE_CANDIDATE (AND ((NOT (X2)) (OR ((AND (X1 (NOT (X3)))) (AND ((NOT (X1)) X3)))))))
(CAPTURE_CANDIDATE (AND ((OR ((AND ((NOT (X2)) (OR ((AND (X1 (NOT (X3)))) (AND ((NOT (X1)) X3)))))) X1)))))
(CAPTURE_CANDIDATE (AND ((OR ((AND ((NOT (X2)) (OR ((AND (X1 (NOT (X3)))) (AND ((NOT (X1)) X3)))))) (NOT (X1)))))))
(CAPTURE_CANDIDATE (AND ((OR ((AND ((NOT (X2)) (OR ((AND (X1 (NOT (X3)))) (AND ((NOT (X1)) X3)))))) X2)))))
(CAPTURE_CANDIDATE (AND ((NOT (X2)) (OR ((AND (X1 (NOT (X3)))) (AND ((NOT (X1)) X3)))))))
(CAPTURE_CANDIDATE (AND ((OR ((AND ((NOT (X2)) (OR ((AND (X1 (NOT (X3)))) (AND ((NOT (X1)) X3)))))) X3)))))
(CAPTURE_CANDIDATE (AND ((OR ((AND ((NOT (X2)) (OR ((AND (X1 (NOT (X3)))) (AND ((NOT (X1)) X3)))))) (NOT (X3)))))))
(CAPTURE_CANDIDATE (AND ((OR ((AND ((NOT (X2)) (OR ((AND (X1 (NOT (X3)))) (AND ((NOT (X1)) X3)))))) (AND ((NOT (X1)) X3)))))))
(CAPTURE_CANDIDATE (AND ((OR ((AND ((NOT (X2)) (OR ((AND (X1 (NOT (X3)))) (AND ((NOT (X1)) X3)))))) X1 (NOT (X3)))))))
(CAPTURE_CANDIDATE (AND ((NOT (X2)) (OR (X3 (AND (X1 (NOT (X3)))) (AND ((NOT (X1)) X3)))))))
(CAPTURE_CANDIDATE (AND ((OR ((AND ((NOT (X2)) (OR ((AND (X1 (NOT (X3)))) (AND ((NOT (X1)) X3)))))) X2 (NOT (X3)))))))
(CAPTURE_CANDIDATE (AND ((OR ((AND ((NOT (X2)) (OR ((AND (X1 (NOT (X3)))) (AND ((NOT (X1)) X3)))))) (AND (X1 X3)))))))
(CAPTURE_CANDIDATE (AND ((OR ((AND ((NOT (X2)) (OR ((AND (X1 (NOT (X3)))) (AND ((NOT (X1)) X3)))))) (NOT (X1)) (NOT (X3)))))))
(CAPTURE_CANDIDATE (AND (X1 (NOT (X2)) (NOT (X3)))))
(CAPTURE_CANDIDATE (AND ((NOT (X1)) (NOT (X2)) X3)))
(CAPTURE_CANDIDATE (AND ((OR ((AND (X1 (NOT (X3)))) (AND ((NOT (X1)) X3)))))))
(CAPTURE_CANDIDATE (AND (X2 (OR ((AND (X1 (NOT (X3)))) (AND ((NOT (X1)) X3)))))))
(CAPTURE_CANDIDATE (AND (X3 (NOT (X2)) (NOT (X1)))))
(CAPTURE_CANDIDATE (AND ((NOT (X3)) (NOT (X2)) X1)))
(CAPTURE_CANDIDATE (AND ((NOT (X2)) X1 (NOT (X3)))))
(CAPTURE_CANDIDATE (AND ((NOT (X1)) (NOT (X2)) X3)))
(CAPTURE_CANDIDATE (AND ((NOT (X2)) (NOT (X1)) X3)))
(CAPTURE_CANDIDATE (AND (X1 (NOT (X2)) (NOT (X3)))))
(CAPTURE_CANDIDATE (AND ((NOT (X2)) (OR ((AND (X1 (NOT (X3)))) (AND ((NOT (X1)) X3)))) (OR ((NOT (X1)) X3)))))
(CAPTURE_CANDIDATE (AND (X1 (NOT (X3)) (NOT (X2)))))
(CAPTURE_CANDIDATE (AND ((NOT (X2)) (OR ((AND (X1 (NOT (X3)))) X1 (AND ((NOT (X1)) X3)))))))
(CAPTURE_CANDIDATE (AND ((NOT (X2)) (OR ((AND (X1 (NOT (X3)))) (NOT (X1)) (AND ((NOT (X1)) X3)))))))
(CAPTURE_CANDIDATE (AND ((NOT (X2)) (OR ((AND (X1 (NOT (X3)))) (AND ((NOT (X1)) X3)))))))
(CAPTURE_CANDIDATE (NOT (X2)))
(CAPTURE_CANDIDATE (AND ((NOT (X2)) (OR ((AND (X1 (NOT (X3)))) X3 (AND ((NOT (X1)) X3)))))))
(CAPTURE_CANDIDATE (AND ((NOT (X2)) (OR ((AND (X1 (NOT (X3)))) (NOT (X3)) (AND ((NOT (X1)) X3)))))))
(CAPTURE_CANDIDATE (AND ((NOT (X2)) X1 (NOT (X3)))))
(CAPTURE_CANDIDATE (AND ((NOT (X2)) (OR ((AND (X1 (NOT (X3)))) X1 (NOT (X3)))))))
(CAPTURE_CANDIDATE (AND ((NOT (X2)) (OR ((AND (X1 (NOT (X3)))) (AND ((NOT (X1)) X3)))))))
(CAPTURE_CANDIDATE (NOT (X2)))
(CAPTURE_CANDIDATE (AND ((NOT (X2)) (OR ((AND (X1 (NOT (X3)))) (AND ((NOT (X1)) X3)))))))
(CAPTURE_CANDIDATE (NOT (X2)))
(CAPTURE_CANDIDATE (AND ((NOT (X2)) (OR ((NOT (X3)) (AND ((NOT (X1)) X3)))))))
(CAPTURE_CANDIDATE (AND ((NOT (X2)) (NOT (X1)) (OR ((NOT (X3)) X3)))))
(CAPTURE_CANDIDATE (AND ((NOT (X2)) (NOT (X1)) X3)))
(CAPTURE_CANDIDATE (AND ((NOT (X2)) (OR ((AND (X1 (NOT (X3)))) (AND ((NOT (X1)) X3)))))))
(CAPTURE_CANDIDATE (AND ((NOT (X2)) (OR (X1 (AND ((NOT (X1)) X3)))))))
(CAPTURE_CANDIDATE (AND ((NOT (X2)) X3 (OR (X1 (NOT (X1)))))))
(CAPTURE_CANDIDATE (AND ((NOT (X2)) (NOT (X1)) X3)))
(CAPTURE_CANDIDATE (AND ((NOT (X2)) (OR ((AND (X1 (NOT (X3)))) (AND ((NOT (X1)) X3)))))))
(CAPTURE_CANDIDATE (AND ((NOT (X2)) (OR ((AND (X1 (NOT (X3)))) (AND ((NOT (X1)) X3)))))))
(CAPTURE_CANDIDATE (AND ((NOT (X2)) (NOT (X1)) (OR ((NOT (X3)) X3)))))
(CAPTURE_CANDIDATE (AND ((NOT (X2)) (OR ((AND (X1 (NOT (X3)))) (AND ((NOT (X1)) X3)))))))
(CAPTURE_CANDIDATE (AND ((NOT (X2)) (NOT (X1)) (OR ((NOT (X3)) X3)))))
(CAPTURE_CANDIDATE (AND ((NOT (X2)) (OR ((AND ((NOT (X3)) X1)) (AND ((NOT (X1)) X3)))))))
(CAPTURE_CANDIDATE (AND ((NOT (X2)) (OR ((NOT (X3)) (AND ((NOT (X1)) X3)))))))
(CAPTURE_CANDIDATE (AND ((NOT (X2)) (OR ((AND ((NOT (X3)) X1)) (AND ((NOT (X1)) X3)))))))
(CAPTURE_CANDIDATE (AND ((NOT (X2)) (OR ((NOT (X3)) (AND ((NOT (X1)) X3)))))))
(CAPTURE_CANDIDATE (AND ((NOT (X2)) (OR ((AND ((NOT (X3)) X1)) (AND ((NOT (X1)) X3)))))))
(CAPTURE_CANDIDATE (AND ((NOT (X2)) (OR ((NOT (X3)) (AND ((NOT (X1)) X3)))))))
(CAPTURE_CANDIDATE (AND ((NOT (X2)) (NOT (X1)) X3)))
(CAPTURE_CANDIDATE (AND ((NOT (X2)) (OR ((NOT (X3)) (AND ((NOT (X1)) X3)))))))
(CAPTURE_CANDIDATE (AND ((NOT (X2)) (OR ((AND ((NOT (X3)) X1)) (AND ((NOT (X1)) X3)))))))
(CAPTURE_CANDIDATE (AND ((NOT (X2)) (OR ((NOT (X3)) (AND ((NOT (X1)) X3)))))))
(CAPTURE_CANDIDATE (AND ((NOT (X2)) (OR (X1 (AND ((NOT (X1)) X3)))))))
(CAPTURE_CANDIDATE (AND ((NOT (X2)) (OR ((AND (X1 (NOT (X3)))) (AND ((NOT (X1)) X3)))))))
(CAPTURE_CANDIDATE (AND ((NOT (X2)) (OR ((AND (X1 (NOT (X3)))) (AND ((NOT (X1)) X3)))))))
(CAPTURE_CANDIDATE (AND ((NOT (X2)) (OR (X1 (AND ((NOT (X1)) X3)))))))
(CAPTURE_CANDIDATE (AND ((NOT (X2)) (OR (X1 (AND ((NOT (X1)) X3)))))))
(CAPTURE_CANDIDATE (AND ((NOT (X2)) X3 (OR (X1 (NOT (X1)))))))
(CAPTURE_CANDIDATE (AND ((NOT (X2)) (OR ((AND (X1 (NOT (X3)))) (AND ((NOT (X1)) X3)))))))
(CAPTURE_CANDIDATE (AND ((NOT (X2)) (OR (X1 (AND ((NOT (X1)) X3)))))))
(CAPTURE_CANDIDATE (AND ((NOT (X2)) (OR ((AND (X1 (OR ((NOT (X3)) X3)))) (AND ((NOT (X1)) X3)))))))
(CAPTURE_CANDIDATE (AND ((NOT (X2)) (OR ((AND (X1 (NOT (X3)))) (AND ((NOT (X1)) X3)))))))
(CAPTURE_CANDIDATE (AND ((NOT (X2)) (OR ((AND (X1 (NOT (X3)))) (AND ((NOT (X1)) X3)))))))
(CAPTURE_CANDIDATE (AND ((NOT (X2)) (OR (X1 (AND ((NOT (X1)) X3)))))))
(CAPTURE_CANDIDATE (AND ((NOT (X2)) (OR ((AND (X1 (NOT (X3)))) (AND ((NOT (X1)) X3)))))))
(CAPTURE_CANDIDATE (AND ((NOT (X2)) (NOT (X1)) X3)))
(CAPTURE_CANDIDATE (AND ((NOT (X2)) (NOT (X1)) X3)))
(CAPTURE_CANDIDATE (AND ((NOT (X2)) (OR ((AND (X1 (NOT (X3)))) (AND ((NOT (X1)) X3)))))))
(CAPTURE_CANDIDATE (AND ((NOT (X2)) (NOT (X1)) X3)))
(CAPTURE_CANDIDATE (AND ((NOT (X2)) (OR ((AND (X1 (NOT (X3)))) (AND ((NOT (X1)) X3)))))))
(CAPTURE_CANDIDATE (AND ((NOT (X2)) (NOT (X1)) X3)))
(CAPTURE_CANDIDATE (AND ((NOT (X2)) (OR ((AND (X1 (NOT (X3)))) (AND ((NOT (X1)) X3)))))))
(CAPTURE_CANDIDATE (AND ((NOT (X2)) (NOT (X1)) X3)))
(CAPTURE_CANDIDATE (AND ((NOT (X2)) (OR ((AND (X1 (NOT (X3)))) (AND ((NOT (X1)) X3)))))))
(CAPTURE_CANDIDATE (AND ((NOT (X2)) (NOT (X1)) X3)))
(CAPTURE_CANDIDATE (AND ((NOT (X2)) (OR ((AND (X1 (NOT (X3)))) (AND ((NOT (X1)) X3)))))))
(CAPTURE_CANDIDATE (AND ((NOT (X2)) (OR ((AND (X1 (NOT (X3)))) X3)))))
(CAPTURE_CANDIDATE (AND ((NOT (X2)) X1 (OR ((NOT (X3)) X3)))))
(CAPTURE_CANDIDATE (AND ((NOT (X2)) X1 (NOT (X3)))))
(CAPTURE_CANDIDATE (AND ((NOT (X2)) (OR ((AND (X1 (NOT (X3)))) (AND ((NOT (X1)) X3)))))))
(CAPTURE_CANDIDATE (AND ((NOT (X2)) (OR ((AND (X1 (NOT (X3)))) (NOT (X1)))))))
(CAPTURE_CANDIDATE (AND ((NOT (X2)) (NOT (X3)) (OR (X1 (NOT (X1)))))))
(CAPTURE_CANDIDATE (AND ((NOT (X2)) (OR ((AND (X1 (NOT (X3)))) (AND ((NOT (X1)) X3)))))))
(CAPTURE_CANDIDATE (AND ((NOT (X2)) X1 (NOT (X3)))))
(CAPTURE_CANDIDATE (AND ((NOT (X2)) X1 (NOT (X3)))))
(CAPTURE_CANDIDATE (AND ((NOT (X2)) (OR ((AND (X1 (NOT (X3)))) (AND ((NOT (X1)) X3)))))))
(CAPTURE_CANDIDATE (AND ((NOT (X2)) (OR ((AND (X1 (NOT (X3)))) (AND ((NOT (X1)) X3)))))))
(CAPTURE_CANDIDATE (AND ((NOT (X2)) X1 (OR ((NOT (X3)) X3)))))
(CAPTURE_CANDIDATE (AND ((NOT (X2)) (OR ((AND (X1 (NOT (X3)))) X3)))))
(CAPTURE_CANDIDATE (AND ((NOT (X2)) X1 (OR ((NOT (X3)) X3)))))
(CAPTURE_CANDIDATE (AND ((NOT (X2)) (OR ((AND (X1 (NOT (X3)))) (AND (X3 (NOT (X1)))))))))
(CAPTURE_CANDIDATE (AND ((NOT (X2)) (OR ((AND (X1 (NOT (X3)))) X3)))))
(CAPTURE_CANDIDATE (AND ((NOT (X2)) (OR ((AND (X1 (NOT (X3)))) X3)))))
(CAPTURE_CANDIDATE (AND ((NOT (X2)) (OR ((AND (X1 (NOT (X3)))) (AND (X3 (NOT (X1)))))))))
(CAPTURE_CANDIDATE (AND ((NOT (X2)) (OR ((AND (X1 (NOT (X3)))) X3)))))
(CAPTURE_CANDIDATE (AND ((NOT (X2)) (OR ((AND (X1 (NOT (X3)))) (AND (X3 (NOT (X1)))))))))
(CAPTURE_CANDIDATE (AND ((NOT (X2)) (OR ((AND (X1 (NOT (X3)))) (AND (X3 (NOT (X1)))))))))
(CAPTURE_CANDIDATE (AND ((NOT (X2)) (OR ((AND (X1 (NOT (X3)))) X3)))))
(CAPTURE_CANDIDATE (AND ((NOT (X2)) (OR ((AND (X1 (NOT (X3)))) (AND ((NOT (X1)) X3)))))))
(CAPTURE_CANDIDATE (AND ((NOT (X2)) (OR ((AND (X1 (NOT (X3)))) (AND (X3 (OR ((NOT (X1)) X1)))))))))
(CAPTURE_CANDIDATE (AND ((NOT (X2)) (OR ((AND (X1 (NOT (X3)))) (AND ((NOT (X1)) X3)))))))
(CAPTURE_CANDIDATE (AND ((NOT (X2)) (OR ((AND (X1 (NOT (X3)))) (NOT (X1)))))))
(CAPTURE_CANDIDATE (AND ((NOT (X2)) (OR ((AND (X1 (NOT (X3)))) (AND ((NOT (X1)) X3)))))))
(CAPTURE_CANDIDATE (AND ((NOT (X2)) (OR ((AND (X1 (NOT (X3)))) (NOT (X1)))))))
(CAPTURE_CANDIDATE (AND ((NOT (X2)) (OR ((AND (X1 (NOT (X3)))) (AND ((NOT (X1)) X3)))))))
(CAPTURE_CANDIDATE (AND ((NOT (X2)) (OR ((AND (X1 (NOT (X3)))) (NOT (X1)))))))
(CAPTURE_CANDIDATE (AND ((NOT (X2)) (OR ((AND (X1 (NOT (X3)))) (AND ((NOT (X1)) X3)))))))
(CAPTURE_CANDIDATE (AND ((NOT (X2)) (OR ((AND (X1 (NOT (X3)))) (NOT (X1)))))))
(CAPTURE_CANDIDATE (AND ((NOT (X2)) (OR ((AND (X1 (NOT (X3)))) (AND ((NOT (X1)) X3 (NOT (X1)))))))))
(CAPTURE_CANDIDATE (AND ((NOT (X2)) (OR ((AND (X1 (NOT (X3)))) (AND ((NOT (X1)) (OR (X3 (NOT (X3)))))))))))
(CAPTURE_CANDIDATE (AND ((NOT (X2)) X1 (NOT (X3)))))
(CAPTURE_CANDIDATE (AND ((NOT (X2)) (OR ((AND (X1 (NOT (X3)))) (AND ((NOT (X1)) X3)))))))
(CAPTURE_CANDIDATE (AND ((NOT (X2)) X1 (NOT (X3)))))
(CAPTURE_CANDIDATE (AND ((NOT (X2)) (OR ((AND (X1 (NOT (X3)))) (AND ((NOT (X1)) X3)))))))
(CAPTURE_CANDIDATE (AND ((NOT (X2)) (OR ((AND (X1 (NOT (X3)))) (AND ((NOT (X1)) X3)))))))
(CAPTURE_CANDIDATE (AND ((NOT (X2)) X1 (NOT (X3)))))
(CAPTURE_CANDIDATE (AND ((NOT (X2)) X1 (NOT (X3)))))
(CAPTURE_CANDIDATE (AND ((NOT (X2)) (OR ((AND (X1 (NOT (X3)))) (AND ((NOT (X1)) X3)))))))
(CAPTURE_CANDIDATE (AND ((NOT (X2)) X1 (NOT (X3)))))
(CAPTURE_CANDIDATE (AND ((NOT (X2)) (OR ((AND (X1 (NOT (X3)))) (AND ((NOT (X1)) X3)))))))
(CAPTURE_CANDIDATE (AND ((NOT (X2)) X1 (NOT (X3)))))
(CAPTURE_CANDIDATE (AND ((NOT (X2)) (OR ((AND (X1 (NOT (X3)))) (AND ((NOT (X1)) X3)))))))
(CAPTURE_CANDIDATE (AND ((NOT (X2)) (OR ((AND (X1 (NOT (X3)))) (AND ((NOT (X1)) X3)) X1)))))
(CAPTURE_CANDIDATE (AND ((NOT (X2)) (OR ((AND (X1 (NOT (X3)))) (AND ((NOT (X1)) X3)) (NOT (X1)))))))
(CAPTURE_CANDIDATE (AND ((NOT (X2)) (OR ((AND (X1 (NOT (X3)))) (AND ((NOT (X1)) X3)))))))
(CAPTURE_CANDIDATE (NOT (X2)))
(CAPTURE_CANDIDATE (AND ((NOT (X2)) (OR ((AND (X1 (NOT (X3)))) (AND ((NOT (X1)) X3)) X3)))))
(CAPTURE_CANDIDATE (AND ((NOT (X2)) (OR ((AND (X1 (NOT (X3)))) (AND ((NOT (X1)) X3)) (NOT (X3)))))))
(CAPTURE_CANDIDATE (AND ((NOT (X2)) (OR ((AND (X1 (NOT (X3)))) (AND ((NOT (X1)) X3)) X1)))))
(CAPTURE_CANDIDATE (AND ((NOT (X2)) (OR ((AND (X1 (NOT (X3)))) (AND ((NOT (X1)) X3)) (NOT (X1)))))))
(CAPTURE_CANDIDATE (NOT (X2)))
(CAPTURE_CANDIDATE (AND ((NOT (X2)) (OR ((AND (X1 (NOT (X3)))) (AND ((NOT (X1)) X3)))))))
(CAPTURE_CANDIDATE (AND ((NOT (X2)) (OR ((AND (X1 (NOT (X3)))) (AND ((NOT (X1)) X3)) (NOT (X1)))))))
(CAPTURE_CANDIDATE (AND ((NOT (X2)) (OR ((AND (X1 (NOT (X3)))) (AND ((NOT (X1)) X3)) X1)))))
(CAPTURE_CANDIDATE (AND ((OR ((AND (X1 (NOT (X3)))) (AND ((NOT (X1)) X3)))) (OR (X1 (NOT (X2)))))))
(CAPTURE_CANDIDATE (AND ((OR ((AND (X1 (NOT (X3)))) (AND ((NOT (X1)) X3)))) (OR ((NOT (X1)) (NOT (X2)))))))
(CAPTURE_CANDIDATE (AND ((OR ((AND (X1 (NOT (X3)))) (AND ((NOT (X1)) X3)))))))
(CAPTURE_CANDIDATE (AND (X2 (OR ((AND (X1 (NOT (X3)))) (AND ((NOT (X1)) X3)))))))
(CAPTURE_CANDIDATE (AND ((OR ((AND (X1 (NOT (X3)))) (AND ((NOT (X1)) X3)))) (OR ((NOT (X2)) X3)))))
(CAPTURE_CANDIDATE (AND ((OR ((AND (X1 (NOT (X3)))) (AND ((NOT (X1)) X3)))) (OR ((NOT (X2)) (NOT (X3)))))))
(CAPTURE_CANDIDATE (AND ((OR ((AND (X1 (NOT (X3)))) (AND ((NOT (X1)) X3)))) (OR ((NOT (X2)) (AND ((NOT (X1)) X2)))))))
(CAPTURE_CANDIDATE (AND ((OR ((AND (X1 (NOT (X3)))) (AND ((NOT (X1)) X3)))) (OR ((NOT (X2)) X1 (NOT (X2)))))))
(CAPTURE_CANDIDATE (AND ((OR ((AND (X1 (NOT (X3)))) (AND ((NOT (X1)) X3)))) (OR ((NOT (X2)) (AND (X1 X3)))))))
(CAPTURE_CANDIDATE (AND ((OR ((AND (X1 (NOT (X3)))) (AND ((NOT (X1)) X3)))) (OR ((NOT (X2)) (NOT (X1)) (NOT (X3)))))))
(CAPTURE_CANDIDATE (AND ((NOT (X2)) X3 (NOT (X1)))))
(CAPTURE_CANDIDATE (AND ((OR ((AND (X1 (NOT (X3)))) (AND ((NOT (X1)) X3)))) (OR ((NOT (X2)) X2 (NOT (X3)))))))
(CAPTURE_CANDIDATE (AND ((NOT (X2)) X1 (NOT (X3)))))
(CAPTURE_CANDIDATE (AND ((NOT (X2)) (NOT (X1)) X3)))
(CAPTURE_CANDIDATE (AND ((NOT (X2)) (OR ((AND (X1 (NOT (X3)))) (AND ((NOT (X1)) X3)))))))
(CAPTURE_CANDIDATE (AND ((NOT (X2)) X3 (NOT (X1)))))
(CAPTURE_CANDIDATE (AND ((NOT (X2)) (NOT (X3)) X1)))
(CAPTURE_CANDIDATE (AND ((NOT (X2)) X3 (NOT (X1)))))
(CAPTURE_CANDIDATE (AND ((NOT (X2)) (NOT (X3)) X1)))
(CAPTURE_CANDIDATE (AND ((NOT (X2)) (OR ((AND (X1 (NOT (X3)))) (AND ((NOT (X1)) X3)))))))
(CAPTURE_CANDIDATE (AND ((NOT (X2)) (OR ((AND (X1 (NOT (X3)))) (AND ((NOT (X1)) X3)))))))
(CAPTURE_CANDIDATE (AND ((OR ((AND ((NOT (X2)) (OR ((AND (X1 (NOT (X3)))) (AND ((NOT (X1)) X3)))))) X1)))))
(CAPTURE_CANDIDATE (AND ((OR ((AND ((NOT (X2)) (OR ((AND (X1 (NOT (X3)))) (AND ((NOT (X1)) X3)))))) (NOT (X1)))))))
(CAPTURE_CANDIDATE (AND ((OR ((AND ((NOT (X2)) (OR ((AND (X1 (NOT (X3)))) (AND ((NOT (X1)) X3)))))) X2)))))
(CAPTURE_CANDIDATE (AND ((NOT (X2)) (OR ((AND (X1 (NOT (X3)))) (AND ((NOT (X1)) X3)))))))
(CAPTURE_CANDIDATE (AND ((OR ((AND ((NOT (X2)) (OR ((AND (X1 (NOT (X3)))) (AND ((NOT (X1)) X3)))))) X3)))))
(CAPTURE_CANDIDATE (AND ((OR ((AND ((NOT (X2)) (OR ((AND (X1 (NOT (X3)))) (AND ((NOT (X1)) X3)))))) (NOT (X3)))))))
(CAPTURE_CANDIDATE (AND ((OR ((AND ((NOT (X2)) (OR ((AND (X1 (NOT (X3)))) (AND ((NOT (X1)) X3)))))) (NOT (X2)) X3)))))
(CAPTURE_CANDIDATE (AND ((OR ((AND ((NOT (X2)) (OR ((AND (X1 (NOT (X3)))) (AND ((NOT (X1)) X3)))))) (AND (X2 (NOT (X3)))))))))
(CAPTURE_CANDIDATE (AND ((OR ((AND ((NOT (X2)) (OR ((AND (X1 (NOT (X3)))) (AND ((NOT (X1)) X3)))))) (NOT (X1)) X2)))))
(CAPTURE_CANDIDATE (AND ((NOT (X2)) (OR (X1 (AND (X1 (NOT (X3)))) (AND ((NOT (X1)) X3)))))))
(CAPTURE_CANDIDATE (AND ((OR ((AND ((NOT (X2)) (OR ((AND (X1 (NOT (X3)))) (AND ((NOT (X1)) X3)))))) X2 X3)))))
(CAPTURE_CANDIDATE (AND ((NOT (X2)) (OR ((NOT (X3)) (AND (X1 (NOT (X3)))) (AND ((NOT (X1)) X3)))))))
(CAPTURE_CANDIDATE (AND ((NOT (X2)) (OR ((AND (X1 (NOT (X3)))) (AND ((NOT (X1)) X3)))))))
(CAPTURE_CANDIDATE (AND ((NOT (X2)) (OR ((AND (X1 (NOT (X3)))) (AND ((NOT (X1)) X3)))))))
(CAPTURE_CANDIDATE (AND ((NOT (X2)) (OR ((AND (X1 (NOT (X3)))) (AND ((NOT (X1)) X3)))))))
(CAPTURE_CANDIDATE (AND ((NOT (X2)) (OR ((AND (X1 (NOT (X3)))) (AND ((NOT (X1)) X3)))))))
(CAPTURE_CANDIDATE (AND ((NOT (X2)) (OR ((AND (X1 (NOT (X3)))) (AND ((NOT (X1)) X3)))))))
(CAPTURE_CANDIDATE (AND ((NOT (X2)) (OR ((AND (X1 (NOT (X3)))) (AND ((NOT (X1)) X3)))))))
(CAPTURE_CANDIDATE (AND ((NOT (X2)) (OR ((AND (X1 (NOT (X3)))) (AND ((NOT (X1)) X3)))))))
(CAPTURE_CANDIDATE (AND ((NOT (X2)) (OR ((AND (X1 (NOT (X3)))) (AND ((NOT (X1)) X3)))))))
(CAPTURE_CANDIDATE (AND ((NOT (X2)) (OR ((AND (X1 (NOT (X3)))) (AND ((NOT (X1)) X3)))))))
(CAPTURE_CANDIDATE (AND ((NOT (X2)) (OR ((AND (X1 (NOT (X3)))) (AND ((NOT (X1)) X3)))))))
(CAPTURE_CANDIDATE (AND ((NOT (X2)) (OR ((AND (X1 (NOT (X3)))) (AND ((NOT (X1)) X3)))))))
(CAPTURE_CANDIDATE (AND ((NOT (X2)) (OR ((AND (X1 (NOT (X3)))) (AND ((NOT (X1)) X3)))))))
(CAPTURE_CANDIDATE (AND ((NOT (X2)) (OR ((AND (X1 (NOT (X3)))) (AND ((NOT (X1)) X3)))))))
(CAPTURE_CANDIDATE (AND ((NOT (X2)) (OR ((AND (X1 (NOT (X3)))) (AND ((NOT (X1)) X3)))))))
(CAPTURE_CANDIDATE (AND ((NOT (X2)) (OR ((AND (X1 (NOT (X3)))) (AND ((NOT (X1)) X3)))))))
(CAPTURE_CANDIDATE (AND ((NOT (X2)) (OR ((AND (X1 (NOT (X3)))) (AND ((NOT (X1)) X3)))))))
(CAPTURE_CANDIDATE (AND ((NOT (X2)) (OR ((AND (X1 (NOT (X3)))) (AND ((NOT (X1)) X3)))))))
(CAPTURE_CANDIDATE (AND ((NOT (X2)) (OR ((AND (X1 (NOT (X3)))) (AND ((NOT (X1)) X3)))))))
(CAPTURE_CANDIDATE (AND ((NOT (X2)) (OR ((AND (X1 (NOT (X3)))) (AND ((NOT (X1)) X3)))))))
(CAPTURE_CANDIDATE (AND ((NOT (X2)) (OR ((AND (X1 (NOT (X3)))) (AND ((NOT (X1)) X3)))))))
(CAPTURE_CANDIDATE (AND ((NOT (X2)) (OR ((AND (X1 (NOT (X3)))) (AND ((NOT (X1)) X3)))))))
(CAPTURE_CANDIDATE (AND ((NOT (X2)) (OR ((AND (X1 (NOT (X3)))) (AND ((NOT (X1)) X3)))))))
(CAPTURE_CANDIDATE (AND ((NOT (X2)) (OR ((AND (X1 (NOT (X3)))) (AND ((NOT (X1)) X3)))))))
(CAPTURE_CANDIDATE (AND ((NOT (X2)) (OR ((AND (X1 (NOT (X3)))) (AND ((NOT (X1)) X3)))))))
(CAPTURE_CANDIDATE (AND ((NOT (X2)) (OR ((AND (X1 (NOT (X3)))) (AND ((NOT (X1)) X3)))))))
(CAPTURE_CANDIDATE (AND ((NOT (X2)) (OR ((AND (X1 (NOT (X3)))) (AND ((NOT (X1)) X3)))))))
(CAPTURE_CANDIDATE (AND ((NOT (X2)) (OR ((AND (X1 (NOT (X3)))) (AND ((NOT (X1)) X3)))))))
(CAPTURE_CANDIDATE (AND ((NOT (X2)) (OR ((AND (X1 (NOT (X3)))) (AND ((NOT (X1)) X3)))))))
(CAPTURE_CANDIDATE (AND ((NOT (X2)) (OR ((AND (X1 (NOT (X3)))) (AND ((NOT (X1)) X3)))))))
(CAPTURE_CANDIDATE (AND ((NOT (X2)) (OR ((AND (X1 (NOT (X3)))) (AND ((NOT (X1)) X3)))))))
(CAPTURE_CANDIDATE (AND ((NOT (X2)) (OR ((AND (X1 (NOT (X3)))) (AND ((NOT (X1)) X3)))))))
(CAPTURE_CANDIDATE (AND ((NOT (X2)) (OR ((AND (X1 (NOT (X3)))) (AND ((NOT (X1)) X3)))))))
(CAPTURE_CANDIDATE (AND ((NOT (X2)) (OR ((AND (X1 (NOT (X3)))) (AND ((NOT (X1)) X3)))))))
(CAPTURE_CANDIDATE (AND ((NOT (X2)) (OR ((AND (X1 (NOT (X3)))) (AND ((NOT (X1)) X3)))))))
(CAPTURE_CANDIDATE (AND ((NOT (X2)) (OR ((AND (X1 (NOT (X3)))) (AND ((NOT (X1)) X3)))))))
(CAPTURE_CANDIDATE (AND ((NOT (X2)) (OR ((AND (X1 (NOT (X3)))) (AND ((NOT (X1)) X3)))))))
(CAPTURE_CANDIDATE (AND ((NOT (X2)) (OR ((AND (X1 (NOT (X3)))) (AND ((NOT (X1)) X3)))))))
(CAPTURE_CANDIDATE (AND ((NOT (X2)) (OR ((AND (X1 (NOT (X3)))) (AND ((NOT (X1)) X3)))))))
(CAPTURE_CANDIDATE (AND ((NOT (X2)) (OR ((AND (X1 (NOT (X3)))) (AND ((NOT (X1)) X3)))))))
(CAPTURE_CANDIDATE (AND ((NOT (X2)) (OR ((AND (X1 (NOT (X3)))) (AND ((NOT (X1)) X3)))))))
(CAPTURE_CANDIDATE (AND ((NOT (X2)) (OR ((AND (X1 (NOT (X3)))) (AND ((NOT (X1)) X3)))))))
(CAPTURE_CANDIDATE (AND ((NOT (X2)) (OR ((AND (X1 (NOT (X3)))) (AND ((NOT (X1)) X3)))))))
(CAPTURE_CANDIDATE (AND ((NOT (X2)) (OR ((AND (X1 (NOT (X3)))) (AND ((NOT (X1)) X3)))))))
(CAPTURE_CANDIDATE (AND ((NOT (X2)) (OR ((AND (X1 (NOT (X3)))) (AND ((NOT (X1)) X3)))))))
(CAPTURE_CANDIDATE (AND ((NOT (X2)) (OR ((AND (X1 (NOT (X3)))) (AND ((NOT (X1)) X3)))))))
(CAPTURE_CANDIDATE (AND ((NOT (X2)) (OR ((AND (X1 (NOT (X3)))) (AND ((NOT (X1)) X3)))))))
(CAPTURE_CANDIDATE (AND ((NOT (X2)) (OR ((AND (X1 (NOT (X3)))) (AND ((NOT (X1)) X3)))))))
(CAPTURE_CANDIDATE (AND ((NOT (X2)) (OR ((AND (X1 (NOT (X3)))) (AND ((NOT (X1)) X3)))))))
(CAPTURE_CANDIDATE (AND ((NOT (X2)) (OR ((AND (X1 (NOT (X3)))) (AND ((NOT (X1)) X3)))))))
(CAPTURE_CANDIDATE (AND ((NOT (X2)) (OR ((AND (X1 (NOT (X3)))) (AND ((NOT (X1)) X3)))))))
(CAPTURE_CANDIDATE (AND ((NOT (X2)) (OR ((AND (X1 (NOT (X3)))) (AND ((NOT (X1)) X3)))))))
(CAPTURE_CANDIDATE (AND ((NOT (X2)) (OR ((AND (X1 (NOT (X3)))) (AND ((NOT (X1)) X3)))))))
(CAPTURE_CANDIDATE (AND ((NOT (X2)) (OR ((AND (X1 (NOT (X3)))) (AND ((NOT (X1)) X3)))))))
(CAPTURE_CANDIDATE (AND ((NOT (X2)) (OR ((AND (X1 (NOT (X3)))) (AND ((NOT (X1)) X3)))))))
(CAPTURE_CANDIDATE (AND ((NOT (X2)) (OR ((AND (X1 (NOT (X3)))) (AND ((NOT (X1)) X3)))))))
(CAPTURE_CANDIDATE (AND ((NOT (X2)) (OR ((AND (X1 (NOT (X3)))) (AND ((NOT (X1)) X3)))))))
(CAPTURE_CANDIDATE (AND ((NOT (X2)) (OR ((AND (X1 (NOT (X3)))) (AND ((NOT (X1)) X3)))))))
(CAPTURE_CANDIDATE (AND ((NOT (X2)) (OR ((AND (X1 (NOT (X3)))) (AND (X3 (NOT (X1)))))))))
(CAPTURE_CANDIDATE (AND ((NOT (X2)) (OR ((AND (X1 (NOT (X3)))) (AND (X3 (NOT (X1)))))))))
(CAPTURE_CANDIDATE (AND ((NOT (X2)) (OR ((AND (X1 (NOT (X3)))) (AND (X3 (NOT (X1)))))))))
(CAPTURE_CANDIDATE (AND ((NOT (X2)) (OR ((AND (X1 (NOT (X3)))) (AND (X3 (NOT (X1)))))))))
(CAPTURE_CANDIDATE (AND ((NOT (X2)) (OR ((AND (X1 (NOT (X3)))) (AND ((NOT (X1)) X3)))))))
(CAPTURE_CANDIDATE (AND ((NOT (X2)) (OR ((AND (X1 (NOT (X3)))) (AND ((NOT (X1)) X3)))))))
(CAPTURE_CANDIDATE (AND ((NOT (X2)) (OR ((AND (X1 (NOT (X3)))) (AND ((NOT (X1)) X3)))))))
(CAPTURE_CANDIDATE (AND ((NOT (X2)) (OR ((AND (X1 (NOT (X3)))) (AND ((NOT (X1)) X3)))))))
(CAPTURE_CANDIDATE (AND ((NOT (X2)) (OR ((AND (X1 (NOT (X3)))) (AND ((NOT (X1)) X3)))))))
(CAPTURE_CANDIDATE (AND ((NOT (X2)) (OR ((AND (X1 (NOT (X3)))) (AND ((NOT (X1)) X3)))))))
(CAPTURE_CANDIDATE (AND ((NOT (X2)) (OR ((AND (X1 (NOT (X3)))) (AND ((NOT (X1)) X3)))))))
(CAPTURE_CANDIDATE (AND ((NOT (X2)) (OR ((AND (X1 (NOT (X3)))) (AND ((NOT (X1)) X3)))))))
(CAPTURE_CANDIDATE (AND ((NOT (X2)) (OR ((AND (X1 (NOT (X3)))) (AND ((NOT (X1)) X3)))))))
(CAPTURE_CANDIDATE (AND ((NOT (X2)) (OR ((AND (X1 (NOT (X3)))) (AND ((NOT (X1)) X3)))))))
(CAPTURE_CANDIDATE (AND ((NOT (X2)) (OR ((AND (X1 (NOT (X3)))) (AND ((NOT (X1)) X3)))))))
(CAPTURE_CANDIDATE (AND ((NOT (X2)) (OR ((AND (X1 (NOT (X3)))) (AND ((NOT (X1)) X3)))))))
(CAPTURE_CANDIDATE (AND ((NOT (X2)) (OR ((AND (X1 (NOT (X3)))) (AND ((NOT (X1)) X3)))))))
(CAPTURE_CANDIDATE (AND ((NOT (X2)) (OR ((AND (X1 (NOT (X3)))) (AND ((NOT (X1)) X3)))))))
(CAPTURE_CANDIDATE (AND ((NOT (X2)) (OR ((AND (X1 (NOT (X3)))) (AND ((NOT (X1)) X3)))))))
(CAPTURE_CANDIDATE (AND ((NOT (X2)) (OR ((AND ((NOT (X3)) X1)) (AND ((NOT (X1)) X3)))))))
(CAPTURE_CANDIDATE (AND ((NOT (X2)) (OR ((AND ((NOT (X3)) X1)) (AND ((NOT (X1)) X3)))))))
(CAPTURE_CANDIDATE (AND ((NOT (X2)) (OR ((AND ((NOT (X3)) X1)) (AND ((NOT (X1)) X3)))))))
(CAPTURE_CANDIDATE (AND ((NOT (X2)) (OR ((AND ((NOT (X3)) X1)) (AND ((NOT (X1)) X3)))))))
(New best score: -3.4285714285714284)
(Terminating because score hasn't improved)
(Terminating because score hasn't improved)
(Terminating because score hasn't improved)
(OptimizedDeme: 257)
"Merging Deme"
(Demesize: 257)
(nEval: 10000 LenSInstList: 257)
(TopCnd: 257)
(Keep 100 Unique instances from 257)
(KeptUniqueTopCandidates NewSize: 95)
(TrimmedDownDeme: 88)
(CAPTURE_CANDIDATE (AND ((NOT (X2)) (OR ((AND (X1 (NOT (X3)))) (AND ((NOT (X1)) X3)))))))
(CAPTURE_CANDIDATE (AND ((NOT (X2)) (OR ((AND ((NOT (X3)) X1)) (AND ((NOT (X1)) X3)))))))
(CAPTURE_CANDIDATE (AND ((NOT (X2)) (OR ((AND (X1 (NOT (X3)))) (AND ((NOT (X1)) X3)))))))
(CAPTURE_CANDIDATE (AND ((NOT (X2)) (OR ((AND (X1 (NOT (X3)))) (AND (X3 (NOT (X1)))))))))
(CAPTURE_CANDIDATE (AND ((NOT (X2)) (OR ((AND (X1 (NOT (X3)))) (AND ((NOT (X1)) X3)))))))
(CAPTURE_CANDIDATE (AND ((NOT (X2)) (OR ((AND (X1 (NOT (X3)))) (AND (X3 (NOT (X1)))))))))
(CAPTURE_CANDIDATE (AND ((NOT (X2)) (OR ((AND (X1 (NOT (X3)))) (AND ((NOT (X1)) X3)))))))
(CAPTURE_CANDIDATE (AND ((NOT (X2)) (OR ((AND ((NOT (X3)) X1)) (AND ((NOT (X1)) X3)))))))
(CAPTURE_CANDIDATE (AND ((OR ((AND ((NOT (X2)) (OR ((AND (X1 (NOT (X3)))) (AND ((NOT (X1)) X3)))))) X2)))))
(CAPTURE_CANDIDATE (AND ((NOT (X2)) (OR ((AND (X1 (NOT (X3)))) (AND ((NOT (X1)) X3 (NOT (X1)))))))))
(CAPTURE_CANDIDATE (AND ((OR ((AND ((NOT (X2)) (OR ((AND (X1 (NOT (X3)))) (AND ((NOT (X1)) X3)))))) X2)))))
(CAPTURE_CANDIDATE (AND (X1 (NOT (X2)) (NOT (X3)))))
(CAPTURE_CANDIDATE (AND ((NOT (X1)) (NOT (X2)) X3)))
(CAPTURE_CANDIDATE (AND (X3 (NOT (X2)) (NOT (X1)))))
(CAPTURE_CANDIDATE (AND ((NOT (X3)) (NOT (X2)) X1)))
(CAPTURE_CANDIDATE (AND ((NOT (X2)) X1 (NOT (X3)))))
(CAPTURE_CANDIDATE (AND ((NOT (X1)) (NOT (X2)) X3)))
(CAPTURE_CANDIDATE (AND ((NOT (X2)) (NOT (X1)) X3)))
(CAPTURE_CANDIDATE (AND (X1 (NOT (X2)) (NOT (X3)))))
(CAPTURE_CANDIDATE (AND (X1 (NOT (X3)) (NOT (X2)))))
(CAPTURE_CANDIDATE (AND ((NOT (X2)) X1 (NOT (X3)))))
(CAPTURE_CANDIDATE (AND ((NOT (X2)) (NOT (X1)) X3)))
(CAPTURE_CANDIDATE (AND ((NOT (X2)) X1 (NOT (X3)))))
(CAPTURE_CANDIDATE (AND ((NOT (X2)) X3 (NOT (X1)))))
(CAPTURE_CANDIDATE (AND ((NOT (X2)) X1 (NOT (X3)))))
(CAPTURE_CANDIDATE (AND ((NOT (X2)) (NOT (X1)) X3)))
(CAPTURE_CANDIDATE (AND ((NOT (X2)) X3 (NOT (X1)))))
(CAPTURE_CANDIDATE (AND ((NOT (X2)) (NOT (X3)) X1)))
(CAPTURE_CANDIDATE (AND ((NOT (X2)) X3 (NOT (X1)))))
(CAPTURE_CANDIDATE (AND ((NOT (X2)) (NOT (X3)) X1)))
(CAPTURE_CANDIDATE (AND ((OR ((AND ((NOT (X2)) (OR ((AND (X1 (NOT (X3)))) (AND ((NOT (X1)) X3)))))) (AND (X1 X3)))))))
(CAPTURE_CANDIDATE (AND ((OR ((AND (X1 (NOT (X3)))) (AND ((NOT (X1)) X3)))) (OR ((NOT (X2)) (AND (X1 X3)))))))
(CAPTURE_CANDIDATE (AND ((OR ((AND ((NOT (X2)) (OR ((AND (X1 (NOT (X3)))) (AND ((NOT (X1)) X3)))))) (AND (X2 (NOT (X3)))))))))
(CAPTURE_CANDIDATE (AND ((NOT (X2)) (OR ((NOT (X3)) (AND ((NOT (X1)) X3)))))))
(CAPTURE_CANDIDATE (AND ((NOT (X2)) (OR (X1 (AND ((NOT (X1)) X3)))))))
(CAPTURE_CANDIDATE (AND ((NOT (X2)) (OR ((NOT (X3)) (AND ((NOT (X1)) X3)))))))
(CAPTURE_CANDIDATE (AND ((NOT (X2)) (OR (X1 (AND ((NOT (X1)) X3)))))))
(CAPTURE_CANDIDATE (AND ((NOT (X2)) (OR ((AND (X1 (NOT (X3)))) X3)))))
(CAPTURE_CANDIDATE (AND ((NOT (X2)) (OR ((AND (X1 (NOT (X3)))) (NOT (X1)))))))
(CAPTURE_CANDIDATE (AND ((NOT (X2)) (OR ((AND (X1 (NOT (X3)))) X3)))))
(CAPTURE_CANDIDATE (AND ((NOT (X2)) (OR ((AND (X1 (NOT (X3)))) (NOT (X1)))))))
(CAPTURE_CANDIDATE (NOT (X2)))
(CAPTURE_CANDIDATE (AND ((OR ((AND ((NOT (X2)) (OR ((AND (X1 (NOT (X3)))) (AND ((NOT (X1)) X3)))))) X1)))))
(CAPTURE_CANDIDATE (AND ((OR ((AND ((NOT (X2)) (OR ((AND (X1 (NOT (X3)))) (AND ((NOT (X1)) X3)))))) (NOT (X1)))))))
(CAPTURE_CANDIDATE (AND ((OR ((AND ((NOT (X2)) (OR ((AND (X1 (NOT (X3)))) (AND ((NOT (X1)) X3)))))) X3)))))
(CAPTURE_CANDIDATE (AND ((OR ((AND ((NOT (X2)) (OR ((AND (X1 (NOT (X3)))) (AND ((NOT (X1)) X3)))))) (NOT (X3)))))))
(CAPTURE_CANDIDATE (AND ((NOT (X2)) (OR (X3 (AND (X1 (NOT (X3)))) (AND ((NOT (X1)) X3)))))))
(CAPTURE_CANDIDATE (AND ((NOT (X2)) (OR ((AND (X1 (NOT (X3)))) X1 (AND ((NOT (X1)) X3)))))))
(CAPTURE_CANDIDATE (AND ((NOT (X2)) (OR ((AND (X1 (NOT (X3)))) (NOT (X1)) (AND ((NOT (X1)) X3)))))))
(CAPTURE_CANDIDATE (AND ((NOT (X2)) (OR ((AND (X1 (NOT (X3)))) X3 (AND ((NOT (X1)) X3)))))))
(CAPTURE_CANDIDATE (AND ((NOT (X2)) (OR ((AND (X1 (NOT (X3)))) (NOT (X3)) (AND ((NOT (X1)) X3)))))))
(CAPTURE_CANDIDATE (AND ((NOT (X2)) (OR ((AND (X1 (OR ((NOT (X3)) X3)))) (AND ((NOT (X1)) X3)))))))
(CAPTURE_CANDIDATE (AND ((NOT (X2)) (OR ((AND (X1 (NOT (X3)))) (AND (X3 (OR ((NOT (X1)) X1)))))))))
(CAPTURE_CANDIDATE (AND ((NOT (X2)) (OR ((AND (X1 (NOT (X3)))) (AND ((NOT (X1)) (OR (X3 (NOT (X3)))))))))))
(CAPTURE_CANDIDATE (AND ((NOT (X2)) (OR ((AND (X1 (NOT (X3)))) (AND ((NOT (X1)) X3)) X1)))))
(CAPTURE_CANDIDATE (AND ((NOT (X2)) (OR ((AND (X1 (NOT (X3)))) (AND ((NOT (X1)) X3)) (NOT (X1)))))))
(CAPTURE_CANDIDATE (AND ((NOT (X2)) (OR ((AND (X1 (NOT (X3)))) (AND ((NOT (X1)) X3)) X3)))))
(CAPTURE_CANDIDATE (AND ((NOT (X2)) (OR ((AND (X1 (NOT (X3)))) (AND ((NOT (X1)) X3)) (NOT (X3)))))))
(CAPTURE_CANDIDATE (AND ((NOT (X2)) (OR ((AND (X1 (NOT (X3)))) (AND ((NOT (X1)) X3)) X1)))))
(CAPTURE_CANDIDATE (AND ((NOT (X2)) (OR ((AND (X1 (NOT (X3)))) (AND ((NOT (X1)) X3)) (NOT (X1)))))))
(CAPTURE_CANDIDATE (AND ((NOT (X2)) (OR ((AND (X1 (NOT (X3)))) (AND ((NOT (X1)) X3)) X1)))))
(CAPTURE_CANDIDATE (AND ((OR ((AND (X1 (NOT (X3)))) (AND ((NOT (X1)) X3)))) (OR (X1 (NOT (X2)))))))
(CAPTURE_CANDIDATE (AND ((OR ((AND (X1 (NOT (X3)))) (AND ((NOT (X1)) X3)))) (OR ((NOT (X1)) (NOT (X2)))))))
(CAPTURE_CANDIDATE (AND ((OR ((AND (X1 (NOT (X3)))) (AND ((NOT (X1)) X3)))) (OR ((NOT (X2)) X3)))))
(CAPTURE_CANDIDATE (AND ((OR ((AND (X1 (NOT (X3)))) (AND ((NOT (X1)) X3)))) (OR ((NOT (X2)) (NOT (X3)))))))
(CAPTURE_CANDIDATE (AND ((OR ((AND ((NOT (X2)) (OR ((AND (X1 (NOT (X3)))) (AND ((NOT (X1)) X3)))))) X1)))))
(CAPTURE_CANDIDATE (AND ((OR ((AND ((NOT (X2)) (OR ((AND (X1 (NOT (X3)))) (AND ((NOT (X1)) X3)))))) (NOT (X1)))))))
(CAPTURE_CANDIDATE (AND ((OR ((AND ((NOT (X2)) (OR ((AND (X1 (NOT (X3)))) (AND ((NOT (X1)) X3)))))) X3)))))
(CAPTURE_CANDIDATE (AND ((OR ((AND ((NOT (X2)) (OR ((AND (X1 (NOT (X3)))) (AND ((NOT (X1)) X3)))))) (NOT (X3)))))))
(CAPTURE_CANDIDATE (AND ((NOT (X2)) (OR (X1 (AND (X1 (NOT (X3)))) (AND ((NOT (X1)) X3)))))))
(CAPTURE_CANDIDATE (AND ((NOT (X2)) (OR ((NOT (X3)) (AND (X1 (NOT (X3)))) (AND ((NOT (X1)) X3)))))))
(CAPTURE_CANDIDATE (AND ((OR ((AND ((NOT (X2)) (OR ((AND (X1 (NOT (X3)))) (AND ((NOT (X1)) X3)))))) (AND ((NOT (X1)) X3)))))))
(CAPTURE_CANDIDATE (AND ((OR ((AND ((NOT (X2)) (OR ((AND (X1 (NOT (X3)))) (AND ((NOT (X1)) X3)))))) X1 (NOT (X3)))))))
(CAPTURE_CANDIDATE (AND ((OR ((AND ((NOT (X2)) (OR ((AND (X1 (NOT (X3)))) (AND ((NOT (X1)) X3)))))) X2 (NOT (X3)))))))
(CAPTURE_CANDIDATE (AND ((NOT (X2)) (OR ((AND (X1 (NOT (X3)))) (AND ((NOT (X1)) X3)))) (OR ((NOT (X1)) X3)))))
(CAPTURE_CANDIDATE (AND ((OR ((AND (X1 (NOT (X3)))) (AND ((NOT (X1)) X3)))) (OR ((NOT (X2)) (AND ((NOT (X1)) X2)))))))
(CAPTURE_CANDIDATE (AND ((OR ((AND (X1 (NOT (X3)))) (AND ((NOT (X1)) X3)))) (OR ((NOT (X2)) X1 (NOT (X2)))))))
(CAPTURE_CANDIDATE (AND ((OR ((AND ((NOT (X2)) (OR ((AND (X1 (NOT (X3)))) (AND ((NOT (X1)) X3)))))) (NOT (X1)) X2)))))
(CAPTURE_CANDIDATE (AND ((OR ((AND ((NOT (X2)) (OR ((AND (X1 (NOT (X3)))) (AND ((NOT (X1)) X3)))))) X2 X3)))))
(CAPTURE_CANDIDATE (AND ((OR ((AND (X1 (NOT (X3)))) (AND ((NOT (X1)) X3)))))))
(CAPTURE_CANDIDATE (AND ((NOT (X2)) (NOT (X1)) (OR ((NOT (X3)) X3)))))
(CAPTURE_CANDIDATE (AND ((NOT (X2)) X3 (OR (X1 (NOT (X1)))))))
(CAPTURE_CANDIDATE (AND ((NOT (X2)) (NOT (X1)) (OR ((NOT (X3)) X3)))))
(CAPTURE_CANDIDATE (AND ((NOT (X2)) X3 (OR (X1 (NOT (X1)))))))
(CAPTURE_CANDIDATE (AND ((NOT (X2)) X1 (OR ((NOT (X3)) X3)))))
(CAPTURE_CANDIDATE (AND ((NOT (X2)) (NOT (X3)) (OR (X1 (NOT (X1)))))))
(CAPTURE_CANDIDATE (AND ((NOT (X2)) X1 (OR ((NOT (X3)) X3)))))
(CAPTURE_CANDIDATE (AND ((OR ((AND (X1 (NOT (X3)))) (AND ((NOT (X1)) X3)))))))
(Before getNewCandidates: 88)
(Going to merge 6 Instances)
(Metapop size before resize: 175)
(Metapop size after resize: 175)
""
(Generation 3)
"expand  deme returnn"
(SelectedTree: (AND (OR (AND (NOT X3) (OR X1 X2)) (AND (OR X1 (NOT X2)) (OR X2 (AND X3 (NOT X1)))))))
(GeneratedList: (0 0 0 0 0 0 0 0 0 0 0 0 0 0 0 0 0 0 0 0 1 0 0 0 1 1 0 0 0 0 0 0 0 0 0 0 0 0 0 0 0 0 0 0 0 0 0 0 1 0 0 0 0 0 0 0 0 0 0 0 0 0 0 0 1 1 0 0 0 0 0 0 0 0 0 0 1 0 0 0 0 0 0 0 0 0 0 0 1 0 0 0 0 1 0 1 0 0 0 1 0 0 0 0 0 0 0 0 0 0 0 0 0 0 0 0 0 0 0 0 0 0 0 0 0 0 0 0 0 0 0 0 0 0 0 0 0 0 0 0 0 0 0 0 0 0 0 0 0 0 0))
""
(Iteration 1 running)
(Crossover: false)
(CenterInst: (0 0 0 0 0 0 0 0 0 0 0 0 0 0 0 0 0 0 0 0 1 0 0 0 1 1 0 0 0 0 0 0 0 0 0 0 0 0 0 0 0 0 0 0 0 0 0 0 1 0 0 0 0 0 0 0 0 0 0 0 0 0 0 0 1 1 0 0 0 0 0 0 0 0 0 0 1 0 0 0 0 0 0 0 0 0 0 0 1 0 0 0 0 1 0 1 0 0 0 1 0 0 0 0 0 0 0 0 0 0 0 0 0 0 0 0 0 0 0 0 0 0 0 0 0 0 0 0 0 0 0 0 0 0 0 0 0 0 0 0 0 0 0 0 0 0 0 0 0 0 0))
(size: 8)
(1 : 1 : 0)
(CAPTURE_CANDIDATE (AND ((OR ((AND ((NOT (X3)) (OR (X1 X2)))) (AND ((OR (X1 (NOT (X2)))) (OR ((AND ((NOT (X1)) X3)) X2)))))))))
(New best score: -3.2857142857142856)
""
(Iteration 2 running)
(Crossover: false)
(CenterInst: (0 0 0 0 0 0 0 0 0 0 0 0 0 0 0 0 0 0 0 0 1 0 0 0 1 1 0 0 0 0 0 0 0 0 0 0 0 0 0 0 0 0 0 0 0 0 0 0 1 0 0 0 0 0 0 0 0 0 0 0 0 0 0 0 1 1 0 0 0 0 0 0 0 0 0 0 1 0 0 0 0 0 0 0 0 0 0 0 1 0 0 0 0 1 0 1 0 0 0 1 0 0 0 0 0 0 0 0 0 0 0 0 0 0 0 0 0 0 0 0 0 0 0 0 0 0 0 0 0 0 0 0 0 0 0 0 0 0 0 0 0 0 0 0 0 0 0 0 0 0 0))
(size: 8)
(906 : 499 : 1)
(CAPTURE_CANDIDATE (AND ((OR ((AND ((NOT (X3)) (OR (X1 X2)))) (AND ((OR (X1 (NOT (X2)))) (OR ((AND ((NOT (X1)) X3)) X2)))))))))
(CAPTURE_CANDIDATE (AND ((OR (X1 (AND ((NOT (X3)) (OR (X1 X2)))) (AND ((OR (X1 (NOT (X2)))) (OR ((AND ((NOT (X1)) X3)) X2)))))))))
(CAPTURE_CANDIDATE (AND ((OR ((NOT (X1)) (AND ((NOT (X3)) (OR (X1 X2)))) (AND ((OR (X1 (NOT (X2)))) (OR ((AND ((NOT (X1)) X3)) X2)))))))))
(CAPTURE_CANDIDATE (AND ((OR (X2 (AND ((NOT (X3)) (OR (X1 X2)))) (AND ((OR (X1 (NOT (X2)))) (OR ((AND ((NOT (X1)) X3)) X2)))))))))
(CAPTURE_CANDIDATE (AND ((OR ((NOT (X2)) (AND ((NOT (X3)) (OR (X1 X2)))) (AND ((OR (X1 (NOT (X2)))) (OR ((AND ((NOT (X1)) X3)) X2)))))))))
(CAPTURE_CANDIDATE (AND ((OR (X3 (AND ((NOT (X3)) (OR (X1 X2)))) (AND ((OR (X1 (NOT (X2)))) (OR ((AND ((NOT (X1)) X3)) X2)))))))))
(CAPTURE_CANDIDATE (AND ((OR ((NOT (X3)) (AND ((NOT (X3)) (OR (X1 X2)))) (AND ((OR (X1 (NOT (X2)))) (OR ((AND ((NOT (X1)) X3)) X2)))))))))
(CAPTURE_CANDIDATE (AND ((OR ((AND ((NOT (X1)) X2)) (AND ((NOT (X3)) (OR (X1 X2)))) (AND ((OR (X1 (NOT (X2)))) (OR ((AND ((NOT (X1)) X3)) X2)))))))))
(CAPTURE_CANDIDATE (AND ((OR (X1 (NOT (X2)) (AND ((NOT (X3)) (OR (X1 X2)))) (AND ((OR (X1 (NOT (X2)))) (OR ((AND ((NOT (X1)) X3)) X2)))))))))
(CAPTURE_CANDIDATE (AND ((OR ((AND (X1 X2)) (AND ((NOT (X3)) (OR (X1 X2)))) (AND ((OR (X1 (NOT (X2)))) (OR ((AND ((NOT (X1)) X3)) X2)))))))))
(CAPTURE_CANDIDATE (AND ((OR ((NOT (X1)) (NOT (X2)) (AND ((NOT (X3)) (OR (X1 X2)))) (AND ((OR (X1 (NOT (X2)))) (OR ((AND ((NOT (X1)) X3)) X2)))))))))
(CAPTURE_CANDIDATE (AND ((OR ((AND (X2 X3)) (AND ((NOT (X3)) (OR (X1 X2)))) (AND ((OR (X1 (NOT (X2)))) (OR ((AND ((NOT (X1)) X3)) X2)))))))))
(CAPTURE_CANDIDATE (AND ((OR ((NOT (X2)) (NOT (X3)) (AND ((NOT (X3)) (OR (X1 X2)))) (AND ((OR (X1 (NOT (X2)))) (OR ((AND ((NOT (X1)) X3)) X2)))))))))
(CAPTURE_CANDIDATE (AND (X1 (OR ((NOT (X3)) X2)))))
(CAPTURE_CANDIDATE (AND ((NOT (X1)) (OR ((AND ((NOT (X3)) X2)) (AND ((NOT (X2)) X3)))))))
(CAPTURE_CANDIDATE (AND (X2 (OR ((NOT (X3)) X1)))))
(CAPTURE_CANDIDATE (AND ((NOT (X2)) (OR ((AND ((NOT (X3)) X1)) (AND ((NOT (X1)) X3)))))))
(CAPTURE_CANDIDATE (AND (X3 (OR (X1 (NOT (X2)))) (OR ((NOT (X1)) X2)))))
(CAPTURE_CANDIDATE (AND ((NOT (X3)) (OR ((AND (X2 X1)) X1 X2)))))
(CAPTURE_CANDIDATE (AND ((OR ((AND ((NOT (X3)) (OR (X1 X2)))) (AND ((OR (X1 (NOT (X2)))) (OR ((AND ((NOT (X1)) X3)) X2)))))) (OR (X2 X3)))))
(CAPTURE_CANDIDATE (AND ((NOT (X2)) (NOT (X3)) X1)))
(CAPTURE_CANDIDATE (AND ((OR ((AND ((NOT (X3)) (OR (X1 X2)))) (AND ((OR (X1 (NOT (X2)))) (OR ((AND ((NOT (X1)) X3)) X2)))))) (OR ((NOT (X1)) X3)))))
(CAPTURE_CANDIDATE (AND (X1 (NOT (X3)))))
(CAPTURE_CANDIDATE (AND ((OR ((AND ((NOT (X3)) (OR (X1 X2)))) (AND ((OR (X1 (NOT (X2)))) (OR ((AND ((NOT (X1)) X3)) X2)))))) (OR (X1 X3)))))
(CAPTURE_CANDIDATE (AND ((NOT (X1)) (NOT (X3)) X2)))
(CAPTURE_CANDIDATE (AND ((OR ((AND ((NOT (X3)) (OR (X1 X2)))) (AND ((OR (X1 (NOT (X2)))) (OR ((AND ((NOT (X1)) X3)) X2)))) X1)))))
(CAPTURE_CANDIDATE (AND ((OR ((AND ((NOT (X3)) (OR (X1 X2)))) (AND ((OR (X1 (NOT (X2)))) (OR ((AND ((NOT (X1)) X3)) X2)))) (NOT (X1)))))))
(CAPTURE_CANDIDATE (AND ((OR ((AND ((NOT (X3)) (OR (X1 X2)))) (AND ((OR (X1 (NOT (X2)))) (OR ((AND ((NOT (X1)) X3)) X2)))) X2)))))
(CAPTURE_CANDIDATE (AND ((OR ((AND ((NOT (X3)) (OR (X1 X2)))) (AND ((OR (X1 (NOT (X2)))) (OR ((AND ((NOT (X1)) X3)) X2)))) (NOT (X2)))))))
(CAPTURE_CANDIDATE (AND ((OR ((AND ((NOT (X3)) (OR (X1 X2)))) (AND ((OR (X1 (NOT (X2)))) (OR ((AND ((NOT (X1)) X3)) X2)))) X3)))))
(CAPTURE_CANDIDATE (AND ((OR ((AND ((NOT (X3)) (OR (X1 X2)))) (AND ((OR (X1 (NOT (X2)))) (OR ((AND ((NOT (X1)) X3)) X2)))) (NOT (X3)))))))
(CAPTURE_CANDIDATE (AND ((OR ((AND ((NOT (X3)) (OR (X1 X2)))) (AND ((OR (X1 (NOT (X2)))) (OR ((AND ((NOT (X1)) X3)) X2)))) (AND ((NOT (X2)) X3)))))))
(CAPTURE_CANDIDATE (AND ((OR ((AND ((NOT (X3)) (OR (X1 X2)))) (AND ((OR (X1 (NOT (X2)))) (OR ((AND ((NOT (X1)) X3)) X2)))) X2 (NOT (X3)))))))
(CAPTURE_CANDIDATE (AND ((OR ((AND ((NOT (X3)) (OR (X1 X2)))) (AND ((OR (X1 (NOT (X2)))) (OR ((AND ((NOT (X1)) X3)) X2)))) (AND (X2 X3)))))))
(CAPTURE_CANDIDATE (AND ((OR ((AND ((NOT (X3)) (OR (X1 X2)))) (AND ((OR (X1 (NOT (X2)))) (OR ((AND ((NOT (X1)) X3)) X2)))) (NOT (X2)) (NOT (X3)))))))
(CAPTURE_CANDIDATE (AND ((OR ((AND ((NOT (X3)) (OR (X1 X2)))) (AND ((OR (X1 (NOT (X2)))) (OR ((AND ((NOT (X1)) X3)) X2)))) (AND ((NOT (X1)) X2)))))))
(CAPTURE_CANDIDATE (AND ((OR ((AND ((NOT (X3)) (OR (X1 X2)))) (AND ((OR (X1 (NOT (X2)))) (OR ((AND ((NOT (X1)) X3)) X2)))) X1 (NOT (X2)))))))
(CAPTURE_CANDIDATE (AND ((OR ((AND (X1 (NOT (X3)))) (AND ((OR (X1 (NOT (X2)))) (OR ((AND ((NOT (X1)) X3)) X2)))))))))
(CAPTURE_CANDIDATE (AND ((OR ((AND ((NOT (X1)) X2 (NOT (X3)))) (AND ((OR (X1 (NOT (X2)))) (OR ((AND ((NOT (X1)) X3)) X2)))))))))
(CAPTURE_CANDIDATE (AND ((OR ((AND (X2 (NOT (X3)))) (AND ((OR (X1 (NOT (X2)))) (OR ((AND ((NOT (X1)) X3)) X2)))))))))
(CAPTURE_CANDIDATE (AND ((OR ((AND ((NOT (X2)) X1 (NOT (X3)))) (AND ((OR (X1 (NOT (X2)))) (OR ((AND ((NOT (X1)) X3)) X2)))))))))
(CAPTURE_CANDIDATE (AND ((OR ((AND ((OR (X1 (NOT (X2)))) (OR ((AND ((NOT (X1)) X3)) X2)))) X1 X2)))))
(CAPTURE_CANDIDATE (AND ((OR ((AND (X3 (OR (X1 X2)))) (AND ((OR (X1 (NOT (X2)))) (OR ((AND ((NOT (X1)) X3)) X2)))))))))
(CAPTURE_CANDIDATE (AND ((OR ((AND ((NOT (X3)) (OR (X1 X2)) (OR ((NOT (X1)) X2)))) (AND ((OR (X1 (NOT (X2)))) (OR ((AND ((NOT (X1)) X3)) X2)))))))))
(CAPTURE_CANDIDATE (AND ((OR ((AND (X1 (NOT (X2)) (NOT (X3)))) (AND ((OR (X1 (NOT (X2)))) (OR ((AND ((NOT (X1)) X3)) X2)))))))))
(CAPTURE_CANDIDATE (AND ((OR ((AND ((NOT (X3)) (NOT (X1)) X2)) (AND ((OR (X1 (NOT (X2)))) (OR ((AND ((NOT (X1)) X3)) X2)))))))))
(CAPTURE_CANDIDATE (AND ((OR ((AND (X1 (NOT (X3)))) (AND ((OR (X1 (NOT (X2)))) (OR ((AND ((NOT (X1)) X3)) X2)))))))))
(CAPTURE_CANDIDATE (AND ((OR ((AND ((NOT (X3)) X2)) (AND ((OR (X1 (NOT (X2)))) (OR ((AND ((NOT (X1)) X3)) X2)))))))))
(CAPTURE_CANDIDATE (AND ((OR ((AND ((NOT (X2)) (NOT (X3)) X1)) (AND ((OR (X1 (NOT (X2)))) (OR ((AND ((NOT (X1)) X3)) X2)))))))))
(CAPTURE_CANDIDATE (AND ((OR ((AND (X2 (NOT (X3)))) (AND ((OR (X1 (NOT (X2)))) (OR ((AND ((NOT (X1)) X3)) X2)))))))))
(CAPTURE_CANDIDATE (AND ((OR ((AND ((NOT (X3)) (OR ((NOT (X1)) X2)))) (AND ((OR (X1 (NOT (X2)))) (OR ((AND ((NOT (X1)) X3)) X2)))))))))
(CAPTURE_CANDIDATE (AND ((OR ((AND (X1 (NOT (X3)))) (AND ((OR (X1 (NOT (X2)))) (OR ((AND ((NOT (X1)) X3)) X2)))))))))
(CAPTURE_CANDIDATE (AND ((OR ((AND ((NOT (X3)) (OR (X1 (NOT (X2)))))) (AND ((OR (X1 (NOT (X2)))) (OR ((AND ((NOT (X1)) X3)) X2)))))))))
(CAPTURE_CANDIDATE (AND ((OR ((AND ((NOT (X3)) (OR (X1 X2)))) (AND ((OR (X1 (NOT (X2)))) (OR ((AND ((NOT (X1)) X3)) X2)))))))))
(CAPTURE_CANDIDATE (AND ((OR ((NOT (X3)) (AND ((OR (X1 (NOT (X2)))) (OR ((AND ((NOT (X1)) X3)) X2)))))))))
(CAPTURE_CANDIDATE (AND ((OR ((AND ((NOT (X3)) (OR (X1 X2)))) (AND ((OR (X1 (NOT (X2)))) (OR ((AND ((NOT (X1)) X3)) X2)))))))))
(CAPTURE_CANDIDATE (AND ((OR ((NOT (X3)) (AND ((OR (X1 (NOT (X2)))) (OR ((AND ((NOT (X1)) X3)) X2)))))))))
(CAPTURE_CANDIDATE (AND ((OR ((AND ((NOT (X3)) (OR (X1 X2 (AND ((NOT (X1)) X2)))))) (AND ((OR (X1 (NOT (X2)))) (OR ((AND ((NOT (X1)) X3)) X2)))))))))
(CAPTURE_CANDIDATE (AND ((OR ((AND ((NOT (X3)) (OR (X1 X2 X1 (NOT (X2)))))) (AND ((OR (X1 (NOT (X2)))) (OR ((AND ((NOT (X1)) X3)) X2)))))))))
(CAPTURE_CANDIDATE (AND ((OR ((AND ((NOT (X3)) (OR (X1 X2)))) (AND ((OR (X1 (NOT (X2)))) (OR ((AND ((NOT (X1)) X3)) X2)))))))))
(CAPTURE_CANDIDATE (AND ((OR ((NOT (X3)) (AND ((OR (X1 (NOT (X2)))) (OR ((AND ((NOT (X1)) X3)) X2)))))))))
(CAPTURE_CANDIDATE (AND ((OR ((AND (X2 X1 (NOT (X3)))) (AND ((OR (X1 (NOT (X2)))) (OR ((AND ((NOT (X1)) X3)) X2)))))))))
(CAPTURE_CANDIDATE (AND ((OR ((AND ((NOT (X3)) (OR ((AND (X1 (NOT (X2)))) X2)))) (AND ((OR (X1 (NOT (X2)))) (OR ((AND ((NOT (X1)) X3)) X2)))))))))
(CAPTURE_CANDIDATE (AND ((OR ((AND ((NOT (X3)) X2)) (AND ((OR (X1 (NOT (X2)))) (OR ((AND ((NOT (X1)) X3)) X2)))))))))
(CAPTURE_CANDIDATE (AND ((OR ((AND ((NOT (X3)) (OR (X1 X2)))) (AND ((OR (X1 (NOT (X2)))) (OR ((AND ((NOT (X1)) X3)) X2)))))))))
(CAPTURE_CANDIDATE (AND ((OR ((AND (X2 (NOT (X3)) X1)) (AND ((OR (X1 (NOT (X2)))) (OR ((AND ((NOT (X1)) X3)) X2)))))))))
(CAPTURE_CANDIDATE (AND ((OR ((AND ((NOT (X3)) (OR ((AND (X1 X1 (NOT (X2)))) X2)))) (AND ((OR (X1 (NOT (X2)))) (OR ((AND ((NOT (X1)) X3)) X2)))))))))
(CAPTURE_CANDIDATE (AND ((OR ((AND ((NOT (X3)) (OR ((AND (X1 (NOT (X2)))) X2)))) (AND ((OR (X1 (NOT (X2)))) (OR ((AND ((NOT (X1)) X3)) X2)))))))))
(CAPTURE_CANDIDATE (AND ((OR ((AND (X2 X1 (NOT (X3)))) (AND ((OR (X1 (NOT (X2)))) (OR ((AND ((NOT (X1)) X3)) X2)))))))))
(CAPTURE_CANDIDATE (AND ((OR ((AND ((NOT (X3)) (OR (X1 X2)))) (AND ((OR (X1 (NOT (X2)))) (OR ((AND ((NOT (X1)) X3)) X2)))))))))
(CAPTURE_CANDIDATE (AND ((OR ((AND (X2 (NOT (X3)))) (AND ((OR (X1 (NOT (X2)))) (OR ((AND ((NOT (X1)) X3)) X2)))))))))
(CAPTURE_CANDIDATE (AND ((OR ((AND (X1 X2 (NOT (X3)))) (AND ((OR (X1 (NOT (X2)))) (OR ((AND ((NOT (X1)) X3)) X2)))))))))
(CAPTURE_CANDIDATE (AND ((OR ((AND ((NOT (X3)) (OR (X1 (AND (X2 (NOT (X1)))))))) (AND ((OR (X1 (NOT (X2)))) (OR ((AND ((NOT (X1)) X3)) X2)))))))))
(CAPTURE_CANDIDATE (AND ((OR ((AND ((NOT (X3)) X1)) (AND ((OR (X1 (NOT (X2)))) (OR ((AND ((NOT (X1)) X3)) X2)))))))))
(CAPTURE_CANDIDATE (AND ((OR ((AND ((NOT (X3)) (OR (X1 X2)))) (AND ((OR (X1 (NOT (X2)))) (OR ((AND ((NOT (X1)) X3)) X2)))))))))
(CAPTURE_CANDIDATE (AND ((OR ((AND ((NOT (X3)) X1 X2)) (AND ((OR (X1 (NOT (X2)))) (OR ((AND ((NOT (X1)) X3)) X2)))))))))
(CAPTURE_CANDIDATE (AND ((OR ((AND ((NOT (X3)) (OR (X1 (AND (X2 (NOT (X1)))))))) (AND ((OR (X1 (NOT (X2)))) (OR ((AND ((NOT (X1)) X3)) X2)))))))))
(CAPTURE_CANDIDATE (AND ((OR ((AND ((NOT (X3)) (OR (X1 X2)))) (AND ((OR (X1 (NOT (X2)))) (OR ((AND ((NOT (X1)) X3)) X2)))))))))
(CAPTURE_CANDIDATE (AND ((OR ((AND (X1 (NOT (X3)))) (AND ((OR (X1 (NOT (X2)))) (OR ((AND ((NOT (X1)) X3)) X2)))))))))
(CAPTURE_CANDIDATE (AND ((OR ((AND ((NOT (X3)) X1)) (AND ((OR (X1 (NOT (X2)))) (OR ((AND ((NOT (X1)) X3)) X2)))))))))
(CAPTURE_CANDIDATE (AND ((OR ((AND ((NOT (X3)) (OR (X1 (AND (X2 X2)))))) (AND ((OR (X1 (NOT (X2)))) (OR ((AND ((NOT (X1)) X3)) X2)))))))))
(CAPTURE_CANDIDATE (AND ((OR ((AND ((NOT (X3)) (OR (X1 X2 X1)))) (AND ((OR (X1 (NOT (X2)))) (OR ((AND ((NOT (X1)) X3)) X2)))))))))
(CAPTURE_CANDIDATE (AND ((OR ((AND ((NOT (X3)) (OR (X1 X2 (NOT (X1)))))) (AND ((OR (X1 (NOT (X2)))) (OR ((AND ((NOT (X1)) X3)) X2)))))))))
(CAPTURE_CANDIDATE (AND ((OR ((AND ((NOT (X3)) (OR (X1 X2 X2)))) (AND ((OR (X1 (NOT (X2)))) (OR ((AND ((NOT (X1)) X3)) X2)))))))))
(CAPTURE_CANDIDATE (AND ((OR ((AND ((NOT (X3)) (OR (X1 X2 (NOT (X2)))))) (AND ((OR (X1 (NOT (X2)))) (OR ((AND ((NOT (X1)) X3)) X2)))))))))
(CAPTURE_CANDIDATE (AND ((OR ((AND ((NOT (X3)) (OR (X1 X2)))) (AND ((OR (X1 (NOT (X2)))) (OR ((AND ((NOT (X1)) X3)) X2)))))))))
(CAPTURE_CANDIDATE (AND ((OR ((NOT (X3)) (AND ((OR (X1 (NOT (X2)))) (OR ((AND ((NOT (X1)) X3)) X2)))))))))
(CAPTURE_CANDIDATE (AND ((OR ((AND ((NOT (X3)) (OR (X1 X2 (NOT (X2)))))) (AND ((OR (X1 (NOT (X2)))) (OR ((AND ((NOT (X1)) X3)) X2)))))))))
(CAPTURE_CANDIDATE (AND ((OR ((AND ((NOT (X3)) (OR (X1 X2 X2)))) (AND ((OR (X1 (NOT (X2)))) (OR ((AND ((NOT (X1)) X3)) X2)))))))))
(CAPTURE_CANDIDATE (AND ((OR ((AND ((NOT (X3)) (OR (X1 X2 X1)))) (AND ((OR (X1 (NOT (X2)))) (OR ((AND ((NOT (X1)) X3)) X2)))))))))
(CAPTURE_CANDIDATE (AND ((OR ((AND ((NOT (X3)) (OR (X1 X2 (NOT (X1)))))) (AND ((OR (X1 (NOT (X2)))) (OR ((AND ((NOT (X1)) X3)) X2)))))))))
(CAPTURE_CANDIDATE (AND ((OR ((AND ((NOT (X3)) (OR (X1 X2 X2)))) (AND ((OR (X1 (NOT (X2)))) (OR ((AND ((NOT (X1)) X3)) X2)))))))))
(CAPTURE_CANDIDATE (AND ((OR ((AND ((NOT (X3)) (OR (X1 X2 (NOT (X2)))))) (AND ((OR (X1 (NOT (X2)))) (OR ((AND ((NOT (X1)) X3)) X2)))))))))
(CAPTURE_CANDIDATE (AND ((OR ((AND ((OR (X1 X2)) (OR (X1 (NOT (X3)))))) (AND ((OR (X1 (NOT (X2)))) (OR ((AND ((NOT (X1)) X3)) X2)))))))))
(CAPTURE_CANDIDATE (AND ((OR ((AND ((OR (X1 X2)) (OR ((NOT (X1)) (NOT (X3)))))) (AND ((OR (X1 (NOT (X2)))) (OR ((AND ((NOT (X1)) X3)) X2)))))))))
(CAPTURE_CANDIDATE (AND ((OR ((AND ((OR (X1 X2)) (OR (X2 (NOT (X3)))))) (AND ((OR (X1 (NOT (X2)))) (OR ((AND ((NOT (X1)) X3)) X2)))))))))
(CAPTURE_CANDIDATE (AND ((OR ((AND ((OR (X1 X2)) (OR ((NOT (X2)) (NOT (X3)))))) (AND ((OR (X1 (NOT (X2)))) (OR ((AND ((NOT (X1)) X3)) X2)))))))))
(CAPTURE_CANDIDATE (AND ((OR ((AND ((OR (X1 (NOT (X2)))) (OR ((AND ((NOT (X1)) X3)) X2)))) X1 X2)))))
(CAPTURE_CANDIDATE (AND ((OR ((AND (X3 (OR (X1 X2)))) (AND ((OR (X1 (NOT (X2)))) (OR ((AND ((NOT (X1)) X3)) X2)))))))))
(CAPTURE_CANDIDATE (AND ((OR ((AND ((OR (X1 X2)) (OR ((NOT (X3)) (AND (X2 X3)))))) (AND ((OR (X1 (NOT (X2)))) (OR ((AND ((NOT (X1)) X3)) X2)))))))))
(CAPTURE_CANDIDATE (AND ((OR ((AND ((OR (X1 X2)) (OR ((NOT (X3)) (NOT (X2)) (NOT (X3)))))) (AND ((OR (X1 (NOT (X2)))) (OR ((AND ((NOT (X1)) X3)) X2)))))))))
(CAPTURE_CANDIDATE (AND ((OR ((AND ((OR (X1 X2)) (OR ((NOT (X3)) (AND ((NOT (X1)) X3)))))) (AND ((OR (X1 (NOT (X2)))) (OR ((AND ((NOT (X1)) X3)) X2)))))))))
(CAPTURE_CANDIDATE (AND ((OR ((AND ((OR (X1 X2)) (OR ((NOT (X3)) X1 (NOT (X3)))))) (AND ((OR (X1 (NOT (X2)))) (OR ((AND ((NOT (X1)) X3)) X2)))))))))
(CAPTURE_CANDIDATE (AND ((OR ((AND ((OR (X1 X2)) (OR ((NOT (X3)) (AND ((NOT (X2)) X3)))))) (AND ((OR (X1 (NOT (X2)))) (OR ((AND ((NOT (X1)) X3)) X2)))))))))
(CAPTURE_CANDIDATE (AND ((OR ((AND ((OR (X1 X2)) (OR ((NOT (X3)) X2 (NOT (X3)))))) (AND ((OR (X1 (NOT (X2)))) (OR ((AND ((NOT (X1)) X3)) X2)))))))))
(CAPTURE_CANDIDATE (AND ((OR ((AND ((NOT (X3)) X1)) (AND ((OR (X1 (NOT (X2)))) (OR ((AND ((NOT (X1)) X3)) X2)))))))))
(CAPTURE_CANDIDATE (AND ((OR ((AND ((NOT (X3)) (NOT (X1)) X2)) (AND ((OR (X1 (NOT (X2)))) (OR ((AND ((NOT (X1)) X3)) X2)))))))))
(CAPTURE_CANDIDATE (AND ((OR ((AND ((NOT (X3)) X2)) (AND ((OR (X1 (NOT (X2)))) (OR ((AND ((NOT (X1)) X3)) X2)))))))))
(CAPTURE_CANDIDATE (AND ((OR ((AND ((NOT (X3)) (NOT (X2)) X1)) (AND ((OR (X1 (NOT (X2)))) (OR ((AND ((NOT (X1)) X3)) X2)))))))))
(CAPTURE_CANDIDATE (AND ((OR (X1 (NOT (X2)))) (OR ((AND ((NOT (X1)) X3)) X2)))))
(CAPTURE_CANDIDATE (AND ((OR ((AND ((NOT (X3)) (OR (X1 X2)))) (AND ((OR (X1 (NOT (X2)))) (OR ((AND ((NOT (X1)) X3)) X2)))))))))
(CAPTURE_CANDIDATE (AND ((OR ((AND ((NOT (X3)) (NOT (X1)) X2)) (AND ((OR (X1 (NOT (X2)))) (OR ((AND ((NOT (X1)) X3)) X2)))))))))
(CAPTURE_CANDIDATE (AND ((OR ((AND ((NOT (X3)) (OR (X1 X2)) (OR (X1 (NOT (X2)))))) (AND ((OR (X1 (NOT (X2)))) (OR ((AND ((NOT (X1)) X3)) X2)))))))))
(CAPTURE_CANDIDATE (AND ((OR ((AND ((NOT (X3)) X1 X2)) (AND ((OR (X1 (NOT (X2)))) (OR ((AND ((NOT (X1)) X3)) X2)))))))))
(CAPTURE_CANDIDATE (AND ((OR ((AND ((NOT (X3)) (OR (X1 X2)) (OR ((NOT (X1)) (NOT (X2)))))) (AND ((OR (X1 (NOT (X2)))) (OR ((AND ((NOT (X1)) X3)) X2)))))))))
(CAPTURE_CANDIDATE (AND ((OR (X1 (NOT (X2)))) (OR ((AND ((NOT (X1)) X3)) X2)))))
(CAPTURE_CANDIDATE (AND ((OR ((AND ((NOT (X3)) (OR (X1 X2)))) (AND ((OR (X1 (NOT (X2)))) (OR ((AND ((NOT (X1)) X3)) X2)))))))))
(CAPTURE_CANDIDATE (AND ((OR ((AND ((NOT (X3)) (OR (X1 X2)))) (AND (X1 (OR (X3 X2)))))))))
(CAPTURE_CANDIDATE (AND ((OR ((AND ((NOT (X3)) (OR (X1 X2)))) (AND ((NOT (X1)) (NOT (X2)) X3)))))))
(CAPTURE_CANDIDATE (AND ((OR ((AND ((NOT (X3)) (OR (X1 X2)))) (AND (X2 X1)))))))
(CAPTURE_CANDIDATE (AND ((OR ((AND ((NOT (X3)) (OR (X1 X2)))) (AND ((NOT (X2)) (NOT (X1)) X3)))))))
(CAPTURE_CANDIDATE (AND ((OR ((AND ((NOT (X3)) (OR (X1 X2)))) (AND (X3 (OR (X1 (NOT (X2)))) (OR ((NOT (X1)) X2)))))))))
(CAPTURE_CANDIDATE (AND ((NOT (X3)) (OR ((AND (X2 X1)) X1 X2)))))
(CAPTURE_CANDIDATE (AND ((OR ((AND ((NOT (X3)) (OR (X1 X2)))) (AND ((OR (X1 (NOT (X2)))) (OR ((AND ((NOT (X1)) X3)) X2)) (OR (X1 X2)))))))))
(CAPTURE_CANDIDATE (AND ((OR ((AND ((NOT (X3)) (OR (X1 X2)))) (AND ((NOT (X1)) (NOT (X2)) X3)))))))
(CAPTURE_CANDIDATE (AND ((OR ((AND ((NOT (X3)) (OR (X1 X2)))) (AND ((OR (X1 (NOT (X2)))) (OR ((AND ((NOT (X1)) X3)) X2)) (OR (X1 X3)))))))))
(CAPTURE_CANDIDATE (AND ((NOT (X3)) (OR (X1 X2)))))
(CAPTURE_CANDIDATE (AND ((OR ((AND ((NOT (X3)) (OR (X1 X2)))) (AND ((OR (X1 (NOT (X2)))) (OR ((AND ((NOT (X1)) X3)) X2)) (OR ((NOT (X1)) X3)))))))))
(CAPTURE_CANDIDATE (AND ((NOT (X3)) (OR ((AND (X1 X2)) X1 X2)))))
(CAPTURE_CANDIDATE (AND ((OR ((AND ((NOT (X3)) (OR (X1 X2)))) (AND ((NOT (X2)) (NOT (X1)) X3)))))))
(CAPTURE_CANDIDATE (AND ((OR ((AND ((NOT (X3)) (OR (X1 X2)))) (AND ((OR ((NOT (X1)) (NOT (X2)))) (OR ((AND ((NOT (X1)) X3)) X2)))))))))
(CAPTURE_CANDIDATE (AND ((OR ((AND ((NOT (X3)) (OR (X1 X2)))) (AND (X1 X2)))))))
(CAPTURE_CANDIDATE (AND ((OR ((AND ((NOT (X3)) (OR (X1 X2)))) (AND ((OR (X1 X2)) (OR ((AND ((NOT (X1)) X3)) X2)))))))))
(CAPTURE_CANDIDATE (AND ((OR ((AND ((NOT (X3)) (OR (X1 X2)))) (AND ((OR (X1 (NOT (X2)) X3)) (OR ((AND ((NOT (X1)) X3)) X2)))))))))
(CAPTURE_CANDIDATE (AND ((OR ((AND ((NOT (X3)) (OR (X1 X2)))) (AND ((OR (X1 (NOT (X2)) (NOT (X3)))) (OR ((AND ((NOT (X1)) X3)) X2)))))))))
(CAPTURE_CANDIDATE (AND ((OR ((AND ((NOT (X3)) (OR (X1 X2)))) (AND ((OR (X1 (NOT (X2)) (AND ((NOT (X2)) X3)))) (OR ((AND ((NOT (X1)) X3)) X2)))))))))
(CAPTURE_CANDIDATE (AND ((OR ((AND ((NOT (X3)) (OR (X1 X2)))) (AND ((OR (X1 (NOT (X2)) X2 (NOT (X3)))) (OR ((AND ((NOT (X1)) X3)) X2)))))))))
(CAPTURE_CANDIDATE (AND ((OR ((AND ((NOT (X3)) (OR (X1 X2)))) (AND ((OR (X1 (NOT (X2)) (AND ((NOT (X1)) X3)))) (OR ((AND ((NOT (X1)) X3)) X2)))))))))
(CAPTURE_CANDIDATE (AND ((OR ((AND ((NOT (X3)) (OR (X1 X2)))) (AND ((OR (X1 (NOT (X2)) X1 (NOT (X3)))) (OR ((AND ((NOT (X1)) X3)) X2)))))))))
(CAPTURE_CANDIDATE (AND ((OR ((AND ((NOT (X3)) (OR (X1 X2)))) (AND ((OR (X1 (NOT (X2)) (AND (X1 X2)))) (OR ((AND ((NOT (X1)) X3)) X2)))))))))
(CAPTURE_CANDIDATE (AND ((OR ((AND ((NOT (X3)) (OR (X1 X2)))) (AND ((OR (X1 (NOT (X2)) (NOT (X1)) (NOT (X2)))) (OR ((AND ((NOT (X1)) X3)) X2)))))))))
(CAPTURE_CANDIDATE (AND ((OR ((AND ((NOT (X3)) (OR (X1 X2)))) (AND ((OR ((AND (X1 X2)) (NOT (X2)))) (OR ((AND ((NOT (X1)) X3)) X2)))))))))
(CAPTURE_CANDIDATE (AND ((OR ((AND ((NOT (X3)) (OR (X1 X2)))) (AND ((NOT (X2)) X1)))))))
(CAPTURE_CANDIDATE (AND ((OR ((AND ((NOT (X3)) (OR (X1 X2)))) (AND ((OR ((AND (X1 X3)) (NOT (X2)))) (OR ((AND ((NOT (X1)) X3)) X2)))))))))
(CAPTURE_CANDIDATE (AND ((OR ((AND ((NOT (X3)) (OR (X1 X2)))) (AND ((OR ((AND (X1 (NOT (X3)))) (NOT (X2)))) (OR ((AND ((NOT (X1)) X3)) X2)))))))))
(CAPTURE_CANDIDATE (AND ((OR ((AND ((NOT (X3)) (OR (X1 X2)))) (AND ((OR ((AND (X1 X2)) (NOT (X2)))) (OR ((AND ((NOT (X1)) X3)) X2)))))))))
(CAPTURE_CANDIDATE (AND ((OR ((AND ((NOT (X3)) (OR (X1 X2)))) (AND ((NOT (X2)) X1 X1)))))))
(CAPTURE_CANDIDATE (AND ((OR ((AND ((NOT (X3)) (OR (X1 X2)))) (AND ((OR ((AND (X1 (OR (X2 X3)))) (NOT (X2)))) (OR ((AND ((NOT (X1)) X3)) X2)))))))))
(CAPTURE_CANDIDATE (AND ((NOT (X3)) (OR ((AND ((NOT (X2)) X1)) X1 X2)))))
(CAPTURE_CANDIDATE (AND ((OR ((AND ((NOT (X3)) (OR (X1 X2)))) (AND ((OR (X1 (NOT (X2)))) (OR ((AND ((NOT (X1)) X3)) X2)))))))))
(CAPTURE_CANDIDATE (AND ((OR ((AND ((NOT (X3)) (OR (X1 X2)))) (AND ((NOT (X2)) (NOT (X1)) X3)))))))
(CAPTURE_CANDIDATE (AND ((OR ((AND ((NOT (X3)) (OR (X1 X2)))) (AND (X1 (NOT (X2)))))))))
(CAPTURE_CANDIDATE (AND ((OR ((AND ((NOT (X3)) (OR (X1 X2)))) (AND ((OR (X1 (AND ((NOT (X1)) (NOT (X2)))))) (OR ((AND ((NOT (X1)) X3)) X2)))))))))
(CAPTURE_CANDIDATE (AND ((OR ((AND ((NOT (X3)) (OR (X1 X2)))) (AND (X1 X2)))))))
(CAPTURE_CANDIDATE (AND ((OR ((AND ((NOT (X3)) (OR (X1 X2)))) (AND ((OR (X1 X2)) (OR ((AND ((NOT (X1)) X3)) X2)))))))))
(CAPTURE_CANDIDATE (AND ((OR ((AND ((NOT (X3)) (OR (X1 X2)))) (AND ((OR (X1 (AND ((NOT (X2)) X3)))) (OR ((AND ((NOT (X1)) X3)) X2)))))))))
(CAPTURE_CANDIDATE (AND ((OR ((AND ((NOT (X3)) (OR (X1 X2)))) (AND ((OR (X1 (AND ((NOT (X2)) (NOT (X3)))))) (OR ((AND ((NOT (X1)) X3)) X2)))))))))
(CAPTURE_CANDIDATE (AND ((OR ((AND ((NOT (X3)) (OR (X1 X2)))) (AND ((OR (X1 (NOT (X2)))) (OR ((AND ((NOT (X1)) X3)) X2)))))))))
(CAPTURE_CANDIDATE (AND ((OR ((AND ((NOT (X3)) (OR (X1 X2)))) (AND (X1 X2)))))))
(CAPTURE_CANDIDATE (AND ((OR ((AND ((NOT (X3)) (OR (X1 X2)))) (AND ((OR (X1 (AND ((NOT (X2)) X3)))) (OR ((AND ((NOT (X1)) X3)) X2)))))))))
(CAPTURE_CANDIDATE (AND ((OR ((AND ((NOT (X3)) (OR (X1 X2)))) (AND ((OR (X1 (AND ((NOT (X2)) (NOT (X2)) (NOT (X3)))))) (OR ((AND ((NOT (X1)) X3)) X2)))))))))
(CAPTURE_CANDIDATE (AND ((OR ((AND ((NOT (X3)) (OR (X1 X2)))) (AND ((OR (X1 (AND ((NOT (X2)) (OR ((NOT (X1)) X3)))))) (OR ((AND ((NOT (X1)) X3)) X2)))))))))
(CAPTURE_CANDIDATE (AND ((NOT (X3)) (OR ((AND (X1 (NOT (X2)))) X1 X2)))))
(CAPTURE_CANDIDATE (AND ((OR ((AND ((NOT (X3)) (OR (X1 X2)))) (AND ((OR (X1 (NOT (X2)) X1)) (OR ((AND ((NOT (X1)) X3)) X2)))))))))
(CAPTURE_CANDIDATE (AND ((OR ((AND ((NOT (X3)) (OR (X1 X2)))) (AND ((OR (X1 (NOT (X2)) (NOT (X1)))) (OR ((AND ((NOT (X1)) X3)) X2)))))))))
(CAPTURE_CANDIDATE (AND ((OR ((AND ((NOT (X3)) (OR (X1 X2)))) (AND ((OR (X1 (NOT (X2)) X2)) (OR ((AND ((NOT (X1)) X3)) X2)))))))))
(CAPTURE_CANDIDATE (AND ((OR ((AND ((NOT (X3)) (OR (X1 X2)))) (AND ((OR (X1 (NOT (X2)) (NOT (X2)))) (OR ((AND ((NOT (X1)) X3)) X2)))))))))
(CAPTURE_CANDIDATE (AND ((OR ((AND ((NOT (X3)) (OR (X1 X2)))) (AND ((OR (X1 (NOT (X2)) X3)) (OR ((AND ((NOT (X1)) X3)) X2)))))))))
(CAPTURE_CANDIDATE (AND ((OR ((AND ((NOT (X3)) (OR (X1 X2)))) (AND ((OR (X1 (NOT (X2)) (NOT (X3)))) (OR ((AND ((NOT (X1)) X3)) X2)))))))))
(CAPTURE_CANDIDATE (AND ((OR ((AND ((NOT (X3)) (OR (X1 X2)))) (AND ((OR (X1 (NOT (X2)) (NOT (X1)) X2)) (OR ((AND ((NOT (X1)) X3)) X2)))))))))
(CAPTURE_CANDIDATE (AND ((OR ((AND ((NOT (X3)) (OR (X1 X2)))) (AND ((OR (X1 (NOT (X2)) (AND (X1 (NOT (X2)))))) (OR ((AND ((NOT (X1)) X3)) X2)))))))))
(CAPTURE_CANDIDATE (AND ((OR ((AND ((NOT (X3)) (OR (X1 X2)))) (AND ((OR (X1 (NOT (X2)) (NOT (X2)) X3)) (OR ((AND ((NOT (X1)) X3)) X2)))))))))
(CAPTURE_CANDIDATE (AND ((OR ((AND ((NOT (X3)) (OR (X1 X2)))) (AND ((OR (X1 (NOT (X2)) (AND (X2 (NOT (X3)))))) (OR ((AND ((NOT (X1)) X3)) X2)))))))))
(CAPTURE_CANDIDATE (AND ((OR ((AND ((NOT (X3)) (OR (X1 X2)))) (AND ((OR (X1 (NOT (X2)) X1 X2)) (OR ((AND ((NOT (X1)) X3)) X2)))))))))
(CAPTURE_CANDIDATE (AND ((OR ((AND ((NOT (X3)) (OR (X1 X2)))) (AND ((OR (X1 (NOT (X2)) (AND ((NOT (X1)) (NOT (X2)))))) (OR ((AND ((NOT (X1)) X3)) X2)))))))))
(CAPTURE_CANDIDATE (AND ((OR ((AND ((NOT (X3)) (OR (X1 X2)))) (AND ((OR (X1 (NOT (X2)))) (OR ((AND ((NOT (X1)) X3)) X1 X2)))))))))
(CAPTURE_CANDIDATE (AND ((OR ((AND ((NOT (X3)) (OR (X1 X2)))) (AND ((OR (X1 (NOT (X2)))) (OR ((AND ((NOT (X1)) X3)) (NOT (X1)) X2)))))))))
(CAPTURE_CANDIDATE (AND ((OR ((AND ((NOT (X3)) (OR (X1 X2)))) (AND ((NOT (X1)) X3 (NOT (X2)))))))))
(CAPTURE_CANDIDATE (AND ((OR ((AND ((NOT (X3)) (OR (X1 X2)))) (AND ((OR (X1 (NOT (X2)))) (OR ((AND ((NOT (X1)) X3)) (NOT (X2)))))))))))
(CAPTURE_CANDIDATE (AND ((OR ((AND ((NOT (X3)) (OR (X1 X2)))) (AND ((OR (X1 (NOT (X2)))) (OR ((AND ((NOT (X1)) X3)) X2 X3)))))))))
(CAPTURE_CANDIDATE (AND ((OR ((AND ((NOT (X3)) (OR (X1 X2)))) (AND ((OR (X1 (NOT (X2)))) (OR ((AND ((NOT (X1)) X3)) X2 (NOT (X3)))))))))))
(CAPTURE_CANDIDATE (AND ((OR ((AND ((NOT (X3)) (OR (X1 X2)))) (AND ((OR (X1 (NOT (X2)))) (OR ((AND ((NOT (X1)) X3)) X2 (AND ((NOT (X1)) X3)))))))))))
(CAPTURE_CANDIDATE (AND ((OR ((AND ((NOT (X3)) (OR (X1 X2)))) (AND ((OR (X1 (NOT (X2)))) (OR ((AND ((NOT (X1)) X3)) X2 X1 (NOT (X3)))))))))))
(CAPTURE_CANDIDATE (AND ((OR ((AND ((NOT (X3)) (OR (X1 X2)))) (AND ((OR (X1 (NOT (X2)))) (OR ((AND ((NOT (X1)) X3)) X2 (AND (X2 X3)))))))))))
(CAPTURE_CANDIDATE (AND ((OR ((AND ((NOT (X3)) (OR (X1 X2)))) (AND ((OR (X1 (NOT (X2)))) (OR ((AND ((NOT (X1)) X3)) X2 (NOT (X2)) (NOT (X3)))))))))))
(CAPTURE_CANDIDATE (AND ((OR ((AND ((NOT (X3)) (OR (X1 X2)))) (AND ((OR (X1 (NOT (X2)))) (OR ((AND ((NOT (X1)) X3)) X2 (AND ((NOT (X1)) X2)))))))))))
(CAPTURE_CANDIDATE (AND ((OR ((AND ((NOT (X3)) (OR (X1 X2)))) (AND ((OR (X1 (NOT (X2)))) (OR ((AND ((NOT (X1)) X3)) X2 X1 (NOT (X2)))))))))))
(CAPTURE_CANDIDATE (AND ((OR ((AND ((NOT (X3)) (OR (X1 X2)))) (AND ((OR (X1 (NOT (X2)))) (OR (X3 X2)))))))))
(CAPTURE_CANDIDATE (AND ((OR ((AND ((NOT (X3)) (OR (X1 X2)))) (AND ((OR (X1 (NOT (X2)))) (OR ((AND (X1 X3)) X2)))))))))
(CAPTURE_CANDIDATE (AND ((OR ((AND ((NOT (X3)) (OR (X1 X2)))) (AND (X2 (NOT (X1)) X3)))))))
(CAPTURE_CANDIDATE (AND ((OR ((AND ((NOT (X3)) (OR (X1 X2)))) (AND ((OR (X1 (NOT (X2)))) (OR ((AND ((NOT (X2)) (NOT (X1)) X3)) X2)))))))))
(CAPTURE_CANDIDATE (AND ((OR ((AND ((NOT (X3)) (OR (X1 X2)))) (AND ((OR (X1 (NOT (X2)))) (OR ((NOT (X1)) X2)))))))))
(CAPTURE_CANDIDATE (AND ((OR ((AND ((NOT (X3)) (OR (X1 X2)))) (AND ((OR (X1 (NOT (X2)))) (OR ((AND ((NOT (X3)) (NOT (X1)))) X2)))))))))
(CAPTURE_CANDIDATE (AND ((OR ((AND ((NOT (X3)) (OR (X1 X2)))) (AND ((OR (X1 (NOT (X2)))) (OR ((AND ((NOT (X1)) X3)) X2)))))))))
(CAPTURE_CANDIDATE (AND ((OR ((AND ((NOT (X3)) (OR (X1 X2)))) (AND (X2 X1)))))))
(CAPTURE_CANDIDATE (AND ((OR ((AND ((NOT (X3)) (OR (X1 X2)))) (AND ((OR (X1 (NOT (X2)))) (OR ((AND ((NOT (X1)) X3)) X2)))))))))
(CAPTURE_CANDIDATE (AND ((OR ((AND ((NOT (X3)) (OR (X1 X2)))) (AND (X2 X1)))))))
(CAPTURE_CANDIDATE (AND ((OR ((AND ((NOT (X3)) (OR (X1 X2)))) (AND ((OR (X1 (NOT (X2)))) (OR ((AND ((NOT (X1)) X3)) X2)))))))))
(CAPTURE_CANDIDATE (AND ((OR ((AND ((NOT (X3)) (OR (X1 X2)))) (AND ((OR (X1 (NOT (X2)))) (OR ((AND (X1 (NOT (X2)) X3)) X2)))))))))
(CAPTURE_CANDIDATE (AND ((OR ((AND ((NOT (X3)) (OR (X1 X2)))) (AND ((OR (X1 (NOT (X2)))) (OR (X3 X2)))))))))
(CAPTURE_CANDIDATE (AND ((OR ((AND ((NOT (X3)) (OR (X1 X2)))) (AND ((OR (X1 (NOT (X2)))) (OR ((AND (X1 X3)) X2)))))))))
(CAPTURE_CANDIDATE (AND ((OR ((AND ((NOT (X3)) (OR (X1 X2)))) (AND ((OR (X1 (NOT (X2)))) (OR ((AND (X3 (OR ((NOT (X1)) X2)))) X2)))))))))
(CAPTURE_CANDIDATE (AND ((OR ((AND ((NOT (X3)) (OR (X1 X2)))) (AND ((OR (X1 (NOT (X2)))) (OR ((AND (X3 (OR ((NOT (X1)) (NOT (X2)))))) X2)))))))))
(CAPTURE_CANDIDATE (AND ((OR ((AND ((NOT (X3)) (OR (X1 X2)))) (AND ((OR (X1 (NOT (X2)))) (OR (X3 X2)))))))))
(CAPTURE_CANDIDATE (AND ((OR ((AND ((NOT (X3)) (OR (X1 X2)))) (AND ((OR (X1 (NOT (X2)))) (OR ((AND (X3 (NOT (X1)))) X2)))))))))
(CAPTURE_CANDIDATE (AND ((OR ((AND ((NOT (X3)) (OR (X1 X2)))) (AND ((OR (X1 (NOT (X2)))) (OR ((AND ((NOT (X1)) X3)) X2)))))))))
(CAPTURE_CANDIDATE (AND ((OR ((AND ((NOT (X3)) (OR (X1 X2)))) (AND ((OR (X1 (NOT (X2)))) (OR ((AND (X3 (OR ((NOT (X1)) X1)))) X2)))))))))
(CAPTURE_CANDIDATE (AND ((OR ((AND ((NOT (X3)) (OR (X1 X2)))) (AND ((OR (X1 (NOT (X2)))) (OR ((AND (X3 (OR ((NOT (X1)) (NOT (X2)))))) X2)))))))))
(CAPTURE_CANDIDATE (AND ((OR ((AND ((NOT (X3)) (OR (X1 X2)))) (AND ((OR (X1 (NOT (X2)))) (OR ((AND (X3 (OR ((NOT (X1)) X2)))) X2)))))))))
(CAPTURE_CANDIDATE (AND ((OR ((AND ((NOT (X3)) (OR (X1 X2)))) (AND ((OR (X1 (NOT (X2)))) (OR ((AND (X3 (OR ((NOT (X1)) (AND (X1 X2)))))) X2)))))))))
(CAPTURE_CANDIDATE (AND ((OR ((AND ((NOT (X3)) (OR (X1 X2)))) (AND ((OR (X1 (NOT (X2)))) (OR ((AND (X3 (OR ((NOT (X1)) (NOT (X1)) (NOT (X2)))))) X2)))))))))
(CAPTURE_CANDIDATE (AND ((OR ((AND ((NOT (X3)) (OR (X1 X2)))) (AND ((OR (X1 (NOT (X2)))) (OR ((AND ((NOT (X1)) X3)) X2)))))))))
(CAPTURE_CANDIDATE (AND ((OR ((AND ((NOT (X3)) (OR (X1 X2)))) (AND ((OR (X1 (NOT (X2)))) (OR ((NOT (X1)) X2)))))))))
(CAPTURE_CANDIDATE (AND ((OR ((AND ((NOT (X3)) (OR (X1 X2)))) (AND ((OR (X1 (NOT (X2)))) (OR ((AND ((NOT (X1)) (OR (X3 X2)))) X2)))))))))
(CAPTURE_CANDIDATE (AND ((OR ((AND ((NOT (X3)) (OR (X1 X2)))) (AND ((OR (X1 (NOT (X2)))) (OR ((AND ((NOT (X1)) (OR (X3 (NOT (X2)))))) X2)))))))))
(CAPTURE_CANDIDATE (AND ((OR ((AND ((NOT (X3)) (OR (X1 X2)))) (AND (X2 X1)))))))
(CAPTURE_CANDIDATE (AND ((OR ((AND ((NOT (X3)) (OR (X1 X2)))) (AND ((OR (X1 (NOT (X2)))) (OR ((NOT (X1)) X2)))))))))
(CAPTURE_CANDIDATE (AND ((OR ((AND ((NOT (X3)) (OR (X1 X2)))) (AND ((OR (X1 (NOT (X2)))) (OR ((AND ((NOT (X1)) X3 (NOT (X1)))) X2)))))))))
(CAPTURE_CANDIDATE (AND ((OR ((AND ((NOT (X3)) (OR (X1 X2)))) (AND ((OR (X1 (NOT (X2)))) (OR ((AND ((NOT (X1)) (OR (X3 (NOT (X3)))))) X2)))))))))
(CAPTURE_CANDIDATE (AND ((OR ((AND ((NOT (X3)) (OR (X1 X2)))) (AND ((OR (X1 (NOT (X2)))) (OR ((AND ((NOT (X1)) (OR (X3 X2)))) X2)))))))))
(CAPTURE_CANDIDATE (AND ((OR ((AND ((NOT (X3)) (OR (X1 X2)))) (AND ((OR (X1 (NOT (X2)))) (OR ((AND ((NOT (X1)) (OR (X3 (NOT (X2)))))) X2)))))))))
(CAPTURE_CANDIDATE (AND ((OR ((AND ((NOT (X3)) (OR (X1 X2)))) (AND (X2 X1)))))))
(CAPTURE_CANDIDATE (AND ((OR ((AND ((NOT (X3)) (OR (X1 X2)))) (AND ((OR (X1 (NOT (X2)))) (OR ((AND ((NOT (X1)) X3)) X2)))))))))
(CAPTURE_CANDIDATE (AND ((OR ((AND ((NOT (X3)) (OR (X1 X2)))) (AND (X2 (NOT (X1)) X3)))))))
(CAPTURE_CANDIDATE (AND ((OR ((AND ((NOT (X3)) (OR (X1 X2)))) (AND ((OR (X1 (NOT (X2)))) (OR ((AND ((NOT (X1)) X3 (NOT (X2)))) X2)))))))))
(CAPTURE_CANDIDATE (AND ((OR ((AND ((NOT (X3)) (OR (X1 X2)))) (AND ((OR (X1 (NOT (X2)))) (OR ((AND ((NOT (X1)) X3)) X2)))))))))
(CAPTURE_CANDIDATE (AND ((OR ((AND ((NOT (X3)) (OR (X1 X2)))) (AND (X2 X1)))))))
(CAPTURE_CANDIDATE (AND ((OR ((AND ((NOT (X3)) (OR (X1 X2)))) (AND (X2 X1)))))))
(CAPTURE_CANDIDATE (AND ((OR ((AND ((NOT (X3)) (OR (X1 X2)))) (AND ((OR (X1 (NOT (X2)))) (OR ((AND ((NOT (X1)) X3)) X2)))))))))
(CAPTURE_CANDIDATE (AND ((OR ((AND ((NOT (X3)) (OR (X1 X2)))) (AND ((OR (X1 (NOT (X2)))) (OR ((AND ((NOT (X1)) X3 (NOT (X2)))) X2)))))))))
(CAPTURE_CANDIDATE (AND ((OR ((AND ((NOT (X3)) (OR (X1 X2)))) (AND (X2 (NOT (X1)) X3)))))))
(CAPTURE_CANDIDATE (AND ((OR ((AND ((NOT (X3)) (OR (X1 X2)))) (AND ((OR (X1 (NOT (X2)))) (OR ((AND ((NOT (X1)) X3)) X2)))))))))
(CAPTURE_CANDIDATE (AND ((OR ((AND ((NOT (X3)) (OR (X1 X2)))) (AND ((OR (X1 (NOT (X2)))) (OR ((AND ((NOT (X1)) X3)) X2)))))))))
(CAPTURE_CANDIDATE (AND ((OR ((AND ((NOT (X3)) (OR (X1 X2)))) (AND ((OR (X1 (NOT (X2)))) (OR ((AND ((NOT (X1)) X3)) (AND (X2 X1)))))))))))
(CAPTURE_CANDIDATE (AND ((OR ((AND ((NOT (X3)) (OR (X1 X2)))) (AND ((NOT (X1)) (NOT (X2)) X3)))))))
(CAPTURE_CANDIDATE (AND ((OR ((AND ((NOT (X3)) (OR (X1 X2)))) (AND (X3 (OR (X1 (NOT (X2)))) (OR ((NOT (X1)) X2)))))))))
(CAPTURE_CANDIDATE (AND ((OR ((AND ((NOT (X3)) (OR (X1 X2)))) (AND ((OR (X1 (NOT (X2)))) (OR ((AND ((NOT (X1)) X3)) (AND (X2 (NOT (X3)))))))))))))
(CAPTURE_CANDIDATE (AND ((OR ((AND ((NOT (X3)) (OR (X1 X2)))) (AND ((OR (X1 (NOT (X2)))) (OR ((AND ((NOT (X1)) X3)) (AND (X2 (OR (X1 X3)))))))))))))
(CAPTURE_CANDIDATE (AND ((OR ((AND ((NOT (X3)) (OR (X1 X2)))) (AND ((NOT (X1)) (NOT (X2)) X3)))))))
(CAPTURE_CANDIDATE (AND ((OR ((AND ((NOT (X3)) (OR (X1 X2)))) (AND (X3 (OR (X1 (NOT (X2)))) (OR ((NOT (X1)) X2)))))))))
(CAPTURE_CANDIDATE (AND ((OR ((AND ((NOT (X3)) (OR (X1 X2)))) (AND ((OR (X1 (NOT (X2)))) (OR ((AND ((NOT (X1)) X3)) (AND (X2 X2 (NOT (X3)))))))))))))
(CAPTURE_CANDIDATE (AND ((OR ((AND ((NOT (X3)) (OR (X1 X2)))) (AND ((OR (X1 (NOT (X2)))) (OR ((AND ((NOT (X1)) X3)) X2)))))))))
(CAPTURE_CANDIDATE (AND ((OR ((AND ((NOT (X3)) (OR (X1 X2)))) (AND ((NOT (X1)) X3 (NOT (X2)))))))))
(CAPTURE_CANDIDATE (AND ((OR ((AND ((NOT (X3)) (OR (X1 X2)))) (AND ((OR (X1 (NOT (X2)))) (OR ((AND ((NOT (X1)) X3)) X2 X1)))))))))
(CAPTURE_CANDIDATE (AND ((OR ((AND ((NOT (X3)) (OR (X1 X2)))) (AND ((OR (X1 (NOT (X2)))) (OR ((AND ((NOT (X1)) X3)) X2 (NOT (X1)))))))))))
(CAPTURE_CANDIDATE (AND ((OR ((AND ((NOT (X3)) (OR (X1 X2)))) (AND ((OR (X1 (NOT (X2)))) (OR ((AND ((NOT (X1)) X3)) X2 X2)))))))))
(CAPTURE_CANDIDATE (AND ((OR ((AND ((NOT (X3)) (OR (X1 X2)))) (AND ((OR (X1 (NOT (X2)))) (OR ((AND ((NOT (X1)) X3)) X2 (NOT (X2)))))))))))
(CAPTURE_CANDIDATE (AND ((OR ((AND ((NOT (X3)) (OR (X1 X2)))) (AND ((OR (X1 (NOT (X2)))) (OR ((AND ((NOT (X1)) X3)) X2 X3)))))))))
(CAPTURE_CANDIDATE (AND ((OR ((AND ((NOT (X3)) (OR (X1 X2)))) (AND ((OR (X1 (NOT (X2)))) (OR ((AND ((NOT (X1)) X3)) X2 (NOT (X3)))))))))))
(CAPTURE_CANDIDATE (AND ((OR ((AND ((NOT (X3)) (OR (X1 X2)))) (AND ((OR (X1 (NOT (X2)))) (OR ((AND ((NOT (X1)) X3)) X2 X2 X3)))))))))
(CAPTURE_CANDIDATE (AND ((OR ((AND ((NOT (X3)) (OR (X1 X2)))) (AND ((OR (X1 (NOT (X2)))) (OR ((AND ((NOT (X1)) X3)) X2 (AND ((NOT (X2)) (NOT (X3)))))))))))))
(CAPTURE_CANDIDATE (AND ((OR ((AND ((NOT (X3)) (OR (X1 X2)))) (AND ((OR (X1 (NOT (X2)))) (OR ((AND ((NOT (X1)) X3)) X2 (NOT (X2)) X3)))))))))
(CAPTURE_CANDIDATE (AND ((OR ((AND ((NOT (X3)) (OR (X1 X2)))) (AND ((OR (X1 (NOT (X2)))) (OR ((AND ((NOT (X1)) X3)) X2 (AND (X2 (NOT (X3)))))))))))))
(CAPTURE_CANDIDATE (AND ((OR ((AND ((NOT (X3)) (OR (X1 X2)))) (AND ((OR (X1 (NOT (X2)))) (OR ((AND ((NOT (X1)) X3)) X2 X1 X3)))))))))
(CAPTURE_CANDIDATE (AND ((OR ((AND ((NOT (X3)) (OR (X1 X2)))) (AND ((OR (X1 (NOT (X2)))) (OR ((AND ((NOT (X1)) X3)) X2 (AND ((NOT (X1)) (NOT (X3)))))))))))))
(CAPTURE_CANDIDATE (AND ((OR ((AND ((NOT (X3)) (OR (X1 X2)))) (AND (X1 X2)))))))
(CAPTURE_CANDIDATE (AND ((OR ((AND ((NOT (X3)) (OR (X1 X2)))) (AND ((NOT (X1)) (NOT (X2)) X3)))))))
(CAPTURE_CANDIDATE (AND ((OR ((AND ((NOT (X3)) (OR (X1 X2)))) (AND (X2 X1)))))))
(CAPTURE_CANDIDATE (AND ((OR ((AND ((NOT (X3)) (OR (X1 X2)))) (AND ((NOT (X2)) (NOT (X1)) X3)))))))
(CAPTURE_CANDIDATE (AND ((OR ((AND ((NOT (X3)) (OR (X1 X2)))) (AND (X3 (OR (X1 (NOT (X2)))) (OR ((NOT (X1)) X2)))))))))
(CAPTURE_CANDIDATE (AND ((NOT (X3)) (OR ((AND (X2 X1)) X1 X2)))))
(CAPTURE_CANDIDATE (AND ((OR ((AND ((NOT (X3)) (OR (X1 X2)))) (AND ((NOT (X2)) X3 (NOT (X1)))))))))
(CAPTURE_CANDIDATE (AND ((OR ((AND ((NOT (X3)) (OR (X1 X2)))) (AND ((OR (X1 (NOT (X2)))) (OR ((AND ((NOT (X1)) X3)) X2)) (OR (X2 (NOT (X3)))))))))))
(CAPTURE_CANDIDATE (AND ((OR ((AND ((NOT (X3)) (OR (X1 X2)))) (AND (X2 X3 X1)))))))
(CAPTURE_CANDIDATE (AND ((OR ((AND ((NOT (X3)) (OR (X1 X2)))) (AND ((OR (X1 (NOT (X2)))) (OR ((AND ((NOT (X1)) X3)) X2)) (OR ((NOT (X2)) (NOT (X3)))))))))))
(CAPTURE_CANDIDATE (AND ((OR ((AND ((NOT (X3)) (OR (X1 X2)))) (AND (X1 X2)))))))
(CAPTURE_CANDIDATE (AND ((OR ((AND ((NOT (X3)) (OR (X1 X2)))) (AND ((OR (X1 (NOT (X2)))) (OR ((AND ((NOT (X1)) X3)) X2)) (OR ((NOT (X1)) (NOT (X2)))))))))))
(CAPTURE_CANDIDATE (AND ((OR ((AND ((NOT (X3)) (OR (X1 X2)))) (AND ((OR (X1 (NOT (X2)))) (OR ((AND ((NOT (X1)) X3)) X2)))) X1)))))
(CAPTURE_CANDIDATE (AND ((OR ((AND ((NOT (X3)) (OR (X1 X2)))) (AND ((OR (X1 (NOT (X2)))) (OR ((AND ((NOT (X1)) X3)) X2)))) (NOT (X1)))))))
(CAPTURE_CANDIDATE (AND ((OR ((AND ((NOT (X3)) (OR (X1 X2)))) (AND ((OR (X1 (NOT (X2)))) (OR ((AND ((NOT (X1)) X3)) X2)))) X2)))))
(CAPTURE_CANDIDATE (AND ((OR ((AND ((NOT (X3)) (OR (X1 X2)))) (AND ((OR (X1 (NOT (X2)))) (OR ((AND ((NOT (X1)) X3)) X2)))) (NOT (X2)))))))
(CAPTURE_CANDIDATE (AND ((OR ((AND ((NOT (X3)) (OR (X1 X2)))) (AND ((OR (X1 (NOT (X2)))) (OR ((AND ((NOT (X1)) X3)) X2)))) X3)))))
(CAPTURE_CANDIDATE (AND ((OR ((AND ((NOT (X3)) (OR (X1 X2)))) (AND ((OR (X1 (NOT (X2)))) (OR ((AND ((NOT (X1)) X3)) X2)))) (NOT (X3)))))))
(CAPTURE_CANDIDATE (AND ((OR ((AND ((NOT (X3)) (OR (X1 X2)))) (AND ((OR (X1 (NOT (X2)))) (OR ((AND ((NOT (X1)) X3)) X2)))) (NOT (X2)) X3)))))
(CAPTURE_CANDIDATE (AND ((OR ((AND ((NOT (X3)) (OR (X1 X2)))) (AND ((OR (X1 (NOT (X2)))) (OR ((AND ((NOT (X1)) X3)) X2)))) (AND (X2 (NOT (X3)))))))))
(CAPTURE_CANDIDATE (AND ((OR ((AND ((NOT (X3)) (OR (X1 X2)))) (AND ((OR (X1 (NOT (X2)))) (OR ((AND ((NOT (X1)) X3)) X2)))) X2 X3)))))
(CAPTURE_CANDIDATE (AND ((OR ((AND ((NOT (X3)) (OR (X1 X2)))) (AND ((OR (X1 (NOT (X2)))) (OR ((AND ((NOT (X1)) X3)) X2)))) (AND ((NOT (X2)) (NOT (X3)))))))))
(CAPTURE_CANDIDATE (AND ((OR ((AND ((NOT (X3)) (OR (X1 X2)))) (AND ((OR (X1 (NOT (X2)))) (OR ((AND ((NOT (X1)) X3)) X2)))) (NOT (X1)) X3)))))
(CAPTURE_CANDIDATE (AND ((OR ((AND ((NOT (X3)) (OR (X1 X2)))) (AND ((OR (X1 (NOT (X2)))) (OR ((AND ((NOT (X1)) X3)) X2)))) (AND (X1 (NOT (X3)))))))))
(CAPTURE_CANDIDATE (AND (X1 (OR ((NOT (X3)) X2)))))
(CAPTURE_CANDIDATE (AND ((NOT (X1)) (OR ((AND ((NOT (X3)) X2)) (AND ((NOT (X2)) X3)))))))
(CAPTURE_CANDIDATE (AND (X2 (OR ((NOT (X3)) X1)))))
(CAPTURE_CANDIDATE (AND ((NOT (X2)) (OR ((AND ((NOT (X3)) X1)) (AND ((NOT (X1)) X3)))))))
(CAPTURE_CANDIDATE (AND (X3 (OR (X1 (NOT (X2)))) (OR ((NOT (X1)) X2)))))
(CAPTURE_CANDIDATE (AND ((NOT (X3)) (OR ((AND (X2 X1)) X1 X2)))))
(CAPTURE_CANDIDATE (AND (X1 X3 X2)))
(CAPTURE_CANDIDATE (AND ((OR ((AND ((NOT (X3)) (OR (X1 X2)))) (AND ((OR (X1 (NOT (X2)))) (OR ((AND ((NOT (X1)) X3)) X2)))))) (OR ((NOT (X1)) (NOT (X3)))))))
(CAPTURE_CANDIDATE (AND ((NOT (X1)) X3 (NOT (X2)))))
(CAPTURE_CANDIDATE (AND ((OR ((AND ((NOT (X3)) (OR (X1 X2)))) (AND ((OR (X1 (NOT (X2)))) (OR ((AND ((NOT (X1)) X3)) X2)))))) (OR (X1 (NOT (X3)))))))
(CAPTURE_CANDIDATE (AND ((NOT (X1)) X2 (NOT (X3)))))
(CAPTURE_CANDIDATE (AND ((OR ((AND ((NOT (X3)) (OR (X1 X2)))) (AND ((OR (X1 (NOT (X2)))) (OR ((AND ((NOT (X1)) X3)) X2)))))) (OR (X1 (NOT (X2)))))))
(CAPTURE_CANDIDATE (AND ((OR (X1 (AND ((NOT (X3)) (OR (X1 X2)))) (AND ((OR (X1 (NOT (X2)))) (OR ((AND ((NOT (X1)) X3)) X2)))))))))
(CAPTURE_CANDIDATE (AND ((OR ((NOT (X1)) (AND ((NOT (X3)) (OR (X1 X2)))) (AND ((OR (X1 (NOT (X2)))) (OR ((AND ((NOT (X1)) X3)) X2)))))))))
(CAPTURE_CANDIDATE (AND ((OR (X2 (AND ((NOT (X3)) (OR (X1 X2)))) (AND ((OR (X1 (NOT (X2)))) (OR ((AND ((NOT (X1)) X3)) X2)))))))))
(CAPTURE_CANDIDATE (AND ((OR ((NOT (X2)) (AND ((NOT (X3)) (OR (X1 X2)))) (AND ((OR (X1 (NOT (X2)))) (OR ((AND ((NOT (X1)) X3)) X2)))))))))
(CAPTURE_CANDIDATE (AND ((OR (X3 (AND ((NOT (X3)) (OR (X1 X2)))) (AND ((OR (X1 (NOT (X2)))) (OR ((AND ((NOT (X1)) X3)) X2)))))))))
(CAPTURE_CANDIDATE (AND ((OR ((NOT (X3)) (AND ((NOT (X3)) (OR (X1 X2)))) (AND ((OR (X1 (NOT (X2)))) (OR ((AND ((NOT (X1)) X3)) X2)))))))))
(CAPTURE_CANDIDATE (AND ((OR ((AND ((NOT (X3)) (OR (X1 X2)))) (AND ((OR (X1 (NOT (X2)))) (OR ((AND ((NOT (X1)) X3)) X2)))) X1 X2)))))
(CAPTURE_CANDIDATE (AND ((OR ((AND ((NOT (X1)) (NOT (X2)))) (AND ((NOT (X3)) (OR (X1 X2)))) (AND ((OR (X1 (NOT (X2)))) (OR ((AND ((NOT (X1)) X3)) X2)))))))))
(CAPTURE_CANDIDATE (AND ((OR ((AND ((NOT (X3)) (OR (X1 X2)))) (AND ((OR (X1 (NOT (X2)))) (OR ((AND ((NOT (X1)) X3)) X2)))) X2 X3)))))
(CAPTURE_CANDIDATE (AND ((OR ((AND ((NOT (X2)) (NOT (X3)))) (AND ((NOT (X3)) (OR (X1 X2)))) (AND ((OR (X1 (NOT (X2)))) (OR ((AND ((NOT (X1)) X3)) X2)))))))))
(CAPTURE_CANDIDATE (AND ((OR ((AND ((NOT (X3)) (OR (X1 X2)))) (AND ((OR (X1 (NOT (X2)))) (OR ((AND ((NOT (X1)) X3)) X2)))) (NOT (X1)) X2)))))
(CAPTURE_CANDIDATE (AND ((OR ((AND (X1 (NOT (X2)))) (AND ((NOT (X3)) (OR (X1 X2)))) (AND ((OR (X1 (NOT (X2)))) (OR ((AND ((NOT (X1)) X3)) X2)))))))))
(New best score: -3.2857142857142856)
""
(Iteration 3 running)
(Crossover: true)
(CenterInst: (0 0 0 0 0 0 0 0 0 0 0 0 0 0 0 0 0 0 0 0 1 0 0 0 1 1 0 0 0 0 0 0 0 0 0 0 0 0 0 0 0 0 0 0 0 0 0 0 1 0 0 0 0 0 0 0 0 0 0 0 0 0 0 0 1 1 0 0 0 0 0 0 0 0 0 0 1 0 0 0 0 0 0 0 0 0 0 0 1 0 0 0 0 1 0 1 0 0 0 1 0 0 0 0 0 0 0 0 0 0 0 0 0 0 0 0 0 0 0 0 0 0 0 0 0 0 0 0 0 0 0 0 0 0 0 0 0 0 0 0 0 0 0 0 0 0 0 0 0 0 0))
(size: 8)
(102378 : 197 : 2)
(CAPTURE_CANDIDATE (AND ((OR ((AND ((NOT (X3)) (OR (X1 X2)))) (AND ((OR (X1 (NOT (X2)))) (OR ((AND ((NOT (X1)) X3)) X2)))))))))
(CAPTURE_CANDIDATE (AND ((OR (X1 (AND ((NOT (X3)) (OR (X1 X2)))) (AND ((OR (X1 (NOT (X2)))) (OR ((AND ((NOT (X1)) X3)) X2)))))))))
(CAPTURE_CANDIDATE (AND ((OR ((NOT (X1)) (AND ((NOT (X3)) (OR (X1 X2)))) (AND ((OR (X1 (NOT (X2)))) (OR ((AND ((NOT (X1)) X3)) X2)))))))))
(CAPTURE_CANDIDATE (AND ((OR (X2 (AND ((NOT (X3)) (OR (X1 X2)))) (AND ((OR (X1 (NOT (X2)))) (OR ((AND ((NOT (X1)) X3)) X2)))))))))
(CAPTURE_CANDIDATE (AND ((OR ((NOT (X2)) (AND ((NOT (X3)) (OR (X1 X2)))) (AND ((OR (X1 (NOT (X2)))) (OR ((AND ((NOT (X1)) X3)) X2)))))))))
(CAPTURE_CANDIDATE (AND ((OR (X3 (AND ((NOT (X3)) (OR (X1 X2)))) (AND ((OR (X1 (NOT (X2)))) (OR ((AND ((NOT (X1)) X3)) X2)))))))))
(CAPTURE_CANDIDATE (AND ((OR ((NOT (X3)) (AND ((NOT (X3)) (OR (X1 X2)))) (AND ((OR (X1 (NOT (X2)))) (OR ((AND ((NOT (X1)) X3)) X2)))))))))
(CAPTURE_CANDIDATE (AND ((OR ((AND ((NOT (X1)) X2)) (AND ((NOT (X3)) (OR (X1 X2)))) (AND ((OR (X1 (NOT (X2)))) (OR ((AND ((NOT (X1)) X3)) X2)))))))))
(CAPTURE_CANDIDATE (AND ((OR (X1 (NOT (X2)) (AND ((NOT (X3)) (OR (X1 X2)))) (AND ((OR (X1 (NOT (X2)))) (OR ((AND ((NOT (X1)) X3)) X2)))))))))
(CAPTURE_CANDIDATE (AND ((OR ((AND (X1 X2)) (AND ((NOT (X3)) (OR (X1 X2)))) (AND ((OR (X1 (NOT (X2)))) (OR ((AND ((NOT (X1)) X3)) X2)))))))))
(CAPTURE_CANDIDATE (AND ((OR ((NOT (X1)) (NOT (X2)) (AND ((NOT (X3)) (OR (X1 X2)))) (AND ((OR (X1 (NOT (X2)))) (OR ((AND ((NOT (X1)) X3)) X2)))))))))
(CAPTURE_CANDIDATE (AND ((OR ((AND (X2 X3)) (AND ((NOT (X3)) (OR (X1 X2)))) (AND ((OR (X1 (NOT (X2)))) (OR ((AND ((NOT (X1)) X3)) X2)))))))))
(CAPTURE_CANDIDATE (AND ((OR ((NOT (X2)) (NOT (X3)) (AND ((NOT (X3)) (OR (X1 X2)))) (AND ((OR (X1 (NOT (X2)))) (OR ((AND ((NOT (X1)) X3)) X2)))))))))
(CAPTURE_CANDIDATE (AND (X1 (OR ((NOT (X3)) X2)))))
(CAPTURE_CANDIDATE (AND ((NOT (X1)) (OR ((AND ((NOT (X3)) X2)) (AND ((NOT (X2)) X3)))))))
(CAPTURE_CANDIDATE (AND (X2 (OR ((NOT (X3)) X1)))))
(CAPTURE_CANDIDATE (AND ((NOT (X2)) (OR ((AND ((NOT (X3)) X1)) (AND ((NOT (X1)) X3)))))))
(CAPTURE_CANDIDATE (AND (X3 (OR (X1 (NOT (X2)))) (OR ((NOT (X1)) X2)))))
(CAPTURE_CANDIDATE (AND ((NOT (X3)) (OR ((AND (X2 X1)) X1 X2)))))
(CAPTURE_CANDIDATE (AND ((OR ((AND ((NOT (X3)) (OR (X1 X2)))) (AND ((OR (X1 (NOT (X2)))) (OR ((AND ((NOT (X1)) X3)) X2)))))) (OR (X2 X3)))))
(CAPTURE_CANDIDATE (AND ((NOT (X2)) (NOT (X3)) X1)))
(CAPTURE_CANDIDATE (AND ((OR ((AND ((NOT (X3)) (OR (X1 X2)))) (AND ((OR (X1 (NOT (X2)))) (OR ((AND ((NOT (X1)) X3)) X2)))))) (OR ((NOT (X1)) X3)))))
(CAPTURE_CANDIDATE (AND (X1 (NOT (X3)))))
(CAPTURE_CANDIDATE (AND ((OR ((AND ((NOT (X3)) (OR (X1 X2)))) (AND ((OR (X1 (NOT (X2)))) (OR ((AND ((NOT (X1)) X3)) X2)))))) (OR (X1 X3)))))
(CAPTURE_CANDIDATE (AND ((NOT (X1)) (NOT (X3)) X2)))
(CAPTURE_CANDIDATE (AND ((OR ((AND ((NOT (X3)) (OR (X1 X2)))) (AND ((OR (X1 (NOT (X2)))) (OR ((AND ((NOT (X1)) X3)) X2)))) X1)))))
(CAPTURE_CANDIDATE (AND ((OR ((AND ((NOT (X3)) (OR (X1 X2)))) (AND ((OR (X1 (NOT (X2)))) (OR ((AND ((NOT (X1)) X3)) X2)))) (NOT (X1)))))))
(CAPTURE_CANDIDATE (AND ((OR ((AND ((NOT (X3)) (OR (X1 X2)))) (AND ((OR (X1 (NOT (X2)))) (OR ((AND ((NOT (X1)) X3)) X2)))) X2)))))
(CAPTURE_CANDIDATE (AND ((OR ((AND ((NOT (X3)) (OR (X1 X2)))) (AND ((OR (X1 (NOT (X2)))) (OR ((AND ((NOT (X1)) X3)) X2)))) (NOT (X2)))))))
(CAPTURE_CANDIDATE (AND ((OR ((AND ((NOT (X3)) (OR (X1 X2)))) (AND ((OR (X1 (NOT (X2)))) (OR ((AND ((NOT (X1)) X3)) X2)))) X3)))))
(CAPTURE_CANDIDATE (AND ((OR ((AND ((NOT (X3)) (OR (X1 X2)))) (AND ((OR (X1 (NOT (X2)))) (OR ((AND ((NOT (X1)) X3)) X2)))) (NOT (X3)))))))
(CAPTURE_CANDIDATE (AND ((OR ((AND ((NOT (X3)) (OR (X1 X2)))) (AND ((OR (X1 (NOT (X2)))) (OR ((AND ((NOT (X1)) X3)) X2)))) (AND ((NOT (X2)) X3)))))))
(CAPTURE_CANDIDATE (AND ((OR ((AND ((NOT (X3)) (OR (X1 X2)))) (AND ((OR (X1 (NOT (X2)))) (OR ((AND ((NOT (X1)) X3)) X2)))) X2 (NOT (X3)))))))
(CAPTURE_CANDIDATE (AND ((OR ((AND ((NOT (X3)) (OR (X1 X2)))) (AND ((OR (X1 (NOT (X2)))) (OR ((AND ((NOT (X1)) X3)) X2)))) (AND (X2 X3)))))))
(CAPTURE_CANDIDATE (AND ((OR ((AND ((NOT (X3)) (OR (X1 X2)))) (AND ((OR (X1 (NOT (X2)))) (OR ((AND ((NOT (X1)) X3)) X2)))) (NOT (X2)) (NOT (X3)))))))
(CAPTURE_CANDIDATE (AND ((OR ((AND ((NOT (X3)) (OR (X1 X2)))) (AND ((OR (X1 (NOT (X2)))) (OR ((AND ((NOT (X1)) X3)) X2)))) (AND ((NOT (X1)) X2)))))))
(CAPTURE_CANDIDATE (AND ((OR ((AND ((NOT (X3)) (OR (X1 X2)))) (AND ((OR (X1 (NOT (X2)))) (OR ((AND ((NOT (X1)) X3)) X2)))) X1 (NOT (X2)))))))
(CAPTURE_CANDIDATE (AND ((OR ((AND (X1 (NOT (X3)))) (AND ((OR (X1 (NOT (X2)))) (OR ((AND ((NOT (X1)) X3)) X2)))))))))
(CAPTURE_CANDIDATE (AND ((OR ((AND ((NOT (X1)) X2 (NOT (X3)))) (AND ((OR (X1 (NOT (X2)))) (OR ((AND ((NOT (X1)) X3)) X2)))))))))
(CAPTURE_CANDIDATE (AND ((OR ((AND (X2 (NOT (X3)))) (AND ((OR (X1 (NOT (X2)))) (OR ((AND ((NOT (X1)) X3)) X2)))))))))
(CAPTURE_CANDIDATE (AND ((OR ((AND ((NOT (X2)) X1 (NOT (X3)))) (AND ((OR (X1 (NOT (X2)))) (OR ((AND ((NOT (X1)) X3)) X2)))))))))
(CAPTURE_CANDIDATE (AND ((OR ((AND ((OR (X1 (NOT (X2)))) (OR ((AND ((NOT (X1)) X3)) X2)))) X1 X2)))))
(CAPTURE_CANDIDATE (AND ((OR ((AND (X3 (OR (X1 X2)))) (AND ((OR (X1 (NOT (X2)))) (OR ((AND ((NOT (X1)) X3)) X2)))))))))
(CAPTURE_CANDIDATE (AND ((OR ((AND ((NOT (X3)) (OR (X1 X2)) (OR ((NOT (X1)) X2)))) (AND ((OR (X1 (NOT (X2)))) (OR ((AND ((NOT (X1)) X3)) X2)))))))))
(CAPTURE_CANDIDATE (AND ((OR ((AND (X1 (NOT (X2)) (NOT (X3)))) (AND ((OR (X1 (NOT (X2)))) (OR ((AND ((NOT (X1)) X3)) X2)))))))))
(CAPTURE_CANDIDATE (AND ((OR ((AND ((NOT (X3)) (NOT (X1)) X2)) (AND ((OR (X1 (NOT (X2)))) (OR ((AND ((NOT (X1)) X3)) X2)))))))))
(CAPTURE_CANDIDATE (AND ((OR ((AND (X1 (NOT (X3)))) (AND ((OR (X1 (NOT (X2)))) (OR ((AND ((NOT (X1)) X3)) X2)))))))))
(CAPTURE_CANDIDATE (AND ((OR ((AND ((NOT (X3)) X2)) (AND ((OR (X1 (NOT (X2)))) (OR ((AND ((NOT (X1)) X3)) X2)))))))))
(CAPTURE_CANDIDATE (AND ((OR ((AND ((NOT (X2)) (NOT (X3)) X1)) (AND ((OR (X1 (NOT (X2)))) (OR ((AND ((NOT (X1)) X3)) X2)))))))))
(CAPTURE_CANDIDATE (AND ((OR ((AND (X2 (NOT (X3)))) (AND ((OR (X1 (NOT (X2)))) (OR ((AND ((NOT (X1)) X3)) X2)))))))))
(CAPTURE_CANDIDATE (AND ((OR ((AND ((NOT (X3)) (OR ((NOT (X1)) X2)))) (AND ((OR (X1 (NOT (X2)))) (OR ((AND ((NOT (X1)) X3)) X2)))))))))
(CAPTURE_CANDIDATE (AND ((OR ((AND (X1 (NOT (X3)))) (AND ((OR (X1 (NOT (X2)))) (OR ((AND ((NOT (X1)) X3)) X2)))))))))
(CAPTURE_CANDIDATE (AND ((OR ((AND ((NOT (X3)) (OR (X1 (NOT (X2)))))) (AND ((OR (X1 (NOT (X2)))) (OR ((AND ((NOT (X1)) X3)) X2)))))))))
(CAPTURE_CANDIDATE (AND ((OR ((AND ((NOT (X3)) (OR (X1 X2)))) (AND ((OR (X1 (NOT (X2)))) (OR ((AND ((NOT (X1)) X3)) X2)))))))))
(CAPTURE_CANDIDATE (AND ((OR ((NOT (X3)) (AND ((OR (X1 (NOT (X2)))) (OR ((AND ((NOT (X1)) X3)) X2)))))))))
(CAPTURE_CANDIDATE (AND ((OR ((AND ((NOT (X3)) (OR (X1 X2)))) (AND ((OR (X1 (NOT (X2)))) (OR ((AND ((NOT (X1)) X3)) X2)))))))))
(CAPTURE_CANDIDATE (AND ((OR ((NOT (X3)) (AND ((OR (X1 (NOT (X2)))) (OR ((AND ((NOT (X1)) X3)) X2)))))))))
(CAPTURE_CANDIDATE (AND ((OR ((AND ((NOT (X3)) (OR (X1 X2 (AND ((NOT (X1)) X2)))))) (AND ((OR (X1 (NOT (X2)))) (OR ((AND ((NOT (X1)) X3)) X2)))))))))
(CAPTURE_CANDIDATE (AND ((OR ((AND ((NOT (X3)) (OR (X1 X2 X1 (NOT (X2)))))) (AND ((OR (X1 (NOT (X2)))) (OR ((AND ((NOT (X1)) X3)) X2)))))))))
(CAPTURE_CANDIDATE (AND ((OR ((AND ((NOT (X3)) (OR (X1 X2)))) (AND ((OR (X1 (NOT (X2)))) (OR ((AND ((NOT (X1)) X3)) X2)))))))))
(CAPTURE_CANDIDATE (AND ((OR ((NOT (X3)) (AND ((OR (X1 (NOT (X2)))) (OR ((AND ((NOT (X1)) X3)) X2)))))))))
(CAPTURE_CANDIDATE (AND ((OR ((AND (X2 X1 (NOT (X3)))) (AND ((OR (X1 (NOT (X2)))) (OR ((AND ((NOT (X1)) X3)) X2)))))))))
(CAPTURE_CANDIDATE (AND ((OR ((AND ((NOT (X3)) (OR ((AND (X1 (NOT (X2)))) X2)))) (AND ((OR (X1 (NOT (X2)))) (OR ((AND ((NOT (X1)) X3)) X2)))))))))
(CAPTURE_CANDIDATE (AND ((OR ((AND ((NOT (X3)) X2)) (AND ((OR (X1 (NOT (X2)))) (OR ((AND ((NOT (X1)) X3)) X2)))))))))
(CAPTURE_CANDIDATE (AND ((OR ((AND ((NOT (X3)) (OR (X1 X2)))) (AND ((OR (X1 (NOT (X2)))) (OR ((AND ((NOT (X1)) X3)) X2)))))))))
(CAPTURE_CANDIDATE (AND ((OR ((AND (X2 (NOT (X3)) X1)) (AND ((OR (X1 (NOT (X2)))) (OR ((AND ((NOT (X1)) X3)) X2)))))))))
(CAPTURE_CANDIDATE (AND ((OR ((AND ((NOT (X3)) (OR ((AND (X1 X1 (NOT (X2)))) X2)))) (AND ((OR (X1 (NOT (X2)))) (OR ((AND ((NOT (X1)) X3)) X2)))))))))
(CAPTURE_CANDIDATE (AND ((OR ((AND ((NOT (X3)) (OR ((AND (X1 (NOT (X2)))) X2)))) (AND ((OR (X1 (NOT (X2)))) (OR ((AND ((NOT (X1)) X3)) X2)))))))))
(CAPTURE_CANDIDATE (AND ((OR ((AND (X2 X1 (NOT (X3)))) (AND ((OR (X1 (NOT (X2)))) (OR ((AND ((NOT (X1)) X3)) X2)))))))))
(CAPTURE_CANDIDATE (AND ((OR ((AND ((NOT (X3)) (OR (X1 X2)))) (AND ((OR (X1 (NOT (X2)))) (OR ((AND ((NOT (X1)) X3)) X2)))))))))
(CAPTURE_CANDIDATE (AND ((OR ((AND (X2 (NOT (X3)))) (AND ((OR (X1 (NOT (X2)))) (OR ((AND ((NOT (X1)) X3)) X2)))))))))
(CAPTURE_CANDIDATE (AND ((OR ((AND (X1 X2 (NOT (X3)))) (AND ((OR (X1 (NOT (X2)))) (OR ((AND ((NOT (X1)) X3)) X2)))))))))
(CAPTURE_CANDIDATE (AND ((OR ((AND ((NOT (X3)) (OR (X1 (AND (X2 (NOT (X1)))))))) (AND ((OR (X1 (NOT (X2)))) (OR ((AND ((NOT (X1)) X3)) X2)))))))))
(CAPTURE_CANDIDATE (AND ((OR ((AND ((NOT (X3)) X1)) (AND ((OR (X1 (NOT (X2)))) (OR ((AND ((NOT (X1)) X3)) X2)))))))))
(CAPTURE_CANDIDATE (AND ((OR ((AND ((NOT (X3)) (OR (X1 X2)))) (AND ((OR (X1 (NOT (X2)))) (OR ((AND ((NOT (X1)) X3)) X2)))))))))
(CAPTURE_CANDIDATE (AND ((OR ((AND ((NOT (X3)) X1 X2)) (AND ((OR (X1 (NOT (X2)))) (OR ((AND ((NOT (X1)) X3)) X2)))))))))
(CAPTURE_CANDIDATE (AND ((OR ((AND ((NOT (X3)) (OR (X1 (AND (X2 (NOT (X1)))))))) (AND ((OR (X1 (NOT (X2)))) (OR ((AND ((NOT (X1)) X3)) X2)))))))))
(CAPTURE_CANDIDATE (AND ((OR ((AND ((NOT (X3)) (OR (X1 X2)))) (AND ((OR (X1 (NOT (X2)))) (OR ((AND ((NOT (X1)) X3)) X2)))))))))
(CAPTURE_CANDIDATE (AND ((OR ((AND (X1 (NOT (X3)))) (AND ((OR (X1 (NOT (X2)))) (OR ((AND ((NOT (X1)) X3)) X2)))))))))
(CAPTURE_CANDIDATE (AND ((OR ((AND ((NOT (X3)) X1)) (AND ((OR (X1 (NOT (X2)))) (OR ((AND ((NOT (X1)) X3)) X2)))))))))
(CAPTURE_CANDIDATE (AND ((OR ((AND ((NOT (X3)) (OR (X1 (AND (X2 X2)))))) (AND ((OR (X1 (NOT (X2)))) (OR ((AND ((NOT (X1)) X3)) X2)))))))))
(CAPTURE_CANDIDATE (AND ((OR ((AND ((NOT (X3)) (OR (X1 X2 X1)))) (AND ((OR (X1 (NOT (X2)))) (OR ((AND ((NOT (X1)) X3)) X2)))))))))
(CAPTURE_CANDIDATE (AND ((OR ((AND ((NOT (X3)) (OR (X1 X2 (NOT (X1)))))) (AND ((OR (X1 (NOT (X2)))) (OR ((AND ((NOT (X1)) X3)) X2)))))))))
(CAPTURE_CANDIDATE (AND ((OR ((AND ((NOT (X3)) (OR (X1 X2 X2)))) (AND ((OR (X1 (NOT (X2)))) (OR ((AND ((NOT (X1)) X3)) X2)))))))))
(CAPTURE_CANDIDATE (AND ((OR ((AND ((NOT (X3)) (OR (X1 X2 (NOT (X2)))))) (AND ((OR (X1 (NOT (X2)))) (OR ((AND ((NOT (X1)) X3)) X2)))))))))
(CAPTURE_CANDIDATE (AND ((OR ((AND ((NOT (X3)) (OR (X1 X2)))) (AND ((OR (X1 (NOT (X2)))) (OR ((AND ((NOT (X1)) X3)) X2)))))))))
(CAPTURE_CANDIDATE (AND ((OR ((NOT (X3)) (AND ((OR (X1 (NOT (X2)))) (OR ((AND ((NOT (X1)) X3)) X2)))))))))
(CAPTURE_CANDIDATE (AND ((OR ((AND ((NOT (X3)) (OR (X1 X2 (NOT (X2)))))) (AND ((OR (X1 (NOT (X2)))) (OR ((AND ((NOT (X1)) X3)) X2)))))))))
(CAPTURE_CANDIDATE (AND ((OR ((AND ((NOT (X3)) (OR (X1 X2 X2)))) (AND ((OR (X1 (NOT (X2)))) (OR ((AND ((NOT (X1)) X3)) X2)))))))))
(CAPTURE_CANDIDATE (AND ((OR ((AND ((NOT (X3)) (OR (X1 X2 X1)))) (AND ((OR (X1 (NOT (X2)))) (OR ((AND ((NOT (X1)) X3)) X2)))))))))
(CAPTURE_CANDIDATE (AND ((OR ((AND ((NOT (X3)) (OR (X1 X2 (NOT (X1)))))) (AND ((OR (X1 (NOT (X2)))) (OR ((AND ((NOT (X1)) X3)) X2)))))))))
(CAPTURE_CANDIDATE (AND ((OR ((AND ((NOT (X3)) (OR (X1 X2 X2)))) (AND ((OR (X1 (NOT (X2)))) (OR ((AND ((NOT (X1)) X3)) X2)))))))))
(CAPTURE_CANDIDATE (AND ((OR ((AND ((NOT (X3)) (OR (X1 X2 (NOT (X2)))))) (AND ((OR (X1 (NOT (X2)))) (OR ((AND ((NOT (X1)) X3)) X2)))))))))
(CAPTURE_CANDIDATE (AND ((OR ((AND ((OR (X1 X2)) (OR (X1 (NOT (X3)))))) (AND ((OR (X1 (NOT (X2)))) (OR ((AND ((NOT (X1)) X3)) X2)))))))))
(CAPTURE_CANDIDATE (AND ((OR ((AND ((OR (X1 X2)) (OR ((NOT (X1)) (NOT (X3)))))) (AND ((OR (X1 (NOT (X2)))) (OR ((AND ((NOT (X1)) X3)) X2)))))))))
(CAPTURE_CANDIDATE (AND ((OR ((AND ((OR (X1 X2)) (OR (X2 (NOT (X3)))))) (AND ((OR (X1 (NOT (X2)))) (OR ((AND ((NOT (X1)) X3)) X2)))))))))
(CAPTURE_CANDIDATE (AND ((OR ((AND ((OR (X1 X2)) (OR ((NOT (X2)) (NOT (X3)))))) (AND ((OR (X1 (NOT (X2)))) (OR ((AND ((NOT (X1)) X3)) X2)))))))))
(CAPTURE_CANDIDATE (AND ((OR ((AND ((OR (X1 (NOT (X2)))) (OR ((AND ((NOT (X1)) X3)) X2)))) X1 X2)))))
(CAPTURE_CANDIDATE (AND ((OR ((AND (X3 (OR (X1 X2)))) (AND ((OR (X1 (NOT (X2)))) (OR ((AND ((NOT (X1)) X3)) X2)))))))))
(CAPTURE_CANDIDATE (AND ((OR ((AND ((OR (X1 X2)) (OR ((NOT (X3)) (AND (X2 X3)))))) (AND ((OR (X1 (NOT (X2)))) (OR ((AND ((NOT (X1)) X3)) X2)))))))))
(CAPTURE_CANDIDATE (AND ((OR ((AND ((OR (X1 X2)) (OR ((NOT (X3)) (NOT (X2)) (NOT (X3)))))) (AND ((OR (X1 (NOT (X2)))) (OR ((AND ((NOT (X1)) X3)) X2)))))))))
(CAPTURE_CANDIDATE (AND ((OR ((AND ((OR (X1 X2)) (OR ((NOT (X3)) (AND ((NOT (X1)) X3)))))) (AND ((OR (X1 (NOT (X2)))) (OR ((AND ((NOT (X1)) X3)) X2)))))))))
(CAPTURE_CANDIDATE (AND ((OR ((AND ((OR (X1 X2)) (OR ((NOT (X3)) X1 (NOT (X3)))))) (AND ((OR (X1 (NOT (X2)))) (OR ((AND ((NOT (X1)) X3)) X2)))))))))
(CAPTURE_CANDIDATE (AND ((OR ((AND ((OR (X1 X2)) (OR ((NOT (X3)) (AND ((NOT (X2)) X3)))))) (AND ((OR (X1 (NOT (X2)))) (OR ((AND ((NOT (X1)) X3)) X2)))))))))
(CAPTURE_CANDIDATE (AND ((OR ((AND ((OR (X1 X2)) (OR ((NOT (X3)) X2 (NOT (X3)))))) (AND ((OR (X1 (NOT (X2)))) (OR ((AND ((NOT (X1)) X3)) X2)))))))))
(CAPTURE_CANDIDATE (AND ((OR ((AND ((NOT (X3)) X1)) (AND ((OR (X1 (NOT (X2)))) (OR ((AND ((NOT (X1)) X3)) X2)))))))))
(CAPTURE_CANDIDATE (AND ((OR ((AND ((NOT (X3)) (NOT (X1)) X2)) (AND ((OR (X1 (NOT (X2)))) (OR ((AND ((NOT (X1)) X3)) X2)))))))))
(CAPTURE_CANDIDATE (AND ((OR ((AND ((NOT (X3)) X2)) (AND ((OR (X1 (NOT (X2)))) (OR ((AND ((NOT (X1)) X3)) X2)))))))))
(CAPTURE_CANDIDATE (AND ((OR ((AND ((NOT (X3)) (NOT (X2)) X1)) (AND ((OR (X1 (NOT (X2)))) (OR ((AND ((NOT (X1)) X3)) X2)))))))))
(CAPTURE_CANDIDATE (AND ((OR (X1 (NOT (X2)))) (OR ((AND ((NOT (X1)) X3)) X2)))))
(CAPTURE_CANDIDATE (AND ((OR ((AND ((NOT (X3)) (OR (X1 X2)))) (AND ((OR (X1 (NOT (X2)))) (OR ((AND ((NOT (X1)) X3)) X2)))))))))
(CAPTURE_CANDIDATE (AND ((OR ((AND ((NOT (X3)) (NOT (X1)) X2)) (AND ((OR (X1 (NOT (X2)))) (OR ((AND ((NOT (X1)) X3)) X2)))))))))
(CAPTURE_CANDIDATE (AND ((OR ((AND ((NOT (X3)) (OR (X1 X2)) (OR (X1 (NOT (X2)))))) (AND ((OR (X1 (NOT (X2)))) (OR ((AND ((NOT (X1)) X3)) X2)))))))))
(CAPTURE_CANDIDATE (AND ((OR ((AND ((NOT (X3)) X1 X2)) (AND ((OR (X1 (NOT (X2)))) (OR ((AND ((NOT (X1)) X3)) X2)))))))))
(CAPTURE_CANDIDATE (AND ((OR ((AND ((NOT (X3)) (OR (X1 X2)) (OR ((NOT (X1)) (NOT (X2)))))) (AND ((OR (X1 (NOT (X2)))) (OR ((AND ((NOT (X1)) X3)) X2)))))))))
(CAPTURE_CANDIDATE (AND ((OR (X1 (NOT (X2)))) (OR ((AND ((NOT (X1)) X3)) X2)))))
(CAPTURE_CANDIDATE (AND ((OR ((AND ((NOT (X3)) (OR (X1 X2)))) (AND ((OR (X1 (NOT (X2)))) (OR ((AND ((NOT (X1)) X3)) X2)))))))))
(CAPTURE_CANDIDATE (AND ((OR ((AND ((NOT (X3)) (OR (X1 X2)))) (AND (X1 (OR (X3 X2)))))))))
(CAPTURE_CANDIDATE (AND ((OR ((AND ((NOT (X3)) (OR (X1 X2)))) (AND ((NOT (X1)) (NOT (X2)) X3)))))))
(CAPTURE_CANDIDATE (AND ((OR ((AND ((NOT (X3)) (OR (X1 X2)))) (AND (X2 X1)))))))
(CAPTURE_CANDIDATE (AND ((OR ((AND ((NOT (X3)) (OR (X1 X2)))) (AND ((NOT (X2)) (NOT (X1)) X3)))))))
(CAPTURE_CANDIDATE (AND ((OR ((AND ((NOT (X3)) (OR (X1 X2)))) (AND (X3 (OR (X1 (NOT (X2)))) (OR ((NOT (X1)) X2)))))))))
(CAPTURE_CANDIDATE (AND ((NOT (X3)) (OR ((AND (X2 X1)) X1 X2)))))
(CAPTURE_CANDIDATE (AND ((OR ((AND ((NOT (X3)) (OR (X1 X2)))) (AND ((OR (X1 (NOT (X2)))) (OR ((AND ((NOT (X1)) X3)) X2)) (OR (X1 X2)))))))))
(CAPTURE_CANDIDATE (AND ((OR ((AND ((NOT (X3)) (OR (X1 X2)))) (AND ((NOT (X1)) (NOT (X2)) X3)))))))
(CAPTURE_CANDIDATE (AND ((OR ((AND ((NOT (X3)) (OR (X1 X2)))) (AND ((OR (X1 (NOT (X2)))) (OR ((AND ((NOT (X1)) X3)) X2)) (OR (X1 X3)))))))))
(CAPTURE_CANDIDATE (AND ((NOT (X3)) (OR (X1 X2)))))
(CAPTURE_CANDIDATE (AND ((OR ((AND ((NOT (X3)) (OR (X1 X2)))) (AND ((OR (X1 (NOT (X2)))) (OR ((AND ((NOT (X1)) X3)) X2)) (OR ((NOT (X1)) X3)))))))))
(CAPTURE_CANDIDATE (AND ((NOT (X3)) (OR ((AND (X1 X2)) X1 X2)))))
(CAPTURE_CANDIDATE (AND ((OR ((AND ((NOT (X3)) (OR (X1 X2)))) (AND ((NOT (X2)) (NOT (X1)) X3)))))))
(CAPTURE_CANDIDATE (AND ((OR ((AND ((NOT (X3)) (OR (X1 X2)))) (AND ((OR ((NOT (X1)) (NOT (X2)))) (OR ((AND ((NOT (X1)) X3)) X2)))))))))
(CAPTURE_CANDIDATE (AND ((OR ((AND ((NOT (X3)) (OR (X1 X2)))) (AND (X1 X2)))))))
(CAPTURE_CANDIDATE (AND ((OR ((AND ((NOT (X3)) (OR (X1 X2)))) (AND ((OR (X1 X2)) (OR ((AND ((NOT (X1)) X3)) X2)))))))))
(CAPTURE_CANDIDATE (AND ((OR ((AND ((NOT (X3)) (OR (X1 X2)))) (AND ((OR (X1 (NOT (X2)) X3)) (OR ((AND ((NOT (X1)) X3)) X2)))))))))
(CAPTURE_CANDIDATE (AND ((OR ((AND ((NOT (X3)) (OR (X1 X2)))) (AND ((OR (X1 (NOT (X2)) (NOT (X3)))) (OR ((AND ((NOT (X1)) X3)) X2)))))))))
(CAPTURE_CANDIDATE (AND ((OR ((AND ((NOT (X3)) (OR (X1 X2)))) (AND ((OR (X1 (NOT (X2)) (AND ((NOT (X2)) X3)))) (OR ((AND ((NOT (X1)) X3)) X2)))))))))
(CAPTURE_CANDIDATE (AND ((OR ((AND ((NOT (X3)) (OR (X1 X2)))) (AND ((OR (X1 (NOT (X2)) X2 (NOT (X3)))) (OR ((AND ((NOT (X1)) X3)) X2)))))))))
(CAPTURE_CANDIDATE (AND ((OR ((AND ((NOT (X3)) (OR (X1 X2)))) (AND ((OR (X1 (NOT (X2)) (AND ((NOT (X1)) X3)))) (OR ((AND ((NOT (X1)) X3)) X2)))))))))
(CAPTURE_CANDIDATE (AND ((OR ((AND ((NOT (X3)) (OR (X1 X2)))) (AND ((OR (X1 (NOT (X2)) X1 (NOT (X3)))) (OR ((AND ((NOT (X1)) X3)) X2)))))))))
(CAPTURE_CANDIDATE (AND ((OR ((AND ((NOT (X3)) (OR (X1 X2)))) (AND ((OR (X1 (NOT (X2)) (AND (X1 X2)))) (OR ((AND ((NOT (X1)) X3)) X2)))))))))
(CAPTURE_CANDIDATE (AND ((OR ((AND ((NOT (X3)) (OR (X1 X2)))) (AND ((OR (X1 (NOT (X2)) (NOT (X1)) (NOT (X2)))) (OR ((AND ((NOT (X1)) X3)) X2)))))))))
(CAPTURE_CANDIDATE (AND ((OR ((AND ((NOT (X3)) (OR (X1 X2)))) (AND ((OR ((AND (X1 X2)) (NOT (X2)))) (OR ((AND ((NOT (X1)) X3)) X2)))))))))
(CAPTURE_CANDIDATE (AND ((OR ((AND ((NOT (X3)) (OR (X1 X2)))) (AND ((NOT (X2)) X1)))))))
(CAPTURE_CANDIDATE (AND ((OR ((AND ((NOT (X3)) (OR (X1 X2)))) (AND ((OR ((AND (X1 X3)) (NOT (X2)))) (OR ((AND ((NOT (X1)) X3)) X2)))))))))
(CAPTURE_CANDIDATE (AND ((OR ((AND ((NOT (X3)) (OR (X1 X2)))) (AND ((OR ((AND (X1 (NOT (X3)))) (NOT (X2)))) (OR ((AND ((NOT (X1)) X3)) X2)))))))))
(CAPTURE_CANDIDATE (AND ((OR ((AND ((NOT (X3)) (OR (X1 X2)))) (AND ((OR ((AND (X1 X2)) (NOT (X2)))) (OR ((AND ((NOT (X1)) X3)) X2)))))))))
(CAPTURE_CANDIDATE (AND ((OR ((AND ((NOT (X3)) (OR (X1 X2)))) (AND ((NOT (X2)) X1 X1)))))))
(CAPTURE_CANDIDATE (AND ((OR ((AND ((NOT (X3)) (OR (X1 X2)))) (AND ((OR ((AND (X1 (OR (X2 X3)))) (NOT (X2)))) (OR ((AND ((NOT (X1)) X3)) X2)))))))))
(CAPTURE_CANDIDATE (AND ((NOT (X3)) (OR ((AND ((NOT (X2)) X1)) X1 X2)))))
(CAPTURE_CANDIDATE (AND ((OR ((AND ((NOT (X3)) (OR (X1 X2)))) (AND ((OR (X1 (NOT (X2)))) (OR ((AND ((NOT (X1)) X3)) X2)))))))))
(CAPTURE_CANDIDATE (AND ((OR ((AND ((NOT (X3)) (OR (X1 X2)))) (AND ((NOT (X2)) (NOT (X1)) X3)))))))
(CAPTURE_CANDIDATE (AND ((OR ((AND ((NOT (X3)) (OR (X1 X2)))) (AND (X1 (NOT (X2)))))))))
(CAPTURE_CANDIDATE (AND ((OR ((AND ((NOT (X3)) (OR (X1 X2)))) (AND ((OR (X1 (AND ((NOT (X1)) (NOT (X2)))))) (OR ((AND ((NOT (X1)) X3)) X2)))))))))
(CAPTURE_CANDIDATE (AND ((OR ((AND ((NOT (X3)) (OR (X1 X2)))) (AND (X1 X2)))))))
(CAPTURE_CANDIDATE (AND ((OR ((AND ((NOT (X3)) (OR (X1 X2)))) (AND ((OR (X1 X2)) (OR ((AND ((NOT (X1)) X3)) X2)))))))))
(CAPTURE_CANDIDATE (AND ((OR ((AND ((NOT (X3)) (OR (X1 X2)))) (AND ((OR (X1 (AND ((NOT (X2)) X3)))) (OR ((AND ((NOT (X1)) X3)) X2)))))))))
(CAPTURE_CANDIDATE (AND ((OR ((AND ((NOT (X3)) (OR (X1 X2)))) (AND ((OR (X1 (AND ((NOT (X2)) (NOT (X3)))))) (OR ((AND ((NOT (X1)) X3)) X2)))))))))
(CAPTURE_CANDIDATE (AND ((OR ((AND ((NOT (X3)) (OR (X1 X2)))) (AND ((OR (X1 (NOT (X2)))) (OR ((AND ((NOT (X1)) X3)) X2)))))))))
(CAPTURE_CANDIDATE (AND ((OR ((AND ((NOT (X3)) (OR (X1 X2)))) (AND (X1 X2)))))))
(CAPTURE_CANDIDATE (AND ((OR ((AND ((NOT (X3)) (OR (X1 X2)))) (AND ((OR (X1 (AND ((NOT (X2)) X3)))) (OR ((AND ((NOT (X1)) X3)) X2)))))))))
(CAPTURE_CANDIDATE (AND ((OR ((AND ((NOT (X3)) (OR (X1 X2)))) (AND ((OR (X1 (AND ((NOT (X2)) (NOT (X2)) (NOT (X3)))))) (OR ((AND ((NOT (X1)) X3)) X2)))))))))
(CAPTURE_CANDIDATE (AND ((OR ((AND ((NOT (X3)) (OR (X1 X2)))) (AND ((OR (X1 (AND ((NOT (X2)) (OR ((NOT (X1)) X3)))))) (OR ((AND ((NOT (X1)) X3)) X2)))))))))
(CAPTURE_CANDIDATE (AND ((NOT (X3)) (OR ((AND (X1 (NOT (X2)))) X1 X2)))))
(CAPTURE_CANDIDATE (AND ((OR ((AND ((NOT (X3)) (OR (X1 X2)))) (AND ((OR (X1 (NOT (X2)) X1)) (OR ((AND ((NOT (X1)) X3)) X2)))))))))
(CAPTURE_CANDIDATE (AND ((OR ((AND ((NOT (X3)) (OR (X1 X2)))) (AND ((OR (X1 (NOT (X2)) (NOT (X1)))) (OR ((AND ((NOT (X1)) X3)) X2)))))))))
(CAPTURE_CANDIDATE (AND ((OR ((AND ((NOT (X3)) (OR (X1 X2)))) (AND ((OR (X1 (NOT (X2)) X2)) (OR ((AND ((NOT (X1)) X3)) X2)))))))))
(CAPTURE_CANDIDATE (AND ((OR ((AND ((NOT (X3)) (OR (X1 X2)))) (AND ((OR (X1 (NOT (X2)) (NOT (X2)))) (OR ((AND ((NOT (X1)) X3)) X2)))))))))
(CAPTURE_CANDIDATE (AND ((OR ((AND ((NOT (X3)) (OR (X1 X2)))) (AND ((OR (X1 (NOT (X2)) X3)) (OR ((AND ((NOT (X1)) X3)) X2)))))))))
(CAPTURE_CANDIDATE (AND ((OR ((AND ((NOT (X3)) (OR (X1 X2)))) (AND ((OR (X1 (NOT (X2)) (NOT (X3)))) (OR ((AND ((NOT (X1)) X3)) X2)))))))))
(CAPTURE_CANDIDATE (AND ((OR ((AND ((NOT (X3)) (OR (X1 X2)))) (AND ((OR (X1 (NOT (X2)) (NOT (X1)) X2)) (OR ((AND ((NOT (X1)) X3)) X2)))))))))
(CAPTURE_CANDIDATE (AND ((OR ((AND ((NOT (X3)) (OR (X1 X2)))) (AND ((OR (X1 (NOT (X2)) (AND (X1 (NOT (X2)))))) (OR ((AND ((NOT (X1)) X3)) X2)))))))))
(CAPTURE_CANDIDATE (AND ((OR ((AND ((NOT (X3)) (OR (X1 X2)))) (AND ((OR (X1 (NOT (X2)) (NOT (X2)) X3)) (OR ((AND ((NOT (X1)) X3)) X2)))))))))
(CAPTURE_CANDIDATE (AND ((OR ((AND ((NOT (X3)) (OR (X1 X2)))) (AND ((OR (X1 (NOT (X2)) (AND (X2 (NOT (X3)))))) (OR ((AND ((NOT (X1)) X3)) X2)))))))))
(CAPTURE_CANDIDATE (AND ((OR ((AND ((NOT (X3)) (OR (X1 X2)))) (AND ((OR (X1 (NOT (X2)) X1 X2)) (OR ((AND ((NOT (X1)) X3)) X2)))))))))
(CAPTURE_CANDIDATE (AND ((OR ((AND ((NOT (X3)) (OR (X1 X2)))) (AND ((OR (X1 (NOT (X2)) (AND ((NOT (X1)) (NOT (X2)))))) (OR ((AND ((NOT (X1)) X3)) X2)))))))))
(CAPTURE_CANDIDATE (AND ((OR ((AND ((NOT (X3)) (OR (X1 X2)))) (AND ((OR (X1 (NOT (X2)))) (OR ((AND ((NOT (X1)) X3)) X1 X2)))))))))
(CAPTURE_CANDIDATE (AND ((OR ((AND ((NOT (X3)) (OR (X1 X2)))) (AND ((OR (X1 (NOT (X2)))) (OR ((AND ((NOT (X1)) X3)) (NOT (X1)) X2)))))))))
(CAPTURE_CANDIDATE (AND ((OR ((AND ((NOT (X3)) (OR (X1 X2)))) (AND ((NOT (X1)) X3 (NOT (X2)))))))))
(CAPTURE_CANDIDATE (AND ((OR ((AND ((NOT (X3)) (OR (X1 X2)))) (AND ((OR (X1 (NOT (X2)))) (OR ((AND ((NOT (X1)) X3)) (NOT (X2)))))))))))
(CAPTURE_CANDIDATE (AND ((OR ((AND ((NOT (X3)) (OR (X1 X2)))) (AND ((OR (X1 (NOT (X2)))) (OR ((AND ((NOT (X1)) X3)) X2 X3)))))))))
(CAPTURE_CANDIDATE (AND ((OR ((AND ((NOT (X3)) (OR (X1 X2)))) (AND ((OR (X1 (NOT (X2)))) (OR ((AND ((NOT (X1)) X3)) X2 (NOT (X3)))))))))))
(CAPTURE_CANDIDATE (AND ((OR ((AND ((NOT (X3)) (OR (X1 X2)))) (AND ((OR (X1 (NOT (X2)))) (OR ((AND ((NOT (X1)) X3)) X2 (AND ((NOT (X1)) X3)))))))))))
(CAPTURE_CANDIDATE (AND ((OR ((AND ((NOT (X3)) (OR (X1 X2)))) (AND ((OR (X1 (NOT (X2)))) (OR ((AND ((NOT (X1)) X3)) X2 X1 (NOT (X3)))))))))))
(CAPTURE_CANDIDATE (AND ((OR ((AND ((NOT (X3)) (OR (X1 X2)))) (AND ((OR (X1 (NOT (X2)))) (OR ((AND ((NOT (X1)) X3)) X2 (AND (X2 X3)))))))))))
(CAPTURE_CANDIDATE (AND ((OR ((AND ((NOT (X3)) (OR (X1 X2)))) (AND ((OR (X1 (NOT (X2)))) (OR ((AND ((NOT (X1)) X3)) X2 (NOT (X2)) (NOT (X3)))))))))))
(CAPTURE_CANDIDATE (AND ((OR ((AND ((NOT (X3)) (OR (X1 X2)))) (AND ((OR (X1 (NOT (X2)))) (OR ((AND ((NOT (X1)) X3)) X2 (AND ((NOT (X1)) X2)))))))))))
(CAPTURE_CANDIDATE (AND ((OR ((AND ((NOT (X3)) (OR (X1 X2)))) (AND ((OR (X1 (NOT (X2)))) (OR ((AND ((NOT (X1)) X3)) X2 X1 (NOT (X2)))))))))))
(CAPTURE_CANDIDATE (AND ((OR ((AND ((NOT (X3)) (OR (X1 X2)))) (AND ((OR (X1 (NOT (X2)))) (OR (X3 X2)))))))))
(CAPTURE_CANDIDATE (AND ((OR ((AND ((NOT (X3)) (OR (X1 X2)))) (AND ((OR (X1 (NOT (X2)))) (OR ((AND (X1 X3)) X2)))))))))
(CAPTURE_CANDIDATE (AND ((OR ((AND ((NOT (X3)) (OR (X1 X2)))) (AND (X2 (NOT (X1)) X3)))))))
(CAPTURE_CANDIDATE (AND ((OR ((AND ((NOT (X3)) (OR (X1 X2)))) (AND ((OR (X1 (NOT (X2)))) (OR ((AND ((NOT (X2)) (NOT (X1)) X3)) X2)))))))))
(CAPTURE_CANDIDATE (AND ((OR ((AND ((NOT (X3)) (OR (X1 X2)))) (AND ((OR (X1 (NOT (X2)))) (OR ((NOT (X1)) X2)))))))))
(CAPTURE_CANDIDATE (AND ((OR ((AND ((NOT (X3)) (OR (X1 X2)))) (AND ((OR (X1 (NOT (X2)))) (OR ((AND ((NOT (X3)) (NOT (X1)))) X2)))))))))
(CAPTURE_CANDIDATE (AND ((OR ((AND ((NOT (X3)) (OR (X1 X2)))) (AND ((OR (X1 (NOT (X2)))) (OR ((AND ((NOT (X1)) X3)) X2)))))))))
(CAPTURE_CANDIDATE (AND ((OR ((AND ((NOT (X3)) (OR (X1 X2)))) (AND (X2 X1)))))))
(CAPTURE_CANDIDATE (AND ((OR ((AND ((NOT (X3)) (OR (X1 X2)))) (AND ((OR (X1 (NOT (X2)))) (OR ((AND ((NOT (X1)) X3)) X2)))))))))
(CAPTURE_CANDIDATE (AND ((OR ((AND ((NOT (X3)) (OR (X1 X2)))) (AND (X2 X1)))))))
(CAPTURE_CANDIDATE (AND ((OR ((AND ((NOT (X3)) (OR (X1 X2)))) (AND ((OR (X1 (NOT (X2)))) (OR ((AND ((NOT (X1)) X3)) X2)))))))))
(CAPTURE_CANDIDATE (AND ((OR ((AND ((NOT (X3)) (OR (X1 X2)))) (AND ((OR (X1 (NOT (X2)))) (OR ((AND (X1 (NOT (X2)) X3)) X2)))))))))
(CAPTURE_CANDIDATE (AND ((OR ((AND ((NOT (X3)) (OR (X1 X2)))) (AND ((OR (X1 (NOT (X2)))) (OR (X3 X2)))))))))
(CAPTURE_CANDIDATE (AND ((OR ((AND ((NOT (X3)) (OR (X1 X2)))) (AND ((OR (X1 (NOT (X2)))) (OR ((AND (X1 X3)) X2)))))))))
(CAPTURE_CANDIDATE (AND ((OR ((AND ((NOT (X3)) (OR (X1 X2)))) (AND ((OR (X1 (NOT (X2)))) (OR ((AND (X3 (OR ((NOT (X1)) X2)))) X2)))))))))
(CAPTURE_CANDIDATE (AND ((OR ((AND ((NOT (X3)) (OR (X1 X2)))) (AND ((OR (X1 (NOT (X2)))) (OR ((AND (X3 (OR ((NOT (X1)) (NOT (X2)))))) X2)))))))))
(CAPTURE_CANDIDATE (AND ((OR ((AND ((NOT (X3)) (OR (X1 X2)))) (AND ((OR (X1 (NOT (X2)))) (OR (X3 X2)))))))))
(CAPTURE_CANDIDATE (AND ((OR ((AND ((NOT (X3)) (OR (X1 X2)))) (AND ((OR (X1 (NOT (X2)))) (OR ((AND (X3 (NOT (X1)))) X2)))))))))
(CAPTURE_CANDIDATE (AND ((OR ((AND ((NOT (X3)) (OR (X1 X2)))) (AND ((OR (X1 (NOT (X2)))) (OR ((AND ((NOT (X1)) X3)) X2)))))))))
(CAPTURE_CANDIDATE (AND ((OR ((AND ((NOT (X3)) (OR (X1 X2)))) (AND ((OR (X1 (NOT (X2)))) (OR ((AND (X3 (OR ((NOT (X1)) X1)))) X2)))))))))
(CAPTURE_CANDIDATE (AND ((OR ((AND ((NOT (X3)) (OR (X1 X2)))) (AND ((OR (X1 (NOT (X2)))) (OR ((AND (X3 (OR ((NOT (X1)) (NOT (X2)))))) X2)))))))))
(CAPTURE_CANDIDATE (AND ((OR ((AND ((NOT (X3)) (OR (X1 X2)))) (AND ((OR (X1 (NOT (X2)))) (OR ((AND (X3 (OR ((NOT (X1)) X2)))) X2)))))))))
(CAPTURE_CANDIDATE (AND ((OR ((AND ((NOT (X3)) (OR (X1 X2)))) (AND ((OR (X1 (NOT (X2)))) (OR ((AND (X3 (OR ((NOT (X1)) (AND (X1 X2)))))) X2)))))))))
(CAPTURE_CANDIDATE (AND ((OR ((AND ((NOT (X3)) (OR (X1 X2)))) (AND ((OR (X1 (NOT (X2)))) (OR ((AND (X3 (OR ((NOT (X1)) (NOT (X1)) (NOT (X2)))))) X2)))))))))
(CAPTURE_CANDIDATE (AND ((OR ((AND ((NOT (X3)) (OR (X1 X2)))) (AND ((OR (X1 (NOT (X2)))) (OR ((AND ((NOT (X1)) X3)) X2)))))))))
(CAPTURE_CANDIDATE (AND ((OR ((AND ((NOT (X3)) (OR (X1 X2)))) (AND ((OR (X1 (NOT (X2)))) (OR ((NOT (X1)) X2)))))))))
(CAPTURE_CANDIDATE (AND ((OR ((AND ((NOT (X3)) (OR (X1 X2)))) (AND ((OR (X1 (NOT (X2)))) (OR ((AND ((NOT (X1)) (OR (X3 X2)))) X2)))))))))
(CAPTURE_CANDIDATE (AND ((OR ((AND ((NOT (X3)) (OR (X1 X2)))) (AND ((OR (X1 (NOT (X2)))) (OR ((AND ((NOT (X1)) (OR (X3 (NOT (X2)))))) X2)))))))))
(CAPTURE_CANDIDATE (AND ((OR ((AND ((NOT (X3)) (OR (X1 X2)))) (AND (X2 X1)))))))
(CAPTURE_CANDIDATE (AND ((OR ((AND ((NOT (X3)) (OR (X1 X2)))) (AND ((OR (X1 (NOT (X2)))) (OR ((NOT (X1)) X2)))))))))
(CAPTURE_CANDIDATE (AND ((OR ((AND ((NOT (X3)) (OR (X1 X2)))) (AND ((OR (X1 (NOT (X2)))) (OR ((AND ((NOT (X1)) X3 (NOT (X1)))) X2)))))))))
(CAPTURE_CANDIDATE (AND ((OR ((AND ((NOT (X3)) (OR (X1 X2)))) (AND ((OR (X1 (NOT (X2)))) (OR ((AND ((NOT (X1)) (OR (X3 (NOT (X3)))))) X2)))))))))
(CAPTURE_CANDIDATE (AND ((OR ((AND ((NOT (X3)) (OR (X1 X2)))) (AND ((OR (X1 (NOT (X2)))) (OR ((AND ((NOT (X1)) (OR (X3 X2)))) X2)))))))))
(CAPTURE_CANDIDATE (AND ((OR ((AND ((NOT (X3)) (OR (X1 X2)))) (AND ((OR (X1 (NOT (X2)))) (OR ((AND ((NOT (X1)) (OR (X3 (NOT (X2)))))) X2)))))))))
(CAPTURE_CANDIDATE (AND ((OR ((AND ((NOT (X3)) (OR (X1 X2)))) (AND (X2 X1)))))))
(CAPTURE_CANDIDATE (AND ((OR ((AND ((NOT (X3)) (OR (X1 X2)))) (AND ((OR (X1 (NOT (X2)))) (OR ((AND ((NOT (X1)) X3)) X2)))))))))
(CAPTURE_CANDIDATE (AND ((OR ((AND ((NOT (X3)) (OR (X1 X2)))) (AND (X2 (NOT (X1)) X3)))))))
(CAPTURE_CANDIDATE (AND ((OR ((AND ((NOT (X3)) (OR (X1 X2)))) (AND ((OR (X1 (NOT (X2)))) (OR ((AND ((NOT (X1)) X3 (NOT (X2)))) X2)))))))))
(CAPTURE_CANDIDATE (AND ((OR ((AND ((NOT (X3)) (OR (X1 X2)))) (AND ((OR (X1 (NOT (X2)))) (OR ((AND ((NOT (X1)) X3)) X2)))))))))
(CAPTURE_CANDIDATE (AND ((OR ((AND ((NOT (X3)) (OR (X1 X2)))) (AND (X2 X1)))))))
(CAPTURE_CANDIDATE (AND ((OR ((AND ((NOT (X3)) (OR (X1 X2)))) (AND (X2 X1)))))))
(CAPTURE_CANDIDATE (AND ((OR ((AND ((NOT (X3)) (OR (X1 X2)))) (AND ((OR (X1 (NOT (X2)))) (OR ((AND ((NOT (X1)) X3)) X2)))))))))
(CAPTURE_CANDIDATE (AND ((OR ((AND ((NOT (X3)) (OR (X1 X2)))) (AND ((OR (X1 (NOT (X2)))) (OR ((AND ((NOT (X1)) X3 (NOT (X2)))) X2)))))))))
(CAPTURE_CANDIDATE (AND ((OR ((AND ((NOT (X3)) (OR (X1 X2)))) (AND (X2 (NOT (X1)) X3)))))))
(CAPTURE_CANDIDATE (AND ((OR ((AND ((NOT (X3)) (OR (X1 X2)))) (AND ((OR (X1 (NOT (X2)))) (OR ((AND ((NOT (X1)) X3)) X2)))))))))
(CAPTURE_CANDIDATE (AND ((OR ((AND ((NOT (X3)) (OR (X1 X2)))) (AND ((OR (X1 (NOT (X2)))) (OR ((AND ((NOT (X1)) X3)) X2)))))))))
(CAPTURE_CANDIDATE (AND ((OR ((AND ((NOT (X3)) (OR (X1 X2)))) (AND ((OR (X1 (NOT (X2)))) (OR ((AND ((NOT (X1)) X3)) (AND (X2 X1)))))))))))
(CAPTURE_CANDIDATE (AND ((OR ((AND ((NOT (X3)) (OR (X1 X2)))) (AND ((NOT (X1)) (NOT (X2)) X3)))))))
(CAPTURE_CANDIDATE (AND ((OR ((AND ((NOT (X3)) (OR (X1 X2)))) (AND (X3 (OR (X1 (NOT (X2)))) (OR ((NOT (X1)) X2)))))))))
(CAPTURE_CANDIDATE (AND ((OR ((AND ((NOT (X3)) (OR (X1 X2)))) (AND ((OR (X1 (NOT (X2)))) (OR ((AND ((NOT (X1)) X3)) (AND (X2 (NOT (X3)))))))))))))
(CAPTURE_CANDIDATE (AND ((OR ((AND ((NOT (X3)) (OR (X1 X2)))) (AND ((OR (X1 (NOT (X2)))) (OR ((AND ((NOT (X1)) X3)) (AND (X2 (OR (X1 X3)))))))))))))
(CAPTURE_CANDIDATE (AND ((OR ((AND ((NOT (X3)) (OR (X1 X2)))) (AND ((NOT (X1)) (NOT (X2)) X3)))))))
(CAPTURE_CANDIDATE (AND ((OR ((AND ((NOT (X3)) (OR (X1 X2)))) (AND (X3 (OR (X1 (NOT (X2)))) (OR ((NOT (X1)) X2)))))))))
(CAPTURE_CANDIDATE (AND ((OR ((AND ((NOT (X3)) (OR (X1 X2)))) (AND ((OR (X1 (NOT (X2)))) (OR ((AND ((NOT (X1)) X3)) (AND (X2 X2 (NOT (X3)))))))))))))
(CAPTURE_CANDIDATE (AND ((OR ((AND ((NOT (X3)) (OR (X1 X2)))) (AND ((OR (X1 (NOT (X2)))) (OR ((AND ((NOT (X1)) X3)) X2)))))))))
(CAPTURE_CANDIDATE (AND ((OR ((AND ((NOT (X3)) (OR (X1 X2)))) (AND ((NOT (X1)) X3 (NOT (X2)))))))))
(CAPTURE_CANDIDATE (AND ((OR ((AND ((NOT (X3)) (OR (X1 X2)))) (AND ((OR (X1 (NOT (X2)))) (OR ((AND ((NOT (X1)) X3)) X2 X1)))))))))
(CAPTURE_CANDIDATE (AND ((OR ((AND ((NOT (X3)) (OR (X1 X2)))) (AND ((OR (X1 (NOT (X2)))) (OR ((AND ((NOT (X1)) X3)) X2 (NOT (X1)))))))))))
(CAPTURE_CANDIDATE (AND ((OR ((AND ((NOT (X3)) (OR (X1 X2)))) (AND ((OR (X1 (NOT (X2)))) (OR ((AND ((NOT (X1)) X3)) X2 X2)))))))))
(CAPTURE_CANDIDATE (AND ((OR ((AND ((NOT (X3)) (OR (X1 X2)))) (AND ((OR (X1 (NOT (X2)))) (OR ((AND ((NOT (X1)) X3)) X2 (NOT (X2)))))))))))
(CAPTURE_CANDIDATE (AND ((OR ((AND ((NOT (X3)) (OR (X1 X2)))) (AND ((OR (X1 (NOT (X2)))) (OR ((AND ((NOT (X1)) X3)) X2 X3)))))))))
(CAPTURE_CANDIDATE (AND ((OR ((AND ((NOT (X3)) (OR (X1 X2)))) (AND ((OR (X1 (NOT (X2)))) (OR ((AND ((NOT (X1)) X3)) X2 (NOT (X3)))))))))))
(CAPTURE_CANDIDATE (AND ((OR ((AND ((NOT (X3)) (OR (X1 X2)))) (AND ((OR (X1 (NOT (X2)))) (OR ((AND ((NOT (X1)) X3)) X2 X2 X3)))))))))
(CAPTURE_CANDIDATE (AND ((OR ((AND ((NOT (X3)) (OR (X1 X2)))) (AND ((OR (X1 (NOT (X2)))) (OR ((AND ((NOT (X1)) X3)) X2 (AND ((NOT (X2)) (NOT (X3)))))))))))))
(CAPTURE_CANDIDATE (AND ((OR ((AND ((NOT (X3)) (OR (X1 X2)))) (AND ((OR (X1 (NOT (X2)))) (OR ((AND ((NOT (X1)) X3)) X2 (NOT (X2)) X3)))))))))
(CAPTURE_CANDIDATE (AND ((OR ((AND ((NOT (X3)) (OR (X1 X2)))) (AND ((OR (X1 (NOT (X2)))) (OR ((AND ((NOT (X1)) X3)) X2 (AND (X2 (NOT (X3)))))))))))))
(CAPTURE_CANDIDATE (AND ((OR ((AND ((NOT (X3)) (OR (X1 X2)))) (AND ((OR (X1 (NOT (X2)))) (OR ((AND ((NOT (X1)) X3)) X2 X1 X3)))))))))
(CAPTURE_CANDIDATE (AND ((OR ((AND ((NOT (X3)) (OR (X1 X2)))) (AND ((OR (X1 (NOT (X2)))) (OR ((AND ((NOT (X1)) X3)) X2 (AND ((NOT (X1)) (NOT (X3)))))))))))))
(CAPTURE_CANDIDATE (AND ((OR ((AND ((NOT (X3)) (OR (X1 X2)))) (AND (X1 X2)))))))
(CAPTURE_CANDIDATE (AND ((OR ((AND ((NOT (X3)) (OR (X1 X2)))) (AND ((NOT (X1)) (NOT (X2)) X3)))))))
(CAPTURE_CANDIDATE (AND ((OR ((AND ((NOT (X3)) (OR (X1 X2)))) (AND (X2 X1)))))))
(CAPTURE_CANDIDATE (AND ((OR ((AND ((NOT (X3)) (OR (X1 X2)))) (AND ((NOT (X2)) (NOT (X1)) X3)))))))
(CAPTURE_CANDIDATE (AND ((OR ((AND ((NOT (X3)) (OR (X1 X2)))) (AND (X3 (OR (X1 (NOT (X2)))) (OR ((NOT (X1)) X2)))))))))
(CAPTURE_CANDIDATE (AND ((NOT (X3)) (OR ((AND (X2 X1)) X1 X2)))))
(CAPTURE_CANDIDATE (AND ((OR ((AND ((NOT (X3)) (OR (X1 X2)))) (AND ((NOT (X2)) X3 (NOT (X1)))))))))
(CAPTURE_CANDIDATE (AND ((OR ((AND ((NOT (X3)) (OR (X1 X2)))) (AND ((OR (X1 (NOT (X2)))) (OR ((AND ((NOT (X1)) X3)) X2)) (OR (X2 (NOT (X3)))))))))))
(CAPTURE_CANDIDATE (AND ((OR ((AND ((NOT (X3)) (OR (X1 X2)))) (AND (X2 X3 X1)))))))
(CAPTURE_CANDIDATE (AND ((OR ((AND ((NOT (X3)) (OR (X1 X2)))) (AND ((OR (X1 (NOT (X2)))) (OR ((AND ((NOT (X1)) X3)) X2)) (OR ((NOT (X2)) (NOT (X3)))))))))))
(CAPTURE_CANDIDATE (AND ((OR ((AND ((NOT (X3)) (OR (X1 X2)))) (AND (X1 X2)))))))
(CAPTURE_CANDIDATE (AND ((OR ((AND ((NOT (X3)) (OR (X1 X2)))) (AND ((OR (X1 (NOT (X2)))) (OR ((AND ((NOT (X1)) X3)) X2)) (OR ((NOT (X1)) (NOT (X2)))))))))))
(CAPTURE_CANDIDATE (AND ((OR ((AND ((NOT (X3)) (OR (X1 X2)))) (AND ((OR (X1 (NOT (X2)))) (OR ((AND ((NOT (X1)) X3)) X2)))) X1)))))
(CAPTURE_CANDIDATE (AND ((OR ((AND ((NOT (X3)) (OR (X1 X2)))) (AND ((OR (X1 (NOT (X2)))) (OR ((AND ((NOT (X1)) X3)) X2)))) (NOT (X1)))))))
(CAPTURE_CANDIDATE (AND ((OR ((AND ((NOT (X3)) (OR (X1 X2)))) (AND ((OR (X1 (NOT (X2)))) (OR ((AND ((NOT (X1)) X3)) X2)))) X2)))))
(CAPTURE_CANDIDATE (AND ((OR ((AND ((NOT (X3)) (OR (X1 X2)))) (AND ((OR (X1 (NOT (X2)))) (OR ((AND ((NOT (X1)) X3)) X2)))) (NOT (X2)))))))
(CAPTURE_CANDIDATE (AND ((OR ((AND ((NOT (X3)) (OR (X1 X2)))) (AND ((OR (X1 (NOT (X2)))) (OR ((AND ((NOT (X1)) X3)) X2)))) X3)))))
(CAPTURE_CANDIDATE (AND ((OR ((AND ((NOT (X3)) (OR (X1 X2)))) (AND ((OR (X1 (NOT (X2)))) (OR ((AND ((NOT (X1)) X3)) X2)))) (NOT (X3)))))))
(CAPTURE_CANDIDATE (AND ((OR ((AND ((NOT (X3)) (OR (X1 X2)))) (AND ((OR (X1 (NOT (X2)))) (OR ((AND ((NOT (X1)) X3)) X2)))) (NOT (X2)) X3)))))
(CAPTURE_CANDIDATE (AND ((OR ((AND ((NOT (X3)) (OR (X1 X2)))) (AND ((OR (X1 (NOT (X2)))) (OR ((AND ((NOT (X1)) X3)) X2)))) (AND (X2 (NOT (X3)))))))))
(CAPTURE_CANDIDATE (AND ((OR ((AND ((NOT (X3)) (OR (X1 X2)))) (AND ((OR (X1 (NOT (X2)))) (OR ((AND ((NOT (X1)) X3)) X2)))) X2 X3)))))
(CAPTURE_CANDIDATE (AND ((OR ((AND ((NOT (X3)) (OR (X1 X2)))) (AND ((OR (X1 (NOT (X2)))) (OR ((AND ((NOT (X1)) X3)) X2)))) (AND ((NOT (X2)) (NOT (X3)))))))))
(CAPTURE_CANDIDATE (AND ((OR ((AND ((NOT (X3)) (OR (X1 X2)))) (AND ((OR (X1 (NOT (X2)))) (OR ((AND ((NOT (X1)) X3)) X2)))) (NOT (X1)) X3)))))
(CAPTURE_CANDIDATE (AND ((OR ((AND ((NOT (X3)) (OR (X1 X2)))) (AND ((OR (X1 (NOT (X2)))) (OR ((AND ((NOT (X1)) X3)) X2)))) (AND (X1 (NOT (X3)))))))))
(CAPTURE_CANDIDATE (AND (X1 (OR ((NOT (X3)) X2)))))
(CAPTURE_CANDIDATE (AND ((NOT (X1)) (OR ((AND ((NOT (X3)) X2)) (AND ((NOT (X2)) X3)))))))
(CAPTURE_CANDIDATE (AND (X2 (OR ((NOT (X3)) X1)))))
(CAPTURE_CANDIDATE (AND ((NOT (X2)) (OR ((AND ((NOT (X3)) X1)) (AND ((NOT (X1)) X3)))))))
(CAPTURE_CANDIDATE (AND (X3 (OR (X1 (NOT (X2)))) (OR ((NOT (X1)) X2)))))
(CAPTURE_CANDIDATE (AND ((NOT (X3)) (OR ((AND (X2 X1)) X1 X2)))))
(CAPTURE_CANDIDATE (AND (X1 X3 X2)))
(CAPTURE_CANDIDATE (AND ((OR ((AND ((NOT (X3)) (OR (X1 X2)))) (AND ((OR (X1 (NOT (X2)))) (OR ((AND ((NOT (X1)) X3)) X2)))))) (OR ((NOT (X1)) (NOT (X3)))))))
(CAPTURE_CANDIDATE (AND ((NOT (X1)) X3 (NOT (X2)))))
(CAPTURE_CANDIDATE (AND ((OR ((AND ((NOT (X3)) (OR (X1 X2)))) (AND ((OR (X1 (NOT (X2)))) (OR ((AND ((NOT (X1)) X3)) X2)))))) (OR (X1 (NOT (X3)))))))
(CAPTURE_CANDIDATE (AND ((NOT (X1)) X2 (NOT (X3)))))
(CAPTURE_CANDIDATE (AND ((OR ((AND ((NOT (X3)) (OR (X1 X2)))) (AND ((OR (X1 (NOT (X2)))) (OR ((AND ((NOT (X1)) X3)) X2)))))) (OR (X1 (NOT (X2)))))))
(CAPTURE_CANDIDATE (AND ((OR (X1 (AND ((NOT (X3)) (OR (X1 X2)))) (AND ((OR (X1 (NOT (X2)))) (OR ((AND ((NOT (X1)) X3)) X2)))))))))
(CAPTURE_CANDIDATE (AND ((OR ((NOT (X1)) (AND ((NOT (X3)) (OR (X1 X2)))) (AND ((OR (X1 (NOT (X2)))) (OR ((AND ((NOT (X1)) X3)) X2)))))))))
(CAPTURE_CANDIDATE (AND ((OR (X2 (AND ((NOT (X3)) (OR (X1 X2)))) (AND ((OR (X1 (NOT (X2)))) (OR ((AND ((NOT (X1)) X3)) X2)))))))))
(CAPTURE_CANDIDATE (AND ((OR ((NOT (X2)) (AND ((NOT (X3)) (OR (X1 X2)))) (AND ((OR (X1 (NOT (X2)))) (OR ((AND ((NOT (X1)) X3)) X2)))))))))
(CAPTURE_CANDIDATE (AND ((OR (X3 (AND ((NOT (X3)) (OR (X1 X2)))) (AND ((OR (X1 (NOT (X2)))) (OR ((AND ((NOT (X1)) X3)) X2)))))))))
(CAPTURE_CANDIDATE (AND ((OR ((NOT (X3)) (AND ((NOT (X3)) (OR (X1 X2)))) (AND ((OR (X1 (NOT (X2)))) (OR ((AND ((NOT (X1)) X3)) X2)))))))))
(CAPTURE_CANDIDATE (AND ((OR ((AND ((NOT (X3)) (OR (X1 X2)))) (AND ((OR (X1 (NOT (X2)))) (OR ((AND ((NOT (X1)) X3)) X2)))) X1 X2)))))
(CAPTURE_CANDIDATE (AND ((OR ((AND ((NOT (X1)) (NOT (X2)))) (AND ((NOT (X3)) (OR (X1 X2)))) (AND ((OR (X1 (NOT (X2)))) (OR ((AND ((NOT (X1)) X3)) X2)))))))))
(CAPTURE_CANDIDATE (AND ((OR ((AND ((NOT (X3)) (OR (X1 X2)))) (AND ((OR (X1 (NOT (X2)))) (OR ((AND ((NOT (X1)) X3)) X2)))) X2 X3)))))
(CAPTURE_CANDIDATE (AND ((OR ((AND ((NOT (X2)) (NOT (X3)))) (AND ((NOT (X3)) (OR (X1 X2)))) (AND ((OR (X1 (NOT (X2)))) (OR ((AND ((NOT (X1)) X3)) X2)))))))))
(CAPTURE_CANDIDATE (AND ((OR ((AND ((NOT (X3)) (OR (X1 X2)))) (AND ((OR (X1 (NOT (X2)))) (OR ((AND ((NOT (X1)) X3)) X2)))) (NOT (X1)) X2)))))
(CAPTURE_CANDIDATE (AND ((OR ((AND (X1 (NOT (X2)))) (AND ((NOT (X3)) (OR (X1 X2)))) (AND ((OR (X1 (NOT (X2)))) (OR ((AND ((NOT (X1)) X3)) X2)))))))))
(CAPTURE_CANDIDATE (AND ((OR ((AND ((NOT (X3)) (OR (X1 X2)))) (AND (X3 (OR (X1 (NOT (X2)))) (OR ((NOT (X1)) X2)))))))))
(CAPTURE_CANDIDATE (AND ((OR ((AND ((NOT (X3)) (OR (X1 X2)))) (AND (X3 (OR (X1 (NOT (X2)))) (OR ((NOT (X1)) X2)))))))))
(CAPTURE_CANDIDATE (AND ((OR ((AND ((NOT (X3)) (OR (X1 X2)))) (AND (X3 (OR (X1 (NOT (X2)))) (OR ((NOT (X1)) X2)))))))))
(CAPTURE_CANDIDATE (AND ((OR ((AND ((NOT (X3)) (OR (X1 X2)))) (AND (X3 (OR (X1 (NOT (X2)))) (OR ((NOT (X1)) X2)))))))))
(CAPTURE_CANDIDATE (AND ((OR ((AND ((NOT (X3)) (OR (X1 X2)))) (AND (X3 (OR (X1 (NOT (X2)))) (OR ((NOT (X1)) X2)))))))))
(CAPTURE_CANDIDATE (AND ((OR ((AND ((NOT (X3)) (OR (X1 X2)))) (AND (X3 (OR (X1 (NOT (X2)))) (OR ((NOT (X1)) X2)))))))))
(CAPTURE_CANDIDATE (AND ((OR ((AND ((NOT (X3)) (OR (X1 X2)))) (AND (X3 (OR (X1 (NOT (X2)))) (OR ((NOT (X1)) X2)))))))))
(CAPTURE_CANDIDATE (AND ((OR ((AND ((NOT (X3)) (OR (X1 X2)))) (AND ((OR (X1 (NOT (X2)))) (OR ((AND ((NOT (X1)) X3)) X2)))))))))
(CAPTURE_CANDIDATE (AND ((OR ((AND ((NOT (X3)) (OR (X1 X2)))) (AND (X3 (OR (X1 (NOT (X2)))) (OR ((NOT (X1)) X2)))))))))
(CAPTURE_CANDIDATE (AND ((OR ((AND ((NOT (X3)) (OR (X1 X2)))) (AND (X3 (OR (X1 (NOT (X2)))) (OR ((NOT (X1)) X2)))))))))
(CAPTURE_CANDIDATE (AND ((OR ((AND ((NOT (X3)) (OR (X1 X2)))) (AND (X3 (OR (X1 (NOT (X2)))) (OR ((NOT (X1)) X2)))))))))
(CAPTURE_CANDIDATE (AND ((OR ((AND ((NOT (X3)) (OR (X1 X2)))) (AND (X3 (OR (X1 (NOT (X2)))) (OR ((NOT (X1)) X2)))))))))
(CAPTURE_CANDIDATE (AND ((OR ((AND ((NOT (X3)) (OR (X1 X2)))) (AND (X3 (OR (X1 (NOT (X2)))) (OR ((NOT (X1)) X2)))))))))
(CAPTURE_CANDIDATE (AND ((OR ((AND ((NOT (X3)) (OR (X1 X2)))) (AND (X3 (OR (X1 (NOT (X2)))) (OR ((NOT (X1)) X2)))))))))
(CAPTURE_CANDIDATE (AND ((OR ((AND ((NOT (X3)) (OR (X1 X2)))) (AND (X3 (OR (X1 (NOT (X2)))) (OR ((NOT (X1)) X2)))))))))
(CAPTURE_CANDIDATE (AND ((OR ((AND ((NOT (X3)) (OR (X1 X2)))) (AND (X3 (OR (X1 (NOT (X2)))) (OR ((NOT (X1)) X2)))))))))
(CAPTURE_CANDIDATE (AND ((OR ((AND ((NOT (X3)) (OR (X1 X2)))) (AND (X3 (OR (X1 (NOT (X2)))) (OR ((NOT (X1)) X2)))))))))
(CAPTURE_CANDIDATE (AND ((OR ((AND ((NOT (X3)) (OR (X1 X2)))) (AND (X3 (OR (X1 (NOT (X2)))) (OR ((NOT (X1)) X2)))))))))
(CAPTURE_CANDIDATE (AND ((OR ((AND ((NOT (X3)) (OR (X1 X2)))) (AND (X3 (OR (X1 (NOT (X2)))) (OR ((NOT (X1)) X2)))))))))
(CAPTURE_CANDIDATE (AND ((OR ((AND ((NOT (X3)) (OR (X1 X2)))) (AND (X3 (OR (X1 (NOT (X2)))) (OR ((NOT (X1)) X2)))))))))
(CAPTURE_CANDIDATE (AND ((OR ((AND ((NOT (X3)) (OR (X1 X2)))) (AND (X3 (OR (X1 (NOT (X2)))) (OR ((NOT (X1)) X2)))))))))
(CAPTURE_CANDIDATE (AND ((OR ((AND ((NOT (X3)) (OR (X1 X2)))) (AND ((OR (X1 (NOT (X2)))) (OR ((AND ((NOT (X1)) X3)) X2)))))))))
(CAPTURE_CANDIDATE (AND ((OR ((AND ((NOT (X3)) (OR (X1 X2)))) (AND (X3 (OR (X1 (NOT (X2)))) (OR ((NOT (X1)) X2)))))))))
(CAPTURE_CANDIDATE (AND ((OR ((AND ((NOT (X3)) (OR (X1 X2)))) (AND (X3 (OR (X1 (NOT (X2)))) (OR ((NOT (X1)) X2)))))))))
(CAPTURE_CANDIDATE (AND ((OR ((AND ((NOT (X3)) (OR (X1 X2)))) (AND ((OR (X1 (NOT (X2)))) (OR ((AND ((NOT (X1)) X3)) X2)))))))))
(CAPTURE_CANDIDATE (AND ((OR ((AND ((NOT (X3)) (OR (X1 X2)))) (AND (X3 (OR (X1 (NOT (X2)))) (OR ((NOT (X1)) X2)))))))))
(CAPTURE_CANDIDATE (AND ((OR ((AND ((NOT (X3)) (OR (X1 X2)))) (AND ((OR (X1 (NOT (X2)))) (OR ((AND ((NOT (X1)) X3)) X2)))))))))
(CAPTURE_CANDIDATE (AND ((OR ((AND ((NOT (X3)) (OR (X1 X2)))) (AND (X3 (OR (X1 (NOT (X2)))) (OR ((NOT (X1)) X2)))))))))
(CAPTURE_CANDIDATE (AND ((OR ((AND ((NOT (X3)) (OR (X1 X2)))) (AND (X3 (OR (X1 (NOT (X2)))) (OR ((NOT (X1)) X2)))))))))
(CAPTURE_CANDIDATE (AND ((OR ((AND ((NOT (X3)) (OR (X1 X2)))) (AND ((OR (X1 (NOT (X2)))) (OR ((AND ((NOT (X1)) X3)) X2)))))))))
(CAPTURE_CANDIDATE (AND ((OR ((AND ((NOT (X3)) (OR (X1 X2)))) (AND ((OR (X1 (NOT (X2)))) (OR ((AND ((NOT (X1)) X3)) X2)))))))))
(CAPTURE_CANDIDATE (AND ((OR ((AND ((NOT (X3)) (OR (X1 X2)))) (AND (X3 (OR (X1 (NOT (X2)))) (OR ((NOT (X1)) X2)))))))))
(CAPTURE_CANDIDATE (AND ((OR ((AND ((NOT (X3)) (OR (X1 X2)))) (AND ((OR (X1 (NOT (X2)))) (OR ((AND ((NOT (X1)) X3)) X2)))))))))
(CAPTURE_CANDIDATE (AND ((OR ((AND ((NOT (X3)) (OR (X1 X2)))) (AND (X3 (OR (X1 (NOT (X2)))) (OR ((NOT (X1)) X2)))))))))
(CAPTURE_CANDIDATE (AND ((OR ((AND ((NOT (X3)) (OR (X1 X2)))) (AND (X3 (OR (X1 (NOT (X2)))) (OR ((NOT (X1)) X2)))))))))
(CAPTURE_CANDIDATE (AND ((OR ((AND ((NOT (X3)) (OR (X1 X2)))) (AND ((OR (X1 (NOT (X2)))) (OR ((AND ((NOT (X1)) X3)) X2)))))))))
(CAPTURE_CANDIDATE (AND ((OR ((AND ((NOT (X3)) (OR (X1 X2)))) (AND ((OR (X1 (NOT (X2)))) (OR ((AND ((NOT (X1)) X3 (NOT (X1)))) X2)))))))))
(CAPTURE_CANDIDATE (AND ((OR ((AND ((NOT (X3)) (OR (X1 X2)))) (AND ((OR (X1 (NOT (X2)))) (OR ((AND ((NOT (X1)) X3)) X2)))))))))
(CAPTURE_CANDIDATE (AND ((OR ((AND ((NOT (X3)) (OR (X1 X2)))) (AND (X3 (OR (X1 (NOT (X2)))) (OR ((NOT (X1)) X2)))))))))
(CAPTURE_CANDIDATE (AND ((OR ((AND ((NOT (X3)) (OR (X1 X2)))) (AND ((OR (X1 (NOT (X2)))) (OR ((AND ((NOT (X1)) X3)) X2)))))))))
(CAPTURE_CANDIDATE (AND ((OR ((AND ((NOT (X3)) (OR (X1 X2)))) (AND (X3 (OR (X1 (NOT (X2)))) (OR ((NOT (X1)) X2)))))))))
(CAPTURE_CANDIDATE (AND ((OR ((AND ((NOT (X3)) (OR (X1 X2)))) (AND (X3 (OR (X1 (NOT (X2)))) (OR ((NOT (X1)) X2)))))))))
(CAPTURE_CANDIDATE (AND ((OR ((AND ((NOT (X3)) (OR (X1 X2)))) (AND ((OR (X1 (NOT (X2)))) (OR ((AND ((NOT (X1)) X3)) X2)))))))))
(CAPTURE_CANDIDATE (AND ((OR ((AND ((NOT (X3)) (OR (X1 X2)))) (AND ((OR (X1 (NOT (X2)))) (OR ((AND ((NOT (X1)) X3 X3)) X2)))))))))
(CAPTURE_CANDIDATE (AND ((OR ((AND ((NOT (X3)) (OR (X1 X2)))) (AND ((OR (X1 (NOT (X2)))) (OR ((AND ((NOT (X1)) X3)) X2)))))))))
(CAPTURE_CANDIDATE (AND ((OR ((AND ((NOT (X3)) (OR (X1 X2)))) (AND ((OR (X1 (NOT (X2)))) (OR ((AND ((NOT (X1)) X3)) X2)))))))))
(CAPTURE_CANDIDATE (AND ((OR ((AND ((NOT (X3)) (OR (X1 X2)))) (AND (X3 (OR (X1 (NOT (X2)))) (OR ((NOT (X1)) X2)))))))))
(CAPTURE_CANDIDATE (AND ((OR ((AND ((NOT (X3)) (OR (X1 X2)))) (AND ((OR (X1 (NOT (X2)))) (OR ((AND ((NOT (X1)) X3)) X2)))))))))
(CAPTURE_CANDIDATE (AND ((OR ((AND ((NOT (X3)) (OR (X1 X2)))) (AND (X3 (OR (X1 (NOT (X2)))) (OR ((NOT (X1)) X2)))))))))
(CAPTURE_CANDIDATE (AND ((OR ((AND ((NOT (X3)) (OR (X1 X2)))) (AND (X3 (OR (X1 (NOT (X2)))) (OR ((NOT (X1)) X2)))))))))
(CAPTURE_CANDIDATE (AND ((OR ((AND ((NOT (X3)) (OR (X1 X2)))) (AND (X3 (OR (X1 (NOT (X2)))) (OR ((NOT (X1)) X2)))))))))
(CAPTURE_CANDIDATE (AND ((OR ((AND ((NOT (X3)) (OR (X1 X2)))) (AND (X3 (OR (X1 (NOT (X2)))) (OR ((NOT (X1)) X2)))))))))
(CAPTURE_CANDIDATE (AND ((OR ((AND ((NOT (X3)) (OR (X1 X2)))) (AND (X3 (OR (X1 (NOT (X2)))) (OR ((NOT (X1)) X2)))))))))
(CAPTURE_CANDIDATE (AND ((OR ((AND ((NOT (X3)) (OR (X1 X2)))) (AND (X3 (OR (X1 (NOT (X2)))) (OR ((NOT (X1)) X2)))))))))
(CAPTURE_CANDIDATE (AND ((OR ((AND ((NOT (X3)) (OR (X1 X2)))) (AND (X3 (OR (X1 (NOT (X2)))) (OR ((NOT (X1)) X2)))))))))
(CAPTURE_CANDIDATE (AND ((OR ((AND ((NOT (X3)) (OR (X1 X2)))) (AND (X3 (OR (X1 (NOT (X2)))) (OR ((NOT (X1)) X2)))))))))
(CAPTURE_CANDIDATE (AND ((OR ((AND ((NOT (X3)) (OR (X1 X2)))) (AND (X3 (OR (X1 (NOT (X2)))) (OR ((NOT (X1)) X2)))))))))
(CAPTURE_CANDIDATE (AND ((OR ((AND ((NOT (X3)) (OR (X1 X2)))) (AND (X3 (OR (X1 (NOT (X2)))) (OR ((NOT (X1)) X2)))))))))
(CAPTURE_CANDIDATE (AND ((OR ((AND ((NOT (X3)) (OR (X1 X2)))) (AND (X3 (OR (X1 (NOT (X2)))) (OR ((NOT (X1)) X2)))))))))
(CAPTURE_CANDIDATE (AND ((OR ((AND ((NOT (X3)) (OR (X1 X2)))) (AND (X3 (OR (X1 (NOT (X2)))) (OR ((NOT (X1)) X2)))))))))
(CAPTURE_CANDIDATE (AND ((OR ((AND ((NOT (X3)) (OR (X1 X2)))) (AND (X3 (OR (X1 (NOT (X2)))) (OR ((NOT (X1)) X2)))))))))
(CAPTURE_CANDIDATE (AND ((OR ((AND ((NOT (X3)) (OR (X1 X2)))) (AND (X3 (OR (X1 (NOT (X2)))) (OR ((NOT (X1)) X2)))))))))
(CAPTURE_CANDIDATE (AND ((OR ((AND ((NOT (X3)) (OR (X1 X2)))) (AND (X3 (OR (X1 (NOT (X2)))) (OR ((NOT (X1)) X2)))))))))
(CAPTURE_CANDIDATE (AND ((OR ((AND ((NOT (X3)) (OR (X1 X2)))) (AND (X3 (OR (X1 (NOT (X2)))) (OR ((NOT (X1)) X2)))))))))
(CAPTURE_CANDIDATE (AND ((OR ((AND ((NOT (X3)) (OR (X1 X2)))) (AND (X3 (OR (X1 (NOT (X2)))) (OR ((NOT (X1)) X2)))))))))
(CAPTURE_CANDIDATE (AND ((OR ((AND ((NOT (X3)) (OR (X1 X2)))) (AND (X3 (OR (X1 (NOT (X2)))) (OR ((NOT (X1)) X2)))))))))
(CAPTURE_CANDIDATE (AND ((OR ((AND ((NOT (X3)) (OR (X1 X2)))) (AND (X3 (OR (X1 (NOT (X2)))) (OR ((NOT (X1)) X2)))))))))
(CAPTURE_CANDIDATE (AND ((OR ((AND ((NOT (X3)) (OR (X1 X2)))) (AND (X3 (OR (X1 (NOT (X2)))) (OR ((NOT (X1)) X2)))))))))
(CAPTURE_CANDIDATE (AND (X3 (OR (X1 (NOT (X2)))) (OR ((NOT (X1)) X2)))))
(CAPTURE_CANDIDATE (AND ((NOT (X2)) (OR ((AND ((NOT (X3)) X1)) (AND (X3 (NOT (X1)))))))))
(CAPTURE_CANDIDATE (AND ((NOT (X1)) (OR ((AND ((NOT (X3)) X2)) (AND (X3 (NOT (X2)))))))))
(CAPTURE_CANDIDATE (AND ((OR ((AND ((NOT (X3)) (OR (X1 X2)))) (AND ((OR (X1 (NOT (X2)))) (OR ((AND ((NOT (X1)) X3)) X2)) (OR (X3 (AND (X1 X2)))))))))))
(CAPTURE_CANDIDATE (AND ((OR ((AND ((NOT (X3)) (OR (X1 X2)))) (AND ((OR (X1 (NOT (X2)))) (OR ((AND ((NOT (X1)) X3)) X2)) (OR (X2 X3)))))))))
(CAPTURE_CANDIDATE (AND ((OR ((AND ((NOT (X3)) (OR (X1 X2)))) (AND ((OR (X1 (NOT (X2)))) (OR ((AND ((NOT (X1)) X3)) X2)) (OR (X1 X3)))))))))
(CAPTURE_CANDIDATE (AND ((OR ((AND ((NOT (X3)) (OR (X1 X2)))) (AND (X3 X2 X1)))))))
(CAPTURE_CANDIDATE (AND ((OR ((AND ((NOT (X3)) (OR (X1 X2)))) (AND (X3 X2 X1)))))))
(CAPTURE_CANDIDATE (AND ((OR ((AND ((NOT (X3)) (OR (X1 X2)))) (AND (X3 X2 X1)))))))
(CAPTURE_CANDIDATE (AND ((OR ((AND ((NOT (X3)) (OR (X1 X2)))) (AND (X3 X2 X1)))))))
(CAPTURE_CANDIDATE (AND ((OR ((AND ((NOT (X3)) (OR (X1 X2)))) (AND (X3 X2 X1)))))))
(CAPTURE_CANDIDATE (AND ((OR ((AND ((NOT (X3)) (OR (X1 X2)))) (AND (X3 X2 X1)))))))
(New best score: -3.2857142857142856)
(Terminating because score hasn't improved)
(Terminating because score hasn't improved)
(Terminating because score hasn't improved)
(OptimizedDeme: 383)
"Merging Deme"
(Demesize: 383)
(nEval: 10000 LenSInstList: 383)
(TopCnd: 383)
(Keep 100 Unique instances from 383)
(KeptUniqueTopCandidates NewSize: 100)
(TrimmedDownDeme: 100)
(CAPTURE_CANDIDATE (AND ((OR ((AND ((NOT (X3)) (OR (X1 X2)))) (AND ((OR (X1 (NOT (X2)))) (OR ((AND ((NOT (X1)) X3)) X2)))))))))
(CAPTURE_CANDIDATE (AND ((OR ((AND ((NOT (X3)) (OR (X1 X2)))) (AND (X3 (OR (X1 (NOT (X2)))) (OR ((NOT (X1)) X2)))))))))
(CAPTURE_CANDIDATE (AND ((OR ((AND ((NOT (X3)) (OR (X1 X2)))) (AND ((OR (X1 (NOT (X2)))) (OR ((AND ((NOT (X1)) X3)) X2)))))))))
(CAPTURE_CANDIDATE (AND ((OR ((AND ((NOT (X3)) (OR (X1 X2)))) (AND ((OR (X1 (NOT (X2)))) (OR ((AND (X3 (NOT (X1)))) X2)))))))))
(CAPTURE_CANDIDATE (AND ((OR ((AND ((NOT (X3)) (OR (X1 X2)))) (AND ((OR (X1 (NOT (X2)))) (OR ((AND ((NOT (X1)) X3)) X2)))))))))
(CAPTURE_CANDIDATE (AND ((OR ((AND ((NOT (X3)) (OR (X1 X2)))) (AND (X3 (OR (X1 (NOT (X2)))) (OR ((NOT (X1)) X2)))))))))
(CAPTURE_CANDIDATE (AND ((OR ((AND ((NOT (X3)) (OR (X1 X2)))) (AND ((OR (X1 (NOT (X2)))) (OR ((AND ((NOT (X1)) X3)) X2)))))))))
(CAPTURE_CANDIDATE (AND ((OR ((AND ((NOT (X3)) (OR (X1 X2)))) (AND (X3 (OR (X1 (NOT (X2)))) (OR ((NOT (X1)) X2)))))))))
(CAPTURE_CANDIDATE (AND ((OR ((AND ((NOT (X3)) (OR (X1 X2)))) (AND ((OR (X1 (NOT (X2)))) (OR ((AND ((NOT (X1)) X3)) X2)))))))))
(CAPTURE_CANDIDATE (AND ((OR ((AND ((NOT (X3)) (OR (X1 X2)))) (AND (X3 (OR (X1 (NOT (X2)))) (OR ((NOT (X1)) X2)))))))))
(CAPTURE_CANDIDATE (AND ((OR ((AND ((NOT (X3)) (OR (X1 X2)))) (AND ((OR (X1 (NOT (X2)))) (OR ((AND ((NOT (X1)) X3)) X2)))))))))
(CAPTURE_CANDIDATE (AND ((OR ((AND ((NOT (X3)) (OR (X1 X2)))) (AND (X3 (OR (X1 (NOT (X2)))) (OR ((NOT (X1)) X2)))))))))
(CAPTURE_CANDIDATE (AND ((OR ((AND ((NOT (X3)) (OR (X1 X2)))) (AND ((OR (X1 (NOT (X2)))) (OR ((AND ((NOT (X1)) X3)) X2)))))))))
(CAPTURE_CANDIDATE (AND ((OR ((AND ((NOT (X3)) (OR (X1 X2)))) (AND (X3 (OR (X1 (NOT (X2)))) (OR ((NOT (X1)) X2)))))))))
(CAPTURE_CANDIDATE (AND ((OR ((AND ((NOT (X3)) (OR (X1 X2)))) (AND ((OR (X1 (NOT (X2)))) (OR ((AND ((NOT (X1)) X3)) X2)))))))))
(CAPTURE_CANDIDATE (AND ((OR ((AND ((NOT (X3)) (OR (X1 X2)))) (AND (X3 (OR (X1 (NOT (X2)))) (OR ((NOT (X1)) X2)))))))))
(CAPTURE_CANDIDATE (AND ((OR ((AND ((NOT (X3)) (OR (X1 X2)))) (AND ((OR (X1 (NOT (X2)))) (OR ((AND ((NOT (X1)) X3)) X2)))))))))
(CAPTURE_CANDIDATE (AND ((OR ((AND ((NOT (X3)) (OR (X1 X2)))) (AND (X3 (OR (X1 (NOT (X2)))) (OR ((NOT (X1)) X2)))))))))
(CAPTURE_CANDIDATE (AND ((OR ((AND ((NOT (X3)) (OR (X1 X2)))) (AND ((OR (X1 (NOT (X2)))) (OR ((AND ((NOT (X1)) X3)) X2)))))))))
(CAPTURE_CANDIDATE (AND ((OR ((AND ((NOT (X3)) (OR (X1 X2)))) (AND (X3 (OR (X1 (NOT (X2)))) (OR ((NOT (X1)) X2)))))))))
(CAPTURE_CANDIDATE (AND ((OR ((AND ((NOT (X3)) (OR (X1 X2)))) (AND ((OR (X1 (NOT (X2)))) (OR ((AND ((NOT (X1)) X3)) X2)))))))))
(CAPTURE_CANDIDATE (AND ((OR ((AND ((NOT (X3)) (OR (X1 X2)))) (AND (X3 (OR (X1 (NOT (X2)))) (OR ((NOT (X1)) X2)))))))))
(CAPTURE_CANDIDATE (AND ((OR ((AND ((NOT (X3)) (OR (X1 X2)))) (AND ((OR (X1 (NOT (X2)))) (OR ((AND ((NOT (X1)) X3)) X2)))))))))
(CAPTURE_CANDIDATE (AND ((OR ((AND ((NOT (X3)) (OR (X1 X2)))) (AND (X3 (OR (X1 (NOT (X2)))) (OR ((NOT (X1)) X2)))))))))
(CAPTURE_CANDIDATE (AND ((OR ((AND ((NOT (X3)) (OR (X1 X2)))) (AND ((OR (X1 (NOT (X2)))) (OR ((AND ((NOT (X1)) X3)) X2)))))))))
(CAPTURE_CANDIDATE (AND ((OR ((AND ((NOT (X3)) (OR (X1 X2)))) (AND (X3 (OR (X1 (NOT (X2)))) (OR ((NOT (X1)) X2)))))))))
(CAPTURE_CANDIDATE (AND ((OR ((AND ((NOT (X3)) (OR (X1 X2)))) (AND ((OR (X1 (NOT (X2)))) (OR ((AND ((NOT (X1)) X3)) X2)))))))))
(CAPTURE_CANDIDATE (AND ((OR ((AND ((NOT (X3)) (OR (X1 X2)))) (AND (X3 (OR (X1 (NOT (X2)))) (OR ((NOT (X1)) X2)))))))))
(CAPTURE_CANDIDATE (AND ((NOT (X1)) (OR ((AND ((NOT (X3)) X2)) (AND ((NOT (X2)) X3)))))))
(CAPTURE_CANDIDATE (AND ((NOT (X2)) (OR ((AND ((NOT (X3)) X1)) (AND ((NOT (X1)) X3)))))))
(CAPTURE_CANDIDATE (AND (X3 (OR (X1 (NOT (X2)))) (OR ((NOT (X1)) X2)))))
(CAPTURE_CANDIDATE (AND ((OR ((AND ((NOT (X3)) (OR (X1 X2)))) (AND (X2 X1)))))))
(CAPTURE_CANDIDATE (AND ((OR ((AND ((NOT (X3)) (OR (X1 X2)))) (AND (X1 X2)))))))
(CAPTURE_CANDIDATE (AND ((OR ((AND ((NOT (X3)) (OR (X1 X2)))) (AND (X2 X1)))))))
(CAPTURE_CANDIDATE (AND ((OR ((AND ((NOT (X3)) (OR (X1 X2)))) (AND (X1 X2)))))))
(CAPTURE_CANDIDATE (AND ((OR ((AND ((NOT (X3)) (OR (X1 X2)))) (AND (X2 X1)))))))
(CAPTURE_CANDIDATE (AND ((OR ((AND ((NOT (X3)) (OR (X1 X2)))) (AND (X1 X2)))))))
(CAPTURE_CANDIDATE (AND ((NOT (X1)) (OR ((AND ((NOT (X3)) X2)) (AND ((NOT (X2)) X3)))))))
(CAPTURE_CANDIDATE (AND ((NOT (X2)) (OR ((AND ((NOT (X3)) X1)) (AND ((NOT (X1)) X3)))))))
(CAPTURE_CANDIDATE (AND (X3 (OR (X1 (NOT (X2)))) (OR ((NOT (X1)) X2)))))
(CAPTURE_CANDIDATE (AND ((NOT (X2)) (OR ((AND ((NOT (X3)) X1)) (AND (X3 (NOT (X1)))))))))
(CAPTURE_CANDIDATE (AND ((NOT (X1)) (OR ((AND ((NOT (X3)) X2)) (AND (X3 (NOT (X2)))))))))
(CAPTURE_CANDIDATE (AND ((OR ((AND ((NOT (X3)) (OR ((AND (X1 (NOT (X2)))) X2)))) (AND ((OR (X1 (NOT (X2)))) (OR ((AND ((NOT (X1)) X3)) X2)))))))))
(CAPTURE_CANDIDATE (AND ((OR ((AND ((NOT (X3)) (OR (X1 (AND (X2 (NOT (X1)))))))) (AND ((OR (X1 (NOT (X2)))) (OR ((AND ((NOT (X1)) X3)) X2)))))))))
(CAPTURE_CANDIDATE (AND ((OR ((AND ((NOT (X3)) (OR (X1 (AND (X2 X2)))))) (AND ((OR (X1 (NOT (X2)))) (OR ((AND ((NOT (X1)) X3)) X2)))))))))
(CAPTURE_CANDIDATE (AND ((OR ((AND ((NOT (X3)) (OR (X1 X2 X1)))) (AND ((OR (X1 (NOT (X2)))) (OR ((AND ((NOT (X1)) X3)) X2)))))))))
(CAPTURE_CANDIDATE (AND ((OR ((AND ((NOT (X3)) (OR (X1 X2 X2)))) (AND ((OR (X1 (NOT (X2)))) (OR ((AND ((NOT (X1)) X3)) X2)))))))))
(CAPTURE_CANDIDATE (AND ((OR ((AND ((NOT (X3)) (OR (X1 X2 X1)))) (AND ((OR (X1 (NOT (X2)))) (OR ((AND ((NOT (X1)) X3)) X2)))))))))
(CAPTURE_CANDIDATE (AND ((OR ((AND ((NOT (X3)) (OR (X1 X2 X2)))) (AND ((OR (X1 (NOT (X2)))) (OR ((AND ((NOT (X1)) X3)) X2)))))))))
(CAPTURE_CANDIDATE (AND ((OR ((AND ((NOT (X3)) (OR (X1 X2)))) (AND ((OR (X1 (NOT (X2)) (NOT (X3)))) (OR ((AND ((NOT (X1)) X3)) X2)))))))))
(CAPTURE_CANDIDATE (AND ((OR ((AND ((NOT (X3)) (OR (X1 X2)))) (AND ((OR ((AND (X1 X2)) (NOT (X2)))) (OR ((AND ((NOT (X1)) X3)) X2)))))))))
(CAPTURE_CANDIDATE (AND ((OR ((AND ((NOT (X3)) (OR (X1 X2)))) (AND ((OR ((AND (X1 X3)) (NOT (X2)))) (OR ((AND ((NOT (X1)) X3)) X2)))))))))
(CAPTURE_CANDIDATE (AND ((OR ((AND ((NOT (X3)) (OR (X1 X2)))) (AND ((OR ((AND (X1 X2)) (NOT (X2)))) (OR ((AND ((NOT (X1)) X3)) X2)))))))))
(CAPTURE_CANDIDATE (AND ((OR ((AND ((NOT (X3)) (OR (X1 X2)))) (AND ((OR (X1 (AND ((NOT (X1)) (NOT (X2)))))) (OR ((AND ((NOT (X1)) X3)) X2)))))))))
(CAPTURE_CANDIDATE (AND ((OR ((AND ((NOT (X3)) (OR (X1 X2)))) (AND ((OR (X1 (AND ((NOT (X2)) X3)))) (OR ((AND ((NOT (X1)) X3)) X2)))))))))
(CAPTURE_CANDIDATE (AND ((OR ((AND ((NOT (X3)) (OR (X1 X2)))) (AND ((OR (X1 (NOT (X2)) X1)) (OR ((AND ((NOT (X1)) X3)) X2)))))))))
(CAPTURE_CANDIDATE (AND ((OR ((AND ((NOT (X3)) (OR (X1 X2)))) (AND ((OR (X1 (NOT (X2)) (NOT (X2)))) (OR ((AND ((NOT (X1)) X3)) X2)))))))))
(CAPTURE_CANDIDATE (AND ((OR ((AND ((NOT (X3)) (OR (X1 X2)))) (AND ((OR (X1 (NOT (X2)) (NOT (X3)))) (OR ((AND ((NOT (X1)) X3)) X2)))))))))
(CAPTURE_CANDIDATE (AND ((OR ((AND ((NOT (X3)) (OR (X1 X2)))) (AND ((OR (X1 (NOT (X2)))) (OR ((AND ((NOT (X2)) (NOT (X1)) X3)) X2)))))))))
(CAPTURE_CANDIDATE (AND ((OR ((AND ((NOT (X3)) (OR (X1 X2)))) (AND ((OR (X1 (NOT (X2)))) (OR ((AND (X3 (OR ((NOT (X1)) X2)))) X2)))))))))
(CAPTURE_CANDIDATE (AND ((OR ((AND ((NOT (X3)) (OR (X1 X2)))) (AND ((OR (X1 (NOT (X2)))) (OR ((AND ((NOT (X1)) (OR (X3 X2)))) X2)))))))))
(CAPTURE_CANDIDATE (AND ((OR ((AND ((NOT (X3)) (OR (X1 X2)))) (AND ((OR (X1 (NOT (X2)))) (OR ((AND ((NOT (X1)) X3 (NOT (X1)))) X2)))))))))
(CAPTURE_CANDIDATE (AND ((OR ((AND ((NOT (X3)) (OR (X1 X2)))) (AND ((OR (X1 (NOT (X2)))) (OR ((AND ((NOT (X1)) (OR (X3 X2)))) X2)))))))))
(CAPTURE_CANDIDATE (AND ((OR ((AND ((NOT (X3)) (OR (X1 X2)))) (AND ((OR (X1 (NOT (X2)))) (OR ((AND ((NOT (X1)) X3 (NOT (X2)))) X2)))))))))
(CAPTURE_CANDIDATE (AND ((OR ((AND ((NOT (X3)) (OR (X1 X2)))) (AND ((OR (X1 (NOT (X2)))) (OR ((AND ((NOT (X1)) X3)) (AND (X2 X1)))))))))))
(CAPTURE_CANDIDATE (AND ((OR ((AND ((NOT (X3)) (OR (X1 X2)))) (AND ((OR (X1 (NOT (X2)))) (OR ((AND ((NOT (X1)) X3)) X2 X2)))))))))
(CAPTURE_CANDIDATE (AND ((OR ((AND ((NOT (X3)) (OR (X1 X2)))) (AND ((OR (X1 (NOT (X2)))) (OR ((AND ((NOT (X1)) X3 (NOT (X1)))) X2)))))))))
(CAPTURE_CANDIDATE (AND ((OR ((AND ((NOT (X3)) (OR (X1 X2)))) (AND ((OR (X1 (NOT (X2)))) (OR ((AND ((NOT (X1)) X3 X3)) X2)))))))))
(CAPTURE_CANDIDATE (AND ((OR ((NOT (X3)) (AND ((OR (X1 (NOT (X2)))) (OR ((AND ((NOT (X1)) X3)) X2)))))))))
(CAPTURE_CANDIDATE (AND ((OR ((AND ((NOT (X3)) (OR (X1 X2)))) (AND ((NOT (X1)) (NOT (X2)) X3)))))))
(CAPTURE_CANDIDATE (AND ((OR ((AND ((NOT (X3)) (OR (X1 X2)))) (AND ((NOT (X2)) (NOT (X1)) X3)))))))
(CAPTURE_CANDIDATE (AND ((OR ((AND ((NOT (X3)) (OR (X1 X2)))) (AND ((NOT (X1)) (NOT (X2)) X3)))))))
(CAPTURE_CANDIDATE (AND ((OR ((AND ((NOT (X3)) (OR (X1 X2)))) (AND ((NOT (X2)) (NOT (X1)) X3)))))))
(CAPTURE_CANDIDATE (AND ((OR ((AND ((NOT (X3)) (OR (X1 X2)))) (AND ((NOT (X1)) X3 (NOT (X2)))))))))
(CAPTURE_CANDIDATE (AND ((OR ((AND ((NOT (X3)) (OR (X1 X2)))) (AND ((NOT (X1)) (NOT (X2)) X3)))))))
(CAPTURE_CANDIDATE (AND ((OR ((AND ((NOT (X3)) (OR (X1 X2)))) (AND ((NOT (X1)) X3 (NOT (X2)))))))))
(CAPTURE_CANDIDATE (AND ((OR ((AND ((NOT (X3)) (OR (X1 X2)))) (AND ((NOT (X1)) (NOT (X2)) X3)))))))
(CAPTURE_CANDIDATE (AND ((OR ((AND ((NOT (X3)) (OR (X1 X2)))) (AND ((NOT (X2)) (NOT (X1)) X3)))))))
(CAPTURE_CANDIDATE (AND ((OR ((AND ((NOT (X3)) (OR (X1 X2)))) (AND ((NOT (X2)) X3 (NOT (X1)))))))))
(CAPTURE_CANDIDATE (AND ((OR ((AND ((NOT (X3)) (OR (X1 X2)))) (AND (X2 X3 X1)))))))
(CAPTURE_CANDIDATE (AND ((OR ((AND ((NOT (X3)) (OR (X1 X2)))) (AND (X3 X2 X1)))))))
(CAPTURE_CANDIDATE (AND ((OR ((AND (X1 X2)) (AND ((NOT (X3)) (OR (X1 X2)))) (AND ((OR (X1 (NOT (X2)))) (OR ((AND ((NOT (X1)) X3)) X2)))))))))
(CAPTURE_CANDIDATE (AND ((OR ((AND ((NOT (X3)) (OR (X1 X2)))) (AND ((OR (X1 (NOT (X2)))) (OR ((AND ((NOT (X1)) X3)) X2)))))) (OR ((NOT (X1)) X3)))))
(CAPTURE_CANDIDATE (AND ((OR ((AND ((NOT (X3)) (OR (X1 X2 (AND ((NOT (X1)) X2)))))) (AND ((OR (X1 (NOT (X2)))) (OR ((AND ((NOT (X1)) X3)) X2)))))))))
(CAPTURE_CANDIDATE (AND ((OR ((AND ((NOT (X3)) (OR ((AND (X1 X1 (NOT (X2)))) X2)))) (AND ((OR (X1 (NOT (X2)))) (OR ((AND ((NOT (X1)) X3)) X2)))))))))
(CAPTURE_CANDIDATE (AND ((OR ((AND ((NOT (X3)) (OR (X1 X2)) (OR ((NOT (X1)) (NOT (X2)))))) (AND ((OR (X1 (NOT (X2)))) (OR ((AND ((NOT (X1)) X3)) X2)))))))))
(CAPTURE_CANDIDATE (AND ((OR ((AND ((NOT (X3)) (OR (X1 X2)))) (AND ((OR (X1 (NOT (X2)))) (OR ((AND ((NOT (X1)) X3)) X2)) (OR (X1 X3)))))))))
(CAPTURE_CANDIDATE (AND ((OR ((AND ((NOT (X3)) (OR (X1 X2)))) (AND ((OR (X1 (NOT (X2)))) (OR ((AND ((NOT (X1)) X3)) X2)) (OR ((NOT (X1)) X3)))))))))
(CAPTURE_CANDIDATE (AND ((OR ((AND ((NOT (X3)) (OR (X1 X2)))) (AND ((OR (X1 (NOT (X2)) (AND ((NOT (X2)) X3)))) (OR ((AND ((NOT (X1)) X3)) X2)))))))))
(CAPTURE_CANDIDATE (AND ((OR ((AND ((NOT (X3)) (OR (X1 X2)))) (AND ((OR (X1 (NOT (X2)) X1 (NOT (X3)))) (OR ((AND ((NOT (X1)) X3)) X2)))))))))
(CAPTURE_CANDIDATE (AND ((OR ((AND ((NOT (X3)) (OR (X1 X2)))) (AND ((OR (X1 (NOT (X2)) (AND (X1 X2)))) (OR ((AND ((NOT (X1)) X3)) X2)))))))))
(CAPTURE_CANDIDATE (AND ((OR ((AND ((NOT (X3)) (OR (X1 X2)))) (AND ((OR ((AND (X1 (OR (X2 X3)))) (NOT (X2)))) (OR ((AND ((NOT (X1)) X3)) X2)))))))))
(CAPTURE_CANDIDATE (AND ((OR ((AND ((NOT (X3)) (OR (X1 X2)))) (AND ((OR (X1 (AND ((NOT (X2)) (OR ((NOT (X1)) X3)))))) (OR ((AND ((NOT (X1)) X3)) X2)))))))))
(CAPTURE_CANDIDATE (AND ((OR ((AND ((NOT (X3)) (OR (X1 X2)))) (AND ((OR (X1 (NOT (X2)) (AND (X1 (NOT (X2)))))) (OR ((AND ((NOT (X1)) X3)) X2)))))))))
(CAPTURE_CANDIDATE (AND ((OR ((AND ((NOT (X3)) (OR (X1 X2)))) (AND ((OR (X1 (NOT (X2)) (AND (X2 (NOT (X3)))))) (OR ((AND ((NOT (X1)) X3)) X2)))))))))
(CAPTURE_CANDIDATE (AND ((OR ((AND ((NOT (X3)) (OR (X1 X2)))) (AND ((OR (X1 (NOT (X2)) (AND ((NOT (X1)) (NOT (X2)))))) (OR ((AND ((NOT (X1)) X3)) X2)))))))))
(CAPTURE_CANDIDATE (AND ((OR ((AND ((NOT (X3)) (OR (X1 X2)))) (AND ((OR (X1 (NOT (X2)))) (OR ((AND ((NOT (X1)) X3)) X2 (AND ((NOT (X1)) X3)))))))))))
(CAPTURE_CANDIDATE (AND ((OR ((AND ((NOT (X3)) (OR (X1 X2)))) (AND ((OR (X1 (NOT (X2)))) (OR ((AND ((NOT (X1)) X3)) X2 (AND (X2 X3)))))))))))
(CAPTURE_CANDIDATE (AND ((OR ((AND ((NOT (X3)) (OR (X1 X2)))) (AND ((OR (X1 (NOT (X2)))) (OR ((AND ((NOT (X1)) X3)) X2 (AND ((NOT (X1)) X2)))))))))))
(CAPTURE_CANDIDATE (AND ((OR ((AND ((NOT (X3)) (OR (X1 X2)))) (AND ((OR (X1 (NOT (X2)))) (OR ((AND (X3 (OR ((NOT (X1)) (AND (X1 X2)))))) X2)))))))))
(Before getNewCandidates: 100)
(Going to merge 12 Instances)
(Metapop size before resize: 187)
(Metapop size after resize: 187)
""
(Generation 2)
"expand  deme returnn"
(SelectedTree: (AND (OR (AND (NOT X3) (OR X1 X2)) (AND (OR X1 (NOT X2)) (OR X2 (AND X3 (NOT X1)))))))
(GeneratedList: (0 0 0 0 0 0 0 0 0 0 0 0 0 0 0 0 0 0 0 0 1 0 0 0 1 1 0 0 0 0 0 0 0 0 0 0 0 0 0 0 0 0 0 0 0 0 0 0 1 0 0 0 0 0 0 0 0 0 0 0 0 0 0 0 1 1 0 0 0 0 0 0 0 0 0 0 1 0 0 0 0 0 0 0 0 0 0 0 1 0 0 0 0 1 0 1 0 0 0 1 0 0 0 0 0 0 0 0 0 0 0 0 0 0 0 0 0 0 0 0 0 0 0 0 0 0 0 0 0 0 0 0 0 0 0 0 0 0 0 0 0 0 0 0 0 0 0 0 0 0 0))
""
(Iteration 1 running)
(Crossover: false)
(CenterInst: (0 0 0 0 0 0 0 0 0 0 0 0 0 0 0 0 0 0 0 0 1 0 0 0 1 1 0 0 0 0 0 0 0 0 0 0 0 0 0 0 0 0 0 0 0 0 0 0 1 0 0 0 0 0 0 0 0 0 0 0 0 0 0 0 1 1 0 0 0 0 0 0 0 0 0 0 1 0 0 0 0 0 0 0 0 0 0 0 1 0 0 0 0 1 0 1 0 0 0 1 0 0 0 0 0 0 0 0 0 0 0 0 0 0 0 0 0 0 0 0 0 0 0 0 0 0 0 0 0 0 0 0 0 0 0 0 0 0 0 0 0 0 0 0 0 0 0 0 0 0 0))
(size: 8)
(1 : 1 : 0)
(CAPTURE_CANDIDATE (AND ((OR ((AND ((NOT (X3)) (OR (X1 X2)))) (AND ((OR (X1 (NOT (X2)))) (OR ((AND ((NOT (X1)) X3)) X2)))))))))
(New best score: -3.2857142857142856)
""
(Iteration 2 running)
(Crossover: false)
(CenterInst: (0 0 0 0 0 0 0 0 0 0 0 0 0 0 0 0 0 0 0 0 1 0 0 0 1 1 0 0 0 0 0 0 0 0 0 0 0 0 0 0 0 0 0 0 0 0 0 0 1 0 0 0 0 0 0 0 0 0 0 0 0 0 0 0 1 1 0 0 0 0 0 0 0 0 0 0 1 0 0 0 0 0 0 0 0 0 0 0 1 0 0 0 0 1 0 1 0 0 0 1 0 0 0 0 0 0 0 0 0 0 0 0 0 0 0 0 0 0 0 0 0 0 0 0 0 0 0 0 0 0 0 0 0 0 0 0 0 0 0 0 0 0 0 0 0 0 0 0 0 0 0))
(size: 8)
(906 : 499 : 1)
(CAPTURE_CANDIDATE (AND ((OR ((AND ((NOT (X3)) (OR (X1 X2)))) (AND ((OR (X1 (NOT (X2)))) (OR ((AND ((NOT (X1)) X3)) X2)))))))))
(CAPTURE_CANDIDATE (AND ((OR (X1 (AND ((NOT (X3)) (OR (X1 X2)))) (AND ((OR (X1 (NOT (X2)))) (OR ((AND ((NOT (X1)) X3)) X2)))))))))
(CAPTURE_CANDIDATE (AND ((OR ((NOT (X1)) (AND ((NOT (X3)) (OR (X1 X2)))) (AND ((OR (X1 (NOT (X2)))) (OR ((AND ((NOT (X1)) X3)) X2)))))))))
(CAPTURE_CANDIDATE (AND ((OR (X2 (AND ((NOT (X3)) (OR (X1 X2)))) (AND ((OR (X1 (NOT (X2)))) (OR ((AND ((NOT (X1)) X3)) X2)))))))))
(CAPTURE_CANDIDATE (AND ((OR ((NOT (X2)) (AND ((NOT (X3)) (OR (X1 X2)))) (AND ((OR (X1 (NOT (X2)))) (OR ((AND ((NOT (X1)) X3)) X2)))))))))
(CAPTURE_CANDIDATE (AND ((OR (X3 (AND ((NOT (X3)) (OR (X1 X2)))) (AND ((OR (X1 (NOT (X2)))) (OR ((AND ((NOT (X1)) X3)) X2)))))))))
(CAPTURE_CANDIDATE (AND ((OR ((NOT (X3)) (AND ((NOT (X3)) (OR (X1 X2)))) (AND ((OR (X1 (NOT (X2)))) (OR ((AND ((NOT (X1)) X3)) X2)))))))))
(CAPTURE_CANDIDATE (AND ((OR ((AND (X1 X2)) (AND ((NOT (X3)) (OR (X1 X2)))) (AND ((OR (X1 (NOT (X2)))) (OR ((AND ((NOT (X1)) X3)) X2)))))))))
(CAPTURE_CANDIDATE (AND ((OR ((NOT (X1)) (NOT (X2)) (AND ((NOT (X3)) (OR (X1 X2)))) (AND ((OR (X1 (NOT (X2)))) (OR ((AND ((NOT (X1)) X3)) X2)))))))))
(CAPTURE_CANDIDATE (AND ((OR ((AND (X1 X3)) (AND ((NOT (X3)) (OR (X1 X2)))) (AND ((OR (X1 (NOT (X2)))) (OR ((AND ((NOT (X1)) X3)) X2)))))))))
(CAPTURE_CANDIDATE (AND ((OR ((NOT (X1)) (NOT (X3)) (AND ((NOT (X3)) (OR (X1 X2)))) (AND ((OR (X1 (NOT (X2)))) (OR ((AND ((NOT (X1)) X3)) X2)))))))))
(CAPTURE_CANDIDATE (AND ((OR ((AND ((NOT (X1)) X3)) (AND ((NOT (X3)) (OR (X1 X2)))) (AND ((OR (X1 (NOT (X2)))) (OR ((AND ((NOT (X1)) X3)) X2)))))))))
(CAPTURE_CANDIDATE (AND ((OR (X1 (NOT (X3)) (AND ((NOT (X3)) (OR (X1 X2)))) (AND ((OR (X1 (NOT (X2)))) (OR ((AND ((NOT (X1)) X3)) X2)))))))))
(CAPTURE_CANDIDATE (AND (X1 (OR ((NOT (X3)) X2)))))
(CAPTURE_CANDIDATE (AND ((NOT (X1)) (OR ((AND ((NOT (X3)) X2)) (AND ((NOT (X2)) X3)))))))
(CAPTURE_CANDIDATE (AND (X2 (OR ((NOT (X3)) X1)))))
(CAPTURE_CANDIDATE (AND ((NOT (X2)) (OR ((AND ((NOT (X3)) X1)) (AND ((NOT (X1)) X3)))))))
(CAPTURE_CANDIDATE (AND (X3 (OR (X1 (NOT (X2)))) (OR ((NOT (X1)) X2)))))
(CAPTURE_CANDIDATE (AND ((NOT (X3)) (OR ((AND (X2 X1)) X1 X2)))))
(CAPTURE_CANDIDATE (AND ((OR ((AND ((NOT (X3)) (OR (X1 X2)))) (AND ((OR (X1 (NOT (X2)))) (OR ((AND ((NOT (X1)) X3)) X2)))))) (OR ((NOT (X2)) X3)))))
(CAPTURE_CANDIDATE (AND (X2 (NOT (X3)))))
(CAPTURE_CANDIDATE (AND ((OR ((AND ((NOT (X3)) (OR (X1 X2)))) (AND ((OR (X1 (NOT (X2)))) (OR ((AND ((NOT (X1)) X3)) X2)))))) (OR (X1 X3)))))
(CAPTURE_CANDIDATE (AND ((NOT (X1)) (NOT (X3)) X2)))
(CAPTURE_CANDIDATE (AND ((OR ((AND ((NOT (X3)) (OR (X1 X2)))) (AND ((OR (X1 (NOT (X2)))) (OR ((AND ((NOT (X1)) X3)) X2)))))) (OR (X1 X2)))))
(CAPTURE_CANDIDATE (AND ((NOT (X1)) (NOT (X2)) (OR ((NOT (X3)) X3)))))
(CAPTURE_CANDIDATE (AND ((OR ((AND ((NOT (X3)) (OR (X1 X2)))) (AND ((OR (X1 (NOT (X2)))) (OR ((AND ((NOT (X1)) X3)) X2)))) X1)))))
(CAPTURE_CANDIDATE (AND ((OR ((AND ((NOT (X3)) (OR (X1 X2)))) (AND ((OR (X1 (NOT (X2)))) (OR ((AND ((NOT (X1)) X3)) X2)))) (NOT (X1)))))))
(CAPTURE_CANDIDATE (AND ((OR ((AND ((NOT (X3)) (OR (X1 X2)))) (AND ((OR (X1 (NOT (X2)))) (OR ((AND ((NOT (X1)) X3)) X2)))) X2)))))
(CAPTURE_CANDIDATE (AND ((OR ((AND ((NOT (X3)) (OR (X1 X2)))) (AND ((OR (X1 (NOT (X2)))) (OR ((AND ((NOT (X1)) X3)) X2)))) (NOT (X2)))))))
(CAPTURE_CANDIDATE (AND ((OR ((AND ((NOT (X3)) (OR (X1 X2)))) (AND ((OR (X1 (NOT (X2)))) (OR ((AND ((NOT (X1)) X3)) X2)))) X3)))))
(CAPTURE_CANDIDATE (AND ((OR ((AND ((NOT (X3)) (OR (X1 X2)))) (AND ((OR (X1 (NOT (X2)))) (OR ((AND ((NOT (X1)) X3)) X2)))) (NOT (X3)))))))
(CAPTURE_CANDIDATE (AND ((OR ((AND ((NOT (X3)) (OR (X1 X2)))) (AND ((OR (X1 (NOT (X2)))) (OR ((AND ((NOT (X1)) X3)) X2)))) (AND (X2 X3)))))))
(CAPTURE_CANDIDATE (AND ((OR ((AND ((NOT (X3)) (OR (X1 X2)))) (AND ((OR (X1 (NOT (X2)))) (OR ((AND ((NOT (X1)) X3)) X2)))) (NOT (X2)) (NOT (X3)))))))
(CAPTURE_CANDIDATE (AND ((OR ((AND ((NOT (X3)) (OR (X1 X2)))) (AND ((OR (X1 (NOT (X2)))) (OR ((AND ((NOT (X1)) X3)) X2)))) (AND ((NOT (X2)) X3)))))))
(CAPTURE_CANDIDATE (AND ((OR ((AND ((NOT (X3)) (OR (X1 X2)))) (AND ((OR (X1 (NOT (X2)))) (OR ((AND ((NOT (X1)) X3)) X2)))) X2 (NOT (X3)))))))
(CAPTURE_CANDIDATE (AND ((OR ((AND ((NOT (X3)) (OR (X1 X2)))) (AND ((OR (X1 (NOT (X2)))) (OR ((AND ((NOT (X1)) X3)) X2)))) (AND ((NOT (X1)) X2)))))))
(CAPTURE_CANDIDATE (AND ((OR ((AND ((NOT (X3)) (OR (X1 X2)))) (AND ((OR (X1 (NOT (X2)))) (OR ((AND ((NOT (X1)) X3)) X2)))) X1 (NOT (X2)))))))
(CAPTURE_CANDIDATE (AND ((OR ((AND (X1 (NOT (X3)))) (AND ((OR (X1 (NOT (X2)))) (OR ((AND ((NOT (X1)) X3)) X2)))))))))
(CAPTURE_CANDIDATE (AND ((OR ((AND ((NOT (X1)) X2 (NOT (X3)))) (AND ((OR (X1 (NOT (X2)))) (OR ((AND ((NOT (X1)) X3)) X2)))))))))
(CAPTURE_CANDIDATE (AND ((OR ((AND (X2 (NOT (X3)))) (AND ((OR (X1 (NOT (X2)))) (OR ((AND ((NOT (X1)) X3)) X2)))))))))
(CAPTURE_CANDIDATE (AND ((OR ((AND ((NOT (X2)) X1 (NOT (X3)))) (AND ((OR (X1 (NOT (X2)))) (OR ((AND ((NOT (X1)) X3)) X2)))))))))
(CAPTURE_CANDIDATE (AND ((OR ((AND ((OR (X1 (NOT (X2)))) (OR ((AND ((NOT (X1)) X3)) X2)))) X1 X2)))))
(CAPTURE_CANDIDATE (AND ((OR ((AND (X3 (OR (X1 X2)))) (AND ((OR (X1 (NOT (X2)))) (OR ((AND ((NOT (X1)) X3)) X2)))))))))
(CAPTURE_CANDIDATE (AND ((OR ((AND ((NOT (X3)) (OR (X1 X2)) (OR ((NOT (X1)) X2)))) (AND ((OR (X1 (NOT (X2)))) (OR ((AND ((NOT (X1)) X3)) X2)))))))))
(CAPTURE_CANDIDATE (AND ((OR ((AND (X1 (NOT (X2)) (NOT (X3)))) (AND ((OR (X1 (NOT (X2)))) (OR ((AND ((NOT (X1)) X3)) X2)))))))))
(CAPTURE_CANDIDATE (AND ((OR ((AND ((NOT (X3)) X1)) (AND ((OR (X1 (NOT (X2)))) (OR ((AND ((NOT (X1)) X3)) X2)))))))))
(CAPTURE_CANDIDATE (AND ((OR ((AND ((NOT (X1)) (NOT (X3)) X2)) (AND ((OR (X1 (NOT (X2)))) (OR ((AND ((NOT (X1)) X3)) X2)))))))))
(CAPTURE_CANDIDATE (AND ((OR ((AND ((NOT (X3)) (NOT (X1)) X2)) (AND ((OR (X1 (NOT (X2)))) (OR ((AND ((NOT (X1)) X3)) X2)))))))))
(CAPTURE_CANDIDATE (AND ((OR ((AND (X1 (NOT (X3)))) (AND ((OR (X1 (NOT (X2)))) (OR ((AND ((NOT (X1)) X3)) X2)))))))))
(CAPTURE_CANDIDATE (AND ((OR ((AND (X2 (NOT (X3)))) (AND ((OR (X1 (NOT (X2)))) (OR ((AND ((NOT (X1)) X3)) X2)))))))))
(CAPTURE_CANDIDATE (AND ((OR ((AND ((NOT (X3)) (OR ((NOT (X1)) X2)))) (AND ((OR (X1 (NOT (X2)))) (OR ((AND ((NOT (X1)) X3)) X2)))))))))
(CAPTURE_CANDIDATE (AND ((OR ((AND (X1 (NOT (X3)))) (AND ((OR (X1 (NOT (X2)))) (OR ((AND ((NOT (X1)) X3)) X2)))))))))
(CAPTURE_CANDIDATE (AND ((OR ((AND ((NOT (X3)) (OR (X1 (NOT (X2)))))) (AND ((OR (X1 (NOT (X2)))) (OR ((AND ((NOT (X1)) X3)) X2)))))))))
(CAPTURE_CANDIDATE (AND ((OR ((AND ((NOT (X3)) (OR (X1 X2)))) (AND ((OR (X1 (NOT (X2)))) (OR ((AND ((NOT (X1)) X3)) X2)))))))))
(CAPTURE_CANDIDATE (AND ((OR ((NOT (X3)) (AND ((OR (X1 (NOT (X2)))) (OR ((AND ((NOT (X1)) X3)) X2)))))))))
(CAPTURE_CANDIDATE (AND ((OR ((AND ((NOT (X3)) (OR (X1 X2)))) (AND ((OR (X1 (NOT (X2)))) (OR ((AND ((NOT (X1)) X3)) X2)))))))))
(CAPTURE_CANDIDATE (AND ((OR ((NOT (X3)) (AND ((OR (X1 (NOT (X2)))) (OR ((AND ((NOT (X1)) X3)) X2)))))))))
(CAPTURE_CANDIDATE (AND ((OR ((AND ((NOT (X3)) (OR (X1 X2 (AND ((NOT (X1)) X2)))))) (AND ((OR (X1 (NOT (X2)))) (OR ((AND ((NOT (X1)) X3)) X2)))))))))
(CAPTURE_CANDIDATE (AND ((OR ((AND ((NOT (X3)) (OR (X1 X2 X1 (NOT (X2)))))) (AND ((OR (X1 (NOT (X2)))) (OR ((AND ((NOT (X1)) X3)) X2)))))))))
(CAPTURE_CANDIDATE (AND ((OR ((AND ((NOT (X3)) (OR (X1 X2 (AND (X1 X2)))))) (AND ((OR (X1 (NOT (X2)))) (OR ((AND ((NOT (X1)) X3)) X2)))))))))
(CAPTURE_CANDIDATE (AND ((OR ((AND ((NOT (X3)) (OR (X1 X2 (NOT (X1)) (NOT (X2)))))) (AND ((OR (X1 (NOT (X2)))) (OR ((AND ((NOT (X1)) X3)) X2)))))))))
(CAPTURE_CANDIDATE (AND ((OR ((AND (X2 X1 (NOT (X3)))) (AND ((OR (X1 (NOT (X2)))) (OR ((AND ((NOT (X1)) X3)) X2)))))))))
(CAPTURE_CANDIDATE (AND ((OR ((AND ((NOT (X3)) (OR ((AND (X1 (NOT (X2)))) X2)))) (AND ((OR (X1 (NOT (X2)))) (OR ((AND ((NOT (X1)) X3)) X2)))))))))
(CAPTURE_CANDIDATE (AND ((OR ((AND ((NOT (X3)) X2)) (AND ((OR (X1 (NOT (X2)))) (OR ((AND ((NOT (X1)) X3)) X2)))))))))
(CAPTURE_CANDIDATE (AND ((OR ((AND ((NOT (X3)) (OR (X1 X2)))) (AND ((OR (X1 (NOT (X2)))) (OR ((AND ((NOT (X1)) X3)) X2)))))))))
(CAPTURE_CANDIDATE (AND ((OR ((AND (X2 (NOT (X3)) X1)) (AND ((OR (X1 (NOT (X2)))) (OR ((AND ((NOT (X1)) X3)) X2)))))))))
(CAPTURE_CANDIDATE (AND ((OR ((AND ((NOT (X3)) (OR ((AND (X1 X1 (NOT (X2)))) X2)))) (AND ((OR (X1 (NOT (X2)))) (OR ((AND ((NOT (X1)) X3)) X2)))))))))
(CAPTURE_CANDIDATE (AND ((OR ((AND ((NOT (X3)) (OR ((AND (X1 (NOT (X2)))) X2)))) (AND ((OR (X1 (NOT (X2)))) (OR ((AND ((NOT (X1)) X3)) X2)))))))))
(CAPTURE_CANDIDATE (AND ((OR ((AND (X2 X1 (NOT (X3)))) (AND ((OR (X1 (NOT (X2)))) (OR ((AND ((NOT (X1)) X3)) X2)))))))))
(CAPTURE_CANDIDATE (AND ((OR ((AND ((NOT (X3)) (OR (X1 X2)))) (AND ((OR (X1 (NOT (X2)))) (OR ((AND ((NOT (X1)) X3)) X2)))))))))
(CAPTURE_CANDIDATE (AND ((OR ((AND (X2 (NOT (X3)))) (AND ((OR (X1 (NOT (X2)))) (OR ((AND ((NOT (X1)) X3)) X2)))))))))
(CAPTURE_CANDIDATE (AND ((OR ((AND (X1 X2 (NOT (X3)))) (AND ((OR (X1 (NOT (X2)))) (OR ((AND ((NOT (X1)) X3)) X2)))))))))
(CAPTURE_CANDIDATE (AND ((OR ((AND ((NOT (X3)) (OR (X1 (AND (X2 (NOT (X1)))))))) (AND ((OR (X1 (NOT (X2)))) (OR ((AND ((NOT (X1)) X3)) X2)))))))))
(CAPTURE_CANDIDATE (AND ((OR ((AND ((NOT (X3)) X1)) (AND ((OR (X1 (NOT (X2)))) (OR ((AND ((NOT (X1)) X3)) X2)))))))))
(CAPTURE_CANDIDATE (AND ((OR ((AND ((NOT (X3)) (OR (X1 X2)))) (AND ((OR (X1 (NOT (X2)))) (OR ((AND ((NOT (X1)) X3)) X2)))))))))
(CAPTURE_CANDIDATE (AND ((OR ((AND ((NOT (X3)) (OR (X1 (AND (X2 (NOT (X1)))))))) (AND ((OR (X1 (NOT (X2)))) (OR ((AND ((NOT (X1)) X3)) X2)))))))))
(CAPTURE_CANDIDATE (AND ((OR ((AND (X1 X2 (NOT (X3)))) (AND ((OR (X1 (NOT (X2)))) (OR ((AND ((NOT (X1)) X3)) X2)))))))))
(CAPTURE_CANDIDATE (AND ((OR ((AND ((NOT (X3)) (OR (X1 X2)))) (AND ((OR (X1 (NOT (X2)))) (OR ((AND ((NOT (X1)) X3)) X2)))))))))
(CAPTURE_CANDIDATE (AND ((OR ((AND (X1 (NOT (X3)))) (AND ((OR (X1 (NOT (X2)))) (OR ((AND ((NOT (X1)) X3)) X2)))))))))
(CAPTURE_CANDIDATE (AND ((OR ((AND ((NOT (X3)) X1)) (AND ((OR (X1 (NOT (X2)))) (OR ((AND ((NOT (X1)) X3)) X2)))))))))
(CAPTURE_CANDIDATE (AND ((OR ((AND ((NOT (X3)) (OR (X1 (AND (X2 X2)))))) (AND ((OR (X1 (NOT (X2)))) (OR ((AND ((NOT (X1)) X3)) X2)))))))))
(CAPTURE_CANDIDATE (AND ((OR ((AND ((NOT (X3)) (OR (X1 X2 X1)))) (AND ((OR (X1 (NOT (X2)))) (OR ((AND ((NOT (X1)) X3)) X2)))))))))
(CAPTURE_CANDIDATE (AND ((OR ((AND ((NOT (X3)) (OR (X1 X2 (NOT (X1)))))) (AND ((OR (X1 (NOT (X2)))) (OR ((AND ((NOT (X1)) X3)) X2)))))))))
(CAPTURE_CANDIDATE (AND ((OR ((AND ((NOT (X3)) (OR (X1 X2 X2)))) (AND ((OR (X1 (NOT (X2)))) (OR ((AND ((NOT (X1)) X3)) X2)))))))))
(CAPTURE_CANDIDATE (AND ((OR ((AND ((NOT (X3)) (OR (X1 X2 (NOT (X2)))))) (AND ((OR (X1 (NOT (X2)))) (OR ((AND ((NOT (X1)) X3)) X2)))))))))
(CAPTURE_CANDIDATE (AND ((OR ((AND ((NOT (X3)) (OR (X1 X2)))) (AND ((OR (X1 (NOT (X2)))) (OR ((AND ((NOT (X1)) X3)) X2)))))))))
(CAPTURE_CANDIDATE (AND ((OR ((NOT (X3)) (AND ((OR (X1 (NOT (X2)))) (OR ((AND ((NOT (X1)) X3)) X2)))))))))
(CAPTURE_CANDIDATE (AND ((OR ((AND ((NOT (X3)) (OR (X1 X2 X1 X2)))) (AND ((OR (X1 (NOT (X2)))) (OR ((AND ((NOT (X1)) X3)) X2)))))))))
(CAPTURE_CANDIDATE (AND ((OR ((AND ((NOT (X3)) (OR (X1 X2 (AND ((NOT (X1)) (NOT (X2)))))))) (AND ((OR (X1 (NOT (X2)))) (OR ((AND ((NOT (X1)) X3)) X2)))))))))
(CAPTURE_CANDIDATE (AND ((OR ((AND ((NOT (X3)) (OR (X1 X2 X1)))) (AND ((OR (X1 (NOT (X2)))) (OR ((AND ((NOT (X1)) X3)) X2)))))))))
(CAPTURE_CANDIDATE (AND ((OR ((AND ((NOT (X3)) (OR (X1 X2 (NOT (X1)))))) (AND ((OR (X1 (NOT (X2)))) (OR ((AND ((NOT (X1)) X3)) X2)))))))))
(CAPTURE_CANDIDATE (AND ((OR ((AND ((NOT (X3)) (OR (X1 X2 (NOT (X2)))))) (AND ((OR (X1 (NOT (X2)))) (OR ((AND ((NOT (X1)) X3)) X2)))))))))
(CAPTURE_CANDIDATE (AND ((OR ((AND ((NOT (X3)) (OR (X1 X2 X2)))) (AND ((OR (X1 (NOT (X2)))) (OR ((AND ((NOT (X1)) X3)) X2)))))))))
(CAPTURE_CANDIDATE (AND ((OR ((AND ((OR (X1 X2)) (OR (X1 (NOT (X3)))))) (AND ((OR (X1 (NOT (X2)))) (OR ((AND ((NOT (X1)) X3)) X2)))))))))
(CAPTURE_CANDIDATE (AND ((OR ((AND ((OR (X1 X2)) (OR ((NOT (X1)) (NOT (X3)))))) (AND ((OR (X1 (NOT (X2)))) (OR ((AND ((NOT (X1)) X3)) X2)))))))))
(CAPTURE_CANDIDATE (AND ((OR ((AND ((OR (X1 X2)) (OR (X2 (NOT (X3)))))) (AND ((OR (X1 (NOT (X2)))) (OR ((AND ((NOT (X1)) X3)) X2)))))))))
(CAPTURE_CANDIDATE (AND ((OR ((AND ((OR (X1 X2)) (OR ((NOT (X2)) (NOT (X3)))))) (AND ((OR (X1 (NOT (X2)))) (OR ((AND ((NOT (X1)) X3)) X2)))))))))
(CAPTURE_CANDIDATE (AND ((OR ((AND ((OR (X1 (NOT (X2)))) (OR ((AND ((NOT (X1)) X3)) X2)))) X1 X2)))))
(CAPTURE_CANDIDATE (AND ((OR ((AND (X3 (OR (X1 X2)))) (AND ((OR (X1 (NOT (X2)))) (OR ((AND ((NOT (X1)) X3)) X2)))))))))
(CAPTURE_CANDIDATE (AND ((OR ((AND ((OR (X1 X2)) (OR ((NOT (X3)) (AND (X1 X3)))))) (AND ((OR (X1 (NOT (X2)))) (OR ((AND ((NOT (X1)) X3)) X2)))))))))
(CAPTURE_CANDIDATE (AND ((OR ((AND ((OR (X1 X2)) (OR ((NOT (X3)) (NOT (X1)) (NOT (X3)))))) (AND ((OR (X1 (NOT (X2)))) (OR ((AND ((NOT (X1)) X3)) X2)))))))))
(CAPTURE_CANDIDATE (AND ((OR ((AND ((OR (X1 X2)) (OR ((NOT (X3)) (AND ((NOT (X1)) X2)))))) (AND ((OR (X1 (NOT (X2)))) (OR ((AND ((NOT (X1)) X3)) X2)))))))))
(CAPTURE_CANDIDATE (AND ((OR ((AND ((OR (X1 X2)) (OR ((NOT (X3)) X1 (NOT (X2)))))) (AND ((OR (X1 (NOT (X2)))) (OR ((AND ((NOT (X1)) X3)) X2)))))))))
(CAPTURE_CANDIDATE (AND ((OR ((AND ((OR (X1 X2)) (OR ((NOT (X3)) (AND (X2 X3)))))) (AND ((OR (X1 (NOT (X2)))) (OR ((AND ((NOT (X1)) X3)) X2)))))))))
(CAPTURE_CANDIDATE (AND ((OR ((AND ((OR (X1 X2)) (OR ((NOT (X3)) (NOT (X2)) (NOT (X3)))))) (AND ((OR (X1 (NOT (X2)))) (OR ((AND ((NOT (X1)) X3)) X2)))))))))
(CAPTURE_CANDIDATE (AND ((OR ((AND ((NOT (X3)) X1)) (AND ((OR (X1 (NOT (X2)))) (OR ((AND ((NOT (X1)) X3)) X2)))))))))
(CAPTURE_CANDIDATE (AND ((OR ((AND ((NOT (X3)) (NOT (X1)) X2)) (AND ((OR (X1 (NOT (X2)))) (OR ((AND ((NOT (X1)) X3)) X2)))))))))
(CAPTURE_CANDIDATE (AND ((OR ((AND ((NOT (X3)) X2)) (AND ((OR (X1 (NOT (X2)))) (OR ((AND ((NOT (X1)) X3)) X2)))))))))
(CAPTURE_CANDIDATE (AND ((OR ((AND ((NOT (X3)) (NOT (X2)) X1)) (AND ((OR (X1 (NOT (X2)))) (OR ((AND ((NOT (X1)) X3)) X2)))))))))
(CAPTURE_CANDIDATE (AND ((OR (X1 (NOT (X2)))) (OR ((AND ((NOT (X1)) X3)) X2)))))
(CAPTURE_CANDIDATE (AND ((OR ((AND ((NOT (X3)) (OR (X1 X2)))) (AND ((OR (X1 (NOT (X2)))) (OR ((AND ((NOT (X1)) X3)) X2)))))))))
(CAPTURE_CANDIDATE (AND ((OR (X1 (NOT (X2)))) (OR ((AND ((NOT (X1)) X3)) X2)))))
(CAPTURE_CANDIDATE (AND ((OR ((AND ((NOT (X3)) (OR (X1 X2)))) (AND ((OR (X1 (NOT (X2)))) (OR ((AND ((NOT (X1)) X3)) X2)))))))))
(CAPTURE_CANDIDATE (AND ((OR ((AND ((NOT (X3)) (NOT (X1)) X2)) (AND ((OR (X1 (NOT (X2)))) (OR ((AND ((NOT (X1)) X3)) X2)))))))))
(CAPTURE_CANDIDATE (AND ((OR ((AND ((NOT (X3)) (OR (X1 X2)) (OR (X1 (NOT (X2)))))) (AND ((OR (X1 (NOT (X2)))) (OR ((AND ((NOT (X1)) X3)) X2)))))))))
(CAPTURE_CANDIDATE (AND ((OR (X1 (NOT (X2)))) (OR ((AND ((NOT (X1)) X3)) X2)))))
(CAPTURE_CANDIDATE (AND ((OR ((AND ((NOT (X3)) (OR (X1 X2)))) (AND ((OR (X1 (NOT (X2)))) (OR ((AND ((NOT (X1)) X3)) X2)))))))))
(CAPTURE_CANDIDATE (AND ((OR ((AND ((NOT (X3)) (OR (X1 X2)))) (AND (X1 (OR (X3 X2)))))))))
(CAPTURE_CANDIDATE (AND ((OR ((AND ((NOT (X3)) (OR (X1 X2)))) (AND ((NOT (X1)) (NOT (X2)) X3)))))))
(CAPTURE_CANDIDATE (AND ((OR ((AND ((NOT (X3)) (OR (X1 X2)))) (AND (X2 X1)))))))
(CAPTURE_CANDIDATE (AND ((OR ((AND ((NOT (X3)) (OR (X1 X2)))) (AND ((NOT (X2)) (NOT (X1)) X3)))))))
(CAPTURE_CANDIDATE (AND ((OR ((AND ((NOT (X3)) (OR (X1 X2)))) (AND (X3 (OR (X1 (NOT (X2)))) (OR ((NOT (X1)) X2)))))))))
(CAPTURE_CANDIDATE (AND ((NOT (X3)) (OR ((AND (X2 X1)) X1 X2)))))
(CAPTURE_CANDIDATE (AND ((OR ((AND ((NOT (X3)) (OR (X1 X2)))) (AND ((OR (X1 (NOT (X2)))) (OR ((AND ((NOT (X1)) X3)) X2)) (OR ((NOT (X2)) X3)))))))))
(CAPTURE_CANDIDATE (AND ((NOT (X3)) (OR ((AND (X2 X1)) X1 X2)))))
(CAPTURE_CANDIDATE (AND ((OR ((AND ((NOT (X3)) (OR (X1 X2)))) (AND ((OR (X1 (NOT (X2)))) (OR ((AND ((NOT (X1)) X3)) X2)) (OR ((NOT (X1)) X3)))))))))
(CAPTURE_CANDIDATE (AND ((NOT (X3)) (OR ((AND (X1 X2)) X1 X2)))))
(CAPTURE_CANDIDATE (AND ((OR ((AND ((NOT (X3)) (OR (X1 X2)))) (AND ((OR (X1 (NOT (X2)))) (OR ((AND ((NOT (X1)) X3)) X2)) (OR (X1 X2)))))))))
(CAPTURE_CANDIDATE (AND ((OR ((AND ((NOT (X3)) (OR (X1 X2)))) (AND ((NOT (X1)) (NOT (X2)) X3)))))))
(CAPTURE_CANDIDATE (AND ((OR ((AND ((NOT (X3)) (OR (X1 X2)))) (AND ((NOT (X2)) (NOT (X1)) X3)))))))
(CAPTURE_CANDIDATE (AND ((OR ((AND ((NOT (X3)) (OR (X1 X2)))) (AND ((OR ((NOT (X1)) (NOT (X2)))) (OR ((AND ((NOT (X1)) X3)) X2)))))))))
(CAPTURE_CANDIDATE (AND ((OR ((AND ((NOT (X3)) (OR (X1 X2)))) (AND (X1 X2)))))))
(CAPTURE_CANDIDATE (AND ((OR ((AND ((NOT (X3)) (OR (X1 X2)))) (AND ((OR (X1 X2)) (OR ((AND ((NOT (X1)) X3)) X2)))))))))
(CAPTURE_CANDIDATE (AND ((OR ((AND ((NOT (X3)) (OR (X1 X2)))) (AND ((OR (X1 (NOT (X2)) X3)) (OR ((AND ((NOT (X1)) X3)) X2)))))))))
(CAPTURE_CANDIDATE (AND ((OR ((AND ((NOT (X3)) (OR (X1 X2)))) (AND ((OR (X1 (NOT (X2)) (NOT (X3)))) (OR ((AND ((NOT (X1)) X3)) X2)))))))))
(CAPTURE_CANDIDATE (AND ((OR ((AND ((NOT (X3)) (OR (X1 X2)))) (AND ((OR (X1 (NOT (X2)) (AND (X1 X3)))) (OR ((AND ((NOT (X1)) X3)) X2)))))))))
(CAPTURE_CANDIDATE (AND ((OR ((AND ((NOT (X3)) (OR (X1 X2)))) (AND ((OR (X1 (NOT (X2)) (NOT (X1)) (NOT (X3)))) (OR ((AND ((NOT (X1)) X3)) X2)))))))))
(CAPTURE_CANDIDATE (AND ((OR ((AND ((NOT (X3)) (OR (X1 X2)))) (AND ((OR (X1 (NOT (X2)) (AND ((NOT (X2)) X3)))) (OR ((AND ((NOT (X1)) X3)) X2)))))))))
(CAPTURE_CANDIDATE (AND ((OR ((AND ((NOT (X3)) (OR (X1 X2)))) (AND ((OR (X1 (NOT (X2)) X2 (NOT (X3)))) (OR ((AND ((NOT (X1)) X3)) X2)))))))))
(CAPTURE_CANDIDATE (AND ((OR ((AND ((NOT (X3)) (OR (X1 X2)))) (AND ((OR (X1 (NOT (X2)) (AND ((NOT (X1)) X3)))) (OR ((AND ((NOT (X1)) X3)) X2)))))))))
(CAPTURE_CANDIDATE (AND ((OR ((AND ((NOT (X3)) (OR (X1 X2)))) (AND ((OR (X1 (NOT (X2)) X1 (NOT (X3)))) (OR ((AND ((NOT (X1)) X3)) X2)))))))))
(CAPTURE_CANDIDATE (AND ((OR ((AND ((NOT (X3)) (OR (X1 X2)))) (AND ((OR ((AND (X1 X2)) (NOT (X2)))) (OR ((AND ((NOT (X1)) X3)) X2)))))))))
(CAPTURE_CANDIDATE (AND ((OR ((AND ((NOT (X3)) (OR (X1 X2)))) (AND ((NOT (X2)) X1)))))))
(CAPTURE_CANDIDATE (AND ((OR ((AND ((NOT (X3)) (OR (X1 X2)))) (AND ((OR ((AND (X1 X3)) (NOT (X2)))) (OR ((AND ((NOT (X1)) X3)) X2)))))))))
(CAPTURE_CANDIDATE (AND ((OR ((AND ((NOT (X3)) (OR (X1 X2)))) (AND ((OR ((AND (X1 (NOT (X3)))) (NOT (X2)))) (OR ((AND ((NOT (X1)) X3)) X2)))))))))
(CAPTURE_CANDIDATE (AND ((OR ((AND ((NOT (X3)) (OR (X1 X2)))) (AND ((OR ((AND (X1 X2)) (NOT (X2)))) (OR ((AND ((NOT (X1)) X3)) X2)))))))))
(CAPTURE_CANDIDATE (AND ((OR ((AND ((NOT (X3)) (OR (X1 X2)))) (AND ((NOT (X2)) X1 X1)))))))
(CAPTURE_CANDIDATE (AND ((OR ((AND ((NOT (X3)) (OR (X1 X2)))) (AND ((OR ((AND (X1 (OR (X2 X3)))) (NOT (X2)))) (OR ((AND ((NOT (X1)) X3)) X2)))))))))
(CAPTURE_CANDIDATE (AND ((NOT (X3)) (OR ((AND ((NOT (X2)) X1)) X1 X2)))))
(CAPTURE_CANDIDATE (AND ((OR ((AND ((NOT (X3)) (OR (X1 X2)))) (AND ((OR ((AND (X1 X3)) (NOT (X2)))) (OR ((AND ((NOT (X1)) X3)) X2)))))))))
(CAPTURE_CANDIDATE (AND ((OR ((AND ((NOT (X3)) (OR (X1 X2)))) (AND ((OR ((AND (X1 X1 (NOT (X3)))) (NOT (X2)))) (OR ((AND ((NOT (X1)) X3)) X2)))))))))
(CAPTURE_CANDIDATE (AND ((OR ((AND ((NOT (X3)) (OR (X1 X2)))) (AND (X1 (NOT (X2)))))))))
(CAPTURE_CANDIDATE (AND ((OR ((AND ((NOT (X3)) (OR (X1 X2)))) (AND ((OR (X1 (AND ((NOT (X1)) (NOT (X2)))))) (OR ((AND ((NOT (X1)) X3)) X2)))))))))
(CAPTURE_CANDIDATE (AND ((OR ((AND ((NOT (X3)) (OR (X1 X2)))) (AND (X1 X2)))))))
(CAPTURE_CANDIDATE (AND ((OR ((AND ((NOT (X3)) (OR (X1 X2)))) (AND ((OR (X1 X2)) (OR ((AND ((NOT (X1)) X3)) X2)))))))))
(CAPTURE_CANDIDATE (AND ((OR ((AND ((NOT (X3)) (OR (X1 X2)))) (AND ((OR (X1 (AND ((NOT (X2)) X3)))) (OR ((AND ((NOT (X1)) X3)) X2)))))))))
(CAPTURE_CANDIDATE (AND ((OR ((AND ((NOT (X3)) (OR (X1 X2)))) (AND ((OR (X1 (AND ((NOT (X2)) (NOT (X3)))))) (OR ((AND ((NOT (X1)) X3)) X2)))))))))
(CAPTURE_CANDIDATE (AND ((OR ((AND ((NOT (X3)) (OR (X1 X2)))) (AND (X1 (NOT (X2)))))))))
(CAPTURE_CANDIDATE (AND ((OR ((AND ((NOT (X3)) (OR (X1 X2)))) (AND ((OR (X1 (AND ((NOT (X2)) (NOT (X1)) (NOT (X2)))))) (OR ((AND ((NOT (X1)) X3)) X2)))))))))
(CAPTURE_CANDIDATE (AND ((OR ((AND ((NOT (X3)) (OR (X1 X2)))) (AND ((OR (X1 (AND ((NOT (X2)) (OR (X1 X3)))))) (OR ((AND ((NOT (X1)) X3)) X2)))))))))
(CAPTURE_CANDIDATE (AND ((OR ((AND ((NOT (X3)) (OR (X1 X2)))) (AND ((OR (X1 (AND ((NOT (X2)) (NOT (X1)) (NOT (X3)))))) (OR ((AND ((NOT (X1)) X3)) X2)))))))))
(CAPTURE_CANDIDATE (AND ((OR ((AND ((NOT (X3)) (OR (X1 X2)))) (AND ((OR (X1 (AND ((NOT (X2)) (NOT (X1)))))) (OR ((AND ((NOT (X1)) X3)) X2)))))))))
(CAPTURE_CANDIDATE (AND ((OR ((AND ((NOT (X3)) (OR (X1 X2)))) (AND (X1 (NOT (X2)) (NOT (X2)))))))))
(CAPTURE_CANDIDATE (AND ((OR ((AND ((NOT (X3)) (OR (X1 X2)))) (AND ((OR (X1 (NOT (X2)) X1)) (OR ((AND ((NOT (X1)) X3)) X2)))))))))
(CAPTURE_CANDIDATE (AND ((OR ((AND ((NOT (X3)) (OR (X1 X2)))) (AND ((OR (X1 (NOT (X2)) (NOT (X1)))) (OR ((AND ((NOT (X1)) X3)) X2)))))))))
(CAPTURE_CANDIDATE (AND ((OR ((AND ((NOT (X3)) (OR (X1 X2)))) (AND ((OR (X1 (NOT (X2)) X2)) (OR ((AND ((NOT (X1)) X3)) X2)))))))))
(CAPTURE_CANDIDATE (AND ((OR ((AND ((NOT (X3)) (OR (X1 X2)))) (AND ((OR (X1 (NOT (X2)) (NOT (X2)))) (OR ((AND ((NOT (X1)) X3)) X2)))))))))
(CAPTURE_CANDIDATE (AND ((OR ((AND ((NOT (X3)) (OR (X1 X2)))) (AND ((OR (X1 (NOT (X2)) X3)) (OR ((AND ((NOT (X1)) X3)) X2)))))))))
(CAPTURE_CANDIDATE (AND ((OR ((AND ((NOT (X3)) (OR (X1 X2)))) (AND ((OR (X1 (NOT (X2)) (NOT (X3)))) (OR ((AND ((NOT (X1)) X3)) X2)))))))))
(CAPTURE_CANDIDATE (AND ((OR ((AND ((NOT (X3)) (OR (X1 X2)))) (AND ((OR (X1 (NOT (X2)) (NOT (X2)) X3)) (OR ((AND ((NOT (X1)) X3)) X2)))))))))
(CAPTURE_CANDIDATE (AND ((OR ((AND ((NOT (X3)) (OR (X1 X2)))) (AND ((OR (X1 (NOT (X2)) (AND (X2 (NOT (X3)))))) (OR ((AND ((NOT (X1)) X3)) X2)))))))))
(CAPTURE_CANDIDATE (AND ((OR ((AND ((NOT (X3)) (OR (X1 X2)))) (AND ((OR (X1 (NOT (X2)) X1 X2)) (OR ((AND ((NOT (X1)) X3)) X2)))))))))
(CAPTURE_CANDIDATE (AND ((OR ((AND ((NOT (X3)) (OR (X1 X2)))) (AND ((OR (X1 (NOT (X2)) (AND ((NOT (X1)) (NOT (X2)))))) (OR ((AND ((NOT (X1)) X3)) X2)))))))))
(CAPTURE_CANDIDATE (AND ((OR ((AND ((NOT (X3)) (OR (X1 X2)))) (AND ((OR (X1 (NOT (X2)) (NOT (X1)) X2)) (OR ((AND ((NOT (X1)) X3)) X2)))))))))
(CAPTURE_CANDIDATE (AND ((OR ((AND ((NOT (X3)) (OR (X1 X2)))) (AND ((OR (X1 (NOT (X2)) (AND (X1 (NOT (X2)))))) (OR ((AND ((NOT (X1)) X3)) X2)))))))))
(CAPTURE_CANDIDATE (AND ((OR ((AND ((NOT (X3)) (OR (X1 X2)))) (AND ((OR (X1 (NOT (X2)))) (OR ((AND ((NOT (X1)) X3)) X1 X2)))))))))
(CAPTURE_CANDIDATE (AND ((OR ((AND ((NOT (X3)) (OR (X1 X2)))) (AND ((OR (X1 (NOT (X2)))) (OR ((AND ((NOT (X1)) X3)) (NOT (X1)) X2)))))))))
(CAPTURE_CANDIDATE (AND ((OR ((AND ((NOT (X3)) (OR (X1 X2)))) (AND ((NOT (X1)) X3 (NOT (X2)))))))))
(CAPTURE_CANDIDATE (AND ((OR ((AND ((NOT (X3)) (OR (X1 X2)))) (AND ((OR (X1 (NOT (X2)))) (OR ((AND ((NOT (X1)) X3)) (NOT (X2)))))))))))
(CAPTURE_CANDIDATE (AND ((OR ((AND ((NOT (X3)) (OR (X1 X2)))) (AND ((OR (X1 (NOT (X2)))) (OR ((AND ((NOT (X1)) X3)) X2 X3)))))))))
(CAPTURE_CANDIDATE (AND ((OR ((AND ((NOT (X3)) (OR (X1 X2)))) (AND ((OR (X1 (NOT (X2)))) (OR ((AND ((NOT (X1)) X3)) X2 (NOT (X3)))))))))))
(CAPTURE_CANDIDATE (AND ((OR ((AND ((NOT (X3)) (OR (X1 X2)))) (AND ((OR (X1 (NOT (X2)))) (OR ((AND ((NOT (X1)) X3)) X2 (AND ((NOT (X1)) X3)))))))))))
(CAPTURE_CANDIDATE (AND ((OR ((AND ((NOT (X3)) (OR (X1 X2)))) (AND ((OR (X1 (NOT (X2)))) (OR ((AND ((NOT (X1)) X3)) X2 X1 (NOT (X3)))))))))))
(CAPTURE_CANDIDATE (AND ((OR ((AND ((NOT (X3)) (OR (X1 X2)))) (AND ((OR (X1 (NOT (X2)))) (OR ((AND ((NOT (X1)) X3)) X2 (AND (X2 X3)))))))))))
(CAPTURE_CANDIDATE (AND ((OR ((AND ((NOT (X3)) (OR (X1 X2)))) (AND ((OR (X1 (NOT (X2)))) (OR ((AND ((NOT (X1)) X3)) X2 (NOT (X2)) (NOT (X3)))))))))))
(CAPTURE_CANDIDATE (AND ((OR ((AND ((NOT (X3)) (OR (X1 X2)))) (AND ((OR (X1 (NOT (X2)))) (OR ((AND ((NOT (X1)) X3)) X2 (AND (X1 X2)))))))))))
(CAPTURE_CANDIDATE (AND ((OR ((AND ((NOT (X3)) (OR (X1 X2)))) (AND ((OR (X1 (NOT (X2)))) (OR ((AND ((NOT (X1)) X3)) X2 (NOT (X1)) (NOT (X2)))))))))))
(CAPTURE_CANDIDATE (AND ((OR ((AND ((NOT (X3)) (OR (X1 X2)))) (AND ((OR (X1 (NOT (X2)))) (OR (X3 X2)))))))))
(CAPTURE_CANDIDATE (AND ((OR ((AND ((NOT (X3)) (OR (X1 X2)))) (AND ((OR (X1 (NOT (X2)))) (OR ((AND (X1 X3)) X2)))))))))
(CAPTURE_CANDIDATE (AND ((OR ((AND ((NOT (X3)) (OR (X1 X2)))) (AND (X2 (NOT (X1)) X3)))))))
(CAPTURE_CANDIDATE (AND ((OR ((AND ((NOT (X3)) (OR (X1 X2)))) (AND ((OR (X1 (NOT (X2)))) (OR ((AND ((NOT (X2)) (NOT (X1)) X3)) X2)))))))))
(CAPTURE_CANDIDATE (AND ((OR ((AND ((NOT (X3)) (OR (X1 X2)))) (AND ((OR (X1 (NOT (X2)))) (OR ((NOT (X1)) X2)))))))))
(CAPTURE_CANDIDATE (AND ((OR ((AND ((NOT (X3)) (OR (X1 X2)))) (AND ((OR (X1 (NOT (X2)))) (OR ((AND ((NOT (X3)) (NOT (X1)))) X2)))))))))
(CAPTURE_CANDIDATE (AND ((OR ((AND ((NOT (X3)) (OR (X1 X2)))) (AND ((OR (X1 (NOT (X2)))) (OR ((AND ((NOT (X1)) X3)) X2)))))))))
(CAPTURE_CANDIDATE (AND ((OR ((AND ((NOT (X3)) (OR (X1 X2)))) (AND (X2 X1)))))))
(CAPTURE_CANDIDATE (AND ((OR ((AND ((NOT (X3)) (OR (X1 X2)))) (AND (X2 (NOT (X1)) X3)))))))
(CAPTURE_CANDIDATE (AND ((OR ((AND ((NOT (X3)) (OR (X1 X2)))) (AND ((OR (X1 (NOT (X2)))) (OR ((AND ((NOT (X1)) (NOT (X2)) X3)) X2)))))))))
(CAPTURE_CANDIDATE (AND ((OR ((AND ((NOT (X3)) (OR (X1 X2)))) (AND ((OR (X1 (NOT (X2)))) (OR ((AND ((NOT (X1)) X3)) X2)))))))))
(CAPTURE_CANDIDATE (AND ((OR ((AND ((NOT (X3)) (OR (X1 X2)))) (AND ((OR (X1 (NOT (X2)))) (OR ((AND (X1 (NOT (X2)) X3)) X2)))))))))
(CAPTURE_CANDIDATE (AND ((OR ((AND ((NOT (X3)) (OR (X1 X2)))) (AND ((OR (X1 (NOT (X2)))) (OR (X3 X2)))))))))
(CAPTURE_CANDIDATE (AND ((OR ((AND ((NOT (X3)) (OR (X1 X2)))) (AND ((OR (X1 (NOT (X2)))) (OR ((AND (X1 X3)) X2)))))))))
(CAPTURE_CANDIDATE (AND ((OR ((AND ((NOT (X3)) (OR (X1 X2)))) (AND ((OR (X1 (NOT (X2)))) (OR ((AND (X3 (OR ((NOT (X1)) X2)))) X2)))))))))
(CAPTURE_CANDIDATE (AND ((OR ((AND ((NOT (X3)) (OR (X1 X2)))) (AND ((OR (X1 (NOT (X2)))) (OR ((AND (X3 (OR ((NOT (X1)) (NOT (X2)))))) X2)))))))))
(CAPTURE_CANDIDATE (AND ((OR ((AND ((NOT (X3)) (OR (X1 X2)))) (AND ((OR (X1 (NOT (X2)))) (OR (X3 X2)))))))))
(CAPTURE_CANDIDATE (AND ((OR ((AND ((NOT (X3)) (OR (X1 X2)))) (AND ((OR (X1 (NOT (X2)))) (OR ((AND (X3 (NOT (X1)))) X2)))))))))
(CAPTURE_CANDIDATE (AND ((OR ((AND ((NOT (X3)) (OR (X1 X2)))) (AND (X2 (NOT (X1)) X3)))))))
(CAPTURE_CANDIDATE (AND ((OR ((AND ((NOT (X3)) (OR (X1 X2)))) (AND ((OR (X1 (NOT (X2)))) (OR ((AND (X3 (OR ((NOT (X1)) X1 (NOT (X2)))))) X2)))))))))
(CAPTURE_CANDIDATE (AND ((OR ((AND ((NOT (X3)) (OR (X1 X2)))) (AND ((OR (X1 (NOT (X2)))) (OR ((AND (X3 (OR ((NOT (X1)) (NOT (X2)))))) X2)))))))))
(CAPTURE_CANDIDATE (AND ((OR ((AND ((NOT (X3)) (OR (X1 X2)))) (AND ((OR (X1 (NOT (X2)))) (OR ((AND (X3 (OR ((NOT (X1)) X2)))) X2)))))))))
(CAPTURE_CANDIDATE (AND ((OR ((AND ((NOT (X3)) (OR (X1 X2)))) (AND ((OR (X1 (NOT (X2)))) (OR ((AND ((NOT (X1)) X3)) X2)))))))))
(CAPTURE_CANDIDATE (AND ((OR ((AND ((NOT (X3)) (OR (X1 X2)))) (AND ((OR (X1 (NOT (X2)))) (OR ((AND (X3 (OR ((NOT (X1)) X1)))) X2)))))))))
(CAPTURE_CANDIDATE (AND ((OR ((AND ((NOT (X3)) (OR (X1 X2)))) (AND ((OR (X1 (NOT (X2)))) (OR ((AND ((NOT (X1)) X3)) X2)))))))))
(CAPTURE_CANDIDATE (AND ((OR ((AND ((NOT (X3)) (OR (X1 X2)))) (AND ((OR (X1 (NOT (X2)))) (OR ((NOT (X1)) X2)))))))))
(CAPTURE_CANDIDATE (AND ((OR ((AND ((NOT (X3)) (OR (X1 X2)))) (AND ((OR (X1 (NOT (X2)))) (OR ((AND ((NOT (X1)) (OR (X3 X2)))) X2)))))))))
(CAPTURE_CANDIDATE (AND ((OR ((AND ((NOT (X3)) (OR (X1 X2)))) (AND ((OR (X1 (NOT (X2)))) (OR ((AND ((NOT (X1)) (OR (X3 (NOT (X2)))))) X2)))))))))
(CAPTURE_CANDIDATE (AND ((OR ((AND ((NOT (X3)) (OR (X1 X2)))) (AND ((OR (X1 (NOT (X2)))) (OR ((AND ((NOT (X1)) X3 (NOT (X2)))) X2)))))))))
(CAPTURE_CANDIDATE (AND ((OR ((AND ((NOT (X3)) (OR (X1 X2)))) (AND ((OR (X1 (NOT (X2)))) (OR ((AND ((NOT (X1)) (OR (X3 X2 (NOT (X3)))))) X2)))))))))
(CAPTURE_CANDIDATE (AND ((OR ((AND ((NOT (X3)) (OR (X1 X2)))) (AND (X2 X1)))))))
(CAPTURE_CANDIDATE (AND ((OR ((AND ((NOT (X3)) (OR (X1 X2)))) (AND ((OR (X1 (NOT (X2)))) (OR ((NOT (X1)) X2)))))))))
(CAPTURE_CANDIDATE (AND ((OR ((AND ((NOT (X3)) (OR (X1 X2)))) (AND (X2 (NOT (X1)) X3)))))))
(CAPTURE_CANDIDATE (AND ((OR ((AND ((NOT (X3)) (OR (X1 X2)))) (AND ((OR (X1 (NOT (X2)))) (OR ((AND ((NOT (X1)) (OR (X3 (NOT (X2)) (NOT (X3)))))) X2)))))))))
(CAPTURE_CANDIDATE (AND ((OR ((AND ((NOT (X3)) (OR (X1 X2)))) (AND (X2 X1)))))))
(CAPTURE_CANDIDATE (AND ((OR ((AND ((NOT (X3)) (OR (X1 X2)))) (AND ((OR (X1 (NOT (X2)))) (OR ((AND ((NOT (X1)) X3)) X2)))))))))
(CAPTURE_CANDIDATE (AND ((OR ((AND ((NOT (X3)) (OR (X1 X2)))) (AND (X2 (NOT (X1)) X3)))))))
(CAPTURE_CANDIDATE (AND ((OR ((AND ((NOT (X3)) (OR (X1 X2)))) (AND ((OR (X1 (NOT (X2)))) (OR ((AND ((NOT (X1)) X3 (NOT (X2)))) X2)))))))))
(CAPTURE_CANDIDATE (AND ((OR ((AND ((NOT (X3)) (OR (X1 X2)))) (AND ((OR (X1 (NOT (X2)))) (OR ((AND ((NOT (X1)) X3)) X2)))))))))
(CAPTURE_CANDIDATE (AND ((OR ((AND ((NOT (X3)) (OR (X1 X2)))) (AND (X2 X1)))))))
(CAPTURE_CANDIDATE (AND ((OR ((AND ((NOT (X3)) (OR (X1 X2)))) (AND (X2 (NOT (X1)) X3)))))))
(CAPTURE_CANDIDATE (AND ((OR ((AND ((NOT (X3)) (OR (X1 X2)))) (AND ((OR (X1 (NOT (X2)))) (OR ((AND ((NOT (X1)) X3 (NOT (X2)))) X2)))))))))
(CAPTURE_CANDIDATE (AND ((OR ((AND ((NOT (X3)) (OR (X1 X2)))) (AND (X2 (NOT (X1)) X3)))))))
(CAPTURE_CANDIDATE (AND ((OR ((AND ((NOT (X3)) (OR (X1 X2)))) (AND ((OR (X1 (NOT (X2)))) (OR ((AND ((NOT (X1)) X3 (NOT (X2)))) X2)))))))))
(CAPTURE_CANDIDATE (AND ((OR ((AND ((NOT (X3)) (OR (X1 X2)))) (AND ((OR (X1 (NOT (X2)))) (OR ((AND ((NOT (X1)) X3)) X2)))))))))
(CAPTURE_CANDIDATE (AND ((OR ((AND ((NOT (X3)) (OR (X1 X2)))) (AND ((OR (X1 (NOT (X2)))) (OR ((AND ((NOT (X1)) X3)) X2)))))))))
(CAPTURE_CANDIDATE (AND ((OR ((AND ((NOT (X3)) (OR (X1 X2)))) (AND ((OR (X1 (NOT (X2)))) (OR ((AND ((NOT (X1)) X3)) (AND (X2 X1)))))))))))
(CAPTURE_CANDIDATE (AND ((OR ((AND ((NOT (X3)) (OR (X1 X2)))) (AND ((NOT (X1)) (NOT (X2)) X3)))))))
(CAPTURE_CANDIDATE (AND ((OR ((AND ((NOT (X3)) (OR (X1 X2)))) (AND (X3 (OR (X1 (NOT (X2)))) (OR ((NOT (X1)) X2)))))))))
(CAPTURE_CANDIDATE (AND ((OR ((AND ((NOT (X3)) (OR (X1 X2)))) (AND ((OR (X1 (NOT (X2)))) (OR ((AND ((NOT (X1)) X3)) (AND (X2 (NOT (X3)))))))))))))
(CAPTURE_CANDIDATE (AND ((OR ((AND ((NOT (X3)) (OR (X1 X2)))) (AND ((OR (X1 (NOT (X2)))) (OR ((AND ((NOT (X1)) X3)) X2)))))))))
(CAPTURE_CANDIDATE (AND ((OR ((AND ((NOT (X3)) (OR (X1 X2)))) (AND ((NOT (X1)) X3 (NOT (X2)))))))))
(CAPTURE_CANDIDATE (AND ((OR ((AND ((NOT (X3)) (OR (X1 X2)))) (AND (X3 (OR (X1 (NOT (X2)))) (OR ((NOT (X1)) X2)))))))))
(CAPTURE_CANDIDATE (AND ((OR ((AND ((NOT (X3)) (OR (X1 X2)))) (AND ((OR (X1 (NOT (X2)))) (OR ((AND ((NOT (X1)) X3)) (AND (X2 X2 (NOT (X3)))))))))))))
(CAPTURE_CANDIDATE (AND ((OR ((AND ((NOT (X3)) (OR (X1 X2)))) (AND ((OR (X1 (NOT (X2)))) (OR ((AND ((NOT (X1)) X3)) X2)))))))))
(CAPTURE_CANDIDATE (AND ((OR ((AND ((NOT (X3)) (OR (X1 X2)))) (AND ((NOT (X1)) X3 (NOT (X2)))))))))
(CAPTURE_CANDIDATE (AND ((OR ((AND ((NOT (X3)) (OR (X1 X2)))) (AND ((OR (X1 (NOT (X2)))) (OR ((AND ((NOT (X1)) X3)) X2 X1)))))))))
(CAPTURE_CANDIDATE (AND ((OR ((AND ((NOT (X3)) (OR (X1 X2)))) (AND ((OR (X1 (NOT (X2)))) (OR ((AND ((NOT (X1)) X3)) X2 (NOT (X1)))))))))))
(CAPTURE_CANDIDATE (AND ((OR ((AND ((NOT (X3)) (OR (X1 X2)))) (AND ((OR (X1 (NOT (X2)))) (OR ((AND ((NOT (X1)) X3)) X2 X2)))))))))
(CAPTURE_CANDIDATE (AND ((OR ((AND ((NOT (X3)) (OR (X1 X2)))) (AND ((OR (X1 (NOT (X2)))) (OR ((AND ((NOT (X1)) X3)) X2 (NOT (X2)))))))))))
(CAPTURE_CANDIDATE (AND ((OR ((AND ((NOT (X3)) (OR (X1 X2)))) (AND ((OR (X1 (NOT (X2)))) (OR ((AND ((NOT (X1)) X3)) X2 X3)))))))))
(CAPTURE_CANDIDATE (AND ((OR ((AND ((NOT (X3)) (OR (X1 X2)))) (AND ((OR (X1 (NOT (X2)))) (OR ((AND ((NOT (X1)) X3)) X2 (NOT (X3)))))))))))
(CAPTURE_CANDIDATE (AND ((OR ((AND ((NOT (X3)) (OR (X1 X2)))) (AND ((OR (X1 (NOT (X2)))) (OR ((AND ((NOT (X1)) X3)) X2 X1 X3)))))))))
(CAPTURE_CANDIDATE (AND ((OR ((AND ((NOT (X3)) (OR (X1 X2)))) (AND ((OR (X1 (NOT (X2)))) (OR ((AND ((NOT (X1)) X3)) X2 (AND ((NOT (X1)) (NOT (X3)))))))))))))
(CAPTURE_CANDIDATE (AND ((OR ((AND ((NOT (X3)) (OR (X1 X2)))) (AND ((OR (X1 (NOT (X2)))) (OR ((AND ((NOT (X1)) X3)) X2 (NOT (X2)) X3)))))))))
(CAPTURE_CANDIDATE (AND ((OR ((AND ((NOT (X3)) (OR (X1 X2)))) (AND ((OR (X1 (NOT (X2)))) (OR ((AND ((NOT (X1)) X3)) X2 (AND (X2 (NOT (X3)))))))))))))
(CAPTURE_CANDIDATE (AND ((OR ((AND ((NOT (X3)) (OR (X1 X2)))) (AND ((OR (X1 (NOT (X2)))) (OR ((AND ((NOT (X1)) X3)) X2 (NOT (X1)) X2)))))))))
(CAPTURE_CANDIDATE (AND ((OR ((AND ((NOT (X3)) (OR (X1 X2)))) (AND ((OR (X1 (NOT (X2)))) (OR ((AND ((NOT (X1)) X3)) X2 (AND (X1 (NOT (X2)))))))))))))
(CAPTURE_CANDIDATE (AND ((OR ((AND ((NOT (X3)) (OR (X1 X2)))) (AND (X1 X2)))))))
(CAPTURE_CANDIDATE (AND ((OR ((AND ((NOT (X3)) (OR (X1 X2)))) (AND ((NOT (X1)) (NOT (X2)) X3)))))))
(CAPTURE_CANDIDATE (AND ((OR ((AND ((NOT (X3)) (OR (X1 X2)))) (AND (X2 X1)))))))
(CAPTURE_CANDIDATE (AND ((OR ((AND ((NOT (X3)) (OR (X1 X2)))) (AND ((NOT (X2)) (NOT (X1)) X3)))))))
(CAPTURE_CANDIDATE (AND ((OR ((AND ((NOT (X3)) (OR (X1 X2)))) (AND (X3 (OR (X1 (NOT (X2)))) (OR ((NOT (X1)) X2)))))))))
(CAPTURE_CANDIDATE (AND ((NOT (X3)) (OR ((AND (X2 X1)) X1 X2)))))
(CAPTURE_CANDIDATE (AND ((OR ((AND ((NOT (X3)) (OR (X1 X2)))) (AND ((NOT (X1)) X2)))))))
(CAPTURE_CANDIDATE (AND ((OR ((AND ((NOT (X3)) (OR (X1 X2)))) (AND ((OR (X1 (NOT (X2)))) (OR ((AND ((NOT (X1)) X3)) X2)) (OR (X1 (NOT (X2)))))))))))
(CAPTURE_CANDIDATE (AND ((OR ((AND ((NOT (X3)) (OR (X1 X2)))) (AND ((NOT (X2)) X3 (NOT (X1)))))))))
(CAPTURE_CANDIDATE (AND ((OR ((AND ((NOT (X3)) (OR (X1 X2)))) (AND ((OR (X1 (NOT (X2)))) (OR ((AND ((NOT (X1)) X3)) X2)) (OR (X2 (NOT (X3)))))))))))
(CAPTURE_CANDIDATE (AND ((OR ((AND ((NOT (X3)) (OR (X1 X2)))) (AND ((NOT (X1)) X3 (NOT (X2)))))))))
(CAPTURE_CANDIDATE (AND ((OR ((AND ((NOT (X3)) (OR (X1 X2)))) (AND ((OR (X1 (NOT (X2)))) (OR ((AND ((NOT (X1)) X3)) X2)) (OR (X1 (NOT (X3)))))))))))
(CAPTURE_CANDIDATE (AND ((OR ((AND ((NOT (X3)) (OR (X1 X2)))) (AND ((OR (X1 (NOT (X2)))) (OR ((AND ((NOT (X1)) X3)) X2)))) X1)))))
(CAPTURE_CANDIDATE (AND ((OR ((AND ((NOT (X3)) (OR (X1 X2)))) (AND ((OR (X1 (NOT (X2)))) (OR ((AND ((NOT (X1)) X3)) X2)))) (NOT (X1)))))))
(CAPTURE_CANDIDATE (AND ((OR ((AND ((NOT (X3)) (OR (X1 X2)))) (AND ((OR (X1 (NOT (X2)))) (OR ((AND ((NOT (X1)) X3)) X2)))) X2)))))
(CAPTURE_CANDIDATE (AND ((OR ((AND ((NOT (X3)) (OR (X1 X2)))) (AND ((OR (X1 (NOT (X2)))) (OR ((AND ((NOT (X1)) X3)) X2)))) (NOT (X2)))))))
(CAPTURE_CANDIDATE (AND ((OR ((AND ((NOT (X3)) (OR (X1 X2)))) (AND ((OR (X1 (NOT (X2)))) (OR ((AND ((NOT (X1)) X3)) X2)))) X3)))))
(CAPTURE_CANDIDATE (AND ((OR ((AND ((NOT (X3)) (OR (X1 X2)))) (AND ((OR (X1 (NOT (X2)))) (OR ((AND ((NOT (X1)) X3)) X2)))) (NOT (X3)))))))
(CAPTURE_CANDIDATE (AND ((OR ((AND ((NOT (X3)) (OR (X1 X2)))) (AND ((OR (X1 (NOT (X2)))) (OR ((AND ((NOT (X1)) X3)) X2)))) (NOT (X1)) X2)))))
(CAPTURE_CANDIDATE (AND ((OR ((AND ((NOT (X3)) (OR (X1 X2)))) (AND ((OR (X1 (NOT (X2)))) (OR ((AND ((NOT (X1)) X3)) X2)))) (AND (X1 (NOT (X2)))))))))
(CAPTURE_CANDIDATE (AND ((OR ((AND ((NOT (X3)) (OR (X1 X2)))) (AND ((OR (X1 (NOT (X2)))) (OR ((AND ((NOT (X1)) X3)) X2)))) X1 X3)))))
(CAPTURE_CANDIDATE (AND ((OR ((AND ((NOT (X3)) (OR (X1 X2)))) (AND ((OR (X1 (NOT (X2)))) (OR ((AND ((NOT (X1)) X3)) X2)))) (AND ((NOT (X1)) (NOT (X3)))))))))
(CAPTURE_CANDIDATE (AND ((OR ((AND ((NOT (X3)) (OR (X1 X2)))) (AND ((OR (X1 (NOT (X2)))) (OR ((AND ((NOT (X1)) X3)) X2)))) (NOT (X1)) X3)))))
(CAPTURE_CANDIDATE (AND ((OR ((AND ((NOT (X3)) (OR (X1 X2)))) (AND ((OR (X1 (NOT (X2)))) (OR ((AND ((NOT (X1)) X3)) X2)))) (AND (X1 (NOT (X3)))))))))
(CAPTURE_CANDIDATE (AND (X1 (OR ((NOT (X3)) X2)))))
(CAPTURE_CANDIDATE (AND ((NOT (X1)) (OR ((AND ((NOT (X3)) X2)) (AND ((NOT (X2)) X3)))))))
(CAPTURE_CANDIDATE (AND (X2 (OR ((NOT (X3)) X1)))))
(CAPTURE_CANDIDATE (AND ((NOT (X2)) (OR ((AND ((NOT (X3)) X1)) (AND ((NOT (X1)) X3)))))))
(CAPTURE_CANDIDATE (AND (X3 (OR (X1 (NOT (X2)))) (OR ((NOT (X1)) X2)))))
(CAPTURE_CANDIDATE (AND ((NOT (X3)) (OR ((AND (X2 X1)) X1 X2)))))
(CAPTURE_CANDIDATE (AND (X2 X3 X1)))
(CAPTURE_CANDIDATE (AND ((OR ((AND ((NOT (X3)) (OR (X1 X2)))) (AND ((OR (X1 (NOT (X2)))) (OR ((AND ((NOT (X1)) X3)) X2)))))) (OR ((NOT (X2)) (NOT (X3)))))))
(CAPTURE_CANDIDATE (AND (X1 X2)))
(CAPTURE_CANDIDATE (AND ((OR ((AND ((NOT (X3)) (OR (X1 X2)))) (AND ((OR (X1 (NOT (X2)))) (OR ((AND ((NOT (X1)) X3)) X2)))))) (OR ((NOT (X1)) (NOT (X2)))))))
(CAPTURE_CANDIDATE (AND ((NOT (X1)) X2 (NOT (X3)))))
(CAPTURE_CANDIDATE (AND ((OR ((AND ((NOT (X3)) (OR (X1 X2)))) (AND ((OR (X1 (NOT (X2)))) (OR ((AND ((NOT (X1)) X3)) X2)))))) (OR (X1 (NOT (X2)))))))
(CAPTURE_CANDIDATE (AND ((OR (X1 (AND ((NOT (X3)) (OR (X1 X2)))) (AND ((OR (X1 (NOT (X2)))) (OR ((AND ((NOT (X1)) X3)) X2)))))))))
(CAPTURE_CANDIDATE (AND ((OR ((NOT (X1)) (AND ((NOT (X3)) (OR (X1 X2)))) (AND ((OR (X1 (NOT (X2)))) (OR ((AND ((NOT (X1)) X3)) X2)))))))))
(CAPTURE_CANDIDATE (AND ((OR (X2 (AND ((NOT (X3)) (OR (X1 X2)))) (AND ((OR (X1 (NOT (X2)))) (OR ((AND ((NOT (X1)) X3)) X2)))))))))
(CAPTURE_CANDIDATE (AND ((OR ((NOT (X2)) (AND ((NOT (X3)) (OR (X1 X2)))) (AND ((OR (X1 (NOT (X2)))) (OR ((AND ((NOT (X1)) X3)) X2)))))))))
(CAPTURE_CANDIDATE (AND ((OR (X3 (AND ((NOT (X3)) (OR (X1 X2)))) (AND ((OR (X1 (NOT (X2)))) (OR ((AND ((NOT (X1)) X3)) X2)))))))))
(CAPTURE_CANDIDATE (AND ((OR ((NOT (X3)) (AND ((NOT (X3)) (OR (X1 X2)))) (AND ((OR (X1 (NOT (X2)))) (OR ((AND ((NOT (X1)) X3)) X2)))))))))
(CAPTURE_CANDIDATE (AND ((OR ((AND ((NOT (X3)) (OR (X1 X2)))) (AND ((OR (X1 (NOT (X2)))) (OR ((AND ((NOT (X1)) X3)) X2)))) X2 X3)))))
(CAPTURE_CANDIDATE (AND ((OR ((AND ((NOT (X2)) (NOT (X3)))) (AND ((NOT (X3)) (OR (X1 X2)))) (AND ((OR (X1 (NOT (X2)))) (OR ((AND ((NOT (X1)) X3)) X2)))))))))
(CAPTURE_CANDIDATE (AND ((OR ((AND ((NOT (X3)) (OR (X1 X2)))) (AND ((OR (X1 (NOT (X2)))) (OR ((AND ((NOT (X1)) X3)) X2)))) X1 X3)))))
(CAPTURE_CANDIDATE (AND ((OR ((AND ((NOT (X1)) (NOT (X3)))) (AND ((NOT (X3)) (OR (X1 X2)))) (AND ((OR (X1 (NOT (X2)))) (OR ((AND ((NOT (X1)) X3)) X2)))))))))
(CAPTURE_CANDIDATE (AND ((OR ((AND ((NOT (X3)) (OR (X1 X2)))) (AND ((OR (X1 (NOT (X2)))) (OR ((AND ((NOT (X1)) X3)) X2)))) X1 X2)))))
(CAPTURE_CANDIDATE (AND ((OR ((AND ((NOT (X1)) (NOT (X2)))) (AND ((NOT (X3)) (OR (X1 X2)))) (AND ((OR (X1 (NOT (X2)))) (OR ((AND ((NOT (X1)) X3)) X2)))))))))
(New best score: -3.2857142857142856)
""
(Iteration 3 running)
(Crossover: true)
(CenterInst: (0 0 0 0 0 0 0 0 0 0 0 0 0 0 0 0 0 0 0 0 1 0 0 0 1 1 0 0 0 0 0 0 0 0 0 0 0 0 0 0 0 0 0 0 0 0 0 0 1 0 0 0 0 0 0 0 0 0 0 0 0 0 0 0 1 1 0 0 0 0 0 0 0 0 0 0 1 0 0 0 0 0 0 0 0 0 0 0 1 0 0 0 0 1 0 1 0 0 0 1 0 0 0 0 0 0 0 0 0 0 0 0 0 0 0 0 0 0 0 0 0 0 0 0 0 0 0 0 0 0 0 0 0 0 0 0 0 0 0 0 0 0 0 0 0 0 0 0 0 0 0))
(size: 8)
(102378 : 197 : 2)
(CAPTURE_CANDIDATE (AND ((OR ((AND ((NOT (X3)) (OR (X1 X2)))) (AND ((OR (X1 (NOT (X2)))) (OR ((AND ((NOT (X1)) X3)) X2)))))))))
(CAPTURE_CANDIDATE (AND ((OR (X1 (AND ((NOT (X3)) (OR (X1 X2)))) (AND ((OR (X1 (NOT (X2)))) (OR ((AND ((NOT (X1)) X3)) X2)))))))))
(CAPTURE_CANDIDATE (AND ((OR ((NOT (X1)) (AND ((NOT (X3)) (OR (X1 X2)))) (AND ((OR (X1 (NOT (X2)))) (OR ((AND ((NOT (X1)) X3)) X2)))))))))
(CAPTURE_CANDIDATE (AND ((OR (X2 (AND ((NOT (X3)) (OR (X1 X2)))) (AND ((OR (X1 (NOT (X2)))) (OR ((AND ((NOT (X1)) X3)) X2)))))))))
(CAPTURE_CANDIDATE (AND ((OR ((NOT (X2)) (AND ((NOT (X3)) (OR (X1 X2)))) (AND ((OR (X1 (NOT (X2)))) (OR ((AND ((NOT (X1)) X3)) X2)))))))))
(CAPTURE_CANDIDATE (AND ((OR (X3 (AND ((NOT (X3)) (OR (X1 X2)))) (AND ((OR (X1 (NOT (X2)))) (OR ((AND ((NOT (X1)) X3)) X2)))))))))
(CAPTURE_CANDIDATE (AND ((OR ((NOT (X3)) (AND ((NOT (X3)) (OR (X1 X2)))) (AND ((OR (X1 (NOT (X2)))) (OR ((AND ((NOT (X1)) X3)) X2)))))))))
(CAPTURE_CANDIDATE (AND ((OR ((AND (X1 X2)) (AND ((NOT (X3)) (OR (X1 X2)))) (AND ((OR (X1 (NOT (X2)))) (OR ((AND ((NOT (X1)) X3)) X2)))))))))
(CAPTURE_CANDIDATE (AND ((OR ((NOT (X1)) (NOT (X2)) (AND ((NOT (X3)) (OR (X1 X2)))) (AND ((OR (X1 (NOT (X2)))) (OR ((AND ((NOT (X1)) X3)) X2)))))))))
(CAPTURE_CANDIDATE (AND ((OR ((AND (X1 X3)) (AND ((NOT (X3)) (OR (X1 X2)))) (AND ((OR (X1 (NOT (X2)))) (OR ((AND ((NOT (X1)) X3)) X2)))))))))
(CAPTURE_CANDIDATE (AND ((OR ((NOT (X1)) (NOT (X3)) (AND ((NOT (X3)) (OR (X1 X2)))) (AND ((OR (X1 (NOT (X2)))) (OR ((AND ((NOT (X1)) X3)) X2)))))))))
(CAPTURE_CANDIDATE (AND ((OR ((AND ((NOT (X1)) X3)) (AND ((NOT (X3)) (OR (X1 X2)))) (AND ((OR (X1 (NOT (X2)))) (OR ((AND ((NOT (X1)) X3)) X2)))))))))
(CAPTURE_CANDIDATE (AND ((OR (X1 (NOT (X3)) (AND ((NOT (X3)) (OR (X1 X2)))) (AND ((OR (X1 (NOT (X2)))) (OR ((AND ((NOT (X1)) X3)) X2)))))))))
(CAPTURE_CANDIDATE (AND (X1 (OR ((NOT (X3)) X2)))))
(CAPTURE_CANDIDATE (AND ((NOT (X1)) (OR ((AND ((NOT (X3)) X2)) (AND ((NOT (X2)) X3)))))))
(CAPTURE_CANDIDATE (AND (X2 (OR ((NOT (X3)) X1)))))
(CAPTURE_CANDIDATE (AND ((NOT (X2)) (OR ((AND ((NOT (X3)) X1)) (AND ((NOT (X1)) X3)))))))
(CAPTURE_CANDIDATE (AND (X3 (OR (X1 (NOT (X2)))) (OR ((NOT (X1)) X2)))))
(CAPTURE_CANDIDATE (AND ((NOT (X3)) (OR ((AND (X2 X1)) X1 X2)))))
(CAPTURE_CANDIDATE (AND ((OR ((AND ((NOT (X3)) (OR (X1 X2)))) (AND ((OR (X1 (NOT (X2)))) (OR ((AND ((NOT (X1)) X3)) X2)))))) (OR ((NOT (X2)) X3)))))
(CAPTURE_CANDIDATE (AND (X2 (NOT (X3)))))
(CAPTURE_CANDIDATE (AND ((OR ((AND ((NOT (X3)) (OR (X1 X2)))) (AND ((OR (X1 (NOT (X2)))) (OR ((AND ((NOT (X1)) X3)) X2)))))) (OR (X1 X3)))))
(CAPTURE_CANDIDATE (AND ((NOT (X1)) (NOT (X3)) X2)))
(CAPTURE_CANDIDATE (AND ((OR ((AND ((NOT (X3)) (OR (X1 X2)))) (AND ((OR (X1 (NOT (X2)))) (OR ((AND ((NOT (X1)) X3)) X2)))))) (OR (X1 X2)))))
(CAPTURE_CANDIDATE (AND ((NOT (X1)) (NOT (X2)) (OR ((NOT (X3)) X3)))))
(CAPTURE_CANDIDATE (AND ((OR ((AND ((NOT (X3)) (OR (X1 X2)))) (AND ((OR (X1 (NOT (X2)))) (OR ((AND ((NOT (X1)) X3)) X2)))) X1)))))
(CAPTURE_CANDIDATE (AND ((OR ((AND ((NOT (X3)) (OR (X1 X2)))) (AND ((OR (X1 (NOT (X2)))) (OR ((AND ((NOT (X1)) X3)) X2)))) (NOT (X1)))))))
(CAPTURE_CANDIDATE (AND ((OR ((AND ((NOT (X3)) (OR (X1 X2)))) (AND ((OR (X1 (NOT (X2)))) (OR ((AND ((NOT (X1)) X3)) X2)))) X2)))))
(CAPTURE_CANDIDATE (AND ((OR ((AND ((NOT (X3)) (OR (X1 X2)))) (AND ((OR (X1 (NOT (X2)))) (OR ((AND ((NOT (X1)) X3)) X2)))) (NOT (X2)))))))
(CAPTURE_CANDIDATE (AND ((OR ((AND ((NOT (X3)) (OR (X1 X2)))) (AND ((OR (X1 (NOT (X2)))) (OR ((AND ((NOT (X1)) X3)) X2)))) X3)))))
(CAPTURE_CANDIDATE (AND ((OR ((AND ((NOT (X3)) (OR (X1 X2)))) (AND ((OR (X1 (NOT (X2)))) (OR ((AND ((NOT (X1)) X3)) X2)))) (NOT (X3)))))))
(CAPTURE_CANDIDATE (AND ((OR ((AND ((NOT (X3)) (OR (X1 X2)))) (AND ((OR (X1 (NOT (X2)))) (OR ((AND ((NOT (X1)) X3)) X2)))) (AND (X2 X3)))))))
(CAPTURE_CANDIDATE (AND ((OR ((AND ((NOT (X3)) (OR (X1 X2)))) (AND ((OR (X1 (NOT (X2)))) (OR ((AND ((NOT (X1)) X3)) X2)))) (NOT (X2)) (NOT (X3)))))))
(CAPTURE_CANDIDATE (AND ((OR ((AND ((NOT (X3)) (OR (X1 X2)))) (AND ((OR (X1 (NOT (X2)))) (OR ((AND ((NOT (X1)) X3)) X2)))) (AND ((NOT (X2)) X3)))))))
(CAPTURE_CANDIDATE (AND ((OR ((AND ((NOT (X3)) (OR (X1 X2)))) (AND ((OR (X1 (NOT (X2)))) (OR ((AND ((NOT (X1)) X3)) X2)))) X2 (NOT (X3)))))))
(CAPTURE_CANDIDATE (AND ((OR ((AND ((NOT (X3)) (OR (X1 X2)))) (AND ((OR (X1 (NOT (X2)))) (OR ((AND ((NOT (X1)) X3)) X2)))) (AND ((NOT (X1)) X2)))))))
(CAPTURE_CANDIDATE (AND ((OR ((AND ((NOT (X3)) (OR (X1 X2)))) (AND ((OR (X1 (NOT (X2)))) (OR ((AND ((NOT (X1)) X3)) X2)))) X1 (NOT (X2)))))))
(CAPTURE_CANDIDATE (AND ((OR ((AND (X1 (NOT (X3)))) (AND ((OR (X1 (NOT (X2)))) (OR ((AND ((NOT (X1)) X3)) X2)))))))))
(CAPTURE_CANDIDATE (AND ((OR ((AND ((NOT (X1)) X2 (NOT (X3)))) (AND ((OR (X1 (NOT (X2)))) (OR ((AND ((NOT (X1)) X3)) X2)))))))))
(CAPTURE_CANDIDATE (AND ((OR ((AND (X2 (NOT (X3)))) (AND ((OR (X1 (NOT (X2)))) (OR ((AND ((NOT (X1)) X3)) X2)))))))))
(CAPTURE_CANDIDATE (AND ((OR ((AND ((NOT (X2)) X1 (NOT (X3)))) (AND ((OR (X1 (NOT (X2)))) (OR ((AND ((NOT (X1)) X3)) X2)))))))))
(CAPTURE_CANDIDATE (AND ((OR ((AND ((OR (X1 (NOT (X2)))) (OR ((AND ((NOT (X1)) X3)) X2)))) X1 X2)))))
(CAPTURE_CANDIDATE (AND ((OR ((AND (X3 (OR (X1 X2)))) (AND ((OR (X1 (NOT (X2)))) (OR ((AND ((NOT (X1)) X3)) X2)))))))))
(CAPTURE_CANDIDATE (AND ((OR ((AND ((NOT (X3)) (OR (X1 X2)) (OR ((NOT (X1)) X2)))) (AND ((OR (X1 (NOT (X2)))) (OR ((AND ((NOT (X1)) X3)) X2)))))))))
(CAPTURE_CANDIDATE (AND ((OR ((AND (X1 (NOT (X2)) (NOT (X3)))) (AND ((OR (X1 (NOT (X2)))) (OR ((AND ((NOT (X1)) X3)) X2)))))))))
(CAPTURE_CANDIDATE (AND ((OR ((AND ((NOT (X3)) X1)) (AND ((OR (X1 (NOT (X2)))) (OR ((AND ((NOT (X1)) X3)) X2)))))))))
(CAPTURE_CANDIDATE (AND ((OR ((AND ((NOT (X1)) (NOT (X3)) X2)) (AND ((OR (X1 (NOT (X2)))) (OR ((AND ((NOT (X1)) X3)) X2)))))))))
(CAPTURE_CANDIDATE (AND ((OR ((AND ((NOT (X3)) (NOT (X1)) X2)) (AND ((OR (X1 (NOT (X2)))) (OR ((AND ((NOT (X1)) X3)) X2)))))))))
(CAPTURE_CANDIDATE (AND ((OR ((AND (X1 (NOT (X3)))) (AND ((OR (X1 (NOT (X2)))) (OR ((AND ((NOT (X1)) X3)) X2)))))))))
(CAPTURE_CANDIDATE (AND ((OR ((AND (X2 (NOT (X3)))) (AND ((OR (X1 (NOT (X2)))) (OR ((AND ((NOT (X1)) X3)) X2)))))))))
(CAPTURE_CANDIDATE (AND ((OR ((AND ((NOT (X3)) (OR ((NOT (X1)) X2)))) (AND ((OR (X1 (NOT (X2)))) (OR ((AND ((NOT (X1)) X3)) X2)))))))))
(CAPTURE_CANDIDATE (AND ((OR ((AND (X1 (NOT (X3)))) (AND ((OR (X1 (NOT (X2)))) (OR ((AND ((NOT (X1)) X3)) X2)))))))))
(CAPTURE_CANDIDATE (AND ((OR ((AND ((NOT (X3)) (OR (X1 (NOT (X2)))))) (AND ((OR (X1 (NOT (X2)))) (OR ((AND ((NOT (X1)) X3)) X2)))))))))
(CAPTURE_CANDIDATE (AND ((OR ((AND ((NOT (X3)) (OR (X1 X2)))) (AND ((OR (X1 (NOT (X2)))) (OR ((AND ((NOT (X1)) X3)) X2)))))))))
(CAPTURE_CANDIDATE (AND ((OR ((NOT (X3)) (AND ((OR (X1 (NOT (X2)))) (OR ((AND ((NOT (X1)) X3)) X2)))))))))
(CAPTURE_CANDIDATE (AND ((OR ((AND ((NOT (X3)) (OR (X1 X2)))) (AND ((OR (X1 (NOT (X2)))) (OR ((AND ((NOT (X1)) X3)) X2)))))))))
(CAPTURE_CANDIDATE (AND ((OR ((NOT (X3)) (AND ((OR (X1 (NOT (X2)))) (OR ((AND ((NOT (X1)) X3)) X2)))))))))
(CAPTURE_CANDIDATE (AND ((OR ((AND ((NOT (X3)) (OR (X1 X2 (AND ((NOT (X1)) X2)))))) (AND ((OR (X1 (NOT (X2)))) (OR ((AND ((NOT (X1)) X3)) X2)))))))))
(CAPTURE_CANDIDATE (AND ((OR ((AND ((NOT (X3)) (OR (X1 X2 X1 (NOT (X2)))))) (AND ((OR (X1 (NOT (X2)))) (OR ((AND ((NOT (X1)) X3)) X2)))))))))
(CAPTURE_CANDIDATE (AND ((OR ((AND ((NOT (X3)) (OR (X1 X2 (AND (X1 X2)))))) (AND ((OR (X1 (NOT (X2)))) (OR ((AND ((NOT (X1)) X3)) X2)))))))))
(CAPTURE_CANDIDATE (AND ((OR ((AND ((NOT (X3)) (OR (X1 X2 (NOT (X1)) (NOT (X2)))))) (AND ((OR (X1 (NOT (X2)))) (OR ((AND ((NOT (X1)) X3)) X2)))))))))
(CAPTURE_CANDIDATE (AND ((OR ((AND (X2 X1 (NOT (X3)))) (AND ((OR (X1 (NOT (X2)))) (OR ((AND ((NOT (X1)) X3)) X2)))))))))
(CAPTURE_CANDIDATE (AND ((OR ((AND ((NOT (X3)) (OR ((AND (X1 (NOT (X2)))) X2)))) (AND ((OR (X1 (NOT (X2)))) (OR ((AND ((NOT (X1)) X3)) X2)))))))))
(CAPTURE_CANDIDATE (AND ((OR ((AND ((NOT (X3)) X2)) (AND ((OR (X1 (NOT (X2)))) (OR ((AND ((NOT (X1)) X3)) X2)))))))))
(CAPTURE_CANDIDATE (AND ((OR ((AND ((NOT (X3)) (OR (X1 X2)))) (AND ((OR (X1 (NOT (X2)))) (OR ((AND ((NOT (X1)) X3)) X2)))))))))
(CAPTURE_CANDIDATE (AND ((OR ((AND (X2 (NOT (X3)) X1)) (AND ((OR (X1 (NOT (X2)))) (OR ((AND ((NOT (X1)) X3)) X2)))))))))
(CAPTURE_CANDIDATE (AND ((OR ((AND ((NOT (X3)) (OR ((AND (X1 X1 (NOT (X2)))) X2)))) (AND ((OR (X1 (NOT (X2)))) (OR ((AND ((NOT (X1)) X3)) X2)))))))))
(CAPTURE_CANDIDATE (AND ((OR ((AND ((NOT (X3)) (OR ((AND (X1 (NOT (X2)))) X2)))) (AND ((OR (X1 (NOT (X2)))) (OR ((AND ((NOT (X1)) X3)) X2)))))))))
(CAPTURE_CANDIDATE (AND ((OR ((AND (X2 X1 (NOT (X3)))) (AND ((OR (X1 (NOT (X2)))) (OR ((AND ((NOT (X1)) X3)) X2)))))))))
(CAPTURE_CANDIDATE (AND ((OR ((AND ((NOT (X3)) (OR (X1 X2)))) (AND ((OR (X1 (NOT (X2)))) (OR ((AND ((NOT (X1)) X3)) X2)))))))))
(CAPTURE_CANDIDATE (AND ((OR ((AND (X2 (NOT (X3)))) (AND ((OR (X1 (NOT (X2)))) (OR ((AND ((NOT (X1)) X3)) X2)))))))))
(CAPTURE_CANDIDATE (AND ((OR ((AND (X1 X2 (NOT (X3)))) (AND ((OR (X1 (NOT (X2)))) (OR ((AND ((NOT (X1)) X3)) X2)))))))))
(CAPTURE_CANDIDATE (AND ((OR ((AND ((NOT (X3)) (OR (X1 (AND (X2 (NOT (X1)))))))) (AND ((OR (X1 (NOT (X2)))) (OR ((AND ((NOT (X1)) X3)) X2)))))))))
(CAPTURE_CANDIDATE (AND ((OR ((AND ((NOT (X3)) X1)) (AND ((OR (X1 (NOT (X2)))) (OR ((AND ((NOT (X1)) X3)) X2)))))))))
(CAPTURE_CANDIDATE (AND ((OR ((AND ((NOT (X3)) (OR (X1 X2)))) (AND ((OR (X1 (NOT (X2)))) (OR ((AND ((NOT (X1)) X3)) X2)))))))))
(CAPTURE_CANDIDATE (AND ((OR ((AND ((NOT (X3)) (OR (X1 (AND (X2 (NOT (X1)))))))) (AND ((OR (X1 (NOT (X2)))) (OR ((AND ((NOT (X1)) X3)) X2)))))))))
(CAPTURE_CANDIDATE (AND ((OR ((AND (X1 X2 (NOT (X3)))) (AND ((OR (X1 (NOT (X2)))) (OR ((AND ((NOT (X1)) X3)) X2)))))))))
(CAPTURE_CANDIDATE (AND ((OR ((AND ((NOT (X3)) (OR (X1 X2)))) (AND ((OR (X1 (NOT (X2)))) (OR ((AND ((NOT (X1)) X3)) X2)))))))))
(CAPTURE_CANDIDATE (AND ((OR ((AND (X1 (NOT (X3)))) (AND ((OR (X1 (NOT (X2)))) (OR ((AND ((NOT (X1)) X3)) X2)))))))))
(CAPTURE_CANDIDATE (AND ((OR ((AND ((NOT (X3)) X1)) (AND ((OR (X1 (NOT (X2)))) (OR ((AND ((NOT (X1)) X3)) X2)))))))))
(CAPTURE_CANDIDATE (AND ((OR ((AND ((NOT (X3)) (OR (X1 (AND (X2 X2)))))) (AND ((OR (X1 (NOT (X2)))) (OR ((AND ((NOT (X1)) X3)) X2)))))))))
(CAPTURE_CANDIDATE (AND ((OR ((AND ((NOT (X3)) (OR (X1 X2 X1)))) (AND ((OR (X1 (NOT (X2)))) (OR ((AND ((NOT (X1)) X3)) X2)))))))))
(CAPTURE_CANDIDATE (AND ((OR ((AND ((NOT (X3)) (OR (X1 X2 (NOT (X1)))))) (AND ((OR (X1 (NOT (X2)))) (OR ((AND ((NOT (X1)) X3)) X2)))))))))
(CAPTURE_CANDIDATE (AND ((OR ((AND ((NOT (X3)) (OR (X1 X2 X2)))) (AND ((OR (X1 (NOT (X2)))) (OR ((AND ((NOT (X1)) X3)) X2)))))))))
(CAPTURE_CANDIDATE (AND ((OR ((AND ((NOT (X3)) (OR (X1 X2 (NOT (X2)))))) (AND ((OR (X1 (NOT (X2)))) (OR ((AND ((NOT (X1)) X3)) X2)))))))))
(CAPTURE_CANDIDATE (AND ((OR ((AND ((NOT (X3)) (OR (X1 X2)))) (AND ((OR (X1 (NOT (X2)))) (OR ((AND ((NOT (X1)) X3)) X2)))))))))
(CAPTURE_CANDIDATE (AND ((OR ((NOT (X3)) (AND ((OR (X1 (NOT (X2)))) (OR ((AND ((NOT (X1)) X3)) X2)))))))))
(CAPTURE_CANDIDATE (AND ((OR ((AND ((NOT (X3)) (OR (X1 X2 X1 X2)))) (AND ((OR (X1 (NOT (X2)))) (OR ((AND ((NOT (X1)) X3)) X2)))))))))
(CAPTURE_CANDIDATE (AND ((OR ((AND ((NOT (X3)) (OR (X1 X2 (AND ((NOT (X1)) (NOT (X2)))))))) (AND ((OR (X1 (NOT (X2)))) (OR ((AND ((NOT (X1)) X3)) X2)))))))))
(CAPTURE_CANDIDATE (AND ((OR ((AND ((NOT (X3)) (OR (X1 X2 X1)))) (AND ((OR (X1 (NOT (X2)))) (OR ((AND ((NOT (X1)) X3)) X2)))))))))
(CAPTURE_CANDIDATE (AND ((OR ((AND ((NOT (X3)) (OR (X1 X2 (NOT (X1)))))) (AND ((OR (X1 (NOT (X2)))) (OR ((AND ((NOT (X1)) X3)) X2)))))))))
(CAPTURE_CANDIDATE (AND ((OR ((AND ((NOT (X3)) (OR (X1 X2 (NOT (X2)))))) (AND ((OR (X1 (NOT (X2)))) (OR ((AND ((NOT (X1)) X3)) X2)))))))))
(CAPTURE_CANDIDATE (AND ((OR ((AND ((NOT (X3)) (OR (X1 X2 X2)))) (AND ((OR (X1 (NOT (X2)))) (OR ((AND ((NOT (X1)) X3)) X2)))))))))
(CAPTURE_CANDIDATE (AND ((OR ((AND ((OR (X1 X2)) (OR (X1 (NOT (X3)))))) (AND ((OR (X1 (NOT (X2)))) (OR ((AND ((NOT (X1)) X3)) X2)))))))))
(CAPTURE_CANDIDATE (AND ((OR ((AND ((OR (X1 X2)) (OR ((NOT (X1)) (NOT (X3)))))) (AND ((OR (X1 (NOT (X2)))) (OR ((AND ((NOT (X1)) X3)) X2)))))))))
(CAPTURE_CANDIDATE (AND ((OR ((AND ((OR (X1 X2)) (OR (X2 (NOT (X3)))))) (AND ((OR (X1 (NOT (X2)))) (OR ((AND ((NOT (X1)) X3)) X2)))))))))
(CAPTURE_CANDIDATE (AND ((OR ((AND ((OR (X1 X2)) (OR ((NOT (X2)) (NOT (X3)))))) (AND ((OR (X1 (NOT (X2)))) (OR ((AND ((NOT (X1)) X3)) X2)))))))))
(CAPTURE_CANDIDATE (AND ((OR ((AND ((OR (X1 (NOT (X2)))) (OR ((AND ((NOT (X1)) X3)) X2)))) X1 X2)))))
(CAPTURE_CANDIDATE (AND ((OR ((AND (X3 (OR (X1 X2)))) (AND ((OR (X1 (NOT (X2)))) (OR ((AND ((NOT (X1)) X3)) X2)))))))))
(CAPTURE_CANDIDATE (AND ((OR ((AND ((OR (X1 X2)) (OR ((NOT (X3)) (AND (X1 X3)))))) (AND ((OR (X1 (NOT (X2)))) (OR ((AND ((NOT (X1)) X3)) X2)))))))))
(CAPTURE_CANDIDATE (AND ((OR ((AND ((OR (X1 X2)) (OR ((NOT (X3)) (NOT (X1)) (NOT (X3)))))) (AND ((OR (X1 (NOT (X2)))) (OR ((AND ((NOT (X1)) X3)) X2)))))))))
(CAPTURE_CANDIDATE (AND ((OR ((AND ((OR (X1 X2)) (OR ((NOT (X3)) (AND ((NOT (X1)) X2)))))) (AND ((OR (X1 (NOT (X2)))) (OR ((AND ((NOT (X1)) X3)) X2)))))))))
(CAPTURE_CANDIDATE (AND ((OR ((AND ((OR (X1 X2)) (OR ((NOT (X3)) X1 (NOT (X2)))))) (AND ((OR (X1 (NOT (X2)))) (OR ((AND ((NOT (X1)) X3)) X2)))))))))
(CAPTURE_CANDIDATE (AND ((OR ((AND ((OR (X1 X2)) (OR ((NOT (X3)) (AND (X2 X3)))))) (AND ((OR (X1 (NOT (X2)))) (OR ((AND ((NOT (X1)) X3)) X2)))))))))
(CAPTURE_CANDIDATE (AND ((OR ((AND ((OR (X1 X2)) (OR ((NOT (X3)) (NOT (X2)) (NOT (X3)))))) (AND ((OR (X1 (NOT (X2)))) (OR ((AND ((NOT (X1)) X3)) X2)))))))))
(CAPTURE_CANDIDATE (AND ((OR ((AND ((NOT (X3)) X1)) (AND ((OR (X1 (NOT (X2)))) (OR ((AND ((NOT (X1)) X3)) X2)))))))))
(CAPTURE_CANDIDATE (AND ((OR ((AND ((NOT (X3)) (NOT (X1)) X2)) (AND ((OR (X1 (NOT (X2)))) (OR ((AND ((NOT (X1)) X3)) X2)))))))))
(CAPTURE_CANDIDATE (AND ((OR ((AND ((NOT (X3)) X2)) (AND ((OR (X1 (NOT (X2)))) (OR ((AND ((NOT (X1)) X3)) X2)))))))))
(CAPTURE_CANDIDATE (AND ((OR ((AND ((NOT (X3)) (NOT (X2)) X1)) (AND ((OR (X1 (NOT (X2)))) (OR ((AND ((NOT (X1)) X3)) X2)))))))))
(CAPTURE_CANDIDATE (AND ((OR (X1 (NOT (X2)))) (OR ((AND ((NOT (X1)) X3)) X2)))))
(CAPTURE_CANDIDATE (AND ((OR ((AND ((NOT (X3)) (OR (X1 X2)))) (AND ((OR (X1 (NOT (X2)))) (OR ((AND ((NOT (X1)) X3)) X2)))))))))
(CAPTURE_CANDIDATE (AND ((OR (X1 (NOT (X2)))) (OR ((AND ((NOT (X1)) X3)) X2)))))
(CAPTURE_CANDIDATE (AND ((OR ((AND ((NOT (X3)) (OR (X1 X2)))) (AND ((OR (X1 (NOT (X2)))) (OR ((AND ((NOT (X1)) X3)) X2)))))))))
(CAPTURE_CANDIDATE (AND ((OR ((AND ((NOT (X3)) (NOT (X1)) X2)) (AND ((OR (X1 (NOT (X2)))) (OR ((AND ((NOT (X1)) X3)) X2)))))))))
(CAPTURE_CANDIDATE (AND ((OR ((AND ((NOT (X3)) (OR (X1 X2)) (OR (X1 (NOT (X2)))))) (AND ((OR (X1 (NOT (X2)))) (OR ((AND ((NOT (X1)) X3)) X2)))))))))
(CAPTURE_CANDIDATE (AND ((OR (X1 (NOT (X2)))) (OR ((AND ((NOT (X1)) X3)) X2)))))
(CAPTURE_CANDIDATE (AND ((OR ((AND ((NOT (X3)) (OR (X1 X2)))) (AND ((OR (X1 (NOT (X2)))) (OR ((AND ((NOT (X1)) X3)) X2)))))))))
(CAPTURE_CANDIDATE (AND ((OR ((AND ((NOT (X3)) (OR (X1 X2)))) (AND (X1 (OR (X3 X2)))))))))
(CAPTURE_CANDIDATE (AND ((OR ((AND ((NOT (X3)) (OR (X1 X2)))) (AND ((NOT (X1)) (NOT (X2)) X3)))))))
(CAPTURE_CANDIDATE (AND ((OR ((AND ((NOT (X3)) (OR (X1 X2)))) (AND (X2 X1)))))))
(CAPTURE_CANDIDATE (AND ((OR ((AND ((NOT (X3)) (OR (X1 X2)))) (AND ((NOT (X2)) (NOT (X1)) X3)))))))
(CAPTURE_CANDIDATE (AND ((OR ((AND ((NOT (X3)) (OR (X1 X2)))) (AND (X3 (OR (X1 (NOT (X2)))) (OR ((NOT (X1)) X2)))))))))
(CAPTURE_CANDIDATE (AND ((NOT (X3)) (OR ((AND (X2 X1)) X1 X2)))))
(CAPTURE_CANDIDATE (AND ((OR ((AND ((NOT (X3)) (OR (X1 X2)))) (AND ((OR (X1 (NOT (X2)))) (OR ((AND ((NOT (X1)) X3)) X2)) (OR ((NOT (X2)) X3)))))))))
(CAPTURE_CANDIDATE (AND ((NOT (X3)) (OR ((AND (X2 X1)) X1 X2)))))
(CAPTURE_CANDIDATE (AND ((OR ((AND ((NOT (X3)) (OR (X1 X2)))) (AND ((OR (X1 (NOT (X2)))) (OR ((AND ((NOT (X1)) X3)) X2)) (OR ((NOT (X1)) X3)))))))))
(CAPTURE_CANDIDATE (AND ((NOT (X3)) (OR ((AND (X1 X2)) X1 X2)))))
(CAPTURE_CANDIDATE (AND ((OR ((AND ((NOT (X3)) (OR (X1 X2)))) (AND ((OR (X1 (NOT (X2)))) (OR ((AND ((NOT (X1)) X3)) X2)) (OR (X1 X2)))))))))
(CAPTURE_CANDIDATE (AND ((OR ((AND ((NOT (X3)) (OR (X1 X2)))) (AND ((NOT (X1)) (NOT (X2)) X3)))))))
(CAPTURE_CANDIDATE (AND ((OR ((AND ((NOT (X3)) (OR (X1 X2)))) (AND ((NOT (X2)) (NOT (X1)) X3)))))))
(CAPTURE_CANDIDATE (AND ((OR ((AND ((NOT (X3)) (OR (X1 X2)))) (AND ((OR ((NOT (X1)) (NOT (X2)))) (OR ((AND ((NOT (X1)) X3)) X2)))))))))
(CAPTURE_CANDIDATE (AND ((OR ((AND ((NOT (X3)) (OR (X1 X2)))) (AND (X1 X2)))))))
(CAPTURE_CANDIDATE (AND ((OR ((AND ((NOT (X3)) (OR (X1 X2)))) (AND ((OR (X1 X2)) (OR ((AND ((NOT (X1)) X3)) X2)))))))))
(CAPTURE_CANDIDATE (AND ((OR ((AND ((NOT (X3)) (OR (X1 X2)))) (AND ((OR (X1 (NOT (X2)) X3)) (OR ((AND ((NOT (X1)) X3)) X2)))))))))
(CAPTURE_CANDIDATE (AND ((OR ((AND ((NOT (X3)) (OR (X1 X2)))) (AND ((OR (X1 (NOT (X2)) (NOT (X3)))) (OR ((AND ((NOT (X1)) X3)) X2)))))))))
(CAPTURE_CANDIDATE (AND ((OR ((AND ((NOT (X3)) (OR (X1 X2)))) (AND ((OR (X1 (NOT (X2)) (AND (X1 X3)))) (OR ((AND ((NOT (X1)) X3)) X2)))))))))
(CAPTURE_CANDIDATE (AND ((OR ((AND ((NOT (X3)) (OR (X1 X2)))) (AND ((OR (X1 (NOT (X2)) (NOT (X1)) (NOT (X3)))) (OR ((AND ((NOT (X1)) X3)) X2)))))))))
(CAPTURE_CANDIDATE (AND ((OR ((AND ((NOT (X3)) (OR (X1 X2)))) (AND ((OR (X1 (NOT (X2)) (AND ((NOT (X2)) X3)))) (OR ((AND ((NOT (X1)) X3)) X2)))))))))
(CAPTURE_CANDIDATE (AND ((OR ((AND ((NOT (X3)) (OR (X1 X2)))) (AND ((OR (X1 (NOT (X2)) X2 (NOT (X3)))) (OR ((AND ((NOT (X1)) X3)) X2)))))))))
(CAPTURE_CANDIDATE (AND ((OR ((AND ((NOT (X3)) (OR (X1 X2)))) (AND ((OR (X1 (NOT (X2)) (AND ((NOT (X1)) X3)))) (OR ((AND ((NOT (X1)) X3)) X2)))))))))
(CAPTURE_CANDIDATE (AND ((OR ((AND ((NOT (X3)) (OR (X1 X2)))) (AND ((OR (X1 (NOT (X2)) X1 (NOT (X3)))) (OR ((AND ((NOT (X1)) X3)) X2)))))))))
(CAPTURE_CANDIDATE (AND ((OR ((AND ((NOT (X3)) (OR (X1 X2)))) (AND ((OR ((AND (X1 X2)) (NOT (X2)))) (OR ((AND ((NOT (X1)) X3)) X2)))))))))
(CAPTURE_CANDIDATE (AND ((OR ((AND ((NOT (X3)) (OR (X1 X2)))) (AND ((NOT (X2)) X1)))))))
(CAPTURE_CANDIDATE (AND ((OR ((AND ((NOT (X3)) (OR (X1 X2)))) (AND ((OR ((AND (X1 X3)) (NOT (X2)))) (OR ((AND ((NOT (X1)) X3)) X2)))))))))
(CAPTURE_CANDIDATE (AND ((OR ((AND ((NOT (X3)) (OR (X1 X2)))) (AND ((OR ((AND (X1 (NOT (X3)))) (NOT (X2)))) (OR ((AND ((NOT (X1)) X3)) X2)))))))))
(CAPTURE_CANDIDATE (AND ((OR ((AND ((NOT (X3)) (OR (X1 X2)))) (AND ((OR ((AND (X1 X2)) (NOT (X2)))) (OR ((AND ((NOT (X1)) X3)) X2)))))))))
(CAPTURE_CANDIDATE (AND ((OR ((AND ((NOT (X3)) (OR (X1 X2)))) (AND ((NOT (X2)) X1 X1)))))))
(CAPTURE_CANDIDATE (AND ((OR ((AND ((NOT (X3)) (OR (X1 X2)))) (AND ((OR ((AND (X1 (OR (X2 X3)))) (NOT (X2)))) (OR ((AND ((NOT (X1)) X3)) X2)))))))))
(CAPTURE_CANDIDATE (AND ((NOT (X3)) (OR ((AND ((NOT (X2)) X1)) X1 X2)))))
(CAPTURE_CANDIDATE (AND ((OR ((AND ((NOT (X3)) (OR (X1 X2)))) (AND ((OR ((AND (X1 X3)) (NOT (X2)))) (OR ((AND ((NOT (X1)) X3)) X2)))))))))
(CAPTURE_CANDIDATE (AND ((OR ((AND ((NOT (X3)) (OR (X1 X2)))) (AND ((OR ((AND (X1 X1 (NOT (X3)))) (NOT (X2)))) (OR ((AND ((NOT (X1)) X3)) X2)))))))))
(CAPTURE_CANDIDATE (AND ((OR ((AND ((NOT (X3)) (OR (X1 X2)))) (AND (X1 (NOT (X2)))))))))
(CAPTURE_CANDIDATE (AND ((OR ((AND ((NOT (X3)) (OR (X1 X2)))) (AND ((OR (X1 (AND ((NOT (X1)) (NOT (X2)))))) (OR ((AND ((NOT (X1)) X3)) X2)))))))))
(CAPTURE_CANDIDATE (AND ((OR ((AND ((NOT (X3)) (OR (X1 X2)))) (AND (X1 X2)))))))
(CAPTURE_CANDIDATE (AND ((OR ((AND ((NOT (X3)) (OR (X1 X2)))) (AND ((OR (X1 X2)) (OR ((AND ((NOT (X1)) X3)) X2)))))))))
(CAPTURE_CANDIDATE (AND ((OR ((AND ((NOT (X3)) (OR (X1 X2)))) (AND ((OR (X1 (AND ((NOT (X2)) X3)))) (OR ((AND ((NOT (X1)) X3)) X2)))))))))
(CAPTURE_CANDIDATE (AND ((OR ((AND ((NOT (X3)) (OR (X1 X2)))) (AND ((OR (X1 (AND ((NOT (X2)) (NOT (X3)))))) (OR ((AND ((NOT (X1)) X3)) X2)))))))))
(CAPTURE_CANDIDATE (AND ((OR ((AND ((NOT (X3)) (OR (X1 X2)))) (AND (X1 (NOT (X2)))))))))
(CAPTURE_CANDIDATE (AND ((OR ((AND ((NOT (X3)) (OR (X1 X2)))) (AND ((OR (X1 (AND ((NOT (X2)) (NOT (X1)) (NOT (X2)))))) (OR ((AND ((NOT (X1)) X3)) X2)))))))))
(CAPTURE_CANDIDATE (AND ((OR ((AND ((NOT (X3)) (OR (X1 X2)))) (AND ((OR (X1 (AND ((NOT (X2)) (OR (X1 X3)))))) (OR ((AND ((NOT (X1)) X3)) X2)))))))))
(CAPTURE_CANDIDATE (AND ((OR ((AND ((NOT (X3)) (OR (X1 X2)))) (AND ((OR (X1 (AND ((NOT (X2)) (NOT (X1)) (NOT (X3)))))) (OR ((AND ((NOT (X1)) X3)) X2)))))))))
(CAPTURE_CANDIDATE (AND ((OR ((AND ((NOT (X3)) (OR (X1 X2)))) (AND ((OR (X1 (AND ((NOT (X2)) (NOT (X1)))))) (OR ((AND ((NOT (X1)) X3)) X2)))))))))
(CAPTURE_CANDIDATE (AND ((OR ((AND ((NOT (X3)) (OR (X1 X2)))) (AND (X1 (NOT (X2)) (NOT (X2)))))))))
(CAPTURE_CANDIDATE (AND ((OR ((AND ((NOT (X3)) (OR (X1 X2)))) (AND ((OR (X1 (NOT (X2)) X1)) (OR ((AND ((NOT (X1)) X3)) X2)))))))))
(CAPTURE_CANDIDATE (AND ((OR ((AND ((NOT (X3)) (OR (X1 X2)))) (AND ((OR (X1 (NOT (X2)) (NOT (X1)))) (OR ((AND ((NOT (X1)) X3)) X2)))))))))
(CAPTURE_CANDIDATE (AND ((OR ((AND ((NOT (X3)) (OR (X1 X2)))) (AND ((OR (X1 (NOT (X2)) X2)) (OR ((AND ((NOT (X1)) X3)) X2)))))))))
(CAPTURE_CANDIDATE (AND ((OR ((AND ((NOT (X3)) (OR (X1 X2)))) (AND ((OR (X1 (NOT (X2)) (NOT (X2)))) (OR ((AND ((NOT (X1)) X3)) X2)))))))))
(CAPTURE_CANDIDATE (AND ((OR ((AND ((NOT (X3)) (OR (X1 X2)))) (AND ((OR (X1 (NOT (X2)) X3)) (OR ((AND ((NOT (X1)) X3)) X2)))))))))
(CAPTURE_CANDIDATE (AND ((OR ((AND ((NOT (X3)) (OR (X1 X2)))) (AND ((OR (X1 (NOT (X2)) (NOT (X3)))) (OR ((AND ((NOT (X1)) X3)) X2)))))))))
(CAPTURE_CANDIDATE (AND ((OR ((AND ((NOT (X3)) (OR (X1 X2)))) (AND ((OR (X1 (NOT (X2)) (NOT (X2)) X3)) (OR ((AND ((NOT (X1)) X3)) X2)))))))))
(CAPTURE_CANDIDATE (AND ((OR ((AND ((NOT (X3)) (OR (X1 X2)))) (AND ((OR (X1 (NOT (X2)) (AND (X2 (NOT (X3)))))) (OR ((AND ((NOT (X1)) X3)) X2)))))))))
(CAPTURE_CANDIDATE (AND ((OR ((AND ((NOT (X3)) (OR (X1 X2)))) (AND ((OR (X1 (NOT (X2)) X1 X2)) (OR ((AND ((NOT (X1)) X3)) X2)))))))))
(CAPTURE_CANDIDATE (AND ((OR ((AND ((NOT (X3)) (OR (X1 X2)))) (AND ((OR (X1 (NOT (X2)) (AND ((NOT (X1)) (NOT (X2)))))) (OR ((AND ((NOT (X1)) X3)) X2)))))))))
(CAPTURE_CANDIDATE (AND ((OR ((AND ((NOT (X3)) (OR (X1 X2)))) (AND ((OR (X1 (NOT (X2)) (NOT (X1)) X2)) (OR ((AND ((NOT (X1)) X3)) X2)))))))))
(CAPTURE_CANDIDATE (AND ((OR ((AND ((NOT (X3)) (OR (X1 X2)))) (AND ((OR (X1 (NOT (X2)) (AND (X1 (NOT (X2)))))) (OR ((AND ((NOT (X1)) X3)) X2)))))))))
(CAPTURE_CANDIDATE (AND ((OR ((AND ((NOT (X3)) (OR (X1 X2)))) (AND ((OR (X1 (NOT (X2)))) (OR ((AND ((NOT (X1)) X3)) X1 X2)))))))))
(CAPTURE_CANDIDATE (AND ((OR ((AND ((NOT (X3)) (OR (X1 X2)))) (AND ((OR (X1 (NOT (X2)))) (OR ((AND ((NOT (X1)) X3)) (NOT (X1)) X2)))))))))
(CAPTURE_CANDIDATE (AND ((OR ((AND ((NOT (X3)) (OR (X1 X2)))) (AND ((NOT (X1)) X3 (NOT (X2)))))))))
(CAPTURE_CANDIDATE (AND ((OR ((AND ((NOT (X3)) (OR (X1 X2)))) (AND ((OR (X1 (NOT (X2)))) (OR ((AND ((NOT (X1)) X3)) (NOT (X2)))))))))))
(CAPTURE_CANDIDATE (AND ((OR ((AND ((NOT (X3)) (OR (X1 X2)))) (AND ((OR (X1 (NOT (X2)))) (OR ((AND ((NOT (X1)) X3)) X2 X3)))))))))
(CAPTURE_CANDIDATE (AND ((OR ((AND ((NOT (X3)) (OR (X1 X2)))) (AND ((OR (X1 (NOT (X2)))) (OR ((AND ((NOT (X1)) X3)) X2 (NOT (X3)))))))))))
(CAPTURE_CANDIDATE (AND ((OR ((AND ((NOT (X3)) (OR (X1 X2)))) (AND ((OR (X1 (NOT (X2)))) (OR ((AND ((NOT (X1)) X3)) X2 (AND ((NOT (X1)) X3)))))))))))
(CAPTURE_CANDIDATE (AND ((OR ((AND ((NOT (X3)) (OR (X1 X2)))) (AND ((OR (X1 (NOT (X2)))) (OR ((AND ((NOT (X1)) X3)) X2 X1 (NOT (X3)))))))))))
(CAPTURE_CANDIDATE (AND ((OR ((AND ((NOT (X3)) (OR (X1 X2)))) (AND ((OR (X1 (NOT (X2)))) (OR ((AND ((NOT (X1)) X3)) X2 (AND (X2 X3)))))))))))
(CAPTURE_CANDIDATE (AND ((OR ((AND ((NOT (X3)) (OR (X1 X2)))) (AND ((OR (X1 (NOT (X2)))) (OR ((AND ((NOT (X1)) X3)) X2 (NOT (X2)) (NOT (X3)))))))))))
(CAPTURE_CANDIDATE (AND ((OR ((AND ((NOT (X3)) (OR (X1 X2)))) (AND ((OR (X1 (NOT (X2)))) (OR ((AND ((NOT (X1)) X3)) X2 (AND (X1 X2)))))))))))
(CAPTURE_CANDIDATE (AND ((OR ((AND ((NOT (X3)) (OR (X1 X2)))) (AND ((OR (X1 (NOT (X2)))) (OR ((AND ((NOT (X1)) X3)) X2 (NOT (X1)) (NOT (X2)))))))))))
(CAPTURE_CANDIDATE (AND ((OR ((AND ((NOT (X3)) (OR (X1 X2)))) (AND ((OR (X1 (NOT (X2)))) (OR (X3 X2)))))))))
(CAPTURE_CANDIDATE (AND ((OR ((AND ((NOT (X3)) (OR (X1 X2)))) (AND ((OR (X1 (NOT (X2)))) (OR ((AND (X1 X3)) X2)))))))))
(CAPTURE_CANDIDATE (AND ((OR ((AND ((NOT (X3)) (OR (X1 X2)))) (AND (X2 (NOT (X1)) X3)))))))
(CAPTURE_CANDIDATE (AND ((OR ((AND ((NOT (X3)) (OR (X1 X2)))) (AND ((OR (X1 (NOT (X2)))) (OR ((AND ((NOT (X2)) (NOT (X1)) X3)) X2)))))))))
(CAPTURE_CANDIDATE (AND ((OR ((AND ((NOT (X3)) (OR (X1 X2)))) (AND ((OR (X1 (NOT (X2)))) (OR ((NOT (X1)) X2)))))))))
(CAPTURE_CANDIDATE (AND ((OR ((AND ((NOT (X3)) (OR (X1 X2)))) (AND ((OR (X1 (NOT (X2)))) (OR ((AND ((NOT (X3)) (NOT (X1)))) X2)))))))))
(CAPTURE_CANDIDATE (AND ((OR ((AND ((NOT (X3)) (OR (X1 X2)))) (AND ((OR (X1 (NOT (X2)))) (OR ((AND ((NOT (X1)) X3)) X2)))))))))
(CAPTURE_CANDIDATE (AND ((OR ((AND ((NOT (X3)) (OR (X1 X2)))) (AND (X2 X1)))))))
(CAPTURE_CANDIDATE (AND ((OR ((AND ((NOT (X3)) (OR (X1 X2)))) (AND (X2 (NOT (X1)) X3)))))))
(CAPTURE_CANDIDATE (AND ((OR ((AND ((NOT (X3)) (OR (X1 X2)))) (AND ((OR (X1 (NOT (X2)))) (OR ((AND ((NOT (X1)) (NOT (X2)) X3)) X2)))))))))
(CAPTURE_CANDIDATE (AND ((OR ((AND ((NOT (X3)) (OR (X1 X2)))) (AND ((OR (X1 (NOT (X2)))) (OR ((AND ((NOT (X1)) X3)) X2)))))))))
(CAPTURE_CANDIDATE (AND ((OR ((AND ((NOT (X3)) (OR (X1 X2)))) (AND ((OR (X1 (NOT (X2)))) (OR ((AND (X1 (NOT (X2)) X3)) X2)))))))))
(CAPTURE_CANDIDATE (AND ((OR ((AND ((NOT (X3)) (OR (X1 X2)))) (AND ((OR (X1 (NOT (X2)))) (OR (X3 X2)))))))))
(CAPTURE_CANDIDATE (AND ((OR ((AND ((NOT (X3)) (OR (X1 X2)))) (AND ((OR (X1 (NOT (X2)))) (OR ((AND (X1 X3)) X2)))))))))
(CAPTURE_CANDIDATE (AND ((OR ((AND ((NOT (X3)) (OR (X1 X2)))) (AND ((OR (X1 (NOT (X2)))) (OR ((AND (X3 (OR ((NOT (X1)) X2)))) X2)))))))))
(CAPTURE_CANDIDATE (AND ((OR ((AND ((NOT (X3)) (OR (X1 X2)))) (AND ((OR (X1 (NOT (X2)))) (OR ((AND (X3 (OR ((NOT (X1)) (NOT (X2)))))) X2)))))))))
(CAPTURE_CANDIDATE (AND ((OR ((AND ((NOT (X3)) (OR (X1 X2)))) (AND ((OR (X1 (NOT (X2)))) (OR (X3 X2)))))))))
(CAPTURE_CANDIDATE (AND ((OR ((AND ((NOT (X3)) (OR (X1 X2)))) (AND ((OR (X1 (NOT (X2)))) (OR ((AND (X3 (NOT (X1)))) X2)))))))))
(CAPTURE_CANDIDATE (AND ((OR ((AND ((NOT (X3)) (OR (X1 X2)))) (AND (X2 (NOT (X1)) X3)))))))
(CAPTURE_CANDIDATE (AND ((OR ((AND ((NOT (X3)) (OR (X1 X2)))) (AND ((OR (X1 (NOT (X2)))) (OR ((AND (X3 (OR ((NOT (X1)) X1 (NOT (X2)))))) X2)))))))))
(CAPTURE_CANDIDATE (AND ((OR ((AND ((NOT (X3)) (OR (X1 X2)))) (AND ((OR (X1 (NOT (X2)))) (OR ((AND (X3 (OR ((NOT (X1)) (NOT (X2)))))) X2)))))))))
(CAPTURE_CANDIDATE (AND ((OR ((AND ((NOT (X3)) (OR (X1 X2)))) (AND ((OR (X1 (NOT (X2)))) (OR ((AND (X3 (OR ((NOT (X1)) X2)))) X2)))))))))
(CAPTURE_CANDIDATE (AND ((OR ((AND ((NOT (X3)) (OR (X1 X2)))) (AND ((OR (X1 (NOT (X2)))) (OR ((AND ((NOT (X1)) X3)) X2)))))))))
(CAPTURE_CANDIDATE (AND ((OR ((AND ((NOT (X3)) (OR (X1 X2)))) (AND ((OR (X1 (NOT (X2)))) (OR ((AND (X3 (OR ((NOT (X1)) X1)))) X2)))))))))
(CAPTURE_CANDIDATE (AND ((OR ((AND ((NOT (X3)) (OR (X1 X2)))) (AND ((OR (X1 (NOT (X2)))) (OR ((AND ((NOT (X1)) X3)) X2)))))))))
(CAPTURE_CANDIDATE (AND ((OR ((AND ((NOT (X3)) (OR (X1 X2)))) (AND ((OR (X1 (NOT (X2)))) (OR ((NOT (X1)) X2)))))))))
(CAPTURE_CANDIDATE (AND ((OR ((AND ((NOT (X3)) (OR (X1 X2)))) (AND ((OR (X1 (NOT (X2)))) (OR ((AND ((NOT (X1)) (OR (X3 X2)))) X2)))))))))
(CAPTURE_CANDIDATE (AND ((OR ((AND ((NOT (X3)) (OR (X1 X2)))) (AND ((OR (X1 (NOT (X2)))) (OR ((AND ((NOT (X1)) (OR (X3 (NOT (X2)))))) X2)))))))))
(CAPTURE_CANDIDATE (AND ((OR ((AND ((NOT (X3)) (OR (X1 X2)))) (AND ((OR (X1 (NOT (X2)))) (OR ((AND ((NOT (X1)) X3 (NOT (X2)))) X2)))))))))
(CAPTURE_CANDIDATE (AND ((OR ((AND ((NOT (X3)) (OR (X1 X2)))) (AND ((OR (X1 (NOT (X2)))) (OR ((AND ((NOT (X1)) (OR (X3 X2 (NOT (X3)))))) X2)))))))))
(CAPTURE_CANDIDATE (AND ((OR ((AND ((NOT (X3)) (OR (X1 X2)))) (AND (X2 X1)))))))
(CAPTURE_CANDIDATE (AND ((OR ((AND ((NOT (X3)) (OR (X1 X2)))) (AND ((OR (X1 (NOT (X2)))) (OR ((NOT (X1)) X2)))))))))
(CAPTURE_CANDIDATE (AND ((OR ((AND ((NOT (X3)) (OR (X1 X2)))) (AND (X2 (NOT (X1)) X3)))))))
(CAPTURE_CANDIDATE (AND ((OR ((AND ((NOT (X3)) (OR (X1 X2)))) (AND ((OR (X1 (NOT (X2)))) (OR ((AND ((NOT (X1)) (OR (X3 (NOT (X2)) (NOT (X3)))))) X2)))))))))
(CAPTURE_CANDIDATE (AND ((OR ((AND ((NOT (X3)) (OR (X1 X2)))) (AND (X2 X1)))))))
(CAPTURE_CANDIDATE (AND ((OR ((AND ((NOT (X3)) (OR (X1 X2)))) (AND ((OR (X1 (NOT (X2)))) (OR ((AND ((NOT (X1)) X3)) X2)))))))))
(CAPTURE_CANDIDATE (AND ((OR ((AND ((NOT (X3)) (OR (X1 X2)))) (AND (X2 (NOT (X1)) X3)))))))
(CAPTURE_CANDIDATE (AND ((OR ((AND ((NOT (X3)) (OR (X1 X2)))) (AND ((OR (X1 (NOT (X2)))) (OR ((AND ((NOT (X1)) X3 (NOT (X2)))) X2)))))))))
(CAPTURE_CANDIDATE (AND ((OR ((AND ((NOT (X3)) (OR (X1 X2)))) (AND ((OR (X1 (NOT (X2)))) (OR ((AND ((NOT (X1)) X3)) X2)))))))))
(CAPTURE_CANDIDATE (AND ((OR ((AND ((NOT (X3)) (OR (X1 X2)))) (AND (X2 X1)))))))
(CAPTURE_CANDIDATE (AND ((OR ((AND ((NOT (X3)) (OR (X1 X2)))) (AND (X2 (NOT (X1)) X3)))))))
(CAPTURE_CANDIDATE (AND ((OR ((AND ((NOT (X3)) (OR (X1 X2)))) (AND ((OR (X1 (NOT (X2)))) (OR ((AND ((NOT (X1)) X3 (NOT (X2)))) X2)))))))))
(CAPTURE_CANDIDATE (AND ((OR ((AND ((NOT (X3)) (OR (X1 X2)))) (AND (X2 (NOT (X1)) X3)))))))
(CAPTURE_CANDIDATE (AND ((OR ((AND ((NOT (X3)) (OR (X1 X2)))) (AND ((OR (X1 (NOT (X2)))) (OR ((AND ((NOT (X1)) X3 (NOT (X2)))) X2)))))))))
(CAPTURE_CANDIDATE (AND ((OR ((AND ((NOT (X3)) (OR (X1 X2)))) (AND ((OR (X1 (NOT (X2)))) (OR ((AND ((NOT (X1)) X3)) X2)))))))))
(CAPTURE_CANDIDATE (AND ((OR ((AND ((NOT (X3)) (OR (X1 X2)))) (AND ((OR (X1 (NOT (X2)))) (OR ((AND ((NOT (X1)) X3)) X2)))))))))
(CAPTURE_CANDIDATE (AND ((OR ((AND ((NOT (X3)) (OR (X1 X2)))) (AND ((OR (X1 (NOT (X2)))) (OR ((AND ((NOT (X1)) X3)) (AND (X2 X1)))))))))))
(CAPTURE_CANDIDATE (AND ((OR ((AND ((NOT (X3)) (OR (X1 X2)))) (AND ((NOT (X1)) (NOT (X2)) X3)))))))
(CAPTURE_CANDIDATE (AND ((OR ((AND ((NOT (X3)) (OR (X1 X2)))) (AND (X3 (OR (X1 (NOT (X2)))) (OR ((NOT (X1)) X2)))))))))
(CAPTURE_CANDIDATE (AND ((OR ((AND ((NOT (X3)) (OR (X1 X2)))) (AND ((OR (X1 (NOT (X2)))) (OR ((AND ((NOT (X1)) X3)) (AND (X2 (NOT (X3)))))))))))))
(CAPTURE_CANDIDATE (AND ((OR ((AND ((NOT (X3)) (OR (X1 X2)))) (AND ((OR (X1 (NOT (X2)))) (OR ((AND ((NOT (X1)) X3)) X2)))))))))
(CAPTURE_CANDIDATE (AND ((OR ((AND ((NOT (X3)) (OR (X1 X2)))) (AND ((NOT (X1)) X3 (NOT (X2)))))))))
(CAPTURE_CANDIDATE (AND ((OR ((AND ((NOT (X3)) (OR (X1 X2)))) (AND (X3 (OR (X1 (NOT (X2)))) (OR ((NOT (X1)) X2)))))))))
(CAPTURE_CANDIDATE (AND ((OR ((AND ((NOT (X3)) (OR (X1 X2)))) (AND ((OR (X1 (NOT (X2)))) (OR ((AND ((NOT (X1)) X3)) (AND (X2 X2 (NOT (X3)))))))))))))
(CAPTURE_CANDIDATE (AND ((OR ((AND ((NOT (X3)) (OR (X1 X2)))) (AND ((OR (X1 (NOT (X2)))) (OR ((AND ((NOT (X1)) X3)) X2)))))))))
(CAPTURE_CANDIDATE (AND ((OR ((AND ((NOT (X3)) (OR (X1 X2)))) (AND ((NOT (X1)) X3 (NOT (X2)))))))))
(CAPTURE_CANDIDATE (AND ((OR ((AND ((NOT (X3)) (OR (X1 X2)))) (AND ((OR (X1 (NOT (X2)))) (OR ((AND ((NOT (X1)) X3)) X2 X1)))))))))
(CAPTURE_CANDIDATE (AND ((OR ((AND ((NOT (X3)) (OR (X1 X2)))) (AND ((OR (X1 (NOT (X2)))) (OR ((AND ((NOT (X1)) X3)) X2 (NOT (X1)))))))))))
(CAPTURE_CANDIDATE (AND ((OR ((AND ((NOT (X3)) (OR (X1 X2)))) (AND ((OR (X1 (NOT (X2)))) (OR ((AND ((NOT (X1)) X3)) X2 X2)))))))))
(CAPTURE_CANDIDATE (AND ((OR ((AND ((NOT (X3)) (OR (X1 X2)))) (AND ((OR (X1 (NOT (X2)))) (OR ((AND ((NOT (X1)) X3)) X2 (NOT (X2)))))))))))
(CAPTURE_CANDIDATE (AND ((OR ((AND ((NOT (X3)) (OR (X1 X2)))) (AND ((OR (X1 (NOT (X2)))) (OR ((AND ((NOT (X1)) X3)) X2 X3)))))))))
(CAPTURE_CANDIDATE (AND ((OR ((AND ((NOT (X3)) (OR (X1 X2)))) (AND ((OR (X1 (NOT (X2)))) (OR ((AND ((NOT (X1)) X3)) X2 (NOT (X3)))))))))))
(CAPTURE_CANDIDATE (AND ((OR ((AND ((NOT (X3)) (OR (X1 X2)))) (AND ((OR (X1 (NOT (X2)))) (OR ((AND ((NOT (X1)) X3)) X2 X1 X3)))))))))
(CAPTURE_CANDIDATE (AND ((OR ((AND ((NOT (X3)) (OR (X1 X2)))) (AND ((OR (X1 (NOT (X2)))) (OR ((AND ((NOT (X1)) X3)) X2 (AND ((NOT (X1)) (NOT (X3)))))))))))))
(CAPTURE_CANDIDATE (AND ((OR ((AND ((NOT (X3)) (OR (X1 X2)))) (AND ((OR (X1 (NOT (X2)))) (OR ((AND ((NOT (X1)) X3)) X2 (NOT (X2)) X3)))))))))
(CAPTURE_CANDIDATE (AND ((OR ((AND ((NOT (X3)) (OR (X1 X2)))) (AND ((OR (X1 (NOT (X2)))) (OR ((AND ((NOT (X1)) X3)) X2 (AND (X2 (NOT (X3)))))))))))))
(CAPTURE_CANDIDATE (AND ((OR ((AND ((NOT (X3)) (OR (X1 X2)))) (AND ((OR (X1 (NOT (X2)))) (OR ((AND ((NOT (X1)) X3)) X2 (NOT (X1)) X2)))))))))
(CAPTURE_CANDIDATE (AND ((OR ((AND ((NOT (X3)) (OR (X1 X2)))) (AND ((OR (X1 (NOT (X2)))) (OR ((AND ((NOT (X1)) X3)) X2 (AND (X1 (NOT (X2)))))))))))))
(CAPTURE_CANDIDATE (AND ((OR ((AND ((NOT (X3)) (OR (X1 X2)))) (AND (X1 X2)))))))
(CAPTURE_CANDIDATE (AND ((OR ((AND ((NOT (X3)) (OR (X1 X2)))) (AND ((NOT (X1)) (NOT (X2)) X3)))))))
(CAPTURE_CANDIDATE (AND ((OR ((AND ((NOT (X3)) (OR (X1 X2)))) (AND (X2 X1)))))))
(CAPTURE_CANDIDATE (AND ((OR ((AND ((NOT (X3)) (OR (X1 X2)))) (AND ((NOT (X2)) (NOT (X1)) X3)))))))
(CAPTURE_CANDIDATE (AND ((OR ((AND ((NOT (X3)) (OR (X1 X2)))) (AND (X3 (OR (X1 (NOT (X2)))) (OR ((NOT (X1)) X2)))))))))
(CAPTURE_CANDIDATE (AND ((NOT (X3)) (OR ((AND (X2 X1)) X1 X2)))))
(CAPTURE_CANDIDATE (AND ((OR ((AND ((NOT (X3)) (OR (X1 X2)))) (AND ((NOT (X1)) X2)))))))
(CAPTURE_CANDIDATE (AND ((OR ((AND ((NOT (X3)) (OR (X1 X2)))) (AND ((OR (X1 (NOT (X2)))) (OR ((AND ((NOT (X1)) X3)) X2)) (OR (X1 (NOT (X2)))))))))))
(CAPTURE_CANDIDATE (AND ((OR ((AND ((NOT (X3)) (OR (X1 X2)))) (AND ((NOT (X2)) X3 (NOT (X1)))))))))
(CAPTURE_CANDIDATE (AND ((OR ((AND ((NOT (X3)) (OR (X1 X2)))) (AND ((OR (X1 (NOT (X2)))) (OR ((AND ((NOT (X1)) X3)) X2)) (OR (X2 (NOT (X3)))))))))))
(CAPTURE_CANDIDATE (AND ((OR ((AND ((NOT (X3)) (OR (X1 X2)))) (AND ((NOT (X1)) X3 (NOT (X2)))))))))
(CAPTURE_CANDIDATE (AND ((OR ((AND ((NOT (X3)) (OR (X1 X2)))) (AND ((OR (X1 (NOT (X2)))) (OR ((AND ((NOT (X1)) X3)) X2)) (OR (X1 (NOT (X3)))))))))))
(CAPTURE_CANDIDATE (AND ((OR ((AND ((NOT (X3)) (OR (X1 X2)))) (AND ((OR (X1 (NOT (X2)))) (OR ((AND ((NOT (X1)) X3)) X2)))) X1)))))
(CAPTURE_CANDIDATE (AND ((OR ((AND ((NOT (X3)) (OR (X1 X2)))) (AND ((OR (X1 (NOT (X2)))) (OR ((AND ((NOT (X1)) X3)) X2)))) (NOT (X1)))))))
(CAPTURE_CANDIDATE (AND ((OR ((AND ((NOT (X3)) (OR (X1 X2)))) (AND ((OR (X1 (NOT (X2)))) (OR ((AND ((NOT (X1)) X3)) X2)))) X2)))))
(CAPTURE_CANDIDATE (AND ((OR ((AND ((NOT (X3)) (OR (X1 X2)))) (AND ((OR (X1 (NOT (X2)))) (OR ((AND ((NOT (X1)) X3)) X2)))) (NOT (X2)))))))
(CAPTURE_CANDIDATE (AND ((OR ((AND ((NOT (X3)) (OR (X1 X2)))) (AND ((OR (X1 (NOT (X2)))) (OR ((AND ((NOT (X1)) X3)) X2)))) X3)))))
(CAPTURE_CANDIDATE (AND ((OR ((AND ((NOT (X3)) (OR (X1 X2)))) (AND ((OR (X1 (NOT (X2)))) (OR ((AND ((NOT (X1)) X3)) X2)))) (NOT (X3)))))))
(CAPTURE_CANDIDATE (AND ((OR ((AND ((NOT (X3)) (OR (X1 X2)))) (AND ((OR (X1 (NOT (X2)))) (OR ((AND ((NOT (X1)) X3)) X2)))) (NOT (X1)) X2)))))
(CAPTURE_CANDIDATE (AND ((OR ((AND ((NOT (X3)) (OR (X1 X2)))) (AND ((OR (X1 (NOT (X2)))) (OR ((AND ((NOT (X1)) X3)) X2)))) (AND (X1 (NOT (X2)))))))))
(CAPTURE_CANDIDATE (AND ((OR ((AND ((NOT (X3)) (OR (X1 X2)))) (AND ((OR (X1 (NOT (X2)))) (OR ((AND ((NOT (X1)) X3)) X2)))) X1 X3)))))
(CAPTURE_CANDIDATE (AND ((OR ((AND ((NOT (X3)) (OR (X1 X2)))) (AND ((OR (X1 (NOT (X2)))) (OR ((AND ((NOT (X1)) X3)) X2)))) (AND ((NOT (X1)) (NOT (X3)))))))))
(CAPTURE_CANDIDATE (AND ((OR ((AND ((NOT (X3)) (OR (X1 X2)))) (AND ((OR (X1 (NOT (X2)))) (OR ((AND ((NOT (X1)) X3)) X2)))) (NOT (X1)) X3)))))
(CAPTURE_CANDIDATE (AND ((OR ((AND ((NOT (X3)) (OR (X1 X2)))) (AND ((OR (X1 (NOT (X2)))) (OR ((AND ((NOT (X1)) X3)) X2)))) (AND (X1 (NOT (X3)))))))))
(CAPTURE_CANDIDATE (AND (X1 (OR ((NOT (X3)) X2)))))
(CAPTURE_CANDIDATE (AND ((NOT (X1)) (OR ((AND ((NOT (X3)) X2)) (AND ((NOT (X2)) X3)))))))
(CAPTURE_CANDIDATE (AND (X2 (OR ((NOT (X3)) X1)))))
(CAPTURE_CANDIDATE (AND ((NOT (X2)) (OR ((AND ((NOT (X3)) X1)) (AND ((NOT (X1)) X3)))))))
(CAPTURE_CANDIDATE (AND (X3 (OR (X1 (NOT (X2)))) (OR ((NOT (X1)) X2)))))
(CAPTURE_CANDIDATE (AND ((NOT (X3)) (OR ((AND (X2 X1)) X1 X2)))))
(CAPTURE_CANDIDATE (AND (X2 X3 X1)))
(CAPTURE_CANDIDATE (AND ((OR ((AND ((NOT (X3)) (OR (X1 X2)))) (AND ((OR (X1 (NOT (X2)))) (OR ((AND ((NOT (X1)) X3)) X2)))))) (OR ((NOT (X2)) (NOT (X3)))))))
(CAPTURE_CANDIDATE (AND (X1 X2)))
(CAPTURE_CANDIDATE (AND ((OR ((AND ((NOT (X3)) (OR (X1 X2)))) (AND ((OR (X1 (NOT (X2)))) (OR ((AND ((NOT (X1)) X3)) X2)))))) (OR ((NOT (X1)) (NOT (X2)))))))
(CAPTURE_CANDIDATE (AND ((NOT (X1)) X2 (NOT (X3)))))
(CAPTURE_CANDIDATE (AND ((OR ((AND ((NOT (X3)) (OR (X1 X2)))) (AND ((OR (X1 (NOT (X2)))) (OR ((AND ((NOT (X1)) X3)) X2)))))) (OR (X1 (NOT (X2)))))))
(CAPTURE_CANDIDATE (AND ((OR (X1 (AND ((NOT (X3)) (OR (X1 X2)))) (AND ((OR (X1 (NOT (X2)))) (OR ((AND ((NOT (X1)) X3)) X2)))))))))
(CAPTURE_CANDIDATE (AND ((OR ((NOT (X1)) (AND ((NOT (X3)) (OR (X1 X2)))) (AND ((OR (X1 (NOT (X2)))) (OR ((AND ((NOT (X1)) X3)) X2)))))))))
(CAPTURE_CANDIDATE (AND ((OR (X2 (AND ((NOT (X3)) (OR (X1 X2)))) (AND ((OR (X1 (NOT (X2)))) (OR ((AND ((NOT (X1)) X3)) X2)))))))))
(CAPTURE_CANDIDATE (AND ((OR ((NOT (X2)) (AND ((NOT (X3)) (OR (X1 X2)))) (AND ((OR (X1 (NOT (X2)))) (OR ((AND ((NOT (X1)) X3)) X2)))))))))
(CAPTURE_CANDIDATE (AND ((OR (X3 (AND ((NOT (X3)) (OR (X1 X2)))) (AND ((OR (X1 (NOT (X2)))) (OR ((AND ((NOT (X1)) X3)) X2)))))))))
(CAPTURE_CANDIDATE (AND ((OR ((NOT (X3)) (AND ((NOT (X3)) (OR (X1 X2)))) (AND ((OR (X1 (NOT (X2)))) (OR ((AND ((NOT (X1)) X3)) X2)))))))))
(CAPTURE_CANDIDATE (AND ((OR ((AND ((NOT (X3)) (OR (X1 X2)))) (AND ((OR (X1 (NOT (X2)))) (OR ((AND ((NOT (X1)) X3)) X2)))) X2 X3)))))
(CAPTURE_CANDIDATE (AND ((OR ((AND ((NOT (X2)) (NOT (X3)))) (AND ((NOT (X3)) (OR (X1 X2)))) (AND ((OR (X1 (NOT (X2)))) (OR ((AND ((NOT (X1)) X3)) X2)))))))))
(CAPTURE_CANDIDATE (AND ((OR ((AND ((NOT (X3)) (OR (X1 X2)))) (AND ((OR (X1 (NOT (X2)))) (OR ((AND ((NOT (X1)) X3)) X2)))) X1 X3)))))
(CAPTURE_CANDIDATE (AND ((OR ((AND ((NOT (X1)) (NOT (X3)))) (AND ((NOT (X3)) (OR (X1 X2)))) (AND ((OR (X1 (NOT (X2)))) (OR ((AND ((NOT (X1)) X3)) X2)))))))))
(CAPTURE_CANDIDATE (AND ((OR ((AND ((NOT (X3)) (OR (X1 X2)))) (AND ((OR (X1 (NOT (X2)))) (OR ((AND ((NOT (X1)) X3)) X2)))) X1 X2)))))
(CAPTURE_CANDIDATE (AND ((OR ((AND ((NOT (X1)) (NOT (X2)))) (AND ((NOT (X3)) (OR (X1 X2)))) (AND ((OR (X1 (NOT (X2)))) (OR ((AND ((NOT (X1)) X3)) X2)))))))))
(CAPTURE_CANDIDATE (AND ((OR ((AND ((NOT (X3)) (OR (X1 X2)))) (AND (X3 (OR (X1 (NOT (X2)))) (OR ((NOT (X1)) X2)))))))))
(CAPTURE_CANDIDATE (AND ((OR ((AND ((NOT (X3)) (OR (X1 X2)))) (AND (X3 (OR (X1 (NOT (X2)))) (OR ((NOT (X1)) X2)))))))))
(CAPTURE_CANDIDATE (AND ((OR ((AND ((NOT (X3)) (OR (X1 X2)))) (AND (X3 (OR (X1 (NOT (X2)))) (OR ((NOT (X1)) X2)))))))))
(CAPTURE_CANDIDATE (AND ((OR ((AND ((NOT (X3)) (OR (X1 X2)))) (AND (X3 (OR (X1 (NOT (X2)))) (OR ((NOT (X1)) X2)))))))))
(CAPTURE_CANDIDATE (AND ((OR ((AND ((NOT (X3)) (OR (X1 X2)))) (AND (X3 (OR (X1 (NOT (X2)))) (OR ((NOT (X1)) X2)))))))))
(CAPTURE_CANDIDATE (AND ((OR ((AND ((NOT (X3)) (OR (X1 X2)))) (AND (X3 (OR (X1 (NOT (X2)))) (OR ((NOT (X1)) X2)))))))))
(CAPTURE_CANDIDATE (AND ((OR ((AND ((NOT (X3)) (OR (X1 X2)))) (AND (X3 (OR (X1 (NOT (X2)))) (OR ((NOT (X1)) X2)))))))))
(CAPTURE_CANDIDATE (AND ((OR ((AND ((NOT (X3)) (OR (X1 X2)))) (AND (X3 (OR (X1 (NOT (X2)))) (OR ((NOT (X1)) X2)))))))))
(CAPTURE_CANDIDATE (AND ((OR ((AND ((NOT (X3)) (OR (X1 X2)))) (AND (X3 (OR (X1 (NOT (X2)))) (OR ((NOT (X1)) X2)))))))))
(CAPTURE_CANDIDATE (AND ((OR ((AND ((NOT (X3)) (OR (X1 X2)))) (AND (X3 (OR (X1 (NOT (X2)))) (OR ((NOT (X1)) X2)))))))))
(CAPTURE_CANDIDATE (AND ((OR ((AND ((NOT (X3)) (OR (X1 X2)))) (AND (X3 (OR (X1 (NOT (X2)))) (OR ((NOT (X1)) X2)))))))))
(CAPTURE_CANDIDATE (AND ((OR ((AND ((NOT (X3)) (OR (X1 X2)))) (AND (X3 (OR (X1 (NOT (X2)))) (OR ((NOT (X1)) X2)))))))))
(CAPTURE_CANDIDATE (AND ((OR ((AND ((NOT (X3)) (OR (X1 X2)))) (AND (X3 (OR (X1 (NOT (X2)))) (OR ((NOT (X1)) X2)))))))))
(CAPTURE_CANDIDATE (AND ((OR ((AND ((NOT (X3)) (OR (X1 X2)))) (AND ((OR (X1 (NOT (X2)))) (OR ((AND ((NOT (X1)) X3)) X2)))))))))
(CAPTURE_CANDIDATE (AND ((OR ((AND ((NOT (X3)) (OR (X1 X2)))) (AND (X3 (OR (X1 (NOT (X2)))) (OR ((NOT (X1)) X2)))))))))
(CAPTURE_CANDIDATE (AND ((OR ((AND ((NOT (X3)) (OR (X1 X2)))) (AND (X3 (OR (X1 (NOT (X2)))) (OR ((NOT (X1)) X2)))))))))
(CAPTURE_CANDIDATE (AND ((OR ((AND ((NOT (X3)) (OR (X1 X2)))) (AND (X3 (OR (X1 (NOT (X2)))) (OR ((NOT (X1)) X2)))))))))
(CAPTURE_CANDIDATE (AND ((OR ((AND ((NOT (X3)) (OR (X1 X2)))) (AND (X3 (OR (X1 (NOT (X2)))) (OR ((NOT (X1)) X2)))))))))
(CAPTURE_CANDIDATE (AND ((OR ((AND ((NOT (X3)) (OR (X1 X2)))) (AND (X3 (OR (X1 (NOT (X2)))) (OR ((NOT (X1)) X2)))))))))
(CAPTURE_CANDIDATE (AND ((OR ((AND ((NOT (X3)) (OR (X1 X2)))) (AND (X3 (OR (X1 (NOT (X2)))) (OR ((NOT (X1)) X2)))))))))
(CAPTURE_CANDIDATE (AND ((OR ((AND ((NOT (X3)) (OR (X1 X2)))) (AND (X3 (OR (X1 (NOT (X2)))) (OR ((NOT (X1)) X2)))))))))
(CAPTURE_CANDIDATE (AND ((OR ((AND ((NOT (X3)) (OR (X1 X2)))) (AND ((OR (X1 (NOT (X2)))) (OR ((AND ((NOT (X1)) X3)) X2)))))))))
(CAPTURE_CANDIDATE (AND ((OR ((AND ((NOT (X3)) (OR (X1 X2)))) (AND (X3 (OR (X1 (NOT (X2)))) (OR ((NOT (X1)) X2)))))))))
(CAPTURE_CANDIDATE (AND ((OR ((AND ((NOT (X3)) (OR (X1 X2)))) (AND ((OR (X1 (NOT (X2)))) (OR ((AND ((NOT (X1)) X3)) X2)))))))))
(CAPTURE_CANDIDATE (AND ((OR ((AND ((NOT (X3)) (OR (X1 X2)))) (AND (X3 (OR (X1 (NOT (X2)))) (OR ((NOT (X1)) X2)))))))))
(CAPTURE_CANDIDATE (AND ((OR ((AND ((NOT (X3)) (OR (X1 X2)))) (AND (X3 (OR (X1 (NOT (X2)))) (OR ((NOT (X1)) X2)))))))))
(CAPTURE_CANDIDATE (AND ((OR ((AND ((NOT (X3)) (OR (X1 X2)))) (AND ((OR (X1 (NOT (X2)))) (OR ((AND ((NOT (X1)) X3)) X2)))))))))
(CAPTURE_CANDIDATE (AND ((OR ((AND ((NOT (X3)) (OR (X1 X2)))) (AND (X3 (OR (X1 (NOT (X2)))) (OR ((NOT (X1)) X2)))))))))
(CAPTURE_CANDIDATE (AND ((OR ((AND ((NOT (X3)) (OR (X1 X2)))) (AND ((OR (X1 (NOT (X2)))) (OR ((AND ((NOT (X1)) X3)) X2)))))))))
(CAPTURE_CANDIDATE (AND ((OR ((AND ((NOT (X3)) (OR (X1 X2)))) (AND (X3 (OR (X1 (NOT (X2)))) (OR ((NOT (X1)) X2)))))))))
(CAPTURE_CANDIDATE (AND ((OR ((AND ((NOT (X3)) (OR (X1 X2)))) (AND ((OR (X1 (NOT (X2)))) (OR ((AND ((NOT (X1)) X3)) X2)))))))))
(CAPTURE_CANDIDATE (AND ((OR ((AND ((NOT (X3)) (OR (X1 X2)))) (AND (X3 (OR (X1 (NOT (X2)))) (OR ((NOT (X1)) X2)))))))))
(CAPTURE_CANDIDATE (AND ((OR ((AND ((NOT (X3)) (OR (X1 X2)))) (AND ((OR (X1 (NOT (X2)))) (OR ((AND ((NOT (X1)) X3)) X2)))))))))
(CAPTURE_CANDIDATE (AND ((OR ((AND ((NOT (X3)) (OR (X1 X2)))) (AND (X3 (OR (X1 (NOT (X2)))) (OR ((NOT (X1)) X2)))))))))
(CAPTURE_CANDIDATE (AND ((OR ((AND ((NOT (X3)) (OR (X1 X2)))) (AND ((OR (X1 (NOT (X2)))) (OR ((AND ((NOT (X1)) X3)) X2)))))))))
(CAPTURE_CANDIDATE (AND ((OR ((AND ((NOT (X3)) (OR (X1 X2)))) (AND (X3 (OR (X1 (NOT (X2)))) (OR ((NOT (X1)) X2)))))))))
(CAPTURE_CANDIDATE (AND ((OR ((AND ((NOT (X3)) (OR (X1 X2)))) (AND ((OR (X1 (NOT (X2)))) (OR ((AND ((NOT (X1)) X3)) X2)))))))))
(CAPTURE_CANDIDATE (AND ((OR ((AND ((NOT (X3)) (OR (X1 X2)))) (AND ((OR (X1 (NOT (X2)))) (OR ((AND ((NOT (X1)) X3 (NOT (X1)))) X2)))))))))
(CAPTURE_CANDIDATE (AND ((OR ((AND ((NOT (X3)) (OR (X1 X2)))) (AND (X3 (OR (X1 (NOT (X2)))) (OR ((NOT (X1)) X2)))))))))
(CAPTURE_CANDIDATE (AND ((OR ((AND ((NOT (X3)) (OR (X1 X2)))) (AND ((OR (X1 (NOT (X2)))) (OR ((AND ((NOT (X1)) X3)) X2)))))))))
(CAPTURE_CANDIDATE (AND ((OR ((AND ((NOT (X3)) (OR (X1 X2)))) (AND (X3 (OR (X1 (NOT (X2)))) (OR ((NOT (X1)) X2)))))))))
(CAPTURE_CANDIDATE (AND ((OR ((AND ((NOT (X3)) (OR (X1 X2)))) (AND ((OR (X1 (NOT (X2)))) (OR ((AND ((NOT (X1)) X3)) X2)))))))))
(CAPTURE_CANDIDATE (AND ((OR ((AND ((NOT (X3)) (OR (X1 X2)))) (AND (X3 (OR (X1 (NOT (X2)))) (OR ((NOT (X1)) X2)))))))))
(CAPTURE_CANDIDATE (AND ((OR ((AND ((NOT (X3)) (OR (X1 X2)))) (AND ((OR (X1 (NOT (X2)))) (OR ((AND ((NOT (X1)) X3)) X2)))))))))
(CAPTURE_CANDIDATE (AND ((OR ((AND ((NOT (X3)) (OR (X1 X2)))) (AND ((OR (X1 (NOT (X2)))) (OR ((AND ((NOT (X1)) X3 X3)) X2)))))))))
(CAPTURE_CANDIDATE (AND ((OR ((AND ((NOT (X3)) (OR (X1 X2)))) (AND ((OR (X1 (NOT (X2)))) (OR ((AND ((NOT (X1)) X3)) X2)))))))))
(CAPTURE_CANDIDATE (AND ((OR ((AND ((NOT (X3)) (OR (X1 X2)))) (AND (X3 (OR (X1 (NOT (X2)))) (OR ((NOT (X1)) X2)))))))))
(CAPTURE_CANDIDATE (AND ((OR ((AND ((NOT (X3)) (OR (X1 X2)))) (AND ((OR (X1 (NOT (X2)))) (OR ((AND ((NOT (X1)) X3)) X2)))))))))
(CAPTURE_CANDIDATE (AND ((OR ((AND ((NOT (X3)) (OR (X1 X2)))) (AND (X3 (OR (X1 (NOT (X2)))) (OR ((NOT (X1)) X2)))))))))
(CAPTURE_CANDIDATE (AND ((OR ((AND ((NOT (X3)) (OR (X1 X2)))) (AND ((OR (X1 (NOT (X2)))) (OR ((AND ((NOT (X1)) X3)) X2)))))))))
(CAPTURE_CANDIDATE (AND ((OR ((AND ((NOT (X3)) (OR (X1 X2)))) (AND (X3 (OR (X1 (NOT (X2)))) (OR ((NOT (X1)) X2)))))))))
(CAPTURE_CANDIDATE (AND ((OR ((AND ((NOT (X3)) (OR (X1 X2)))) (AND (X3 (OR (X1 (NOT (X2)))) (OR ((NOT (X1)) X2)))))))))
(CAPTURE_CANDIDATE (AND ((OR ((AND ((NOT (X3)) (OR (X1 X2)))) (AND (X3 (OR (X1 (NOT (X2)))) (OR ((NOT (X1)) X2)))))))))
(CAPTURE_CANDIDATE (AND ((OR ((AND ((NOT (X3)) (OR (X1 X2)))) (AND (X3 (OR (X1 (NOT (X2)))) (OR ((NOT (X1)) X2)))))))))
(CAPTURE_CANDIDATE (AND ((OR ((AND ((NOT (X3)) (OR (X1 X2)))) (AND (X3 (OR (X1 (NOT (X2)))) (OR ((NOT (X1)) X2)))))))))
(CAPTURE_CANDIDATE (AND ((OR ((AND ((NOT (X3)) (OR (X1 X2)))) (AND (X3 (OR (X1 (NOT (X2)))) (OR ((NOT (X1)) X2)))))))))
(CAPTURE_CANDIDATE (AND ((OR ((AND ((NOT (X3)) (OR (X1 X2)))) (AND (X3 (OR (X1 (NOT (X2)))) (OR ((NOT (X1)) X2)))))))))
(CAPTURE_CANDIDATE (AND ((OR ((AND ((NOT (X3)) (OR (X1 X2)))) (AND (X3 (OR (X1 (NOT (X2)))) (OR ((NOT (X1)) X2)))))))))
(CAPTURE_CANDIDATE (AND ((OR ((AND ((NOT (X3)) (OR (X1 X2)))) (AND (X3 (OR (X1 (NOT (X2)))) (OR ((NOT (X1)) X2)))))))))
(CAPTURE_CANDIDATE (AND ((OR ((AND ((NOT (X3)) (OR (X1 X2)))) (AND (X3 (OR (X1 (NOT (X2)))) (OR ((NOT (X1)) X2)))))))))
(CAPTURE_CANDIDATE (AND ((OR ((AND ((NOT (X3)) (OR (X1 X2)))) (AND (X3 (OR (X1 (NOT (X2)))) (OR ((NOT (X1)) X2)))))))))
(CAPTURE_CANDIDATE (AND ((OR ((AND ((NOT (X3)) (OR (X1 X2)))) (AND (X3 (OR (X1 (NOT (X2)))) (OR ((NOT (X1)) X2)))))))))
(CAPTURE_CANDIDATE (AND ((OR ((AND ((NOT (X3)) (OR (X1 X2)))) (AND (X3 (OR (X1 (NOT (X2)))) (OR ((NOT (X1)) X2)))))))))
(CAPTURE_CANDIDATE (AND ((OR ((AND ((NOT (X3)) (OR (X1 X2)))) (AND (X3 (OR (X1 (NOT (X2)))) (OR ((NOT (X1)) X2)))))))))
(CAPTURE_CANDIDATE (AND ((OR ((AND ((NOT (X3)) (OR (X1 X2)))) (AND (X3 (OR (X1 (NOT (X2)))) (OR ((NOT (X1)) X2)))))))))
(CAPTURE_CANDIDATE (AND (X3 (OR (X1 (NOT (X2)))) (OR ((NOT (X1)) X2)))))
(CAPTURE_CANDIDATE (AND ((NOT (X2)) (OR ((AND ((NOT (X3)) X1)) (AND (X3 (NOT (X1)))))))))
(CAPTURE_CANDIDATE (AND ((NOT (X1)) (OR ((AND ((NOT (X3)) X2)) (AND (X3 (NOT (X2)))))))))
(CAPTURE_CANDIDATE (AND ((OR ((AND ((NOT (X3)) (OR (X1 X2)))) (AND ((OR (X1 (NOT (X2)))) (OR ((AND ((NOT (X1)) X3)) X2)) (OR (X2 X3)))))))))
(CAPTURE_CANDIDATE (AND ((OR ((AND ((NOT (X3)) (OR (X1 X2)))) (AND ((OR (X1 (NOT (X2)))) (OR ((AND ((NOT (X1)) X3)) X2)) (OR (X1 X3)))))))))
(CAPTURE_CANDIDATE (AND ((OR ((AND ((NOT (X3)) (OR (X1 X2)))) (AND (X3 X2 X1)))))))
(CAPTURE_CANDIDATE (AND ((OR ((AND ((NOT (X3)) (OR (X1 X2)))) (AND (X3 X2 X1)))))))
(CAPTURE_CANDIDATE (AND ((OR ((AND ((NOT (X3)) (OR (X1 X2)))) (AND (X3 X2 X1)))))))
(CAPTURE_CANDIDATE (AND ((OR ((AND ((NOT (X3)) (OR (X1 X2)))) (AND (X3 X2 X1)))))))
(CAPTURE_CANDIDATE (AND ((OR ((AND ((NOT (X3)) (OR (X1 X2)))) (AND (X1 X3 X2)))))))
(CAPTURE_CANDIDATE (AND ((OR ((AND ((NOT (X3)) (OR (X1 X2)))) (AND (X1 X3 X2)))))))
(CAPTURE_CANDIDATE (AND ((OR ((AND ((NOT (X3)) (OR (X1 X2)))) (AND (X2 X1 X3)))))))
(CAPTURE_CANDIDATE (AND (X3 (OR (X1 (NOT (X2)))) (OR ((NOT (X1)) X2)))))
(CAPTURE_CANDIDATE (AND ((NOT (X2)) (OR ((AND ((NOT (X3)) X1)) (AND (X3 (NOT (X1)))))))))
(CAPTURE_CANDIDATE (AND ((NOT (X1)) (OR ((AND ((NOT (X3)) X2)) (AND (X3 (NOT (X2)))))))))
(New best score: -3.2857142857142856)
(Terminating because score hasn't improved)
(Terminating because score hasn't improved)
(Terminating because score hasn't improved)
(OptimizedDeme: 383)
"Merging Deme"
(Demesize: 383)
(nEval: 10000 LenSInstList: 383)
(TopCnd: 383)
(Keep 100 Unique instances from 383)
(KeptUniqueTopCandidates NewSize: 100)
(TrimmedDownDeme: 100)
(CAPTURE_CANDIDATE (AND ((OR ((AND ((NOT (X3)) (OR (X1 X2)))) (AND ((OR (X1 (NOT (X2)))) (OR ((AND ((NOT (X1)) X3)) X2)))))))))
(CAPTURE_CANDIDATE (AND ((OR ((AND ((NOT (X3)) (OR (X1 X2)))) (AND (X3 (OR (X1 (NOT (X2)))) (OR ((NOT (X1)) X2)))))))))
(CAPTURE_CANDIDATE (AND ((OR ((AND ((NOT (X3)) (OR (X1 X2)))) (AND ((OR (X1 (NOT (X2)))) (OR ((AND ((NOT (X1)) X3)) X2)))))))))
(CAPTURE_CANDIDATE (AND ((OR ((AND ((NOT (X3)) (OR (X1 X2)))) (AND ((OR (X1 (NOT (X2)))) (OR ((AND (X3 (NOT (X1)))) X2)))))))))
(CAPTURE_CANDIDATE (AND ((OR ((AND ((NOT (X3)) (OR (X1 X2)))) (AND ((OR (X1 (NOT (X2)))) (OR ((AND ((NOT (X1)) X3)) X2)))))))))
(CAPTURE_CANDIDATE (AND ((OR ((AND ((NOT (X3)) (OR (X1 X2)))) (AND (X3 (OR (X1 (NOT (X2)))) (OR ((NOT (X1)) X2)))))))))
(CAPTURE_CANDIDATE (AND ((OR ((AND ((NOT (X3)) (OR (X1 X2)))) (AND ((OR (X1 (NOT (X2)))) (OR ((AND ((NOT (X1)) X3)) X2)))))))))
(CAPTURE_CANDIDATE (AND ((OR ((AND ((NOT (X3)) (OR (X1 X2)))) (AND (X3 (OR (X1 (NOT (X2)))) (OR ((NOT (X1)) X2)))))))))
(CAPTURE_CANDIDATE (AND ((OR ((AND ((NOT (X3)) (OR (X1 X2)))) (AND ((OR (X1 (NOT (X2)))) (OR ((AND ((NOT (X1)) X3)) X2)))))))))
(CAPTURE_CANDIDATE (AND ((OR ((AND ((NOT (X3)) (OR (X1 X2)))) (AND (X3 (OR (X1 (NOT (X2)))) (OR ((NOT (X1)) X2)))))))))
(CAPTURE_CANDIDATE (AND ((OR ((AND ((NOT (X3)) (OR (X1 X2)))) (AND ((OR (X1 (NOT (X2)))) (OR ((AND ((NOT (X1)) X3)) X2)))))))))
(CAPTURE_CANDIDATE (AND ((OR ((AND ((NOT (X3)) (OR (X1 X2)))) (AND (X3 (OR (X1 (NOT (X2)))) (OR ((NOT (X1)) X2)))))))))
(CAPTURE_CANDIDATE (AND ((OR ((AND ((NOT (X3)) (OR (X1 X2)))) (AND ((OR (X1 (NOT (X2)))) (OR ((AND ((NOT (X1)) X3)) X2)))))))))
(CAPTURE_CANDIDATE (AND ((OR ((AND ((NOT (X3)) (OR (X1 X2)))) (AND (X3 (OR (X1 (NOT (X2)))) (OR ((NOT (X1)) X2)))))))))
(CAPTURE_CANDIDATE (AND ((OR ((AND ((NOT (X3)) (OR (X1 X2)))) (AND ((OR (X1 (NOT (X2)))) (OR ((AND ((NOT (X1)) X3)) X2)))))))))
(CAPTURE_CANDIDATE (AND ((OR ((AND ((NOT (X3)) (OR (X1 X2)))) (AND (X3 (OR (X1 (NOT (X2)))) (OR ((NOT (X1)) X2)))))))))
(CAPTURE_CANDIDATE (AND ((OR ((AND ((NOT (X3)) (OR (X1 X2)))) (AND ((OR (X1 (NOT (X2)))) (OR ((AND ((NOT (X1)) X3)) X2)))))))))
(CAPTURE_CANDIDATE (AND ((OR ((AND ((NOT (X3)) (OR (X1 X2)))) (AND (X3 (OR (X1 (NOT (X2)))) (OR ((NOT (X1)) X2)))))))))
(CAPTURE_CANDIDATE (AND ((OR ((AND ((NOT (X3)) (OR (X1 X2)))) (AND ((OR (X1 (NOT (X2)))) (OR ((AND ((NOT (X1)) X3)) X2)))))))))
(CAPTURE_CANDIDATE (AND ((OR ((AND ((NOT (X3)) (OR (X1 X2)))) (AND (X3 (OR (X1 (NOT (X2)))) (OR ((NOT (X1)) X2)))))))))
(CAPTURE_CANDIDATE (AND ((OR ((AND ((NOT (X3)) (OR (X1 X2)))) (AND ((OR (X1 (NOT (X2)))) (OR ((AND ((NOT (X1)) X3)) X2)))))))))
(CAPTURE_CANDIDATE (AND ((OR ((AND ((NOT (X3)) (OR (X1 X2)))) (AND (X3 (OR (X1 (NOT (X2)))) (OR ((NOT (X1)) X2)))))))))
(CAPTURE_CANDIDATE (AND ((OR ((AND ((NOT (X3)) (OR (X1 X2)))) (AND ((OR (X1 (NOT (X2)))) (OR ((AND ((NOT (X1)) X3)) X2)))))))))
(CAPTURE_CANDIDATE (AND ((OR ((AND ((NOT (X3)) (OR (X1 X2)))) (AND (X3 (OR (X1 (NOT (X2)))) (OR ((NOT (X1)) X2)))))))))
(CAPTURE_CANDIDATE (AND ((OR ((AND ((NOT (X3)) (OR (X1 X2)))) (AND ((OR (X1 (NOT (X2)))) (OR ((AND ((NOT (X1)) X3)) X2)))))))))
(CAPTURE_CANDIDATE (AND ((OR ((AND ((NOT (X3)) (OR (X1 X2)))) (AND (X3 (OR (X1 (NOT (X2)))) (OR ((NOT (X1)) X2)))))))))
(CAPTURE_CANDIDATE (AND ((OR ((AND ((NOT (X3)) (OR (X1 X2)))) (AND ((OR (X1 (NOT (X2)))) (OR ((AND ((NOT (X1)) X3)) X2)))))))))
(CAPTURE_CANDIDATE (AND ((OR ((AND ((NOT (X3)) (OR (X1 X2)))) (AND (X3 (OR (X1 (NOT (X2)))) (OR ((NOT (X1)) X2)))))))))
(CAPTURE_CANDIDATE (AND ((OR ((AND ((NOT (X3)) (OR (X1 X2)))) (AND ((OR (X1 (NOT (X2)))) (OR ((AND ((NOT (X1)) X3)) X2)))))))))
(CAPTURE_CANDIDATE (AND ((OR ((AND ((NOT (X3)) (OR (X1 X2)))) (AND (X3 (OR (X1 (NOT (X2)))) (OR ((NOT (X1)) X2)))))))))
(CAPTURE_CANDIDATE (AND ((OR ((AND ((NOT (X3)) (OR (X1 X2)))) (AND ((OR (X1 (NOT (X2)))) (OR ((AND ((NOT (X1)) X3)) X2)))))))))
(CAPTURE_CANDIDATE (AND ((OR ((AND ((NOT (X3)) (OR (X1 X2)))) (AND (X3 (OR (X1 (NOT (X2)))) (OR ((NOT (X1)) X2)))))))))
(CAPTURE_CANDIDATE (AND ((OR ((AND ((NOT (X3)) (OR (X1 X2)))) (AND ((OR (X1 (NOT (X2)))) (OR ((AND ((NOT (X1)) X3)) X2)))))))))
(CAPTURE_CANDIDATE (AND ((OR ((AND ((NOT (X3)) (OR (X1 X2)))) (AND (X3 (OR (X1 (NOT (X2)))) (OR ((NOT (X1)) X2)))))))))
(CAPTURE_CANDIDATE (AND ((OR ((AND ((NOT (X3)) (OR (X1 X2)))) (AND ((OR (X1 (NOT (X2)))) (OR ((AND ((NOT (X1)) X3)) X2)))))))))
(CAPTURE_CANDIDATE (AND ((OR ((AND ((NOT (X3)) (OR (X1 X2)))) (AND (X3 (OR (X1 (NOT (X2)))) (OR ((NOT (X1)) X2)))))))))
(CAPTURE_CANDIDATE (AND ((OR ((AND ((NOT (X3)) (OR (X1 X2)))) (AND ((OR (X1 (NOT (X2)))) (OR ((AND ((NOT (X1)) X3)) X2)))))))))
(CAPTURE_CANDIDATE (AND ((OR ((AND ((NOT (X3)) (OR (X1 X2)))) (AND (X3 (OR (X1 (NOT (X2)))) (OR ((NOT (X1)) X2)))))))))
(CAPTURE_CANDIDATE (AND ((NOT (X1)) (OR ((AND ((NOT (X3)) X2)) (AND ((NOT (X2)) X3)))))))
(CAPTURE_CANDIDATE (AND ((NOT (X2)) (OR ((AND ((NOT (X3)) X1)) (AND ((NOT (X1)) X3)))))))
(CAPTURE_CANDIDATE (AND (X3 (OR (X1 (NOT (X2)))) (OR ((NOT (X1)) X2)))))
(CAPTURE_CANDIDATE (AND ((OR ((AND ((NOT (X3)) (OR (X1 X2)))) (AND (X2 X1)))))))
(CAPTURE_CANDIDATE (AND ((OR ((AND ((NOT (X3)) (OR (X1 X2)))) (AND (X1 X2)))))))
(CAPTURE_CANDIDATE (AND ((OR ((AND ((NOT (X3)) (OR (X1 X2)))) (AND (X2 X1)))))))
(CAPTURE_CANDIDATE (AND ((OR ((AND ((NOT (X3)) (OR (X1 X2)))) (AND (X1 X2)))))))
(CAPTURE_CANDIDATE (AND ((OR ((AND ((NOT (X3)) (OR (X1 X2)))) (AND (X2 X1)))))))
(CAPTURE_CANDIDATE (AND ((NOT (X1)) (OR ((AND ((NOT (X3)) X2)) (AND ((NOT (X2)) X3)))))))
(CAPTURE_CANDIDATE (AND ((NOT (X2)) (OR ((AND ((NOT (X3)) X1)) (AND ((NOT (X1)) X3)))))))
(CAPTURE_CANDIDATE (AND (X3 (OR (X1 (NOT (X2)))) (OR ((NOT (X1)) X2)))))
(CAPTURE_CANDIDATE (AND ((NOT (X2)) (OR ((AND ((NOT (X3)) X1)) (AND (X3 (NOT (X1)))))))))
(CAPTURE_CANDIDATE (AND ((NOT (X1)) (OR ((AND ((NOT (X3)) X2)) (AND (X3 (NOT (X2)))))))))
(CAPTURE_CANDIDATE (AND (X3 (OR (X1 (NOT (X2)))) (OR ((NOT (X1)) X2)))))
(CAPTURE_CANDIDATE (AND ((NOT (X2)) (OR ((AND ((NOT (X3)) X1)) (AND (X3 (NOT (X1)))))))))
(CAPTURE_CANDIDATE (AND ((NOT (X1)) (OR ((AND ((NOT (X3)) X2)) (AND (X3 (NOT (X2)))))))))
(CAPTURE_CANDIDATE (AND ((OR ((AND ((NOT (X3)) (OR ((AND (X1 (NOT (X2)))) X2)))) (AND ((OR (X1 (NOT (X2)))) (OR ((AND ((NOT (X1)) X3)) X2)))))))))
(CAPTURE_CANDIDATE (AND ((OR ((AND ((NOT (X3)) (OR (X1 (AND (X2 (NOT (X1)))))))) (AND ((OR (X1 (NOT (X2)))) (OR ((AND ((NOT (X1)) X3)) X2)))))))))
(CAPTURE_CANDIDATE (AND ((OR ((AND ((NOT (X3)) (OR (X1 (AND (X2 X2)))))) (AND ((OR (X1 (NOT (X2)))) (OR ((AND ((NOT (X1)) X3)) X2)))))))))
(CAPTURE_CANDIDATE (AND ((OR ((AND ((NOT (X3)) (OR (X1 X2 X1)))) (AND ((OR (X1 (NOT (X2)))) (OR ((AND ((NOT (X1)) X3)) X2)))))))))
(CAPTURE_CANDIDATE (AND ((OR ((AND ((NOT (X3)) (OR (X1 X2 X2)))) (AND ((OR (X1 (NOT (X2)))) (OR ((AND ((NOT (X1)) X3)) X2)))))))))
(CAPTURE_CANDIDATE (AND ((OR ((AND ((NOT (X3)) (OR (X1 X2 X1)))) (AND ((OR (X1 (NOT (X2)))) (OR ((AND ((NOT (X1)) X3)) X2)))))))))
(CAPTURE_CANDIDATE (AND ((OR ((AND ((NOT (X3)) (OR (X1 X2 X2)))) (AND ((OR (X1 (NOT (X2)))) (OR ((AND ((NOT (X1)) X3)) X2)))))))))
(CAPTURE_CANDIDATE (AND ((OR ((AND ((NOT (X3)) (OR (X1 X2)))) (AND ((OR (X1 (NOT (X2)) (NOT (X3)))) (OR ((AND ((NOT (X1)) X3)) X2)))))))))
(CAPTURE_CANDIDATE (AND ((OR ((AND ((NOT (X3)) (OR (X1 X2)))) (AND ((OR ((AND (X1 X2)) (NOT (X2)))) (OR ((AND ((NOT (X1)) X3)) X2)))))))))
(CAPTURE_CANDIDATE (AND ((OR ((AND ((NOT (X3)) (OR (X1 X2)))) (AND ((OR ((AND (X1 X3)) (NOT (X2)))) (OR ((AND ((NOT (X1)) X3)) X2)))))))))
(CAPTURE_CANDIDATE (AND ((OR ((AND ((NOT (X3)) (OR (X1 X2)))) (AND ((OR ((AND (X1 X2)) (NOT (X2)))) (OR ((AND ((NOT (X1)) X3)) X2)))))))))
(CAPTURE_CANDIDATE (AND ((OR ((AND ((NOT (X3)) (OR (X1 X2)))) (AND ((OR ((AND (X1 X3)) (NOT (X2)))) (OR ((AND ((NOT (X1)) X3)) X2)))))))))
(CAPTURE_CANDIDATE (AND ((OR ((AND ((NOT (X3)) (OR (X1 X2)))) (AND ((OR (X1 (AND ((NOT (X1)) (NOT (X2)))))) (OR ((AND ((NOT (X1)) X3)) X2)))))))))
(CAPTURE_CANDIDATE (AND ((OR ((AND ((NOT (X3)) (OR (X1 X2)))) (AND ((OR (X1 (AND ((NOT (X2)) X3)))) (OR ((AND ((NOT (X1)) X3)) X2)))))))))
(CAPTURE_CANDIDATE (AND ((OR ((AND ((NOT (X3)) (OR (X1 X2)))) (AND ((OR (X1 (AND ((NOT (X2)) (NOT (X1)))))) (OR ((AND ((NOT (X1)) X3)) X2)))))))))
(CAPTURE_CANDIDATE (AND ((OR ((AND ((NOT (X3)) (OR (X1 X2)))) (AND ((OR (X1 (NOT (X2)) X1)) (OR ((AND ((NOT (X1)) X3)) X2)))))))))
(CAPTURE_CANDIDATE (AND ((OR ((AND ((NOT (X3)) (OR (X1 X2)))) (AND ((OR (X1 (NOT (X2)) (NOT (X2)))) (OR ((AND ((NOT (X1)) X3)) X2)))))))))
(CAPTURE_CANDIDATE (AND ((OR ((AND ((NOT (X3)) (OR (X1 X2)))) (AND ((OR (X1 (NOT (X2)) (NOT (X3)))) (OR ((AND ((NOT (X1)) X3)) X2)))))))))
(CAPTURE_CANDIDATE (AND ((OR ((AND ((NOT (X3)) (OR (X1 X2)))) (AND ((OR (X1 (NOT (X2)))) (OR ((AND ((NOT (X2)) (NOT (X1)) X3)) X2)))))))))
(CAPTURE_CANDIDATE (AND ((OR ((AND ((NOT (X3)) (OR (X1 X2)))) (AND ((OR (X1 (NOT (X2)))) (OR ((AND ((NOT (X1)) (NOT (X2)) X3)) X2)))))))))
(CAPTURE_CANDIDATE (AND ((OR ((AND ((NOT (X3)) (OR (X1 X2)))) (AND ((OR (X1 (NOT (X2)))) (OR ((AND (X3 (OR ((NOT (X1)) X2)))) X2)))))))))
(CAPTURE_CANDIDATE (AND ((OR ((AND ((NOT (X3)) (OR (X1 X2)))) (AND ((OR (X1 (NOT (X2)))) (OR ((AND ((NOT (X1)) (OR (X3 X2)))) X2)))))))))
(CAPTURE_CANDIDATE (AND ((OR ((AND ((NOT (X3)) (OR (X1 X2)))) (AND ((OR (X1 (NOT (X2)))) (OR ((AND ((NOT (X1)) X3 (NOT (X2)))) X2)))))))))
(CAPTURE_CANDIDATE (AND ((OR ((AND ((NOT (X3)) (OR (X1 X2)))) (AND ((OR (X1 (NOT (X2)))) (OR ((AND ((NOT (X1)) X3)) (AND (X2 X1)))))))))))
(CAPTURE_CANDIDATE (AND ((OR ((AND ((NOT (X3)) (OR (X1 X2)))) (AND ((OR (X1 (NOT (X2)))) (OR ((AND ((NOT (X1)) X3)) X2 X2)))))))))
(CAPTURE_CANDIDATE (AND ((OR ((AND ((NOT (X3)) (OR (X1 X2)))) (AND ((OR (X1 (NOT (X2)))) (OR ((AND ((NOT (X1)) X3 (NOT (X1)))) X2)))))))))
(CAPTURE_CANDIDATE (AND ((OR ((AND ((NOT (X3)) (OR (X1 X2)))) (AND ((OR (X1 (NOT (X2)))) (OR ((AND ((NOT (X1)) X3 X3)) X2)))))))))
(CAPTURE_CANDIDATE (AND ((OR ((NOT (X3)) (AND ((OR (X1 (NOT (X2)))) (OR ((AND ((NOT (X1)) X3)) X2)))))))))
(CAPTURE_CANDIDATE (AND ((OR ((AND ((NOT (X3)) (OR (X1 X2)))) (AND ((NOT (X1)) (NOT (X2)) X3)))))))
(CAPTURE_CANDIDATE (AND ((OR ((AND ((NOT (X3)) (OR (X1 X2)))) (AND ((NOT (X2)) (NOT (X1)) X3)))))))
(CAPTURE_CANDIDATE (AND ((OR ((AND ((NOT (X3)) (OR (X1 X2)))) (AND ((NOT (X1)) (NOT (X2)) X3)))))))
(CAPTURE_CANDIDATE (AND ((OR ((AND ((NOT (X3)) (OR (X1 X2)))) (AND ((NOT (X2)) (NOT (X1)) X3)))))))
(CAPTURE_CANDIDATE (AND ((OR ((AND ((NOT (X3)) (OR (X1 X2)))) (AND ((NOT (X1)) X3 (NOT (X2)))))))))
(CAPTURE_CANDIDATE (AND ((OR ((AND ((NOT (X3)) (OR (X1 X2)))) (AND ((NOT (X1)) (NOT (X2)) X3)))))))
(CAPTURE_CANDIDATE (AND ((OR ((AND ((NOT (X3)) (OR (X1 X2)))) (AND ((NOT (X1)) X3 (NOT (X2)))))))))
(CAPTURE_CANDIDATE (AND ((OR ((AND ((NOT (X3)) (OR (X1 X2)))) (AND ((NOT (X1)) (NOT (X2)) X3)))))))
(CAPTURE_CANDIDATE (AND ((OR ((AND ((NOT (X3)) (OR (X1 X2)))) (AND ((NOT (X2)) (NOT (X1)) X3)))))))
(CAPTURE_CANDIDATE (AND ((OR ((AND ((NOT (X3)) (OR (X1 X2)))) (AND ((NOT (X2)) X3 (NOT (X1)))))))))
(CAPTURE_CANDIDATE (AND ((OR ((AND ((NOT (X3)) (OR (X1 X2)))) (AND ((NOT (X1)) X3 (NOT (X2)))))))))
(CAPTURE_CANDIDATE (AND ((OR ((AND ((NOT (X3)) (OR (X1 X2)))) (AND (X3 X2 X1)))))))
(CAPTURE_CANDIDATE (AND ((OR ((AND ((NOT (X3)) (OR (X1 X2)))) (AND (X1 X3 X2)))))))
(CAPTURE_CANDIDATE (AND ((OR ((AND ((NOT (X3)) (OR (X1 X2)))) (AND (X2 X1 X3)))))))
(CAPTURE_CANDIDATE (AND ((OR ((AND (X1 X2)) (AND ((NOT (X3)) (OR (X1 X2)))) (AND ((OR (X1 (NOT (X2)))) (OR ((AND ((NOT (X1)) X3)) X2)))))))))
(CAPTURE_CANDIDATE (AND ((OR ((AND ((NOT (X3)) (OR (X1 X2)))) (AND ((OR (X1 (NOT (X2)))) (OR ((AND ((NOT (X1)) X3)) X2)))))) (OR ((NOT (X2)) X3)))))
(CAPTURE_CANDIDATE (AND ((OR ((AND ((NOT (X3)) (OR (X1 X2 (AND ((NOT (X1)) X2)))))) (AND ((OR (X1 (NOT (X2)))) (OR ((AND ((NOT (X1)) X3)) X2)))))))))
(CAPTURE_CANDIDATE (AND ((OR ((AND ((NOT (X3)) (OR (X1 X2 (AND (X1 X2)))))) (AND ((OR (X1 (NOT (X2)))) (OR ((AND ((NOT (X1)) X3)) X2)))))))))
(Before getNewCandidates: 100)
(Going to merge 2 Instances)
(Metapop size before resize: 189)
(Metapop size after resize: 189)
""
(Generation 1)
"expand  deme returnn"
(SelectedTree: (AND (OR (AND (NOT X3) (OR X1 X2)) (AND X3 (OR X1 (NOT X2)) (OR (NOT X1) X2)))))
(GeneratedList: (0 0 0 0 0 0 0 0 0 0 0 0 0 0 0 0 0 0 0 0 1 0 0 1 0 0 1 0 0 0 1 1 0 0 0 0 0 0 0 0 0 0 0 0 0 0 0 0 0 0 0 0 0 0 0 0 0 0 0 0 1 1 0 0 1 1 0 0 0 0 0 0 0 0 0 0 1 0 0 0 0 0 0 0 0 0 0 0 0 0 0 0 1 1 0 0 0 0 1 0 0 0 0 0 0 0 0 0 0 0 0 0 0 0 0 0 0 0 0 0 0 0 0 0 0 0 0 0 0 0 0 0 0 0 0 0 0 0 0))
""
(Iteration 1 running)
(Crossover: false)
(CenterInst: (0 0 0 0 0 0 0 0 0 0 0 0 0 0 0 0 0 0 0 0 1 0 0 1 0 0 1 0 0 0 1 1 0 0 0 0 0 0 0 0 0 0 0 0 0 0 0 0 0 0 0 0 0 0 0 0 0 0 0 0 1 1 0 0 1 1 0 0 0 0 0 0 0 0 0 0 1 0 0 0 0 0 0 0 0 0 0 0 0 0 0 0 1 1 0 0 0 0 1 0 0 0 0 0 0 0 0 0 0 0 0 0 0 0 0 0 0 0 0 0 0 0 0 0 0 0 0 0 0 0 0 0 0 0 0 0 0 0 0))
(size: 8)
(1 : 1 : 0)
(CAPTURE_CANDIDATE (AND ((OR ((AND ((NOT (X3)) (OR (X1 X2)))) (AND (X3 (OR (X1 (NOT (X2)))) (OR ((NOT (X1)) X2)))))))))
(New best score: -3.2857142857142856)
""
(Iteration 2 running)
(Crossover: false)
(CenterInst: (0 0 0 0 0 0 0 0 0 0 0 0 0 0 0 0 0 0 0 0 1 0 0 1 0 0 1 0 0 0 1 1 0 0 0 0 0 0 0 0 0 0 0 0 0 0 0 0 0 0 0 0 0 0 0 0 0 0 0 0 1 1 0 0 1 1 0 0 0 0 0 0 0 0 0 0 1 0 0 0 0 0 0 0 0 0 0 0 0 0 0 0 1 1 0 0 0 0 1 0 0 0 0 0 0 0 0 0 0 0 0 0 0 0 0 0 0 0 0 0 0 0 0 0 0 0 0 0 0 0 0 0 0 0 0 0 0 0 0))
(size: 8)
(834 : 499 : 1)
(CAPTURE_CANDIDATE (AND ((OR ((AND ((NOT (X3)) (OR (X1 X2)))) (AND (X3 (OR (X1 (NOT (X2)))) (OR ((NOT (X1)) X2)))))))))
(CAPTURE_CANDIDATE (AND ((OR (X1 (AND ((NOT (X3)) (OR (X1 X2)))) (AND (X3 (OR (X1 (NOT (X2)))) (OR ((NOT (X1)) X2)))))))))
(CAPTURE_CANDIDATE (AND ((OR ((NOT (X1)) (AND ((NOT (X3)) (OR (X1 X2)))) (AND (X3 (OR (X1 (NOT (X2)))) (OR ((NOT (X1)) X2)))))))))
(CAPTURE_CANDIDATE (AND ((OR (X2 (AND ((NOT (X3)) (OR (X1 X2)))) (AND (X3 (OR (X1 (NOT (X2)))) (OR ((NOT (X1)) X2)))))))))
(CAPTURE_CANDIDATE (AND ((OR ((NOT (X2)) (AND ((NOT (X3)) (OR (X1 X2)))) (AND (X3 (OR (X1 (NOT (X2)))) (OR ((NOT (X1)) X2)))))))))
(CAPTURE_CANDIDATE (AND ((OR (X3 (AND ((NOT (X3)) (OR (X1 X2)))) (AND (X3 (OR (X1 (NOT (X2)))) (OR ((NOT (X1)) X2)))))))))
(CAPTURE_CANDIDATE (AND ((OR ((NOT (X3)) (AND ((NOT (X3)) (OR (X1 X2)))) (AND (X3 (OR (X1 (NOT (X2)))) (OR ((NOT (X1)) X2)))))))))
(CAPTURE_CANDIDATE (AND ((OR ((AND ((NOT (X2)) X3)) (AND ((NOT (X3)) (OR (X1 X2)))) (AND (X3 (OR (X1 (NOT (X2)))) (OR ((NOT (X1)) X2)))))))))
(CAPTURE_CANDIDATE (AND ((OR (X2 (NOT (X3)) (AND ((NOT (X3)) (OR (X1 X2)))) (AND (X3 (OR (X1 (NOT (X2)))) (OR ((NOT (X1)) X2)))))))))
(CAPTURE_CANDIDATE (AND ((OR ((AND ((NOT (X1)) X2)) (AND ((NOT (X3)) (OR (X1 X2)))) (AND (X3 (OR (X1 (NOT (X2)))) (OR ((NOT (X1)) X2)))))))))
(CAPTURE_CANDIDATE (AND ((OR (X1 (NOT (X2)) (AND ((NOT (X3)) (OR (X1 X2)))) (AND (X3 (OR (X1 (NOT (X2)))) (OR ((NOT (X1)) X2)))))))))
(CAPTURE_CANDIDATE (AND ((OR ((AND (X1 X3)) (AND ((NOT (X3)) (OR (X1 X2)))) (AND (X3 (OR (X1 (NOT (X2)))) (OR ((NOT (X1)) X2)))))))))
(CAPTURE_CANDIDATE (AND ((OR ((NOT (X1)) (NOT (X3)) (AND ((NOT (X3)) (OR (X1 X2)))) (AND (X3 (OR (X1 (NOT (X2)))) (OR ((NOT (X1)) X2)))))))))
(CAPTURE_CANDIDATE (AND (X1 (OR ((NOT (X3)) (AND (X3 X2)))))))
(CAPTURE_CANDIDATE (AND ((NOT (X1)) (OR ((AND ((NOT (X3)) X2)) (AND (X3 (NOT (X2)))))))))
(CAPTURE_CANDIDATE (AND (X2 (OR ((NOT (X3)) (AND (X3 X1)))))))
(CAPTURE_CANDIDATE (AND ((NOT (X2)) (OR ((AND ((NOT (X3)) X1)) (AND (X3 (NOT (X1)))))))))
(CAPTURE_CANDIDATE (AND (X3 (OR (X1 (NOT (X2)))) (OR ((NOT (X1)) X2)))))
(CAPTURE_CANDIDATE (AND ((NOT (X3)) (OR (X1 X2)))))
(CAPTURE_CANDIDATE (AND ((OR ((AND ((NOT (X3)) (OR (X1 X2)))) (AND (X3 (OR (X1 (NOT (X2)))) (OR ((NOT (X1)) X2)))))) (OR (X2 X3)))))
(CAPTURE_CANDIDATE (AND ((NOT (X2)) (NOT (X3)) X1)))
(CAPTURE_CANDIDATE (AND ((OR ((AND ((NOT (X3)) (OR (X1 X2)))) (AND (X3 (OR (X1 (NOT (X2)))) (OR ((NOT (X1)) X2)))))) (OR ((NOT (X2)) X3)))))
(CAPTURE_CANDIDATE (AND (X2 (NOT (X3)))))
(CAPTURE_CANDIDATE (AND ((OR ((AND ((NOT (X3)) (OR (X1 X2)))) (AND (X3 (OR (X1 (NOT (X2)))) (OR ((NOT (X1)) X2)))))) (OR (X1 X3)))))
(CAPTURE_CANDIDATE (AND ((NOT (X1)) (NOT (X3)) X2)))
(CAPTURE_CANDIDATE (AND ((OR ((AND ((NOT (X3)) (OR (X1 X2)))) (AND (X3 (OR (X1 (NOT (X2)))) (OR ((NOT (X1)) X2)))) X1)))))
(CAPTURE_CANDIDATE (AND ((OR ((AND ((NOT (X3)) (OR (X1 X2)))) (AND (X3 (OR (X1 (NOT (X2)))) (OR ((NOT (X1)) X2)))) (NOT (X1)))))))
(CAPTURE_CANDIDATE (AND ((OR ((AND ((NOT (X3)) (OR (X1 X2)))) (AND (X3 (OR (X1 (NOT (X2)))) (OR ((NOT (X1)) X2)))) X2)))))
(CAPTURE_CANDIDATE (AND ((OR ((AND ((NOT (X3)) (OR (X1 X2)))) (AND (X3 (OR (X1 (NOT (X2)))) (OR ((NOT (X1)) X2)))) (NOT (X2)))))))
(CAPTURE_CANDIDATE (AND ((OR ((AND ((NOT (X3)) (OR (X1 X2)))) (AND (X3 (OR (X1 (NOT (X2)))) (OR ((NOT (X1)) X2)))) X3)))))
(CAPTURE_CANDIDATE (AND ((OR ((AND ((NOT (X3)) (OR (X1 X2)))) (AND (X3 (OR (X1 (NOT (X2)))) (OR ((NOT (X1)) X2)))) (NOT (X3)))))))
(CAPTURE_CANDIDATE (AND ((OR ((AND ((NOT (X3)) (OR (X1 X2)))) (AND (X3 (OR (X1 (NOT (X2)))) (OR ((NOT (X1)) X2)))) (AND (X2 X3)))))))
(CAPTURE_CANDIDATE (AND ((OR ((AND ((NOT (X3)) (OR (X1 X2)))) (AND (X3 (OR (X1 (NOT (X2)))) (OR ((NOT (X1)) X2)))) (NOT (X2)) (NOT (X3)))))))
(CAPTURE_CANDIDATE (AND ((OR ((AND ((NOT (X3)) (OR (X1 X2)))) (AND (X3 (OR (X1 (NOT (X2)))) (OR ((NOT (X1)) X2)))) (AND (X1 X2)))))))
(CAPTURE_CANDIDATE (AND ((OR ((AND ((NOT (X3)) (OR (X1 X2)))) (AND (X3 (OR (X1 (NOT (X2)))) (OR ((NOT (X1)) X2)))) (NOT (X1)) (NOT (X2)))))))
(CAPTURE_CANDIDATE (AND ((OR ((AND ((NOT (X3)) (OR (X1 X2)))) (AND (X3 (OR (X1 (NOT (X2)))) (OR ((NOT (X1)) X2)))) (AND ((NOT (X1)) X2)))))))
(CAPTURE_CANDIDATE (AND ((OR ((AND ((NOT (X3)) (OR (X1 X2)))) (AND (X3 (OR (X1 (NOT (X2)))) (OR ((NOT (X1)) X2)))) X1 (NOT (X2)))))))
(CAPTURE_CANDIDATE (AND ((OR ((AND (X1 (NOT (X3)))) (AND (X3 (OR (X1 (NOT (X2)))) (OR ((NOT (X1)) X2)))))))))
(CAPTURE_CANDIDATE (AND ((OR ((AND ((NOT (X1)) (NOT (X3)) X2)) (AND (X3 (OR (X1 (NOT (X2)))) (OR ((NOT (X1)) X2)))))))))
(CAPTURE_CANDIDATE (AND ((OR ((AND (X2 (NOT (X3)))) (AND (X3 (OR (X1 (NOT (X2)))) (OR ((NOT (X1)) X2)))))))))
(CAPTURE_CANDIDATE (AND ((OR ((AND ((NOT (X2)) (NOT (X3)) X1)) (AND (X3 (OR (X1 (NOT (X2)))) (OR ((NOT (X1)) X2)))))))))
(CAPTURE_CANDIDATE (AND ((OR ((AND (X3 (OR (X1 (NOT (X2)))) (OR ((NOT (X1)) X2)))) X1 X2)))))
(CAPTURE_CANDIDATE (AND (X3 (OR ((AND ((OR (X1 (NOT (X2)))) (OR ((NOT (X1)) X2)))) X1 X2)))))
(CAPTURE_CANDIDATE (AND ((OR ((AND ((NOT (X3)) X2)) (AND (X3 (OR (X1 (NOT (X2)))) (OR ((NOT (X1)) X2)))))))))
(CAPTURE_CANDIDATE (AND ((OR ((AND ((NOT (X2)) (NOT (X3)) X1)) (AND (X3 (OR (X1 (NOT (X2)))) (OR ((NOT (X1)) X2)))))))))
(CAPTURE_CANDIDATE (AND ((OR ((AND ((NOT (X3)) X1)) (AND (X3 (OR (X1 (NOT (X2)))) (OR ((NOT (X1)) X2)))))))))
(CAPTURE_CANDIDATE (AND ((OR ((AND ((NOT (X1)) (NOT (X3)) X2)) (AND (X3 (OR (X1 (NOT (X2)))) (OR ((NOT (X1)) X2)))))))))
(CAPTURE_CANDIDATE (AND ((OR ((NOT (X3)) (AND (X3 (OR (X1 (NOT (X2)))) (OR ((NOT (X1)) X2)))))))))
(CAPTURE_CANDIDATE (AND ((OR ((AND ((NOT (X3)) (NOT (X1)) (NOT (X2)))) (AND (X3 (OR (X1 (NOT (X2)))) (OR ((NOT (X1)) X2)))))))))
(CAPTURE_CANDIDATE (AND ((OR ((AND ((OR (X1 (NOT (X3)))) (OR (X1 X2)))) (AND (X3 (OR (X1 (NOT (X2)))) (OR ((NOT (X1)) X2)))))))))
(CAPTURE_CANDIDATE (AND ((OR ((AND ((OR ((NOT (X1)) (NOT (X3)))) (OR (X1 X2)))) (AND (X3 (OR (X1 (NOT (X2)))) (OR ((NOT (X1)) X2)))))))))
(CAPTURE_CANDIDATE (AND ((OR ((AND ((OR (X2 (NOT (X3)))) (OR (X1 X2)))) (AND (X3 (OR (X1 (NOT (X2)))) (OR ((NOT (X1)) X2)))))))))
(CAPTURE_CANDIDATE (AND ((OR ((AND ((OR ((NOT (X2)) (NOT (X3)))) (OR (X1 X2)))) (AND (X3 (OR (X1 (NOT (X2)))) (OR ((NOT (X1)) X2)))))))))
(CAPTURE_CANDIDATE (AND ((OR ((AND (X3 (OR (X1 (NOT (X2)))) (OR ((NOT (X1)) X2)))) X1 X2)))))
(CAPTURE_CANDIDATE (AND (X3 (OR ((AND ((OR (X1 (NOT (X2)))) (OR ((NOT (X1)) X2)))) X1 X2)))))
(CAPTURE_CANDIDATE (AND ((OR ((AND ((OR ((NOT (X3)) (AND ((NOT (X1)) X3)))) (OR (X1 X2)))) (AND (X3 (OR (X1 (NOT (X2)))) (OR ((NOT (X1)) X2)))))))))
(CAPTURE_CANDIDATE (AND ((OR ((AND ((OR ((NOT (X3)) X1 (NOT (X3)))) (OR (X1 X2)))) (AND (X3 (OR (X1 (NOT (X2)))) (OR ((NOT (X1)) X2)))))))))
(CAPTURE_CANDIDATE (AND ((OR ((AND ((OR ((NOT (X3)) (AND ((NOT (X2)) X3)))) (OR (X1 X2)))) (AND (X3 (OR (X1 (NOT (X2)))) (OR ((NOT (X1)) X2)))))))))
(CAPTURE_CANDIDATE (AND ((OR ((AND ((OR ((NOT (X3)) X2 (NOT (X3)))) (OR (X1 X2)))) (AND (X3 (OR (X1 (NOT (X2)))) (OR ((NOT (X1)) X2)))))))))
(CAPTURE_CANDIDATE (AND ((OR ((AND ((OR ((NOT (X3)) (AND (X1 X2)))) (OR (X1 X2)))) (AND (X3 (OR (X1 (NOT (X2)))) (OR ((NOT (X1)) X2)))))))))
(CAPTURE_CANDIDATE (AND ((OR ((AND ((OR ((NOT (X3)) (NOT (X1)) (NOT (X2)))) (OR (X1 X2)))) (AND (X3 (OR (X1 (NOT (X2)))) (OR ((NOT (X1)) X2)))))))))
(CAPTURE_CANDIDATE (AND ((OR ((AND ((NOT (X3)) X2)) (AND (X3 (OR (X1 (NOT (X2)))) (OR ((NOT (X1)) X2)))))))))
(CAPTURE_CANDIDATE (AND ((OR ((AND ((NOT (X3)) (OR ((NOT (X1)) X2)))) (AND (X3 (OR (X1 (NOT (X2)))) (OR ((NOT (X1)) X2)))))))))
(CAPTURE_CANDIDATE (AND ((OR ((AND ((NOT (X3)) X1)) (AND (X3 (OR (X1 (NOT (X2)))) (OR ((NOT (X1)) X2)))))))))
(CAPTURE_CANDIDATE (AND ((OR ((AND ((NOT (X3)) (OR (X1 (NOT (X2)))))) (AND (X3 (OR (X1 (NOT (X2)))) (OR ((NOT (X1)) X2)))))))))
(CAPTURE_CANDIDATE (AND ((OR ((AND ((NOT (X3)) (OR (X1 X2)))) (AND (X3 (OR (X1 (NOT (X2)))) (OR ((NOT (X1)) X2)))))))))
(CAPTURE_CANDIDATE (AND ((OR ((NOT (X3)) (AND (X3 (OR (X1 (NOT (X2)))) (OR ((NOT (X1)) X2)))))))))
(CAPTURE_CANDIDATE (AND ((OR ((AND ((NOT (X3)) (OR (X1 X2)))) (AND (X3 (OR (X1 (NOT (X2)))) (OR ((NOT (X1)) X2)))))))))
(CAPTURE_CANDIDATE (AND ((OR ((NOT (X3)) (AND (X3 (OR (X1 (NOT (X2)))) (OR ((NOT (X1)) X2)))))))))
(CAPTURE_CANDIDATE (AND ((OR ((AND ((NOT (X3)) (OR (X1 X2 (AND ((NOT (X1)) X2)))))) (AND (X3 (OR (X1 (NOT (X2)))) (OR ((NOT (X1)) X2)))))))))
(CAPTURE_CANDIDATE (AND ((OR ((AND ((NOT (X3)) (OR (X1 X2 X1 (NOT (X2)))))) (AND (X3 (OR (X1 (NOT (X2)))) (OR ((NOT (X1)) X2)))))))))
(CAPTURE_CANDIDATE (AND ((OR ((AND ((NOT (X3)) (OR (X1 X2)))) (AND (X3 (OR (X1 (NOT (X2)))) (OR ((NOT (X1)) X2)))))))))
(CAPTURE_CANDIDATE (AND ((OR ((NOT (X3)) (AND (X3 (OR (X1 (NOT (X2)))) (OR ((NOT (X1)) X2)))))))))
(CAPTURE_CANDIDATE (AND ((OR ((AND ((NOT (X3)) X2 X1)) (AND (X3 (OR (X1 (NOT (X2)))) (OR ((NOT (X1)) X2)))))))))
(CAPTURE_CANDIDATE (AND ((OR ((AND ((NOT (X3)) (OR ((AND (X1 (NOT (X2)))) X2)))) (AND (X3 (OR (X1 (NOT (X2)))) (OR ((NOT (X1)) X2)))))))))
(CAPTURE_CANDIDATE (AND ((OR ((AND ((NOT (X3)) X2)) (AND (X3 (OR (X1 (NOT (X2)))) (OR ((NOT (X1)) X2)))))))))
(CAPTURE_CANDIDATE (AND ((OR ((AND ((NOT (X3)) (OR (X1 X2)))) (AND (X3 (OR (X1 (NOT (X2)))) (OR ((NOT (X1)) X2)))))))))
(CAPTURE_CANDIDATE (AND ((OR ((AND ((NOT (X3)) X2)) (AND (X3 (OR (X1 (NOT (X2)))) (OR ((NOT (X1)) X2)))))))))
(CAPTURE_CANDIDATE (AND ((OR ((AND ((NOT (X3)) (OR ((AND (X1 X1)) X2)))) (AND (X3 (OR (X1 (NOT (X2)))) (OR ((NOT (X1)) X2)))))))))
(CAPTURE_CANDIDATE (AND ((OR ((AND ((NOT (X3)) X2 X1)) (AND (X3 (OR (X1 (NOT (X2)))) (OR ((NOT (X1)) X2)))))))))
(CAPTURE_CANDIDATE (AND ((OR ((AND ((NOT (X3)) (OR ((AND (X1 X1 (NOT (X2)))) X2)))) (AND (X3 (OR (X1 (NOT (X2)))) (OR ((NOT (X1)) X2)))))))))
(CAPTURE_CANDIDATE (AND ((OR ((AND ((NOT (X3)) (OR ((AND (X1 (NOT (X2)))) X2)))) (AND (X3 (OR (X1 (NOT (X2)))) (OR ((NOT (X1)) X2)))))))))
(CAPTURE_CANDIDATE (AND ((OR ((AND ((NOT (X3)) X2 X1 (NOT (X3)))) (AND (X3 (OR (X1 (NOT (X2)))) (OR ((NOT (X1)) X2)))))))))
(CAPTURE_CANDIDATE (AND ((OR ((AND ((NOT (X3)) X1 X2)) (AND (X3 (OR (X1 (NOT (X2)))) (OR ((NOT (X1)) X2)))))))))
(CAPTURE_CANDIDATE (AND ((OR ((AND ((NOT (X3)) (OR (X1 (AND (X2 (NOT (X1)))))))) (AND (X3 (OR (X1 (NOT (X2)))) (OR ((NOT (X1)) X2)))))))))
(CAPTURE_CANDIDATE (AND ((OR ((AND ((NOT (X3)) X1)) (AND (X3 (OR (X1 (NOT (X2)))) (OR ((NOT (X1)) X2)))))))))
(CAPTURE_CANDIDATE (AND ((OR ((AND ((NOT (X3)) (OR (X1 X2)))) (AND (X3 (OR (X1 (NOT (X2)))) (OR ((NOT (X1)) X2)))))))))
(CAPTURE_CANDIDATE (AND ((OR ((AND ((NOT (X3)) X1)) (AND (X3 (OR (X1 (NOT (X2)))) (OR ((NOT (X1)) X2)))))))))
(CAPTURE_CANDIDATE (AND ((OR ((AND ((NOT (X3)) (OR (X1 (AND (X2 X2)))))) (AND (X3 (OR (X1 (NOT (X2)))) (OR ((NOT (X1)) X2)))))))))
(CAPTURE_CANDIDATE (AND ((OR ((AND ((NOT (X3)) (OR (X1 X2)))) (AND (X3 (OR (X1 (NOT (X2)))) (OR ((NOT (X1)) X2)))))))))
(CAPTURE_CANDIDATE (AND ((OR ((AND ((NOT (X3)) X1)) (AND (X3 (OR (X1 (NOT (X2)))) (OR ((NOT (X1)) X2)))))))))
(CAPTURE_CANDIDATE (AND ((OR ((AND ((NOT (X3)) (OR (X1 (AND (X2 (NOT (X1)))))))) (AND (X3 (OR (X1 (NOT (X2)))) (OR ((NOT (X1)) X2)))))))))
(CAPTURE_CANDIDATE (AND ((OR ((AND ((NOT (X3)) X1 X2 (NOT (X3)))) (AND (X3 (OR (X1 (NOT (X2)))) (OR ((NOT (X1)) X2)))))))))
(CAPTURE_CANDIDATE (AND ((OR ((AND ((NOT (X3)) (OR (X1 X2 X1)))) (AND (X3 (OR (X1 (NOT (X2)))) (OR ((NOT (X1)) X2)))))))))
(CAPTURE_CANDIDATE (AND ((OR ((AND ((NOT (X3)) (OR (X1 X2 (NOT (X1)))))) (AND (X3 (OR (X1 (NOT (X2)))) (OR ((NOT (X1)) X2)))))))))
(CAPTURE_CANDIDATE (AND ((OR ((AND ((NOT (X3)) (OR (X1 X2 X2)))) (AND (X3 (OR (X1 (NOT (X2)))) (OR ((NOT (X1)) X2)))))))))
(CAPTURE_CANDIDATE (AND ((OR ((AND ((NOT (X3)) (OR (X1 X2 (NOT (X2)))))) (AND (X3 (OR (X1 (NOT (X2)))) (OR ((NOT (X1)) X2)))))))))
(CAPTURE_CANDIDATE (AND ((OR ((AND ((NOT (X3)) (OR (X1 X2)))) (AND (X3 (OR (X1 (NOT (X2)))) (OR ((NOT (X1)) X2)))))))))
(CAPTURE_CANDIDATE (AND ((OR ((NOT (X3)) (AND (X3 (OR (X1 (NOT (X2)))) (OR ((NOT (X1)) X2)))))))))
(CAPTURE_CANDIDATE (AND ((OR ((AND ((NOT (X3)) (OR (X1 X2 (NOT (X2)))))) (AND (X3 (OR (X1 (NOT (X2)))) (OR ((NOT (X1)) X2)))))))))
(CAPTURE_CANDIDATE (AND ((OR ((AND ((NOT (X3)) (OR (X1 X2 X2)))) (AND (X3 (OR (X1 (NOT (X2)))) (OR ((NOT (X1)) X2)))))))))
(CAPTURE_CANDIDATE (AND ((OR ((AND ((NOT (X3)) (OR (X1 X2 X1 X2)))) (AND (X3 (OR (X1 (NOT (X2)))) (OR ((NOT (X1)) X2)))))))))
(CAPTURE_CANDIDATE (AND ((OR ((AND ((NOT (X3)) (OR (X1 X2 (AND ((NOT (X1)) (NOT (X2)))))))) (AND (X3 (OR (X1 (NOT (X2)))) (OR ((NOT (X1)) X2)))))))))
(CAPTURE_CANDIDATE (AND ((OR ((AND ((NOT (X3)) (OR (X1 X2 X2)))) (AND (X3 (OR (X1 (NOT (X2)))) (OR ((NOT (X1)) X2)))))))))
(CAPTURE_CANDIDATE (AND ((OR ((AND ((NOT (X3)) (OR (X1 X2 (NOT (X2)))))) (AND (X3 (OR (X1 (NOT (X2)))) (OR ((NOT (X1)) X2)))))))))
(CAPTURE_CANDIDATE (AND ((OR ((AND ((NOT (X3)) X1)) (AND (X3 (OR (X1 (NOT (X2)))) (OR ((NOT (X1)) X2)))))))))
(CAPTURE_CANDIDATE (AND ((OR ((AND ((NOT (X3)) (NOT (X1)) X2)) (AND (X3 (OR (X1 (NOT (X2)))) (OR ((NOT (X1)) X2)))))))))
(CAPTURE_CANDIDATE (AND ((OR ((AND ((NOT (X3)) X2)) (AND (X3 (OR (X1 (NOT (X2)))) (OR ((NOT (X1)) X2)))))))))
(CAPTURE_CANDIDATE (AND ((OR ((AND ((NOT (X3)) (NOT (X2)) X1)) (AND (X3 (OR (X1 (NOT (X2)))) (OR ((NOT (X1)) X2)))))))))
(CAPTURE_CANDIDATE (AND (X3 (OR (X1 (NOT (X2)))) (OR ((NOT (X1)) X2)))))
(CAPTURE_CANDIDATE (AND ((OR ((AND ((NOT (X3)) (OR (X1 X2)))) (AND (X3 (OR (X1 (NOT (X2)))) (OR ((NOT (X1)) X2)))))))))
(CAPTURE_CANDIDATE (AND ((OR ((AND ((NOT (X3)) (NOT (X1)) X2)) (AND (X3 (OR (X1 (NOT (X2)))) (OR ((NOT (X1)) X2)))))))))
(CAPTURE_CANDIDATE (AND ((OR ((AND ((NOT (X3)) (OR (X1 X2)) (OR (X1 (NOT (X2)))))) (AND (X3 (OR (X1 (NOT (X2)))) (OR ((NOT (X1)) X2)))))))))
(CAPTURE_CANDIDATE (AND (X3 (OR (X1 (NOT (X2)))) (OR ((NOT (X1)) X2)))))
(CAPTURE_CANDIDATE (AND ((OR ((AND ((NOT (X3)) (OR (X1 X2)))) (AND (X3 (OR (X1 (NOT (X2)))) (OR ((NOT (X1)) X2)))))))))
(CAPTURE_CANDIDATE (AND ((OR ((AND ((NOT (X3)) X1 X2)) (AND (X3 (OR (X1 (NOT (X2)))) (OR ((NOT (X1)) X2)))))))))
(CAPTURE_CANDIDATE (AND ((OR ((AND ((NOT (X3)) (OR (X1 X2)) (OR ((NOT (X1)) (NOT (X2)))))) (AND (X3 (OR (X1 (NOT (X2)))) (OR ((NOT (X1)) X2)))))))))
(CAPTURE_CANDIDATE (AND ((OR ((AND ((NOT (X3)) (OR (X1 X2)))) (AND (X1 X3 X2)))))))
(CAPTURE_CANDIDATE (AND ((OR ((AND ((NOT (X3)) (OR (X1 X2)))) (AND ((NOT (X1)) (NOT (X2)) X3)))))))
(CAPTURE_CANDIDATE (AND ((OR ((AND ((NOT (X3)) (OR (X1 X2)))) (AND (X2 X1 X3)))))))
(CAPTURE_CANDIDATE (AND ((OR ((AND ((NOT (X3)) (OR (X1 X2)))) (AND ((NOT (X2)) X3 (NOT (X1)))))))))
(CAPTURE_CANDIDATE (AND ((OR ((AND ((NOT (X3)) (OR (X1 X2)))) (AND ((OR (X1 (NOT (X2)))) (OR ((NOT (X1)) X2)))))))))
(CAPTURE_CANDIDATE (AND ((NOT (X3)) (OR ((AND ((OR (X1 (NOT (X2)))) (OR ((NOT (X1)) X2)))) X1 X2)))))
(CAPTURE_CANDIDATE (AND ((OR ((AND ((NOT (X3)) (OR (X1 X2)))) (AND (X3 (OR (X1 (NOT (X2)))))))))))
(CAPTURE_CANDIDATE (AND ((OR ((AND ((NOT (X3)) (OR (X1 X2)))) (AND (X3 X1 (NOT (X2)))))))))
(CAPTURE_CANDIDATE (AND ((OR ((AND ((NOT (X3)) (OR (X1 X2)))) (AND (X3 (OR (X1 (NOT (X2)))) (OR ((NOT (X1)) X2)))))))))
(CAPTURE_CANDIDATE (AND ((NOT (X3)) (OR (X1 X2)))))
(CAPTURE_CANDIDATE (AND ((OR ((AND ((NOT (X3)) (OR (X1 X2)))) (AND (X3 (OR (X1 (NOT (X2)))) (OR ((NOT (X1)) X2)))))))))
(CAPTURE_CANDIDATE (AND ((NOT (X3)) (OR (X1 X2)))))
(CAPTURE_CANDIDATE (AND ((OR ((AND ((NOT (X3)) (OR (X1 X2)))) (AND ((NOT (X2)) X3 (NOT (X1)))))))))
(CAPTURE_CANDIDATE (AND ((OR ((AND ((NOT (X3)) (OR (X1 X2)))) (AND (X3 (OR ((NOT (X1)) (NOT (X2)))) (OR ((NOT (X1)) X2)))))))))
(CAPTURE_CANDIDATE (AND ((OR ((AND ((NOT (X3)) (OR (X1 X2)))) (AND (X1 X3 X2)))))))
(CAPTURE_CANDIDATE (AND ((OR ((AND ((NOT (X3)) (OR (X1 X2)))) (AND (X3 (OR (X1 X2)) (OR ((NOT (X1)) X2)))))))))
(CAPTURE_CANDIDATE (AND ((OR ((AND ((NOT (X3)) (OR (X1 X2)))) (AND (X3 (OR ((NOT (X1)) X2)))))))))
(CAPTURE_CANDIDATE (AND ((OR ((AND ((NOT (X3)) (OR (X1 X2)))) (AND (X3 (OR (X1 (NOT (X2)))) (OR ((NOT (X1)) X2)))))))))
(CAPTURE_CANDIDATE (AND ((OR ((AND ((NOT (X3)) (OR (X1 X2)))) (AND (X3 (OR (X1 (NOT (X2)) X1)) (OR ((NOT (X1)) X2)))))))))
(CAPTURE_CANDIDATE (AND ((OR ((AND ((NOT (X3)) (OR (X1 X2)))) (AND (X3 (OR (X1 (NOT (X2)) (NOT (X1)))) (OR ((NOT (X1)) X2)))))))))
(CAPTURE_CANDIDATE (AND ((OR ((AND ((NOT (X3)) (OR (X1 X2)))) (AND (X3 (OR (X1 (NOT (X2)) (NOT (X1)))) (OR ((NOT (X1)) X2)))))))))
(CAPTURE_CANDIDATE (AND ((OR ((AND ((NOT (X3)) (OR (X1 X2)))) (AND (X3 (OR (X1 (NOT (X2)) X1)) (OR ((NOT (X1)) X2)))))))))
(CAPTURE_CANDIDATE (AND ((OR ((AND ((NOT (X3)) (OR (X1 X2)))) (AND (X3 (OR (X1 (NOT (X2)) (AND ((NOT (X1)) X2)))) (OR ((NOT (X1)) X2)))))))))
(CAPTURE_CANDIDATE (AND ((OR ((AND ((NOT (X3)) (OR (X1 X2)))) (AND (X3 (OR (X1 (NOT (X2)) X1 (NOT (X2)))) (OR ((NOT (X1)) X2)))))))))
(CAPTURE_CANDIDATE (AND ((OR ((AND ((NOT (X3)) (OR (X1 X2)))) (AND (X3 (OR ((AND (X1 X2)) (NOT (X2)))) (OR ((NOT (X1)) X2)))))))))
(CAPTURE_CANDIDATE (AND ((OR ((AND ((NOT (X3)) (OR (X1 X2)))) (AND ((NOT (X2)) X1 X3)))))))
(CAPTURE_CANDIDATE (AND ((OR ((AND ((NOT (X3)) (OR (X1 X2)))) (AND (X3 (OR (X1 (NOT (X2)))) (OR ((NOT (X1)) X2)))))))))
(CAPTURE_CANDIDATE (AND ((OR ((AND ((NOT (X3)) (OR (X1 X2)))) (AND (X3 (NOT (X2)) (NOT (X1)))))))))
(CAPTURE_CANDIDATE (AND ((OR ((AND ((NOT (X3)) (OR (X1 X2)))) (AND (X3 (OR (X1 (NOT (X2)))) (OR ((NOT (X1)) X2)))))))))
(CAPTURE_CANDIDATE (AND ((NOT (X3)) (OR (X1 X2)))))
(CAPTURE_CANDIDATE (AND ((OR ((AND ((NOT (X3)) (OR (X1 X2)))) (AND (X3 (OR (X1 (NOT (X2)))) (OR ((NOT (X1)) X2)))))))))
(CAPTURE_CANDIDATE (AND ((OR ((AND ((NOT (X3)) (OR (X1 X2)))) (AND ((NOT (X2)) X3 (NOT (X1)))))))))
(CAPTURE_CANDIDATE (AND ((OR ((AND ((NOT (X3)) (OR (X1 X2)))) (AND (X3 (OR (X1 (NOT (X2)))) (OR ((NOT (X1)) X2)))))))))
(CAPTURE_CANDIDATE (AND ((OR ((AND ((NOT (X3)) (OR (X1 X2)))) (AND (X3 (NOT (X2)) (NOT (X1)))))))))
(CAPTURE_CANDIDATE (AND ((OR ((AND ((NOT (X3)) (OR (X1 X2)))) (AND (X1 (NOT (X2)) X3)))))))
(CAPTURE_CANDIDATE (AND ((OR ((AND ((NOT (X3)) (OR (X1 X2)))) (AND (X3 (OR (X1 (AND ((NOT (X1)) (NOT (X2)))))) (OR ((NOT (X1)) X2)))))))))
(CAPTURE_CANDIDATE (AND ((OR ((AND ((NOT (X3)) (OR (X1 X2)))) (AND (X1 X3 X2)))))))
(CAPTURE_CANDIDATE (AND ((OR ((AND ((NOT (X3)) (OR (X1 X2)))) (AND (X3 (OR (X1 X2)) (OR ((NOT (X1)) X2)))))))))
(CAPTURE_CANDIDATE (AND ((OR ((AND ((NOT (X3)) (OR (X1 X2)))) (AND (X3 (OR (X1 (NOT (X2)))) (OR ((NOT (X1)) X2)))))))))
(CAPTURE_CANDIDATE (AND ((OR ((AND ((NOT (X3)) (OR (X1 X2)))) (AND (X3 X1 X2)))))))
(CAPTURE_CANDIDATE (AND ((OR ((AND ((NOT (X3)) (OR (X1 X2)))) (AND (X3 (OR (X1 (NOT (X2)))) (OR ((NOT (X1)) X2)))))))))
(CAPTURE_CANDIDATE (AND ((OR ((AND ((NOT (X3)) (OR (X1 X2)))) (AND (X3 X1 X2)))))))
(CAPTURE_CANDIDATE (AND ((OR ((AND ((NOT (X3)) (OR (X1 X2)))) (AND (X1 X3 (NOT (X2)))))))))
(CAPTURE_CANDIDATE (AND ((OR ((AND ((NOT (X3)) (OR (X1 X2)))) (AND (X3 (OR (X1 (AND ((NOT (X2)) (NOT (X1)) (NOT (X2)))))) (OR ((NOT (X1)) X2)))))))))
(CAPTURE_CANDIDATE (AND ((OR ((AND ((NOT (X3)) (OR (X1 X2)))) (AND (X3 (OR (X1 (AND ((NOT (X2)) (NOT (X1)))))) (OR ((NOT (X1)) X2)))))))))
(CAPTURE_CANDIDATE (AND ((OR ((AND ((NOT (X3)) (OR (X1 X2)))) (AND (X1 (NOT (X2)) X3)))))))
(CAPTURE_CANDIDATE (AND ((OR ((AND ((NOT (X3)) (OR (X1 X2)))) (AND (X3 (OR (X1 (NOT (X2)) X1)) (OR ((NOT (X1)) X2)))))))))
(CAPTURE_CANDIDATE (AND ((OR ((AND ((NOT (X3)) (OR (X1 X2)))) (AND (X3 (OR (X1 (NOT (X2)) (NOT (X1)))) (OR ((NOT (X1)) X2)))))))))
(CAPTURE_CANDIDATE (AND ((OR ((AND ((NOT (X3)) (OR (X1 X2)))) (AND (X3 (OR (X1 (NOT (X2)) X2)) (OR ((NOT (X1)) X2)))))))))
(CAPTURE_CANDIDATE (AND ((OR ((AND ((NOT (X3)) (OR (X1 X2)))) (AND (X3 (OR (X1 (NOT (X2)) (NOT (X2)))) (OR ((NOT (X1)) X2)))))))))
(CAPTURE_CANDIDATE (AND ((OR ((AND ((NOT (X3)) (OR (X1 X2)))) (AND (X3 (OR ((NOT (X1)) X2)))))))))
(CAPTURE_CANDIDATE (AND ((OR ((AND ((NOT (X3)) (OR (X1 X2)))) (AND (X3 (OR (X1 (NOT (X2)))) (OR ((NOT (X1)) X2)))))))))
(CAPTURE_CANDIDATE (AND ((OR ((AND ((NOT (X3)) (OR (X1 X2)))) (AND (X3 (OR ((NOT (X1)) X2)))))))))
(CAPTURE_CANDIDATE (AND ((OR ((AND ((NOT (X3)) (OR (X1 X2)))) (AND (X3 (OR (X1 (NOT (X2)))) (OR ((NOT (X1)) X2)))))))))
(CAPTURE_CANDIDATE (AND ((OR ((AND ((NOT (X3)) (OR (X1 X2)))) (AND (X3 (OR ((NOT (X1)) X2)))))))))
(CAPTURE_CANDIDATE (AND ((OR ((AND ((NOT (X3)) (OR (X1 X2)))) (AND (X3 (OR (X1 (NOT (X2)))) (OR ((NOT (X1)) X2)))))))))
(CAPTURE_CANDIDATE (AND ((OR ((AND ((NOT (X3)) (OR (X1 X2)))) (AND (X3 (OR ((NOT (X1)) X2)))))))))
(CAPTURE_CANDIDATE (AND ((OR ((AND ((NOT (X3)) (OR (X1 X2)))) (AND (X3 (OR (X1 (NOT (X2)))) (OR ((NOT (X1)) X2)))))))))
(CAPTURE_CANDIDATE (AND ((OR ((AND ((NOT (X3)) (OR (X1 X2)))) (AND ((OR (X1 (NOT (X2)))) (OR (X3 X1)) (OR ((NOT (X1)) X2)))))))))
(CAPTURE_CANDIDATE (AND ((OR ((AND ((NOT (X3)) (OR (X1 X2)))) (AND ((OR (X1 (NOT (X2)))) (OR (X3 (NOT (X1)))) (OR ((NOT (X1)) X2)))))))))
(CAPTURE_CANDIDATE (AND ((OR ((AND ((NOT (X3)) (OR (X1 X2)))) (AND ((OR (X1 (NOT (X2)))) (OR (X3 X2)) (OR ((NOT (X1)) X2)))))))))
(CAPTURE_CANDIDATE (AND ((OR ((AND ((NOT (X3)) (OR (X1 X2)))) (AND ((OR (X1 (NOT (X2)))) (OR (X3 (NOT (X2)))) (OR ((NOT (X1)) X2)))))))))
(CAPTURE_CANDIDATE (AND ((OR ((AND ((NOT (X3)) (OR (X1 X2)))) (AND (X3 (NOT (X2)) (NOT (X1)))))))))
(CAPTURE_CANDIDATE (AND ((OR ((AND ((NOT (X3)) (OR (X1 X2)))) (AND ((OR (X1 (NOT (X2)))) (OR (X3 X2 (NOT (X3)))) (OR ((NOT (X1)) X2)))))))))
(CAPTURE_CANDIDATE (AND ((OR ((AND ((NOT (X3)) (OR (X1 X2)))) (AND ((OR (X1 (NOT (X2)))) (OR (X3 (AND ((NOT (X1)) X2)))) (OR ((NOT (X1)) X2)))))))))
(CAPTURE_CANDIDATE (AND ((OR ((AND ((NOT (X3)) (OR (X1 X2)))) (AND ((OR (X1 (NOT (X2)))) (OR (X3 X1 (NOT (X2)))) (OR ((NOT (X1)) X2)))))))))
(CAPTURE_CANDIDATE (AND ((OR ((AND ((NOT (X3)) (OR (X1 X2)))) (AND (X3 (NOT (X1)) (NOT (X2)))))))))
(CAPTURE_CANDIDATE (AND ((OR ((AND ((NOT (X3)) (OR (X1 X2)))) (AND ((OR (X1 (NOT (X2)))) (OR (X3 X1 (NOT (X3)))) (OR ((NOT (X1)) X2)))))))))
(CAPTURE_CANDIDATE (AND ((OR ((AND ((NOT (X3)) (OR (X1 X2)))) (AND (X3 X2 X1)))))))
(CAPTURE_CANDIDATE (AND ((OR ((AND ((NOT (X3)) (OR (X1 X2)))) (AND (X3 (OR (X1 (NOT (X2)))) (OR (X1 X2)))))))))
(CAPTURE_CANDIDATE (AND ((OR ((AND ((NOT (X3)) (OR (X1 X2)))) (AND (X3 (NOT (X1)) (NOT (X2)))))))))
(CAPTURE_CANDIDATE (AND ((OR ((AND ((NOT (X3)) (OR (X1 X2)))) (AND (X3 (OR (X1 (NOT (X2)))) (OR ((NOT (X1)) (NOT (X2)))))))))))
(CAPTURE_CANDIDATE (AND ((OR ((AND ((NOT (X3)) (OR (X1 X2)))) (AND (X3 (OR (X1 (NOT (X2)))))))))))
(CAPTURE_CANDIDATE (AND ((OR ((AND ((NOT (X3)) (OR (X1 X2)))) (AND (X3 (OR (X1 (NOT (X2)))) (OR ((NOT (X1)) X2)))))))))
(CAPTURE_CANDIDATE (AND ((OR ((AND ((NOT (X3)) (OR (X1 X2)))) (AND (X3 (OR (X1 (NOT (X2)))) (OR ((NOT (X1)) X2 X2)))))))))
(CAPTURE_CANDIDATE (AND ((OR ((AND ((NOT (X3)) (OR (X1 X2)))) (AND (X3 (OR (X1 (NOT (X2)))) (OR ((NOT (X1)) X2 (NOT (X2)))))))))))
(CAPTURE_CANDIDATE (AND ((OR ((AND ((NOT (X3)) (OR (X1 X2)))) (AND (X3 (OR (X1 (NOT (X2)))) (OR ((NOT (X1)) X2 (AND ((NOT (X1)) X2)))))))))))
(CAPTURE_CANDIDATE (AND ((OR ((AND ((NOT (X3)) (OR (X1 X2)))) (AND (X3 (OR (X1 (NOT (X2)))) (OR ((NOT (X1)) X2 X1 (NOT (X2)))))))))))
(CAPTURE_CANDIDATE (AND ((OR ((AND ((NOT (X3)) (OR (X1 X2)))) (AND (X3 (OR (X1 (NOT (X2)))) (OR ((NOT (X1)) X2 (NOT (X2)))))))))))
(CAPTURE_CANDIDATE (AND ((OR ((AND ((NOT (X3)) (OR (X1 X2)))) (AND (X3 (OR (X1 (NOT (X2)))) (OR ((NOT (X1)) X2 X2)))))))))
(CAPTURE_CANDIDATE (AND ((OR ((AND ((NOT (X3)) (OR (X1 X2)))) (AND (X3 X2 X1)))))))
(CAPTURE_CANDIDATE (AND ((OR ((AND ((NOT (X3)) (OR (X1 X2)))) (AND (X3 (OR (X1 (NOT (X2)))) (OR (X1 X2)))))))))
(CAPTURE_CANDIDATE (AND ((OR ((AND ((NOT (X3)) (OR (X1 X2)))) (AND (X3 X2 (NOT (X1)))))))))
(CAPTURE_CANDIDATE (AND ((OR ((AND ((NOT (X3)) (OR (X1 X2)))) (AND (X3 (OR (X1 (NOT (X2)))) (OR ((AND ((NOT (X1)) (NOT (X2)))) X2)))))))))
(CAPTURE_CANDIDATE (AND ((OR ((AND ((NOT (X3)) (OR (X1 X2)))) (AND (X3 (OR (X1 (NOT (X2)))) (OR ((NOT (X1)) X2)))))))))
(CAPTURE_CANDIDATE (AND ((OR ((AND ((NOT (X3)) (OR (X1 X2)))) (AND (X3 X2 X1)))))))
(CAPTURE_CANDIDATE (AND ((OR ((AND ((NOT (X3)) (OR (X1 X2)))) (AND (X3 (OR (X1 (NOT (X2)))) (OR ((NOT (X1)) X2)))))))))
(CAPTURE_CANDIDATE (AND ((NOT (X3)) (OR (X1 X2)))))
(CAPTURE_CANDIDATE (AND ((OR ((AND ((NOT (X3)) (OR (X1 X2)))) (AND (X3 (OR (X1 (NOT (X2)))) (OR ((NOT (X1)) X2)))))))))
(CAPTURE_CANDIDATE (AND ((OR ((AND ((NOT (X3)) (OR (X1 X2)))) (AND (X3 X2 X1)))))))
(CAPTURE_CANDIDATE (AND ((OR ((AND ((NOT (X3)) (OR (X1 X2)))) (AND (X3 (OR (X1 (NOT (X2)))) (OR ((NOT (X1)) X2)))))))))
(CAPTURE_CANDIDATE (AND ((OR ((AND ((NOT (X3)) (OR (X1 X2)))) (AND (X3 X2 X1)))))))
(CAPTURE_CANDIDATE (AND ((OR ((AND ((NOT (X3)) (OR (X1 X2)))) (AND (X3 (OR (X1 (NOT (X2)))) (OR ((NOT (X1)) (AND (X2 X1)))))))))))
(CAPTURE_CANDIDATE (AND ((OR ((AND ((NOT (X3)) (OR (X1 X2)))) (AND (X3 (NOT (X1)) X2)))))))
(CAPTURE_CANDIDATE (AND ((OR ((AND ((NOT (X3)) (OR (X1 X2)))) (AND (X3 (OR (X1 (NOT (X2)))) (OR ((NOT (X1)) X2)))))))))
(CAPTURE_CANDIDATE (AND ((OR ((AND ((NOT (X3)) (OR (X1 X2)))) (AND (X3 (NOT (X1)) (NOT (X2)))))))))
(CAPTURE_CANDIDATE (AND ((OR ((AND ((NOT (X3)) (OR (X1 X2)))) (AND (X3 (OR (X1 (NOT (X2)))) (OR ((NOT (X1)) X2)))))))))
(CAPTURE_CANDIDATE (AND ((OR ((AND ((NOT (X3)) (OR (X1 X2)))) (AND (X3 (NOT (X1)) (NOT (X2)))))))))
(CAPTURE_CANDIDATE (AND ((OR ((AND ((NOT (X3)) (OR (X1 X2)))) (AND (X3 (OR (X1 (NOT (X2)))) (OR ((NOT (X1)) X2)))))))))
(CAPTURE_CANDIDATE (AND ((NOT (X3)) (OR (X1 X2)))))
(CAPTURE_CANDIDATE (AND ((OR ((AND ((NOT (X3)) (OR (X1 X2)))) (AND (X3 (OR (X1 (NOT (X2)))) (OR ((NOT (X1)) X2)))))))))
(CAPTURE_CANDIDATE (AND ((OR ((AND ((NOT (X3)) (OR (X1 X2)))) (AND (X3 (NOT (X1)) (NOT (X2)))))))))
(CAPTURE_CANDIDATE (AND ((OR ((AND ((NOT (X3)) (OR (X1 X2)))) (AND (X3 (OR (X1 (NOT (X2)))) (OR ((NOT (X1)) X2 X1)))))))))
(CAPTURE_CANDIDATE (AND ((OR ((AND ((NOT (X3)) (OR (X1 X2)))) (AND (X3 (OR (X1 (NOT (X2)))) (OR ((NOT (X1)) X2 (NOT (X1)))))))))))
(CAPTURE_CANDIDATE (AND ((OR ((AND ((NOT (X3)) (OR (X1 X2)))) (AND (X3 (OR (X1 (NOT (X2)))) (OR ((NOT (X1)) X2 X2)))))))))
(CAPTURE_CANDIDATE (AND ((OR ((AND ((NOT (X3)) (OR (X1 X2)))) (AND (X3 (OR (X1 (NOT (X2)))) (OR ((NOT (X1)) X2 (NOT (X2)))))))))))
(CAPTURE_CANDIDATE (AND ((OR ((AND ((NOT (X3)) (OR (X1 X2)))) (AND (X3 (OR (X1 (NOT (X2)))))))))))
(CAPTURE_CANDIDATE (AND ((OR ((AND ((NOT (X3)) (OR (X1 X2)))) (AND (X3 (OR (X1 (NOT (X2)))) (OR ((NOT (X1)) X2)))))))))
(CAPTURE_CANDIDATE (AND ((OR ((AND ((NOT (X3)) (OR (X1 X2)))) (AND (X3 (OR (X1 (NOT (X2)))) (OR ((NOT (X1)) X2 X1 X2)))))))))
(CAPTURE_CANDIDATE (AND ((OR ((AND ((NOT (X3)) (OR (X1 X2)))) (AND (X3 (OR (X1 (NOT (X2)))) (OR ((NOT (X1)) X2 (AND ((NOT (X1)) (NOT (X2)))))))))))))
(CAPTURE_CANDIDATE (AND ((OR ((AND ((NOT (X3)) (OR (X1 X2)))) (AND (X3 (OR (X1 (NOT (X2)))) (OR ((NOT (X1)) X2 (NOT (X1)) X2)))))))))
(CAPTURE_CANDIDATE (AND ((OR ((AND ((NOT (X3)) (OR (X1 X2)))) (AND (X3 (OR (X1 (NOT (X2)))) (OR ((NOT (X1)) X2 (AND (X1 (NOT (X2)))))))))))))
(CAPTURE_CANDIDATE (AND ((OR ((AND ((NOT (X3)) (OR (X1 X2)))) (AND (X3 (OR (X1 (NOT (X2)))))))))))
(CAPTURE_CANDIDATE (AND ((OR ((AND ((NOT (X3)) (OR (X1 X2)))) (AND (X3 (OR (X1 (NOT (X2)))) (OR ((NOT (X1)) X2)))))))))
(CAPTURE_CANDIDATE (AND ((OR ((AND ((NOT (X3)) (OR (X1 X2)))) (AND (X3 X1 X2)))))))
(CAPTURE_CANDIDATE (AND ((OR ((AND ((NOT (X3)) (OR (X1 X2)))) (AND (X3 (NOT (X1)) (NOT (X2)))))))))
(CAPTURE_CANDIDATE (AND ((OR ((AND ((NOT (X3)) (OR (X1 X2)))) (AND (X3 X2 X1)))))))
(CAPTURE_CANDIDATE (AND ((OR ((AND ((NOT (X3)) (OR (X1 X2)))) (AND (X3 (NOT (X2)) (NOT (X1)))))))))
(CAPTURE_CANDIDATE (AND ((OR ((AND ((NOT (X3)) (OR (X1 X2)))) (AND (X3 (OR (X1 (NOT (X2)))) (OR ((NOT (X1)) X2)))))))))
(CAPTURE_CANDIDATE (AND ((NOT (X3)) (OR (X1 X2)))))
(CAPTURE_CANDIDATE (AND ((OR ((AND ((NOT (X3)) (OR (X1 X2)))) (AND (X3 (NOT (X1)) X2)))))))
(CAPTURE_CANDIDATE (AND ((OR ((AND ((NOT (X3)) (OR (X1 X2)))) (AND (X3 (OR (X1 (NOT (X2)))) (OR ((NOT (X1)) X2)) (OR (X1 (NOT (X2)))))))))))
(CAPTURE_CANDIDATE (AND ((OR ((AND ((NOT (X3)) (OR (X1 X2)))) (AND (X3 X1 X2)))))))
(CAPTURE_CANDIDATE (AND ((OR ((AND ((NOT (X3)) (OR (X1 X2)))) (AND (X3 (OR (X1 (NOT (X2)))) (OR ((NOT (X1)) X2)) (OR ((NOT (X1)) (NOT (X2)))))))))))
(CAPTURE_CANDIDATE (AND ((OR ((AND ((NOT (X3)) (OR (X1 X2)))) (AND (X3 (NOT (X1)) (NOT (X2)))))))))
(CAPTURE_CANDIDATE (AND ((OR ((AND ((NOT (X3)) (OR (X1 X2)))) (AND (X3 X1 X2)))))))
(CAPTURE_CANDIDATE (AND ((OR ((AND ((NOT (X3)) (OR (X1 X2)))) (AND (X3 (OR (X1 (NOT (X2)))) (OR ((NOT (X1)) X2)))) X1)))))
(CAPTURE_CANDIDATE (AND ((OR ((AND ((NOT (X3)) (OR (X1 X2)))) (AND (X3 (OR (X1 (NOT (X2)))) (OR ((NOT (X1)) X2)))) (NOT (X1)))))))
(CAPTURE_CANDIDATE (AND ((OR ((AND ((NOT (X3)) (OR (X1 X2)))) (AND (X3 (OR (X1 (NOT (X2)))) (OR ((NOT (X1)) X2)))) X2)))))
(CAPTURE_CANDIDATE (AND ((OR ((AND ((NOT (X3)) (OR (X1 X2)))) (AND (X3 (OR (X1 (NOT (X2)))) (OR ((NOT (X1)) X2)))) (NOT (X2)))))))
(CAPTURE_CANDIDATE (AND ((OR ((AND ((NOT (X3)) (OR (X1 X2)))) (AND (X3 (OR (X1 (NOT (X2)))) (OR ((NOT (X1)) X2)))) X3)))))
(CAPTURE_CANDIDATE (AND ((OR ((AND ((NOT (X3)) (OR (X1 X2)))) (AND (X3 (OR (X1 (NOT (X2)))) (OR ((NOT (X1)) X2)))) (NOT (X3)))))))
(CAPTURE_CANDIDATE (AND ((OR ((AND ((NOT (X3)) (OR (X1 X2)))) (AND (X3 (OR (X1 (NOT (X2)))) (OR ((NOT (X1)) X2)))) (NOT (X1)) X2)))))
(CAPTURE_CANDIDATE (AND ((OR ((AND ((NOT (X3)) (OR (X1 X2)))) (AND (X3 (OR (X1 (NOT (X2)))) (OR ((NOT (X1)) X2)))) (AND (X1 (NOT (X2)))))))))
(CAPTURE_CANDIDATE (AND ((OR ((AND ((NOT (X3)) (OR (X1 X2)))) (AND (X3 (OR (X1 (NOT (X2)))) (OR ((NOT (X1)) X2)))) (NOT (X1)) X3)))))
(CAPTURE_CANDIDATE (AND ((OR ((AND ((NOT (X3)) (OR (X1 X2)))) (AND (X3 (OR (X1 (NOT (X2)))) (OR ((NOT (X1)) X2)))) (AND (X1 (NOT (X3)))))))))
(CAPTURE_CANDIDATE (AND ((OR ((AND ((NOT (X3)) (OR (X1 X2)))) (AND (X3 (OR (X1 (NOT (X2)))) (OR ((NOT (X1)) X2)))) X1 X2)))))
(CAPTURE_CANDIDATE (AND ((OR ((AND ((NOT (X3)) (OR (X1 X2)))) (AND (X3 (OR (X1 (NOT (X2)))) (OR ((NOT (X1)) X2)))) (AND ((NOT (X1)) (NOT (X2)))))))))
(CAPTURE_CANDIDATE (AND (X1 (OR ((NOT (X3)) (AND (X3 X2)))))))
(CAPTURE_CANDIDATE (AND ((NOT (X1)) (OR ((AND ((NOT (X3)) X2)) (AND (X3 (NOT (X2)))))))))
(CAPTURE_CANDIDATE (AND (X2 (OR ((NOT (X3)) (AND (X3 X1)))))))
(CAPTURE_CANDIDATE (AND ((NOT (X2)) (OR ((AND ((NOT (X3)) X1)) (AND (X3 (NOT (X1)))))))))
(CAPTURE_CANDIDATE (AND (X3 (OR (X1 (NOT (X2)))) (OR ((NOT (X1)) X2)))))
(CAPTURE_CANDIDATE (AND ((NOT (X3)) (OR (X1 X2)))))
(CAPTURE_CANDIDATE (AND ((NOT (X1)) X2 (OR ((NOT (X3)) X3)))))
(CAPTURE_CANDIDATE (AND ((OR ((AND ((NOT (X3)) (OR (X1 X2)))) (AND (X3 (OR (X1 (NOT (X2)))) (OR ((NOT (X1)) X2)))))) (OR (X1 (NOT (X2)))))))
(CAPTURE_CANDIDATE (AND (X1 X3 X2)))
(CAPTURE_CANDIDATE (AND ((OR ((AND ((NOT (X3)) (OR (X1 X2)))) (AND (X3 (OR (X1 (NOT (X2)))) (OR ((NOT (X1)) X2)))))) (OR ((NOT (X1)) (NOT (X3)))))))
(CAPTURE_CANDIDATE (AND ((NOT (X1)) X3 (NOT (X2)))))
(CAPTURE_CANDIDATE (AND ((OR ((AND ((NOT (X3)) (OR (X1 X2)))) (AND (X3 (OR (X1 (NOT (X2)))) (OR ((NOT (X1)) X2)))))) (OR (X1 (NOT (X3)))))))
(CAPTURE_CANDIDATE (AND ((OR (X1 (AND ((NOT (X3)) (OR (X1 X2)))) (AND (X3 (OR (X1 (NOT (X2)))) (OR ((NOT (X1)) X2)))))))))
(CAPTURE_CANDIDATE (AND ((OR ((NOT (X1)) (AND ((NOT (X3)) (OR (X1 X2)))) (AND (X3 (OR (X1 (NOT (X2)))) (OR ((NOT (X1)) X2)))))))))
(CAPTURE_CANDIDATE (AND ((OR (X2 (AND ((NOT (X3)) (OR (X1 X2)))) (AND (X3 (OR (X1 (NOT (X2)))) (OR ((NOT (X1)) X2)))))))))
(CAPTURE_CANDIDATE (AND ((OR ((NOT (X2)) (AND ((NOT (X3)) (OR (X1 X2)))) (AND (X3 (OR (X1 (NOT (X2)))) (OR ((NOT (X1)) X2)))))))))
(CAPTURE_CANDIDATE (AND ((OR (X3 (AND ((NOT (X3)) (OR (X1 X2)))) (AND (X3 (OR (X1 (NOT (X2)))) (OR ((NOT (X1)) X2)))))))))
(CAPTURE_CANDIDATE (AND ((OR ((NOT (X3)) (AND ((NOT (X3)) (OR (X1 X2)))) (AND (X3 (OR (X1 (NOT (X2)))) (OR ((NOT (X1)) X2)))))))))
(CAPTURE_CANDIDATE (AND ((OR ((AND ((NOT (X3)) (OR (X1 X2)))) (AND (X3 (OR (X1 (NOT (X2)))) (OR ((NOT (X1)) X2)))) (NOT (X1)) X3)))))
(CAPTURE_CANDIDATE (AND ((OR ((AND (X1 (NOT (X3)))) (AND ((NOT (X3)) (OR (X1 X2)))) (AND (X3 (OR (X1 (NOT (X2)))) (OR ((NOT (X1)) X2)))))))))
(CAPTURE_CANDIDATE (AND ((OR ((AND ((NOT (X3)) (OR (X1 X2)))) (AND (X3 (OR (X1 (NOT (X2)))) (OR ((NOT (X1)) X2)))) (NOT (X1)) X2)))))
(CAPTURE_CANDIDATE (AND ((OR ((AND (X1 (NOT (X2)))) (AND ((NOT (X3)) (OR (X1 X2)))) (AND (X3 (OR (X1 (NOT (X2)))) (OR ((NOT (X1)) X2)))))))))
(CAPTURE_CANDIDATE (AND ((OR ((AND ((NOT (X3)) (OR (X1 X2)))) (AND (X3 (OR (X1 (NOT (X2)))) (OR ((NOT (X1)) X2)))) X2 X3)))))
(CAPTURE_CANDIDATE (AND ((OR ((AND ((NOT (X2)) (NOT (X3)))) (AND ((NOT (X3)) (OR (X1 X2)))) (AND (X3 (OR (X1 (NOT (X2)))) (OR ((NOT (X1)) X2)))))))))
(New best score: -2.8571428571428568)
""
(Iteration 3 running)
(Crossover: true)
(CenterInst: (0 0 0 0 0 0 0 0 0 0 0 0 0 0 0 0 0 0 0 0 1 0 0 1 0 0 1 0 0 0 1 1 0 0 0 0 0 0 0 0 0 0 0 0 0 0 0 0 0 0 0 0 0 0 0 0 0 0 0 0 1 1 0 0 1 1 0 0 0 0 0 0 0 0 0 0 1 0 0 0 0 0 0 0 0 0 0 0 0 0 0 0 1 1 0 0 0 0 1 0 0 0 0 0 0 0 0 0 0 0 0 0 0 0 0 0 0 0 0 0 0 0 0 0 0 0 0 0 0 0 0 0 0 0 0 0 0 0 0))
(size: 8)
(86736 : 221 : 2)
(CAPTURE_CANDIDATE (AND ((OR ((AND ((NOT (X3)) (OR (X1 X2)))) (AND (X3 (OR (X1 (NOT (X2)))) (OR ((NOT (X1)) X2)))))))))
(CAPTURE_CANDIDATE (AND ((OR (X1 (AND ((NOT (X3)) (OR (X1 X2)))) (AND (X3 (OR (X1 (NOT (X2)))) (OR ((NOT (X1)) X2)))))))))
(CAPTURE_CANDIDATE (AND ((OR ((NOT (X1)) (AND ((NOT (X3)) (OR (X1 X2)))) (AND (X3 (OR (X1 (NOT (X2)))) (OR ((NOT (X1)) X2)))))))))
(CAPTURE_CANDIDATE (AND ((OR (X2 (AND ((NOT (X3)) (OR (X1 X2)))) (AND (X3 (OR (X1 (NOT (X2)))) (OR ((NOT (X1)) X2)))))))))
(CAPTURE_CANDIDATE (AND ((OR ((NOT (X2)) (AND ((NOT (X3)) (OR (X1 X2)))) (AND (X3 (OR (X1 (NOT (X2)))) (OR ((NOT (X1)) X2)))))))))
(CAPTURE_CANDIDATE (AND ((OR (X3 (AND ((NOT (X3)) (OR (X1 X2)))) (AND (X3 (OR (X1 (NOT (X2)))) (OR ((NOT (X1)) X2)))))))))
(CAPTURE_CANDIDATE (AND ((OR ((NOT (X3)) (AND ((NOT (X3)) (OR (X1 X2)))) (AND (X3 (OR (X1 (NOT (X2)))) (OR ((NOT (X1)) X2)))))))))
(CAPTURE_CANDIDATE (AND ((OR ((AND ((NOT (X2)) X3)) (AND ((NOT (X3)) (OR (X1 X2)))) (AND (X3 (OR (X1 (NOT (X2)))) (OR ((NOT (X1)) X2)))))))))
(CAPTURE_CANDIDATE (AND ((OR (X2 (NOT (X3)) (AND ((NOT (X3)) (OR (X1 X2)))) (AND (X3 (OR (X1 (NOT (X2)))) (OR ((NOT (X1)) X2)))))))))
(CAPTURE_CANDIDATE (AND ((OR ((AND ((NOT (X1)) X2)) (AND ((NOT (X3)) (OR (X1 X2)))) (AND (X3 (OR (X1 (NOT (X2)))) (OR ((NOT (X1)) X2)))))))))
(CAPTURE_CANDIDATE (AND ((OR (X1 (NOT (X2)) (AND ((NOT (X3)) (OR (X1 X2)))) (AND (X3 (OR (X1 (NOT (X2)))) (OR ((NOT (X1)) X2)))))))))
(CAPTURE_CANDIDATE (AND ((OR ((AND (X1 X3)) (AND ((NOT (X3)) (OR (X1 X2)))) (AND (X3 (OR (X1 (NOT (X2)))) (OR ((NOT (X1)) X2)))))))))
(CAPTURE_CANDIDATE (AND ((OR ((NOT (X1)) (NOT (X3)) (AND ((NOT (X3)) (OR (X1 X2)))) (AND (X3 (OR (X1 (NOT (X2)))) (OR ((NOT (X1)) X2)))))))))
(CAPTURE_CANDIDATE (AND (X1 (OR ((NOT (X3)) (AND (X3 X2)))))))
(CAPTURE_CANDIDATE (AND ((NOT (X1)) (OR ((AND ((NOT (X3)) X2)) (AND (X3 (NOT (X2)))))))))
(CAPTURE_CANDIDATE (AND (X2 (OR ((NOT (X3)) (AND (X3 X1)))))))
(CAPTURE_CANDIDATE (AND ((NOT (X2)) (OR ((AND ((NOT (X3)) X1)) (AND (X3 (NOT (X1)))))))))
(CAPTURE_CANDIDATE (AND (X3 (OR (X1 (NOT (X2)))) (OR ((NOT (X1)) X2)))))
(CAPTURE_CANDIDATE (AND ((NOT (X3)) (OR (X1 X2)))))
(CAPTURE_CANDIDATE (AND ((OR ((AND ((NOT (X3)) (OR (X1 X2)))) (AND (X3 (OR (X1 (NOT (X2)))) (OR ((NOT (X1)) X2)))))) (OR (X2 X3)))))
(CAPTURE_CANDIDATE (AND ((NOT (X2)) (NOT (X3)) X1)))
(CAPTURE_CANDIDATE (AND ((OR ((AND ((NOT (X3)) (OR (X1 X2)))) (AND (X3 (OR (X1 (NOT (X2)))) (OR ((NOT (X1)) X2)))))) (OR ((NOT (X2)) X3)))))
(CAPTURE_CANDIDATE (AND (X2 (NOT (X3)))))
(CAPTURE_CANDIDATE (AND ((OR ((AND ((NOT (X3)) (OR (X1 X2)))) (AND (X3 (OR (X1 (NOT (X2)))) (OR ((NOT (X1)) X2)))))) (OR (X1 X3)))))
(CAPTURE_CANDIDATE (AND ((NOT (X1)) (NOT (X3)) X2)))
(CAPTURE_CANDIDATE (AND ((OR ((AND ((NOT (X3)) (OR (X1 X2)))) (AND (X3 (OR (X1 (NOT (X2)))) (OR ((NOT (X1)) X2)))) X1)))))
(CAPTURE_CANDIDATE (AND ((OR ((AND ((NOT (X3)) (OR (X1 X2)))) (AND (X3 (OR (X1 (NOT (X2)))) (OR ((NOT (X1)) X2)))) (NOT (X1)))))))
(CAPTURE_CANDIDATE (AND ((OR ((AND ((NOT (X3)) (OR (X1 X2)))) (AND (X3 (OR (X1 (NOT (X2)))) (OR ((NOT (X1)) X2)))) X2)))))
(CAPTURE_CANDIDATE (AND ((OR ((AND ((NOT (X3)) (OR (X1 X2)))) (AND (X3 (OR (X1 (NOT (X2)))) (OR ((NOT (X1)) X2)))) (NOT (X2)))))))
(CAPTURE_CANDIDATE (AND ((OR ((AND ((NOT (X3)) (OR (X1 X2)))) (AND (X3 (OR (X1 (NOT (X2)))) (OR ((NOT (X1)) X2)))) X3)))))
(CAPTURE_CANDIDATE (AND ((OR ((AND ((NOT (X3)) (OR (X1 X2)))) (AND (X3 (OR (X1 (NOT (X2)))) (OR ((NOT (X1)) X2)))) (NOT (X3)))))))
(CAPTURE_CANDIDATE (AND ((OR ((AND ((NOT (X3)) (OR (X1 X2)))) (AND (X3 (OR (X1 (NOT (X2)))) (OR ((NOT (X1)) X2)))) (AND (X2 X3)))))))
(CAPTURE_CANDIDATE (AND ((OR ((AND ((NOT (X3)) (OR (X1 X2)))) (AND (X3 (OR (X1 (NOT (X2)))) (OR ((NOT (X1)) X2)))) (NOT (X2)) (NOT (X3)))))))
(CAPTURE_CANDIDATE (AND ((OR ((AND ((NOT (X3)) (OR (X1 X2)))) (AND (X3 (OR (X1 (NOT (X2)))) (OR ((NOT (X1)) X2)))) (AND (X1 X2)))))))
(CAPTURE_CANDIDATE (AND ((OR ((AND ((NOT (X3)) (OR (X1 X2)))) (AND (X3 (OR (X1 (NOT (X2)))) (OR ((NOT (X1)) X2)))) (NOT (X1)) (NOT (X2)))))))
(CAPTURE_CANDIDATE (AND ((OR ((AND ((NOT (X3)) (OR (X1 X2)))) (AND (X3 (OR (X1 (NOT (X2)))) (OR ((NOT (X1)) X2)))) (AND ((NOT (X1)) X2)))))))
(CAPTURE_CANDIDATE (AND ((OR ((AND ((NOT (X3)) (OR (X1 X2)))) (AND (X3 (OR (X1 (NOT (X2)))) (OR ((NOT (X1)) X2)))) X1 (NOT (X2)))))))
(CAPTURE_CANDIDATE (AND ((OR ((AND (X1 (NOT (X3)))) (AND (X3 (OR (X1 (NOT (X2)))) (OR ((NOT (X1)) X2)))))))))
(CAPTURE_CANDIDATE (AND ((OR ((AND ((NOT (X1)) (NOT (X3)) X2)) (AND (X3 (OR (X1 (NOT (X2)))) (OR ((NOT (X1)) X2)))))))))
(CAPTURE_CANDIDATE (AND ((OR ((AND (X2 (NOT (X3)))) (AND (X3 (OR (X1 (NOT (X2)))) (OR ((NOT (X1)) X2)))))))))
(CAPTURE_CANDIDATE (AND ((OR ((AND ((NOT (X2)) (NOT (X3)) X1)) (AND (X3 (OR (X1 (NOT (X2)))) (OR ((NOT (X1)) X2)))))))))
(CAPTURE_CANDIDATE (AND ((OR ((AND (X3 (OR (X1 (NOT (X2)))) (OR ((NOT (X1)) X2)))) X1 X2)))))
(CAPTURE_CANDIDATE (AND (X3 (OR ((AND ((OR (X1 (NOT (X2)))) (OR ((NOT (X1)) X2)))) X1 X2)))))
(CAPTURE_CANDIDATE (AND ((OR ((AND ((NOT (X3)) X2)) (AND (X3 (OR (X1 (NOT (X2)))) (OR ((NOT (X1)) X2)))))))))
(CAPTURE_CANDIDATE (AND ((OR ((AND ((NOT (X2)) (NOT (X3)) X1)) (AND (X3 (OR (X1 (NOT (X2)))) (OR ((NOT (X1)) X2)))))))))
(CAPTURE_CANDIDATE (AND ((OR ((AND ((NOT (X3)) X1)) (AND (X3 (OR (X1 (NOT (X2)))) (OR ((NOT (X1)) X2)))))))))
(CAPTURE_CANDIDATE (AND ((OR ((AND ((NOT (X1)) (NOT (X3)) X2)) (AND (X3 (OR (X1 (NOT (X2)))) (OR ((NOT (X1)) X2)))))))))
(CAPTURE_CANDIDATE (AND ((OR ((NOT (X3)) (AND (X3 (OR (X1 (NOT (X2)))) (OR ((NOT (X1)) X2)))))))))
(CAPTURE_CANDIDATE (AND ((OR ((AND ((NOT (X3)) (NOT (X1)) (NOT (X2)))) (AND (X3 (OR (X1 (NOT (X2)))) (OR ((NOT (X1)) X2)))))))))
(CAPTURE_CANDIDATE (AND ((OR ((AND ((OR (X1 (NOT (X3)))) (OR (X1 X2)))) (AND (X3 (OR (X1 (NOT (X2)))) (OR ((NOT (X1)) X2)))))))))
(CAPTURE_CANDIDATE (AND ((OR ((AND ((OR ((NOT (X1)) (NOT (X3)))) (OR (X1 X2)))) (AND (X3 (OR (X1 (NOT (X2)))) (OR ((NOT (X1)) X2)))))))))
(CAPTURE_CANDIDATE (AND ((OR ((AND ((OR (X2 (NOT (X3)))) (OR (X1 X2)))) (AND (X3 (OR (X1 (NOT (X2)))) (OR ((NOT (X1)) X2)))))))))
(CAPTURE_CANDIDATE (AND ((OR ((AND ((OR ((NOT (X2)) (NOT (X3)))) (OR (X1 X2)))) (AND (X3 (OR (X1 (NOT (X2)))) (OR ((NOT (X1)) X2)))))))))
(CAPTURE_CANDIDATE (AND ((OR ((AND (X3 (OR (X1 (NOT (X2)))) (OR ((NOT (X1)) X2)))) X1 X2)))))
(CAPTURE_CANDIDATE (AND (X3 (OR ((AND ((OR (X1 (NOT (X2)))) (OR ((NOT (X1)) X2)))) X1 X2)))))
(CAPTURE_CANDIDATE (AND ((OR ((AND ((OR ((NOT (X3)) (AND ((NOT (X1)) X3)))) (OR (X1 X2)))) (AND (X3 (OR (X1 (NOT (X2)))) (OR ((NOT (X1)) X2)))))))))
(CAPTURE_CANDIDATE (AND ((OR ((AND ((OR ((NOT (X3)) X1 (NOT (X3)))) (OR (X1 X2)))) (AND (X3 (OR (X1 (NOT (X2)))) (OR ((NOT (X1)) X2)))))))))
(CAPTURE_CANDIDATE (AND ((OR ((AND ((OR ((NOT (X3)) (AND ((NOT (X2)) X3)))) (OR (X1 X2)))) (AND (X3 (OR (X1 (NOT (X2)))) (OR ((NOT (X1)) X2)))))))))
(CAPTURE_CANDIDATE (AND ((OR ((AND ((OR ((NOT (X3)) X2 (NOT (X3)))) (OR (X1 X2)))) (AND (X3 (OR (X1 (NOT (X2)))) (OR ((NOT (X1)) X2)))))))))
(CAPTURE_CANDIDATE (AND ((OR ((AND ((OR ((NOT (X3)) (AND (X1 X2)))) (OR (X1 X2)))) (AND (X3 (OR (X1 (NOT (X2)))) (OR ((NOT (X1)) X2)))))))))
(CAPTURE_CANDIDATE (AND ((OR ((AND ((OR ((NOT (X3)) (NOT (X1)) (NOT (X2)))) (OR (X1 X2)))) (AND (X3 (OR (X1 (NOT (X2)))) (OR ((NOT (X1)) X2)))))))))
(CAPTURE_CANDIDATE (AND ((OR ((AND ((NOT (X3)) X2)) (AND (X3 (OR (X1 (NOT (X2)))) (OR ((NOT (X1)) X2)))))))))
(CAPTURE_CANDIDATE (AND ((OR ((AND ((NOT (X3)) (OR ((NOT (X1)) X2)))) (AND (X3 (OR (X1 (NOT (X2)))) (OR ((NOT (X1)) X2)))))))))
(CAPTURE_CANDIDATE (AND ((OR ((AND ((NOT (X3)) X1)) (AND (X3 (OR (X1 (NOT (X2)))) (OR ((NOT (X1)) X2)))))))))
(CAPTURE_CANDIDATE (AND ((OR ((AND ((NOT (X3)) (OR (X1 (NOT (X2)))))) (AND (X3 (OR (X1 (NOT (X2)))) (OR ((NOT (X1)) X2)))))))))
(CAPTURE_CANDIDATE (AND ((OR ((AND ((NOT (X3)) (OR (X1 X2)))) (AND (X3 (OR (X1 (NOT (X2)))) (OR ((NOT (X1)) X2)))))))))
(CAPTURE_CANDIDATE (AND ((OR ((NOT (X3)) (AND (X3 (OR (X1 (NOT (X2)))) (OR ((NOT (X1)) X2)))))))))
(CAPTURE_CANDIDATE (AND ((OR ((AND ((NOT (X3)) (OR (X1 X2)))) (AND (X3 (OR (X1 (NOT (X2)))) (OR ((NOT (X1)) X2)))))))))
(CAPTURE_CANDIDATE (AND ((OR ((NOT (X3)) (AND (X3 (OR (X1 (NOT (X2)))) (OR ((NOT (X1)) X2)))))))))
(CAPTURE_CANDIDATE (AND ((OR ((AND ((NOT (X3)) (OR (X1 X2 (AND ((NOT (X1)) X2)))))) (AND (X3 (OR (X1 (NOT (X2)))) (OR ((NOT (X1)) X2)))))))))
(CAPTURE_CANDIDATE (AND ((OR ((AND ((NOT (X3)) (OR (X1 X2 X1 (NOT (X2)))))) (AND (X3 (OR (X1 (NOT (X2)))) (OR ((NOT (X1)) X2)))))))))
(CAPTURE_CANDIDATE (AND ((OR ((AND ((NOT (X3)) (OR (X1 X2)))) (AND (X3 (OR (X1 (NOT (X2)))) (OR ((NOT (X1)) X2)))))))))
(CAPTURE_CANDIDATE (AND ((OR ((NOT (X3)) (AND (X3 (OR (X1 (NOT (X2)))) (OR ((NOT (X1)) X2)))))))))
(CAPTURE_CANDIDATE (AND ((OR ((AND ((NOT (X3)) X2 X1)) (AND (X3 (OR (X1 (NOT (X2)))) (OR ((NOT (X1)) X2)))))))))
(CAPTURE_CANDIDATE (AND ((OR ((AND ((NOT (X3)) (OR ((AND (X1 (NOT (X2)))) X2)))) (AND (X3 (OR (X1 (NOT (X2)))) (OR ((NOT (X1)) X2)))))))))
(CAPTURE_CANDIDATE (AND ((OR ((AND ((NOT (X3)) X2)) (AND (X3 (OR (X1 (NOT (X2)))) (OR ((NOT (X1)) X2)))))))))
(CAPTURE_CANDIDATE (AND ((OR ((AND ((NOT (X3)) (OR (X1 X2)))) (AND (X3 (OR (X1 (NOT (X2)))) (OR ((NOT (X1)) X2)))))))))
(CAPTURE_CANDIDATE (AND ((OR ((AND ((NOT (X3)) X2)) (AND (X3 (OR (X1 (NOT (X2)))) (OR ((NOT (X1)) X2)))))))))
(CAPTURE_CANDIDATE (AND ((OR ((AND ((NOT (X3)) (OR ((AND (X1 X1)) X2)))) (AND (X3 (OR (X1 (NOT (X2)))) (OR ((NOT (X1)) X2)))))))))
(CAPTURE_CANDIDATE (AND ((OR ((AND ((NOT (X3)) X2 X1)) (AND (X3 (OR (X1 (NOT (X2)))) (OR ((NOT (X1)) X2)))))))))
(CAPTURE_CANDIDATE (AND ((OR ((AND ((NOT (X3)) (OR ((AND (X1 X1 (NOT (X2)))) X2)))) (AND (X3 (OR (X1 (NOT (X2)))) (OR ((NOT (X1)) X2)))))))))
(CAPTURE_CANDIDATE (AND ((OR ((AND ((NOT (X3)) (OR ((AND (X1 (NOT (X2)))) X2)))) (AND (X3 (OR (X1 (NOT (X2)))) (OR ((NOT (X1)) X2)))))))))
(CAPTURE_CANDIDATE (AND ((OR ((AND ((NOT (X3)) X2 X1 (NOT (X3)))) (AND (X3 (OR (X1 (NOT (X2)))) (OR ((NOT (X1)) X2)))))))))
(CAPTURE_CANDIDATE (AND ((OR ((AND ((NOT (X3)) X1 X2)) (AND (X3 (OR (X1 (NOT (X2)))) (OR ((NOT (X1)) X2)))))))))
(CAPTURE_CANDIDATE (AND ((OR ((AND ((NOT (X3)) (OR (X1 (AND (X2 (NOT (X1)))))))) (AND (X3 (OR (X1 (NOT (X2)))) (OR ((NOT (X1)) X2)))))))))
(CAPTURE_CANDIDATE (AND ((OR ((AND ((NOT (X3)) X1)) (AND (X3 (OR (X1 (NOT (X2)))) (OR ((NOT (X1)) X2)))))))))
(CAPTURE_CANDIDATE (AND ((OR ((AND ((NOT (X3)) (OR (X1 X2)))) (AND (X3 (OR (X1 (NOT (X2)))) (OR ((NOT (X1)) X2)))))))))
(CAPTURE_CANDIDATE (AND ((OR ((AND ((NOT (X3)) X1)) (AND (X3 (OR (X1 (NOT (X2)))) (OR ((NOT (X1)) X2)))))))))
(CAPTURE_CANDIDATE (AND ((OR ((AND ((NOT (X3)) (OR (X1 (AND (X2 X2)))))) (AND (X3 (OR (X1 (NOT (X2)))) (OR ((NOT (X1)) X2)))))))))
(CAPTURE_CANDIDATE (AND ((OR ((AND ((NOT (X3)) (OR (X1 X2)))) (AND (X3 (OR (X1 (NOT (X2)))) (OR ((NOT (X1)) X2)))))))))
(CAPTURE_CANDIDATE (AND ((OR ((AND ((NOT (X3)) X1)) (AND (X3 (OR (X1 (NOT (X2)))) (OR ((NOT (X1)) X2)))))))))
(CAPTURE_CANDIDATE (AND ((OR ((AND ((NOT (X3)) (OR (X1 (AND (X2 (NOT (X1)))))))) (AND (X3 (OR (X1 (NOT (X2)))) (OR ((NOT (X1)) X2)))))))))
(CAPTURE_CANDIDATE (AND ((OR ((AND ((NOT (X3)) X1 X2 (NOT (X3)))) (AND (X3 (OR (X1 (NOT (X2)))) (OR ((NOT (X1)) X2)))))))))
(CAPTURE_CANDIDATE (AND ((OR ((AND ((NOT (X3)) (OR (X1 X2 X1)))) (AND (X3 (OR (X1 (NOT (X2)))) (OR ((NOT (X1)) X2)))))))))
(CAPTURE_CANDIDATE (AND ((OR ((AND ((NOT (X3)) (OR (X1 X2 (NOT (X1)))))) (AND (X3 (OR (X1 (NOT (X2)))) (OR ((NOT (X1)) X2)))))))))
(CAPTURE_CANDIDATE (AND ((OR ((AND ((NOT (X3)) (OR (X1 X2 X2)))) (AND (X3 (OR (X1 (NOT (X2)))) (OR ((NOT (X1)) X2)))))))))
(CAPTURE_CANDIDATE (AND ((OR ((AND ((NOT (X3)) (OR (X1 X2 (NOT (X2)))))) (AND (X3 (OR (X1 (NOT (X2)))) (OR ((NOT (X1)) X2)))))))))
(CAPTURE_CANDIDATE (AND ((OR ((AND ((NOT (X3)) (OR (X1 X2)))) (AND (X3 (OR (X1 (NOT (X2)))) (OR ((NOT (X1)) X2)))))))))
(CAPTURE_CANDIDATE (AND ((OR ((NOT (X3)) (AND (X3 (OR (X1 (NOT (X2)))) (OR ((NOT (X1)) X2)))))))))
(CAPTURE_CANDIDATE (AND ((OR ((AND ((NOT (X3)) (OR (X1 X2 (NOT (X2)))))) (AND (X3 (OR (X1 (NOT (X2)))) (OR ((NOT (X1)) X2)))))))))
(CAPTURE_CANDIDATE (AND ((OR ((AND ((NOT (X3)) (OR (X1 X2 X2)))) (AND (X3 (OR (X1 (NOT (X2)))) (OR ((NOT (X1)) X2)))))))))
(CAPTURE_CANDIDATE (AND ((OR ((AND ((NOT (X3)) (OR (X1 X2 X1 X2)))) (AND (X3 (OR (X1 (NOT (X2)))) (OR ((NOT (X1)) X2)))))))))
(CAPTURE_CANDIDATE (AND ((OR ((AND ((NOT (X3)) (OR (X1 X2 (AND ((NOT (X1)) (NOT (X2)))))))) (AND (X3 (OR (X1 (NOT (X2)))) (OR ((NOT (X1)) X2)))))))))
(CAPTURE_CANDIDATE (AND ((OR ((AND ((NOT (X3)) (OR (X1 X2 X2)))) (AND (X3 (OR (X1 (NOT (X2)))) (OR ((NOT (X1)) X2)))))))))
(CAPTURE_CANDIDATE (AND ((OR ((AND ((NOT (X3)) (OR (X1 X2 (NOT (X2)))))) (AND (X3 (OR (X1 (NOT (X2)))) (OR ((NOT (X1)) X2)))))))))
(CAPTURE_CANDIDATE (AND ((OR ((AND ((NOT (X3)) X1)) (AND (X3 (OR (X1 (NOT (X2)))) (OR ((NOT (X1)) X2)))))))))
(CAPTURE_CANDIDATE (AND ((OR ((AND ((NOT (X3)) (NOT (X1)) X2)) (AND (X3 (OR (X1 (NOT (X2)))) (OR ((NOT (X1)) X2)))))))))
(CAPTURE_CANDIDATE (AND ((OR ((AND ((NOT (X3)) X2)) (AND (X3 (OR (X1 (NOT (X2)))) (OR ((NOT (X1)) X2)))))))))
(CAPTURE_CANDIDATE (AND ((OR ((AND ((NOT (X3)) (NOT (X2)) X1)) (AND (X3 (OR (X1 (NOT (X2)))) (OR ((NOT (X1)) X2)))))))))
(CAPTURE_CANDIDATE (AND (X3 (OR (X1 (NOT (X2)))) (OR ((NOT (X1)) X2)))))
(CAPTURE_CANDIDATE (AND ((OR ((AND ((NOT (X3)) (OR (X1 X2)))) (AND (X3 (OR (X1 (NOT (X2)))) (OR ((NOT (X1)) X2)))))))))
(CAPTURE_CANDIDATE (AND ((OR ((AND ((NOT (X3)) (NOT (X1)) X2)) (AND (X3 (OR (X1 (NOT (X2)))) (OR ((NOT (X1)) X2)))))))))
(CAPTURE_CANDIDATE (AND ((OR ((AND ((NOT (X3)) (OR (X1 X2)) (OR (X1 (NOT (X2)))))) (AND (X3 (OR (X1 (NOT (X2)))) (OR ((NOT (X1)) X2)))))))))
(CAPTURE_CANDIDATE (AND (X3 (OR (X1 (NOT (X2)))) (OR ((NOT (X1)) X2)))))
(CAPTURE_CANDIDATE (AND ((OR ((AND ((NOT (X3)) (OR (X1 X2)))) (AND (X3 (OR (X1 (NOT (X2)))) (OR ((NOT (X1)) X2)))))))))
(CAPTURE_CANDIDATE (AND ((OR ((AND ((NOT (X3)) X1 X2)) (AND (X3 (OR (X1 (NOT (X2)))) (OR ((NOT (X1)) X2)))))))))
(CAPTURE_CANDIDATE (AND ((OR ((AND ((NOT (X3)) (OR (X1 X2)) (OR ((NOT (X1)) (NOT (X2)))))) (AND (X3 (OR (X1 (NOT (X2)))) (OR ((NOT (X1)) X2)))))))))
(CAPTURE_CANDIDATE (AND ((OR ((AND ((NOT (X3)) (OR (X1 X2)))) (AND (X1 X3 X2)))))))
(CAPTURE_CANDIDATE (AND ((OR ((AND ((NOT (X3)) (OR (X1 X2)))) (AND ((NOT (X1)) (NOT (X2)) X3)))))))
(CAPTURE_CANDIDATE (AND ((OR ((AND ((NOT (X3)) (OR (X1 X2)))) (AND (X2 X1 X3)))))))
(CAPTURE_CANDIDATE (AND ((OR ((AND ((NOT (X3)) (OR (X1 X2)))) (AND ((NOT (X2)) X3 (NOT (X1)))))))))
(CAPTURE_CANDIDATE (AND ((OR ((AND ((NOT (X3)) (OR (X1 X2)))) (AND ((OR (X1 (NOT (X2)))) (OR ((NOT (X1)) X2)))))))))
(CAPTURE_CANDIDATE (AND ((NOT (X3)) (OR ((AND ((OR (X1 (NOT (X2)))) (OR ((NOT (X1)) X2)))) X1 X2)))))
(CAPTURE_CANDIDATE (AND ((OR ((AND ((NOT (X3)) (OR (X1 X2)))) (AND (X3 (OR (X1 (NOT (X2)))))))))))
(CAPTURE_CANDIDATE (AND ((OR ((AND ((NOT (X3)) (OR (X1 X2)))) (AND (X3 X1 (NOT (X2)))))))))
(CAPTURE_CANDIDATE (AND ((OR ((AND ((NOT (X3)) (OR (X1 X2)))) (AND (X3 (OR (X1 (NOT (X2)))) (OR ((NOT (X1)) X2)))))))))
(CAPTURE_CANDIDATE (AND ((NOT (X3)) (OR (X1 X2)))))
(CAPTURE_CANDIDATE (AND ((OR ((AND ((NOT (X3)) (OR (X1 X2)))) (AND (X3 (OR (X1 (NOT (X2)))) (OR ((NOT (X1)) X2)))))))))
(CAPTURE_CANDIDATE (AND ((NOT (X3)) (OR (X1 X2)))))
(CAPTURE_CANDIDATE (AND ((OR ((AND ((NOT (X3)) (OR (X1 X2)))) (AND ((NOT (X2)) X3 (NOT (X1)))))))))
(CAPTURE_CANDIDATE (AND ((OR ((AND ((NOT (X3)) (OR (X1 X2)))) (AND (X3 (OR ((NOT (X1)) (NOT (X2)))) (OR ((NOT (X1)) X2)))))))))
(CAPTURE_CANDIDATE (AND ((OR ((AND ((NOT (X3)) (OR (X1 X2)))) (AND (X1 X3 X2)))))))
(CAPTURE_CANDIDATE (AND ((OR ((AND ((NOT (X3)) (OR (X1 X2)))) (AND (X3 (OR (X1 X2)) (OR ((NOT (X1)) X2)))))))))
(CAPTURE_CANDIDATE (AND ((OR ((AND ((NOT (X3)) (OR (X1 X2)))) (AND (X3 (OR ((NOT (X1)) X2)))))))))
(CAPTURE_CANDIDATE (AND ((OR ((AND ((NOT (X3)) (OR (X1 X2)))) (AND (X3 (OR (X1 (NOT (X2)))) (OR ((NOT (X1)) X2)))))))))
(CAPTURE_CANDIDATE (AND ((OR ((AND ((NOT (X3)) (OR (X1 X2)))) (AND (X3 (OR (X1 (NOT (X2)) X1)) (OR ((NOT (X1)) X2)))))))))
(CAPTURE_CANDIDATE (AND ((OR ((AND ((NOT (X3)) (OR (X1 X2)))) (AND (X3 (OR (X1 (NOT (X2)) (NOT (X1)))) (OR ((NOT (X1)) X2)))))))))
(CAPTURE_CANDIDATE (AND ((OR ((AND ((NOT (X3)) (OR (X1 X2)))) (AND (X3 (OR (X1 (NOT (X2)) (NOT (X1)))) (OR ((NOT (X1)) X2)))))))))
(CAPTURE_CANDIDATE (AND ((OR ((AND ((NOT (X3)) (OR (X1 X2)))) (AND (X3 (OR (X1 (NOT (X2)) X1)) (OR ((NOT (X1)) X2)))))))))
(CAPTURE_CANDIDATE (AND ((OR ((AND ((NOT (X3)) (OR (X1 X2)))) (AND (X3 (OR (X1 (NOT (X2)) (AND ((NOT (X1)) X2)))) (OR ((NOT (X1)) X2)))))))))
(CAPTURE_CANDIDATE (AND ((OR ((AND ((NOT (X3)) (OR (X1 X2)))) (AND (X3 (OR (X1 (NOT (X2)) X1 (NOT (X2)))) (OR ((NOT (X1)) X2)))))))))
(CAPTURE_CANDIDATE (AND ((OR ((AND ((NOT (X3)) (OR (X1 X2)))) (AND (X3 (OR ((AND (X1 X2)) (NOT (X2)))) (OR ((NOT (X1)) X2)))))))))
(CAPTURE_CANDIDATE (AND ((OR ((AND ((NOT (X3)) (OR (X1 X2)))) (AND ((NOT (X2)) X1 X3)))))))
(CAPTURE_CANDIDATE (AND ((OR ((AND ((NOT (X3)) (OR (X1 X2)))) (AND (X3 (OR (X1 (NOT (X2)))) (OR ((NOT (X1)) X2)))))))))
(CAPTURE_CANDIDATE (AND ((OR ((AND ((NOT (X3)) (OR (X1 X2)))) (AND (X3 (NOT (X2)) (NOT (X1)))))))))
(CAPTURE_CANDIDATE (AND ((OR ((AND ((NOT (X3)) (OR (X1 X2)))) (AND (X3 (OR (X1 (NOT (X2)))) (OR ((NOT (X1)) X2)))))))))
(CAPTURE_CANDIDATE (AND ((NOT (X3)) (OR (X1 X2)))))
(CAPTURE_CANDIDATE (AND ((OR ((AND ((NOT (X3)) (OR (X1 X2)))) (AND (X3 (OR (X1 (NOT (X2)))) (OR ((NOT (X1)) X2)))))))))
(CAPTURE_CANDIDATE (AND ((OR ((AND ((NOT (X3)) (OR (X1 X2)))) (AND ((NOT (X2)) X3 (NOT (X1)))))))))
(CAPTURE_CANDIDATE (AND ((OR ((AND ((NOT (X3)) (OR (X1 X2)))) (AND (X3 (OR (X1 (NOT (X2)))) (OR ((NOT (X1)) X2)))))))))
(CAPTURE_CANDIDATE (AND ((OR ((AND ((NOT (X3)) (OR (X1 X2)))) (AND (X3 (NOT (X2)) (NOT (X1)))))))))
(CAPTURE_CANDIDATE (AND ((OR ((AND ((NOT (X3)) (OR (X1 X2)))) (AND (X1 (NOT (X2)) X3)))))))
(CAPTURE_CANDIDATE (AND ((OR ((AND ((NOT (X3)) (OR (X1 X2)))) (AND (X3 (OR (X1 (AND ((NOT (X1)) (NOT (X2)))))) (OR ((NOT (X1)) X2)))))))))
(CAPTURE_CANDIDATE (AND ((OR ((AND ((NOT (X3)) (OR (X1 X2)))) (AND (X1 X3 X2)))))))
(CAPTURE_CANDIDATE (AND ((OR ((AND ((NOT (X3)) (OR (X1 X2)))) (AND (X3 (OR (X1 X2)) (OR ((NOT (X1)) X2)))))))))
(CAPTURE_CANDIDATE (AND ((OR ((AND ((NOT (X3)) (OR (X1 X2)))) (AND (X3 (OR (X1 (NOT (X2)))) (OR ((NOT (X1)) X2)))))))))
(CAPTURE_CANDIDATE (AND ((OR ((AND ((NOT (X3)) (OR (X1 X2)))) (AND (X3 X1 X2)))))))
(CAPTURE_CANDIDATE (AND ((OR ((AND ((NOT (X3)) (OR (X1 X2)))) (AND (X3 (OR (X1 (NOT (X2)))) (OR ((NOT (X1)) X2)))))))))
(CAPTURE_CANDIDATE (AND ((OR ((AND ((NOT (X3)) (OR (X1 X2)))) (AND (X3 X1 X2)))))))
(CAPTURE_CANDIDATE (AND ((OR ((AND ((NOT (X3)) (OR (X1 X2)))) (AND (X1 X3 (NOT (X2)))))))))
(CAPTURE_CANDIDATE (AND ((OR ((AND ((NOT (X3)) (OR (X1 X2)))) (AND (X3 (OR (X1 (AND ((NOT (X2)) (NOT (X1)) (NOT (X2)))))) (OR ((NOT (X1)) X2)))))))))
(CAPTURE_CANDIDATE (AND ((OR ((AND ((NOT (X3)) (OR (X1 X2)))) (AND (X3 (OR (X1 (AND ((NOT (X2)) (NOT (X1)))))) (OR ((NOT (X1)) X2)))))))))
(CAPTURE_CANDIDATE (AND ((OR ((AND ((NOT (X3)) (OR (X1 X2)))) (AND (X1 (NOT (X2)) X3)))))))
(CAPTURE_CANDIDATE (AND ((OR ((AND ((NOT (X3)) (OR (X1 X2)))) (AND (X3 (OR (X1 (NOT (X2)) X1)) (OR ((NOT (X1)) X2)))))))))
(CAPTURE_CANDIDATE (AND ((OR ((AND ((NOT (X3)) (OR (X1 X2)))) (AND (X3 (OR (X1 (NOT (X2)) (NOT (X1)))) (OR ((NOT (X1)) X2)))))))))
(CAPTURE_CANDIDATE (AND ((OR ((AND ((NOT (X3)) (OR (X1 X2)))) (AND (X3 (OR (X1 (NOT (X2)) X2)) (OR ((NOT (X1)) X2)))))))))
(CAPTURE_CANDIDATE (AND ((OR ((AND ((NOT (X3)) (OR (X1 X2)))) (AND (X3 (OR (X1 (NOT (X2)) (NOT (X2)))) (OR ((NOT (X1)) X2)))))))))
(CAPTURE_CANDIDATE (AND ((OR ((AND ((NOT (X3)) (OR (X1 X2)))) (AND (X3 (OR ((NOT (X1)) X2)))))))))
(CAPTURE_CANDIDATE (AND ((OR ((AND ((NOT (X3)) (OR (X1 X2)))) (AND (X3 (OR (X1 (NOT (X2)))) (OR ((NOT (X1)) X2)))))))))
(CAPTURE_CANDIDATE (AND ((OR ((AND ((NOT (X3)) (OR (X1 X2)))) (AND (X3 (OR ((NOT (X1)) X2)))))))))
(CAPTURE_CANDIDATE (AND ((OR ((AND ((NOT (X3)) (OR (X1 X2)))) (AND (X3 (OR (X1 (NOT (X2)))) (OR ((NOT (X1)) X2)))))))))
(CAPTURE_CANDIDATE (AND ((OR ((AND ((NOT (X3)) (OR (X1 X2)))) (AND (X3 (OR ((NOT (X1)) X2)))))))))
(CAPTURE_CANDIDATE (AND ((OR ((AND ((NOT (X3)) (OR (X1 X2)))) (AND (X3 (OR (X1 (NOT (X2)))) (OR ((NOT (X1)) X2)))))))))
(CAPTURE_CANDIDATE (AND ((OR ((AND ((NOT (X3)) (OR (X1 X2)))) (AND (X3 (OR ((NOT (X1)) X2)))))))))
(CAPTURE_CANDIDATE (AND ((OR ((AND ((NOT (X3)) (OR (X1 X2)))) (AND (X3 (OR (X1 (NOT (X2)))) (OR ((NOT (X1)) X2)))))))))
(CAPTURE_CANDIDATE (AND ((OR ((AND ((NOT (X3)) (OR (X1 X2)))) (AND ((OR (X1 (NOT (X2)))) (OR (X3 X1)) (OR ((NOT (X1)) X2)))))))))
(CAPTURE_CANDIDATE (AND ((OR ((AND ((NOT (X3)) (OR (X1 X2)))) (AND ((OR (X1 (NOT (X2)))) (OR (X3 (NOT (X1)))) (OR ((NOT (X1)) X2)))))))))
(CAPTURE_CANDIDATE (AND ((OR ((AND ((NOT (X3)) (OR (X1 X2)))) (AND ((OR (X1 (NOT (X2)))) (OR (X3 X2)) (OR ((NOT (X1)) X2)))))))))
(CAPTURE_CANDIDATE (AND ((OR ((AND ((NOT (X3)) (OR (X1 X2)))) (AND ((OR (X1 (NOT (X2)))) (OR (X3 (NOT (X2)))) (OR ((NOT (X1)) X2)))))))))
(CAPTURE_CANDIDATE (AND ((OR ((AND ((NOT (X3)) (OR (X1 X2)))) (AND (X3 (NOT (X2)) (NOT (X1)))))))))
(CAPTURE_CANDIDATE (AND ((OR ((AND ((NOT (X3)) (OR (X1 X2)))) (AND ((OR (X1 (NOT (X2)))) (OR (X3 X2 (NOT (X3)))) (OR ((NOT (X1)) X2)))))))))
(CAPTURE_CANDIDATE (AND ((OR ((AND ((NOT (X3)) (OR (X1 X2)))) (AND ((OR (X1 (NOT (X2)))) (OR (X3 (AND ((NOT (X1)) X2)))) (OR ((NOT (X1)) X2)))))))))
(CAPTURE_CANDIDATE (AND ((OR ((AND ((NOT (X3)) (OR (X1 X2)))) (AND ((OR (X1 (NOT (X2)))) (OR (X3 X1 (NOT (X2)))) (OR ((NOT (X1)) X2)))))))))
(CAPTURE_CANDIDATE (AND ((OR ((AND ((NOT (X3)) (OR (X1 X2)))) (AND (X3 (NOT (X1)) (NOT (X2)))))))))
(CAPTURE_CANDIDATE (AND ((OR ((AND ((NOT (X3)) (OR (X1 X2)))) (AND ((OR (X1 (NOT (X2)))) (OR (X3 X1 (NOT (X3)))) (OR ((NOT (X1)) X2)))))))))
(CAPTURE_CANDIDATE (AND ((OR ((AND ((NOT (X3)) (OR (X1 X2)))) (AND (X3 X2 X1)))))))
(CAPTURE_CANDIDATE (AND ((OR ((AND ((NOT (X3)) (OR (X1 X2)))) (AND (X3 (OR (X1 (NOT (X2)))) (OR (X1 X2)))))))))
(CAPTURE_CANDIDATE (AND ((OR ((AND ((NOT (X3)) (OR (X1 X2)))) (AND (X3 (NOT (X1)) (NOT (X2)))))))))
(CAPTURE_CANDIDATE (AND ((OR ((AND ((NOT (X3)) (OR (X1 X2)))) (AND (X3 (OR (X1 (NOT (X2)))) (OR ((NOT (X1)) (NOT (X2)))))))))))
(CAPTURE_CANDIDATE (AND ((OR ((AND ((NOT (X3)) (OR (X1 X2)))) (AND (X3 (OR (X1 (NOT (X2)))))))))))
(CAPTURE_CANDIDATE (AND ((OR ((AND ((NOT (X3)) (OR (X1 X2)))) (AND (X3 (OR (X1 (NOT (X2)))) (OR ((NOT (X1)) X2)))))))))
(CAPTURE_CANDIDATE (AND ((OR ((AND ((NOT (X3)) (OR (X1 X2)))) (AND (X3 (OR (X1 (NOT (X2)))) (OR ((NOT (X1)) X2 X2)))))))))
(CAPTURE_CANDIDATE (AND ((OR ((AND ((NOT (X3)) (OR (X1 X2)))) (AND (X3 (OR (X1 (NOT (X2)))) (OR ((NOT (X1)) X2 (NOT (X2)))))))))))
(CAPTURE_CANDIDATE (AND ((OR ((AND ((NOT (X3)) (OR (X1 X2)))) (AND (X3 (OR (X1 (NOT (X2)))) (OR ((NOT (X1)) X2 (AND ((NOT (X1)) X2)))))))))))
(CAPTURE_CANDIDATE (AND ((OR ((AND ((NOT (X3)) (OR (X1 X2)))) (AND (X3 (OR (X1 (NOT (X2)))) (OR ((NOT (X1)) X2 X1 (NOT (X2)))))))))))
(CAPTURE_CANDIDATE (AND ((OR ((AND ((NOT (X3)) (OR (X1 X2)))) (AND (X3 (OR (X1 (NOT (X2)))) (OR ((NOT (X1)) X2 (NOT (X2)))))))))))
(CAPTURE_CANDIDATE (AND ((OR ((AND ((NOT (X3)) (OR (X1 X2)))) (AND (X3 (OR (X1 (NOT (X2)))) (OR ((NOT (X1)) X2 X2)))))))))
(CAPTURE_CANDIDATE (AND ((OR ((AND ((NOT (X3)) (OR (X1 X2)))) (AND (X3 X2 X1)))))))
(CAPTURE_CANDIDATE (AND ((OR ((AND ((NOT (X3)) (OR (X1 X2)))) (AND (X3 (OR (X1 (NOT (X2)))) (OR (X1 X2)))))))))
(CAPTURE_CANDIDATE (AND ((OR ((AND ((NOT (X3)) (OR (X1 X2)))) (AND (X3 X2 (NOT (X1)))))))))
(CAPTURE_CANDIDATE (AND ((OR ((AND ((NOT (X3)) (OR (X1 X2)))) (AND (X3 (OR (X1 (NOT (X2)))) (OR ((AND ((NOT (X1)) (NOT (X2)))) X2)))))))))
(CAPTURE_CANDIDATE (AND ((OR ((AND ((NOT (X3)) (OR (X1 X2)))) (AND (X3 (OR (X1 (NOT (X2)))) (OR ((NOT (X1)) X2)))))))))
(CAPTURE_CANDIDATE (AND ((OR ((AND ((NOT (X3)) (OR (X1 X2)))) (AND (X3 X2 X1)))))))
(CAPTURE_CANDIDATE (AND ((OR ((AND ((NOT (X3)) (OR (X1 X2)))) (AND (X3 (OR (X1 (NOT (X2)))) (OR ((NOT (X1)) X2)))))))))
(CAPTURE_CANDIDATE (AND ((NOT (X3)) (OR (X1 X2)))))
(CAPTURE_CANDIDATE (AND ((OR ((AND ((NOT (X3)) (OR (X1 X2)))) (AND (X3 (OR (X1 (NOT (X2)))) (OR ((NOT (X1)) X2)))))))))
(CAPTURE_CANDIDATE (AND ((OR ((AND ((NOT (X3)) (OR (X1 X2)))) (AND (X3 X2 X1)))))))
(CAPTURE_CANDIDATE (AND ((OR ((AND ((NOT (X3)) (OR (X1 X2)))) (AND (X3 (OR (X1 (NOT (X2)))) (OR ((NOT (X1)) X2)))))))))
(CAPTURE_CANDIDATE (AND ((OR ((AND ((NOT (X3)) (OR (X1 X2)))) (AND (X3 X2 X1)))))))
(CAPTURE_CANDIDATE (AND ((OR ((AND ((NOT (X3)) (OR (X1 X2)))) (AND (X3 (OR (X1 (NOT (X2)))) (OR ((NOT (X1)) (AND (X2 X1)))))))))))
(CAPTURE_CANDIDATE (AND ((OR ((AND ((NOT (X3)) (OR (X1 X2)))) (AND (X3 (NOT (X1)) X2)))))))
(CAPTURE_CANDIDATE (AND ((OR ((AND ((NOT (X3)) (OR (X1 X2)))) (AND (X3 (OR (X1 (NOT (X2)))) (OR ((NOT (X1)) X2)))))))))
(CAPTURE_CANDIDATE (AND ((OR ((AND ((NOT (X3)) (OR (X1 X2)))) (AND (X3 (NOT (X1)) (NOT (X2)))))))))
(CAPTURE_CANDIDATE (AND ((OR ((AND ((NOT (X3)) (OR (X1 X2)))) (AND (X3 (OR (X1 (NOT (X2)))) (OR ((NOT (X1)) X2)))))))))
(CAPTURE_CANDIDATE (AND ((OR ((AND ((NOT (X3)) (OR (X1 X2)))) (AND (X3 (NOT (X1)) (NOT (X2)))))))))
(CAPTURE_CANDIDATE (AND ((OR ((AND ((NOT (X3)) (OR (X1 X2)))) (AND (X3 (OR (X1 (NOT (X2)))) (OR ((NOT (X1)) X2)))))))))
(CAPTURE_CANDIDATE (AND ((NOT (X3)) (OR (X1 X2)))))
(CAPTURE_CANDIDATE (AND ((OR ((AND ((NOT (X3)) (OR (X1 X2)))) (AND (X3 (OR (X1 (NOT (X2)))) (OR ((NOT (X1)) X2)))))))))
(CAPTURE_CANDIDATE (AND ((OR ((AND ((NOT (X3)) (OR (X1 X2)))) (AND (X3 (NOT (X1)) (NOT (X2)))))))))
(CAPTURE_CANDIDATE (AND ((OR ((AND ((NOT (X3)) (OR (X1 X2)))) (AND (X3 (OR (X1 (NOT (X2)))) (OR ((NOT (X1)) X2 X1)))))))))
(CAPTURE_CANDIDATE (AND ((OR ((AND ((NOT (X3)) (OR (X1 X2)))) (AND (X3 (OR (X1 (NOT (X2)))) (OR ((NOT (X1)) X2 (NOT (X1)))))))))))
(CAPTURE_CANDIDATE (AND ((OR ((AND ((NOT (X3)) (OR (X1 X2)))) (AND (X3 (OR (X1 (NOT (X2)))) (OR ((NOT (X1)) X2 X2)))))))))
(CAPTURE_CANDIDATE (AND ((OR ((AND ((NOT (X3)) (OR (X1 X2)))) (AND (X3 (OR (X1 (NOT (X2)))) (OR ((NOT (X1)) X2 (NOT (X2)))))))))))
(CAPTURE_CANDIDATE (AND ((OR ((AND ((NOT (X3)) (OR (X1 X2)))) (AND (X3 (OR (X1 (NOT (X2)))))))))))
(CAPTURE_CANDIDATE (AND ((OR ((AND ((NOT (X3)) (OR (X1 X2)))) (AND (X3 (OR (X1 (NOT (X2)))) (OR ((NOT (X1)) X2)))))))))
(CAPTURE_CANDIDATE (AND ((OR ((AND ((NOT (X3)) (OR (X1 X2)))) (AND (X3 (OR (X1 (NOT (X2)))) (OR ((NOT (X1)) X2 X1 X2)))))))))
(CAPTURE_CANDIDATE (AND ((OR ((AND ((NOT (X3)) (OR (X1 X2)))) (AND (X3 (OR (X1 (NOT (X2)))) (OR ((NOT (X1)) X2 (AND ((NOT (X1)) (NOT (X2)))))))))))))
(CAPTURE_CANDIDATE (AND ((OR ((AND ((NOT (X3)) (OR (X1 X2)))) (AND (X3 (OR (X1 (NOT (X2)))) (OR ((NOT (X1)) X2 (NOT (X1)) X2)))))))))
(CAPTURE_CANDIDATE (AND ((OR ((AND ((NOT (X3)) (OR (X1 X2)))) (AND (X3 (OR (X1 (NOT (X2)))) (OR ((NOT (X1)) X2 (AND (X1 (NOT (X2)))))))))))))
(CAPTURE_CANDIDATE (AND ((OR ((AND ((NOT (X3)) (OR (X1 X2)))) (AND (X3 (OR (X1 (NOT (X2)))))))))))
(CAPTURE_CANDIDATE (AND ((OR ((AND ((NOT (X3)) (OR (X1 X2)))) (AND (X3 (OR (X1 (NOT (X2)))) (OR ((NOT (X1)) X2)))))))))
(CAPTURE_CANDIDATE (AND ((OR ((AND ((NOT (X3)) (OR (X1 X2)))) (AND (X3 X1 X2)))))))
(CAPTURE_CANDIDATE (AND ((OR ((AND ((NOT (X3)) (OR (X1 X2)))) (AND (X3 (NOT (X1)) (NOT (X2)))))))))
(CAPTURE_CANDIDATE (AND ((OR ((AND ((NOT (X3)) (OR (X1 X2)))) (AND (X3 X2 X1)))))))
(CAPTURE_CANDIDATE (AND ((OR ((AND ((NOT (X3)) (OR (X1 X2)))) (AND (X3 (NOT (X2)) (NOT (X1)))))))))
(CAPTURE_CANDIDATE (AND ((OR ((AND ((NOT (X3)) (OR (X1 X2)))) (AND (X3 (OR (X1 (NOT (X2)))) (OR ((NOT (X1)) X2)))))))))
(CAPTURE_CANDIDATE (AND ((NOT (X3)) (OR (X1 X2)))))
(CAPTURE_CANDIDATE (AND ((OR ((AND ((NOT (X3)) (OR (X1 X2)))) (AND (X3 (NOT (X1)) X2)))))))
(CAPTURE_CANDIDATE (AND ((OR ((AND ((NOT (X3)) (OR (X1 X2)))) (AND (X3 (OR (X1 (NOT (X2)))) (OR ((NOT (X1)) X2)) (OR (X1 (NOT (X2)))))))))))
(CAPTURE_CANDIDATE (AND ((OR ((AND ((NOT (X3)) (OR (X1 X2)))) (AND (X3 X1 X2)))))))
(CAPTURE_CANDIDATE (AND ((OR ((AND ((NOT (X3)) (OR (X1 X2)))) (AND (X3 (OR (X1 (NOT (X2)))) (OR ((NOT (X1)) X2)) (OR ((NOT (X1)) (NOT (X2)))))))))))
(CAPTURE_CANDIDATE (AND ((OR ((AND ((NOT (X3)) (OR (X1 X2)))) (AND (X3 (NOT (X1)) (NOT (X2)))))))))
(CAPTURE_CANDIDATE (AND ((OR ((AND ((NOT (X3)) (OR (X1 X2)))) (AND (X3 X1 X2)))))))
(CAPTURE_CANDIDATE (AND ((OR ((AND ((NOT (X3)) (OR (X1 X2)))) (AND (X3 (OR (X1 (NOT (X2)))) (OR ((NOT (X1)) X2)))) X1)))))
(CAPTURE_CANDIDATE (AND ((OR ((AND ((NOT (X3)) (OR (X1 X2)))) (AND (X3 (OR (X1 (NOT (X2)))) (OR ((NOT (X1)) X2)))) (NOT (X1)))))))
(CAPTURE_CANDIDATE (AND ((OR ((AND ((NOT (X3)) (OR (X1 X2)))) (AND (X3 (OR (X1 (NOT (X2)))) (OR ((NOT (X1)) X2)))) X2)))))
(CAPTURE_CANDIDATE (AND ((OR ((AND ((NOT (X3)) (OR (X1 X2)))) (AND (X3 (OR (X1 (NOT (X2)))) (OR ((NOT (X1)) X2)))) (NOT (X2)))))))
(CAPTURE_CANDIDATE (AND ((OR ((AND ((NOT (X3)) (OR (X1 X2)))) (AND (X3 (OR (X1 (NOT (X2)))) (OR ((NOT (X1)) X2)))) X3)))))
(CAPTURE_CANDIDATE (AND ((OR ((AND ((NOT (X3)) (OR (X1 X2)))) (AND (X3 (OR (X1 (NOT (X2)))) (OR ((NOT (X1)) X2)))) (NOT (X3)))))))
(CAPTURE_CANDIDATE (AND ((OR ((AND ((NOT (X3)) (OR (X1 X2)))) (AND (X3 (OR (X1 (NOT (X2)))) (OR ((NOT (X1)) X2)))) (NOT (X1)) X2)))))
(CAPTURE_CANDIDATE (AND ((OR ((AND ((NOT (X3)) (OR (X1 X2)))) (AND (X3 (OR (X1 (NOT (X2)))) (OR ((NOT (X1)) X2)))) (AND (X1 (NOT (X2)))))))))
(CAPTURE_CANDIDATE (AND ((OR ((AND ((NOT (X3)) (OR (X1 X2)))) (AND (X3 (OR (X1 (NOT (X2)))) (OR ((NOT (X1)) X2)))) (NOT (X1)) X3)))))
(CAPTURE_CANDIDATE (AND ((OR ((AND ((NOT (X3)) (OR (X1 X2)))) (AND (X3 (OR (X1 (NOT (X2)))) (OR ((NOT (X1)) X2)))) (AND (X1 (NOT (X3)))))))))
(CAPTURE_CANDIDATE (AND ((OR ((AND ((NOT (X3)) (OR (X1 X2)))) (AND (X3 (OR (X1 (NOT (X2)))) (OR ((NOT (X1)) X2)))) X1 X2)))))
(CAPTURE_CANDIDATE (AND ((OR ((AND ((NOT (X3)) (OR (X1 X2)))) (AND (X3 (OR (X1 (NOT (X2)))) (OR ((NOT (X1)) X2)))) (AND ((NOT (X1)) (NOT (X2)))))))))
(CAPTURE_CANDIDATE (AND (X1 (OR ((NOT (X3)) (AND (X3 X2)))))))
(CAPTURE_CANDIDATE (AND ((NOT (X1)) (OR ((AND ((NOT (X3)) X2)) (AND (X3 (NOT (X2)))))))))
(CAPTURE_CANDIDATE (AND (X2 (OR ((NOT (X3)) (AND (X3 X1)))))))
(CAPTURE_CANDIDATE (AND ((NOT (X2)) (OR ((AND ((NOT (X3)) X1)) (AND (X3 (NOT (X1)))))))))
(CAPTURE_CANDIDATE (AND (X3 (OR (X1 (NOT (X2)))) (OR ((NOT (X1)) X2)))))
(CAPTURE_CANDIDATE (AND ((NOT (X3)) (OR (X1 X2)))))
(CAPTURE_CANDIDATE (AND ((NOT (X1)) X2 (OR ((NOT (X3)) X3)))))
(CAPTURE_CANDIDATE (AND ((OR ((AND ((NOT (X3)) (OR (X1 X2)))) (AND (X3 (OR (X1 (NOT (X2)))) (OR ((NOT (X1)) X2)))))) (OR (X1 (NOT (X2)))))))
(CAPTURE_CANDIDATE (AND (X1 X3 X2)))
(CAPTURE_CANDIDATE (AND ((OR ((AND ((NOT (X3)) (OR (X1 X2)))) (AND (X3 (OR (X1 (NOT (X2)))) (OR ((NOT (X1)) X2)))))) (OR ((NOT (X1)) (NOT (X3)))))))
(CAPTURE_CANDIDATE (AND ((NOT (X1)) X3 (NOT (X2)))))
(CAPTURE_CANDIDATE (AND ((OR ((AND ((NOT (X3)) (OR (X1 X2)))) (AND (X3 (OR (X1 (NOT (X2)))) (OR ((NOT (X1)) X2)))))) (OR (X1 (NOT (X3)))))))
(CAPTURE_CANDIDATE (AND ((OR (X1 (AND ((NOT (X3)) (OR (X1 X2)))) (AND (X3 (OR (X1 (NOT (X2)))) (OR ((NOT (X1)) X2)))))))))
(CAPTURE_CANDIDATE (AND ((OR ((NOT (X1)) (AND ((NOT (X3)) (OR (X1 X2)))) (AND (X3 (OR (X1 (NOT (X2)))) (OR ((NOT (X1)) X2)))))))))
(CAPTURE_CANDIDATE (AND ((OR (X2 (AND ((NOT (X3)) (OR (X1 X2)))) (AND (X3 (OR (X1 (NOT (X2)))) (OR ((NOT (X1)) X2)))))))))
(CAPTURE_CANDIDATE (AND ((OR ((NOT (X2)) (AND ((NOT (X3)) (OR (X1 X2)))) (AND (X3 (OR (X1 (NOT (X2)))) (OR ((NOT (X1)) X2)))))))))
(CAPTURE_CANDIDATE (AND ((OR (X3 (AND ((NOT (X3)) (OR (X1 X2)))) (AND (X3 (OR (X1 (NOT (X2)))) (OR ((NOT (X1)) X2)))))))))
(CAPTURE_CANDIDATE (AND ((OR ((NOT (X3)) (AND ((NOT (X3)) (OR (X1 X2)))) (AND (X3 (OR (X1 (NOT (X2)))) (OR ((NOT (X1)) X2)))))))))
(CAPTURE_CANDIDATE (AND ((OR ((AND ((NOT (X3)) (OR (X1 X2)))) (AND (X3 (OR (X1 (NOT (X2)))) (OR ((NOT (X1)) X2)))) (NOT (X1)) X3)))))
(CAPTURE_CANDIDATE (AND ((OR ((AND (X1 (NOT (X3)))) (AND ((NOT (X3)) (OR (X1 X2)))) (AND (X3 (OR (X1 (NOT (X2)))) (OR ((NOT (X1)) X2)))))))))
(CAPTURE_CANDIDATE (AND ((OR ((AND ((NOT (X3)) (OR (X1 X2)))) (AND (X3 (OR (X1 (NOT (X2)))) (OR ((NOT (X1)) X2)))) (NOT (X1)) X2)))))
(CAPTURE_CANDIDATE (AND ((OR ((AND (X1 (NOT (X2)))) (AND ((NOT (X3)) (OR (X1 X2)))) (AND (X3 (OR (X1 (NOT (X2)))) (OR ((NOT (X1)) X2)))))))))
(CAPTURE_CANDIDATE (AND ((OR ((AND ((NOT (X3)) (OR (X1 X2)))) (AND (X3 (OR (X1 (NOT (X2)))) (OR ((NOT (X1)) X2)))) X2 X3)))))
(CAPTURE_CANDIDATE (AND ((OR ((AND ((NOT (X2)) (NOT (X3)))) (AND ((NOT (X3)) (OR (X1 X2)))) (AND (X3 (OR (X1 (NOT (X2)))) (OR ((NOT (X1)) X2)))))))))
(CAPTURE_CANDIDATE (AND ((OR ((AND ((NOT (X3)) (OR (X1 X2)))) (AND (X3 (OR (X1 (NOT (X2)))) (OR ((NOT (X1)) X2)))))))))
(CAPTURE_CANDIDATE (AND ((OR ((AND ((NOT (X3)) (OR (X1 X2)))) (AND (X3 (OR (X1 (NOT (X2)))) (OR ((NOT (X1)) X2)))))))))
(CAPTURE_CANDIDATE (AND ((OR ((AND ((NOT (X3)) (OR (X1 X2)))) (AND (X3 (OR (X1 (NOT (X2)))) (OR ((NOT (X1)) X2)))))))))
(CAPTURE_CANDIDATE (AND ((OR ((AND ((NOT (X3)) (OR (X1 X2)) (OR ((NOT (X1)) (NOT (X2)))))) (AND (X3 (OR (X1 (NOT (X2)))) (OR ((NOT (X1)) X2)))))))))
(CAPTURE_CANDIDATE (AND ((OR ((AND ((NOT (X3)) (OR (X1 X2)))) (AND (X3 (OR (X1 (NOT (X2)))) (OR ((NOT (X1)) X2)))))))))
(CAPTURE_CANDIDATE (AND ((OR ((AND ((NOT (X3)) (OR (X1 X2)))) (AND (X3 (OR (X1 (NOT (X2)))) (OR ((NOT (X1)) X2)))))))))
(CAPTURE_CANDIDATE (AND ((OR ((AND ((NOT (X3)) (OR (X1 X2)) (OR ((NOT (X1)) (NOT (X2)))))) (AND (X3 (OR (X1 (NOT (X2)))) (OR ((NOT (X1)) X2)))))))))
(CAPTURE_CANDIDATE (AND ((OR ((AND ((NOT (X3)) (OR (X1 X2)))) (AND (X3 (OR (X1 (NOT (X2)))) (OR ((NOT (X1)) X2)))))))))
(CAPTURE_CANDIDATE (AND ((OR ((AND ((NOT (X3)) (OR (X1 X2)) (OR ((NOT (X1)) (NOT (X2)))))) (AND (X3 (OR (X1 (NOT (X2)))) (OR ((NOT (X1)) X2)))))))))
(CAPTURE_CANDIDATE (AND ((OR ((AND ((NOT (X3)) (OR (X1 X2)) (OR ((NOT (X1)) (NOT (X2)))))) (AND (X3 (OR (X1 (NOT (X2)))) (OR ((NOT (X1)) X2)))))))))
(CAPTURE_CANDIDATE (AND ((OR ((AND ((NOT (X3)) (OR (X1 X2)))) (AND (X3 (OR (X1 (NOT (X2)))) (OR ((NOT (X1)) X2)))))))))
(CAPTURE_CANDIDATE (AND ((OR ((AND ((NOT (X3)) (OR (X1 X2)))) (AND (X3 (OR (X1 (NOT (X2)))) (OR ((NOT (X1)) X2)))))))))
(CAPTURE_CANDIDATE (AND ((OR ((AND ((NOT (X3)) (OR (X1 X2)) (OR ((NOT (X1)) (NOT (X2)))))) (AND (X3 (OR (X1 (NOT (X2)))) (OR ((NOT (X1)) X2)))))))))
(CAPTURE_CANDIDATE (AND ((OR ((AND ((NOT (X3)) (OR (X1 X2)))) (AND (X3 (OR (X1 (NOT (X2)))) (OR ((NOT (X1)) X2)))))))))
(CAPTURE_CANDIDATE (AND ((OR ((AND ((NOT (X3)) (OR (X1 X2)) (OR ((NOT (X1)) (NOT (X2)))))) (AND (X3 (OR (X1 (NOT (X2)))) (OR ((NOT (X1)) X2)))))))))
(CAPTURE_CANDIDATE (AND ((OR ((AND ((NOT (X3)) (OR (X1 X2)) (OR ((NOT (X1)) (NOT (X2)))))) (AND (X3 (OR (X1 (NOT (X2)))) (OR ((NOT (X1)) X2)))))))))
(CAPTURE_CANDIDATE (AND ((OR ((AND ((NOT (X3)) (OR (X1 X2)))) (AND (X3 (OR (X1 (NOT (X2)))) (OR ((NOT (X1)) X2)))))))))
(CAPTURE_CANDIDATE (AND ((OR ((AND ((NOT (X3)) (OR (X1 X2)) (OR ((NOT (X1)) (NOT (X2)))))) (AND (X3 (OR (X1 (NOT (X2)))) (OR ((NOT (X1)) X2)))))))))
(CAPTURE_CANDIDATE (AND ((OR ((AND ((NOT (X3)) (OR (X1 X2)) (OR ((NOT (X1)) (NOT (X2)))))) (AND (X3 (OR (X1 (NOT (X2)))) (OR ((NOT (X1)) X2)))))))))
(CAPTURE_CANDIDATE (AND ((OR ((AND ((NOT (X3)) (OR (X1 X2)) (OR ((NOT (X1)) (NOT (X2)))))) (AND (X3 (OR (X1 (NOT (X2)))) (OR ((NOT (X1)) X2)))))))))
(CAPTURE_CANDIDATE (AND ((OR ((AND ((NOT (X3)) (OR (X1 X2)) (OR ((NOT (X1)) (NOT (X2)))))) (AND (X3 (OR (X1 (NOT (X2)))) (OR ((NOT (X1)) X2)))))))))
(CAPTURE_CANDIDATE (AND ((OR ((AND ((NOT (X3)) (OR (X1 X2)))) (AND (X3 (OR (X1 (NOT (X2)))) (OR ((NOT (X1)) X2)))))))))
(CAPTURE_CANDIDATE (AND ((OR ((AND ((NOT (X3)) (OR (X1 X2)))) (AND (X3 (OR (X1 (NOT (X2)))) (OR ((NOT (X1)) X2)))))))))
(CAPTURE_CANDIDATE (AND ((OR ((AND ((NOT (X3)) (OR (X1 X2)))) (AND (X3 (OR (X1 (NOT (X2)))) (OR ((NOT (X1)) X2)))))))))
(CAPTURE_CANDIDATE (AND ((OR ((AND ((NOT (X3)) (OR (X1 X2)))) (AND (X3 (OR (X1 (NOT (X2)))) (OR ((NOT (X1)) X2)))))))))
(CAPTURE_CANDIDATE (AND ((OR ((AND ((NOT (X3)) (OR (X1 X2)) (OR ((NOT (X1)) (NOT (X2)))))) (AND (X3 (OR (X1 (NOT (X2)))) (OR ((NOT (X1)) X2)))))))))
(CAPTURE_CANDIDATE (AND ((OR ((AND ((NOT (X3)) (OR (X1 X2)))) (AND (X3 (OR (X1 (NOT (X2)))) (OR ((NOT (X1)) X2)))))))))
(CAPTURE_CANDIDATE (AND ((OR ((AND ((NOT (X3)) (OR (X1 X2)))) (AND (X3 (OR (X1 (NOT (X2)))) (OR ((NOT (X1)) X2)))))))))
(CAPTURE_CANDIDATE (AND ((OR ((AND ((NOT (X3)) (OR (X1 X2)))) (AND (X3 (OR (X1 (NOT (X2)))) (OR ((NOT (X1)) X2)))))))))
(CAPTURE_CANDIDATE (AND ((OR ((AND ((NOT (X3)) (OR (X1 X2)))) (AND (X3 (OR (X1 (NOT (X2)))) (OR ((NOT (X1)) X2)))))))))
(CAPTURE_CANDIDATE (AND ((OR ((AND ((NOT (X3)) (OR (X1 X2)))) (AND (X3 (OR (X1 (NOT (X2)))) (OR ((NOT (X1)) X2)))))))))
(CAPTURE_CANDIDATE (AND ((OR ((AND ((NOT (X3)) (OR (X1 X2)) (OR ((NOT (X1)) (NOT (X2)))))) (AND (X3 (OR (X1 (NOT (X2)))) (OR ((NOT (X1)) X2)))))))))
(CAPTURE_CANDIDATE (AND ((OR ((AND ((NOT (X3)) (OR (X1 X2)))) (AND (X3 (OR (X1 (NOT (X2)))) (OR ((NOT (X1)) X2)))))))))
(CAPTURE_CANDIDATE (AND ((OR ((AND ((NOT (X3)) (OR (X1 X2)))) (AND (X3 (OR (X1 (NOT (X2)))) (OR ((NOT (X1)) X2)))))))))
(CAPTURE_CANDIDATE (AND ((OR ((AND ((NOT (X3)) (OR (X1 X2)))) (AND (X3 (OR (X1 (NOT (X2)))) (OR ((NOT (X1)) X2)))))))))
(CAPTURE_CANDIDATE (AND ((OR ((AND ((NOT (X3)) (OR (X1 X2)))) (AND (X3 (OR (X1 (NOT (X2)))) (OR ((NOT (X1)) X2)))))))))
(CAPTURE_CANDIDATE (AND ((OR ((AND ((NOT (X3)) (OR (X1 X2)))) (AND (X3 (OR (X1 (NOT (X2)))) (OR ((NOT (X1)) X2)))))))))
(CAPTURE_CANDIDATE (AND ((OR ((AND ((NOT (X3)) (OR (X1 X2)))) (AND (X3 (OR (X1 (NOT (X2)))) (OR ((NOT (X1)) X2)))))))))
(CAPTURE_CANDIDATE (AND ((OR ((AND ((NOT (X3)) (OR (X1 X2)) (OR ((NOT (X1)) (NOT (X2)))))) (AND (X3 (OR (X1 (NOT (X2)))) (OR ((NOT (X1)) X2)))))))))
(CAPTURE_CANDIDATE (AND ((OR ((AND ((NOT (X3)) (OR (X1 X2)))) (AND (X3 (OR (X1 (NOT (X2)))) (OR ((NOT (X1)) X2)))))))))
(CAPTURE_CANDIDATE (AND ((OR ((AND ((NOT (X3)) (OR (X1 X2)))) (AND (X3 (OR (X1 (NOT (X2)))) (OR ((NOT (X1)) X2)))))))))
(CAPTURE_CANDIDATE (AND ((OR ((AND ((NOT (X3)) (OR (X1 X2)))) (AND (X3 (OR (X1 (NOT (X2)))) (OR ((NOT (X1)) X2)))))))))
(CAPTURE_CANDIDATE (AND ((OR ((AND ((NOT (X3)) (OR (X1 X2)))) (AND (X3 (OR (X1 (NOT (X2)))) (OR ((NOT (X1)) X2)))))))))
(CAPTURE_CANDIDATE (AND ((OR ((AND ((NOT (X3)) (OR (X1 X2)))) (AND (X3 (OR (X1 (NOT (X2)))) (OR ((NOT (X1)) X2)))))))))
(CAPTURE_CANDIDATE (AND ((OR ((AND ((NOT (X3)) (OR (X1 X2)))) (AND (X3 (OR (X1 (NOT (X2)))) (OR ((NOT (X1)) X2)))))))))
(CAPTURE_CANDIDATE (AND ((OR ((AND ((NOT (X3)) (OR (X1 X2)))) (AND (X3 (OR (X1 (NOT (X2)))) (OR ((NOT (X1)) X2)))))))))
(CAPTURE_CANDIDATE (AND ((OR ((AND ((NOT (X3)) (OR (X1 X2)) (OR ((NOT (X1)) (NOT (X2)))))) (AND (X3 (OR (X1 (NOT (X2)))) (OR ((NOT (X1)) X2)))))))))
(CAPTURE_CANDIDATE (AND ((OR ((AND ((NOT (X3)) (OR (X1 X2)))) (AND (X3 (OR (X1 (NOT (X2)))) (OR ((NOT (X1)) X2)))))))))
(CAPTURE_CANDIDATE (AND ((OR ((AND ((NOT (X3)) (OR (X1 X2)))) (AND (X3 (OR (X1 (NOT (X2)))) (OR ((NOT (X1)) X2)))))))))
(CAPTURE_CANDIDATE (AND ((OR ((AND ((NOT (X3)) (OR (X1 X2)))) (AND (X3 (OR (X1 (NOT (X2)))) (OR ((NOT (X1)) X2)))))))))
(CAPTURE_CANDIDATE (AND ((OR ((AND ((NOT (X3)) (OR (X1 X2)) (OR ((NOT (X1)) (NOT (X2)))))) (AND (X3 (OR (X1 (NOT (X2)))) (OR ((NOT (X1)) X2)))))))))
(CAPTURE_CANDIDATE (AND ((OR ((AND ((NOT (X3)) (OR (X1 X2)) (OR ((NOT (X1)) (NOT (X2)))))) (AND (X3 (OR (X1 (NOT (X2)))) (OR ((NOT (X1)) X2)))))))))
(CAPTURE_CANDIDATE (AND ((OR ((AND ((NOT (X3)) (OR (X1 X2)) (OR ((NOT (X1)) (NOT (X2)))))) (AND (X3 (OR (X1 (NOT (X2)))) (OR ((NOT (X1)) X2)))))))))
(CAPTURE_CANDIDATE (AND ((OR ((AND ((NOT (X3)) (OR (X1 X2)) (OR ((NOT (X1)) (NOT (X2)))))) (AND (X3 (OR (X1 (NOT (X2)))) (OR ((NOT (X1)) X2)))))))))
(CAPTURE_CANDIDATE (AND ((OR ((AND ((NOT (X3)) (OR (X1 X2)) (OR ((NOT (X1)) (NOT (X2)))))) (AND (X3 (OR (X1 (NOT (X2)))) (OR ((NOT (X1)) X2)))))))))
(CAPTURE_CANDIDATE (AND ((OR ((AND ((NOT (X3)) (OR (X1 X2)) (OR ((NOT (X1)) (NOT (X2)))))) (AND (X3 (OR (X1 (NOT (X2)))) (OR ((NOT (X1)) X2)))))))))
(CAPTURE_CANDIDATE (AND ((OR ((AND ((NOT (X3)) (OR (X1 X2)) (OR ((NOT (X1)) (NOT (X2)))))) (AND (X3 (OR (X1 (NOT (X2)))) (OR ((NOT (X1)) X2)))))))))
(CAPTURE_CANDIDATE (AND ((OR ((AND ((NOT (X3)) (OR (X1 X2)) (OR ((NOT (X1)) (NOT (X2)))))) (AND (X3 (OR (X1 (NOT (X2)))) (OR ((NOT (X1)) X2)))))))))
(CAPTURE_CANDIDATE (AND ((OR ((AND ((NOT (X3)) (OR (X1 X2)) (OR ((NOT (X1)) (NOT (X2)))))) (AND (X3 (OR (X1 (NOT (X2)))) (OR ((NOT (X1)) X2)))))))))
(CAPTURE_CANDIDATE (AND ((OR ((AND ((NOT (X3)) (OR (X1 X2)) (OR ((NOT (X1)) (NOT (X2)))))) (AND (X3 (OR (X1 (NOT (X2)))) (OR ((NOT (X1)) X2)))))))))
(CAPTURE_CANDIDATE (AND ((OR ((AND ((NOT (X3)) (OR (X1 X2)) (OR ((NOT (X1)) (NOT (X2)))))) (AND (X3 (OR (X1 (NOT (X2)))) (OR ((NOT (X1)) X2)))))))))
(CAPTURE_CANDIDATE (AND ((OR ((AND ((NOT (X3)) (OR (X1 X2)) (OR ((NOT (X1)) (NOT (X2)))))) (AND (X3 (OR (X1 (NOT (X2)))) (OR ((NOT (X1)) X2)))))))))
(CAPTURE_CANDIDATE (AND ((OR ((AND ((NOT (X3)) (OR (X1 X2)) (OR ((NOT (X1)) (NOT (X2)))))) (AND (X3 (OR (X1 (NOT (X2)))) (OR ((NOT (X1)) X2)))))))))
(CAPTURE_CANDIDATE (AND ((OR ((AND ((NOT (X3)) (OR (X1 X2)) (OR ((NOT (X1)) (NOT (X2)))))) (AND (X3 (OR (X1 (NOT (X2)))) (OR ((NOT (X1)) X2)))))))))
(CAPTURE_CANDIDATE (AND ((OR ((AND ((NOT (X3)) (OR (X1 X2)) (OR ((NOT (X1)) (NOT (X2)))))) (AND (X3 (OR (X1 (NOT (X2)))) (OR ((NOT (X1)) X2)))))))))
(CAPTURE_CANDIDATE (AND ((OR ((AND ((NOT (X3)) (OR (X1 X2)) (OR ((NOT (X1)) (NOT (X2)))))) (AND (X3 (OR (X1 (NOT (X2)))) (OR ((NOT (X1)) X2)))))))))
(CAPTURE_CANDIDATE (AND ((OR ((AND ((NOT (X3)) (OR (X1 X2)))) (AND (X3 (OR (X1 (NOT (X2)))) (OR ((NOT (X1)) X2)))))))))
(CAPTURE_CANDIDATE (AND ((OR ((AND ((NOT (X3)) (OR (X1 X2)) (OR ((AND ((NOT (X1)) X2)) (NOT (X1)) (NOT (X2)))))) (AND (X3 (OR (X1 (NOT (X2)))) (OR ((NOT (X1)) X2)))))))))
(CAPTURE_CANDIDATE (AND ((OR ((AND ((NOT (X3)) (OR (X1 X2)))) (AND (X3 (OR (X1 (NOT (X2)))) (OR ((NOT (X1)) X2)))))))))
(CAPTURE_CANDIDATE (AND ((OR ((AND ((NOT (X3)) (OR (X1 X2)) (OR ((NOT (X2)) (NOT (X1)) (NOT (X2)))))) (AND (X3 (OR (X1 (NOT (X2)))) (OR ((NOT (X1)) X2)))))))))
(CAPTURE_CANDIDATE (AND ((OR ((AND ((NOT (X3)) (OR (X1 X2)) (OR ((NOT (X1)) (NOT (X1)) (NOT (X2)))))) (AND (X3 (OR (X1 (NOT (X2)))) (OR ((NOT (X1)) X2)))))))))
(CAPTURE_CANDIDATE (AND ((OR ((AND ((NOT (X3)) (OR (X1 X2)) (OR ((NOT (X1)) (NOT (X2)))))) (AND (X3 (OR (X1 (NOT (X2)))) (OR ((NOT (X1)) X2)))))))))
(CAPTURE_CANDIDATE (AND ((OR ((AND ((NOT (X3)) (OR (X1 X2)) (OR ((NOT (X1)) (NOT (X2)))))) (AND (X3 (OR (X1 (NOT (X2)))) (OR ((NOT (X1)) X2)))))))))
(CAPTURE_CANDIDATE (AND ((OR ((AND ((NOT (X3)) (OR (X1 X2)) (OR ((NOT (X1)) (NOT (X2)))))) (AND (X3 (OR (X1 (NOT (X2)))) (OR ((NOT (X1)) X2)))))))))
(CAPTURE_CANDIDATE (AND ((OR ((AND ((NOT (X3)) (OR (X1 X2)) (OR ((NOT (X1)) (NOT (X2)))))) (AND (X3 (OR (X1 (NOT (X2)))) (OR ((NOT (X1)) X2)))))))))
(CAPTURE_CANDIDATE (AND ((OR ((AND ((NOT (X3)) (OR (X1 X2)) (OR ((NOT (X1)) (NOT (X2)))))) (AND (X3 (OR (X1 (NOT (X2)))) (OR ((NOT (X1)) X2)))))))))
(CAPTURE_CANDIDATE (AND ((OR ((AND ((NOT (X3)) (OR (X1 X2)) (OR ((NOT (X1)) (NOT (X2)))))) (AND (X3 (OR (X1 (NOT (X2)))) (OR ((NOT (X1)) X2)))))))))
(CAPTURE_CANDIDATE (AND ((OR ((AND ((NOT (X3)) (OR (X1 X2)) (OR ((NOT (X1)) (NOT (X2)))))) (AND (X3 (OR (X1 (NOT (X2)))) (OR ((NOT (X1)) X2)))))))))
(CAPTURE_CANDIDATE (AND ((OR ((AND ((NOT (X1)) (NOT (X3)) X2)) (AND (X3 (OR (X1 (NOT (X2)))) (OR ((NOT (X1)) X2)))))))))
(CAPTURE_CANDIDATE (AND ((OR ((AND ((NOT (X2)) (NOT (X3)) X1)) (AND (X3 (OR (X1 (NOT (X2)))) (OR ((NOT (X1)) X2)))))))))
(New best score: -2.8571428571428568)
(Terminating because score hasn't improved)
(Terminating because score hasn't improved)
(Terminating because score hasn't improved)
(OptimizedDeme: 359)
"Merging Deme"
(Demesize: 359)
(nEval: 10000 LenSInstList: 359)
(TopCnd: 359)
(Keep 100 Unique instances from 359)
(KeptUniqueTopCandidates NewSize: 100)
(TrimmedDownDeme: 100)
(CAPTURE_CANDIDATE (AND ((OR ((AND ((NOT (X3)) (OR (X1 X2)) (OR ((NOT (X1)) (NOT (X2)))))) (AND (X3 (OR (X1 (NOT (X2)))) (OR ((NOT (X1)) X2)))))))))
(CAPTURE_CANDIDATE (AND ((OR ((AND ((NOT (X3)) (OR (X1 X2)) (OR ((NOT (X2)) (NOT (X1)) (NOT (X2)))))) (AND (X3 (OR (X1 (NOT (X2)))) (OR ((NOT (X1)) X2)))))))))
(CAPTURE_CANDIDATE (AND ((OR ((AND ((NOT (X3)) (OR (X1 X2)) (OR ((NOT (X1)) (NOT (X1)) (NOT (X2)))))) (AND (X3 (OR (X1 (NOT (X2)))) (OR ((NOT (X1)) X2)))))))))
(CAPTURE_CANDIDATE (AND ((OR ((AND ((NOT (X3)) (OR (X1 X2)))) (AND (X3 (OR (X1 (NOT (X2)))) (OR ((NOT (X1)) X2)))))))))
(CAPTURE_CANDIDATE (AND ((OR ((AND ((NOT (X1)) (NOT (X3)) X2)) (AND (X3 (OR (X1 (NOT (X2)))) (OR ((NOT (X1)) X2)))))))))
(CAPTURE_CANDIDATE (AND ((OR ((AND ((NOT (X2)) (NOT (X3)) X1)) (AND (X3 (OR (X1 (NOT (X2)))) (OR ((NOT (X1)) X2)))))))))
(CAPTURE_CANDIDATE (AND ((OR ((AND ((NOT (X1)) (NOT (X3)) X2)) (AND (X3 (OR (X1 (NOT (X2)))) (OR ((NOT (X1)) X2)))))))))
(CAPTURE_CANDIDATE (AND ((OR ((AND ((NOT (X3)) (OR (X1 X2)))) (AND (X3 (OR (X1 (NOT (X2)))) (OR ((NOT (X1)) X2)))))))))
(CAPTURE_CANDIDATE (AND ((OR ((AND ((NOT (X3)) (NOT (X1)) X2)) (AND (X3 (OR (X1 (NOT (X2)))) (OR ((NOT (X1)) X2)))))))))
(CAPTURE_CANDIDATE (AND ((OR ((AND ((NOT (X3)) (NOT (X2)) X1)) (AND (X3 (OR (X1 (NOT (X2)))) (OR ((NOT (X1)) X2)))))))))
(CAPTURE_CANDIDATE (AND ((OR ((AND ((NOT (X3)) (OR (X1 X2)))) (AND (X3 (OR (X1 (NOT (X2)))) (OR ((NOT (X1)) X2)))))))))
(CAPTURE_CANDIDATE (AND ((OR ((AND ((NOT (X3)) (NOT (X1)) X2)) (AND (X3 (OR (X1 (NOT (X2)))) (OR ((NOT (X1)) X2)))))))))
(CAPTURE_CANDIDATE (AND ((OR ((AND ((NOT (X3)) (OR (X1 X2)))) (AND (X3 (OR (X1 (NOT (X2)))) (OR ((NOT (X1)) X2)))))))))
(CAPTURE_CANDIDATE (AND ((OR ((AND ((NOT (X1)) (NOT (X3)) X2)) (AND (X3 (OR (X1 (NOT (X2)))) (OR ((NOT (X1)) X2)))))))))
(CAPTURE_CANDIDATE (AND ((OR ((AND ((NOT (X2)) (NOT (X3)) X1)) (AND (X3 (OR (X1 (NOT (X2)))) (OR ((NOT (X1)) X2)))))))))
(CAPTURE_CANDIDATE (AND ((NOT (X1)) (OR ((AND ((NOT (X3)) X2)) (AND (X3 (NOT (X2)))))))))
(CAPTURE_CANDIDATE (AND ((NOT (X2)) (OR ((AND ((NOT (X3)) X1)) (AND (X3 (NOT (X1)))))))))
(CAPTURE_CANDIDATE (AND (X3 (OR (X1 (NOT (X2)))) (OR ((NOT (X1)) X2)))))
(CAPTURE_CANDIDATE (AND ((NOT (X1)) (OR ((AND ((NOT (X3)) X2)) (AND (X3 (NOT (X2)))))))))
(CAPTURE_CANDIDATE (AND ((NOT (X2)) (OR ((AND ((NOT (X3)) X1)) (AND (X3 (NOT (X1)))))))))
(CAPTURE_CANDIDATE (AND (X3 (OR (X1 (NOT (X2)))) (OR ((NOT (X1)) X2)))))
(CAPTURE_CANDIDATE (AND ((OR ((AND ((NOT (X3)) (OR (X1 X2)) (OR ((AND ((NOT (X1)) X2)) (NOT (X1)) (NOT (X2)))))) (AND (X3 (OR (X1 (NOT (X2)))) (OR ((NOT (X1)) X2)))))))))
(CAPTURE_CANDIDATE (AND ((OR ((AND ((NOT (X3)) (OR ((AND (X1 (NOT (X2)))) X2)))) (AND (X3 (OR (X1 (NOT (X2)))) (OR ((NOT (X1)) X2)))))))))
(CAPTURE_CANDIDATE (AND ((OR ((AND ((NOT (X3)) (OR ((AND (X1 X1)) X2)))) (AND (X3 (OR (X1 (NOT (X2)))) (OR ((NOT (X1)) X2)))))))))
(CAPTURE_CANDIDATE (AND ((OR ((AND ((NOT (X3)) (OR ((AND (X1 (NOT (X2)))) X2)))) (AND (X3 (OR (X1 (NOT (X2)))) (OR ((NOT (X1)) X2)))))))))
(CAPTURE_CANDIDATE (AND ((OR ((AND ((NOT (X3)) (OR (X1 (AND (X2 (NOT (X1)))))))) (AND (X3 (OR (X1 (NOT (X2)))) (OR ((NOT (X1)) X2)))))))))
(CAPTURE_CANDIDATE (AND ((OR ((AND ((NOT (X3)) (OR (X1 (AND (X2 X2)))))) (AND (X3 (OR (X1 (NOT (X2)))) (OR ((NOT (X1)) X2)))))))))
(CAPTURE_CANDIDATE (AND ((OR ((AND ((NOT (X3)) (OR (X1 (AND (X2 (NOT (X1)))))))) (AND (X3 (OR (X1 (NOT (X2)))) (OR ((NOT (X1)) X2)))))))))
(CAPTURE_CANDIDATE (AND ((OR ((AND ((NOT (X3)) (OR (X1 X2 X1)))) (AND (X3 (OR (X1 (NOT (X2)))) (OR ((NOT (X1)) X2)))))))))
(CAPTURE_CANDIDATE (AND ((OR ((AND ((NOT (X3)) (OR (X1 X2 X2)))) (AND (X3 (OR (X1 (NOT (X2)))) (OR ((NOT (X1)) X2)))))))))
(CAPTURE_CANDIDATE (AND ((OR ((AND ((NOT (X3)) (OR (X1 X2)))) (AND (X3 (OR (X1 (NOT (X2)) X1)) (OR ((NOT (X1)) X2)))))))))
(CAPTURE_CANDIDATE (AND ((OR ((AND ((NOT (X3)) (OR (X1 X2)))) (AND (X3 (OR ((AND (X1 X2)) (NOT (X2)))) (OR ((NOT (X1)) X2)))))))))
(CAPTURE_CANDIDATE (AND ((OR ((AND ((NOT (X3)) (OR (X1 X2)))) (AND (X3 (OR (X1 (AND ((NOT (X1)) (NOT (X2)))))) (OR ((NOT (X1)) X2)))))))))
(CAPTURE_CANDIDATE (AND ((OR ((AND ((NOT (X3)) (OR (X1 X2)))) (AND (X3 (OR (X1 (AND ((NOT (X2)) (NOT (X1)))))) (OR ((NOT (X1)) X2)))))))))
(CAPTURE_CANDIDATE (AND ((OR ((AND ((NOT (X3)) (OR (X1 X2)))) (AND (X3 (OR (X1 (NOT (X2)) X1)) (OR ((NOT (X1)) X2)))))))))
(CAPTURE_CANDIDATE (AND ((OR ((AND ((NOT (X3)) (OR (X1 X2)))) (AND (X3 (OR (X1 (NOT (X2)) (NOT (X2)))) (OR ((NOT (X1)) X2)))))))))
(CAPTURE_CANDIDATE (AND ((OR ((AND ((NOT (X3)) (OR (X1 X2)))) (AND ((OR (X1 (NOT (X2)))) (OR (X3 X1)) (OR ((NOT (X1)) X2)))))))))
(CAPTURE_CANDIDATE (AND ((OR ((AND ((NOT (X3)) (OR (X1 X2)))) (AND ((OR (X1 (NOT (X2)))) (OR (X3 X2)) (OR ((NOT (X1)) X2)))))))))
(CAPTURE_CANDIDATE (AND ((OR ((AND ((NOT (X3)) (OR (X1 X2)))) (AND (X3 (OR (X1 (NOT (X2)))) (OR ((NOT (X1)) X2 X2)))))))))
(CAPTURE_CANDIDATE (AND ((OR ((AND ((NOT (X3)) (OR (X1 X2)))) (AND (X3 (OR (X1 (NOT (X2)))) (OR ((AND ((NOT (X1)) (NOT (X2)))) X2)))))))))
(CAPTURE_CANDIDATE (AND ((OR ((AND ((NOT (X3)) (OR (X1 X2)))) (AND (X3 (OR (X1 (NOT (X2)))) (OR ((NOT (X1)) (AND (X2 X1)))))))))))
(CAPTURE_CANDIDATE (AND ((OR ((AND ((NOT (X3)) (OR (X1 X2)))) (AND (X3 (OR (X1 (NOT (X2)))) (OR ((NOT (X1)) X2 (NOT (X1)))))))))))
(CAPTURE_CANDIDATE (AND ((OR ((AND ((NOT (X3)) (OR (X1 X2)))) (AND (X3 (OR (X1 (NOT (X2)))) (OR ((NOT (X1)) X2 X2)))))))))
(CAPTURE_CANDIDATE (AND ((OR ((NOT (X3)) (AND (X3 (OR (X1 (NOT (X2)))) (OR ((NOT (X1)) X2)))))))))
(CAPTURE_CANDIDATE (AND ((OR ((AND ((NOT (X3)) (OR (X1 X2)))) (AND (X1 X3 X2)))))))
(CAPTURE_CANDIDATE (AND ((OR ((AND ((NOT (X3)) (OR (X1 X2)))) (AND ((NOT (X1)) (NOT (X2)) X3)))))))
(CAPTURE_CANDIDATE (AND ((OR ((AND ((NOT (X3)) (OR (X1 X2)))) (AND (X2 X1 X3)))))))
(CAPTURE_CANDIDATE (AND ((OR ((AND ((NOT (X3)) (OR (X1 X2)))) (AND ((NOT (X2)) X3 (NOT (X1)))))))))
(CAPTURE_CANDIDATE (AND ((OR ((AND ((NOT (X3)) (OR (X1 X2)))) (AND (X3 (OR (X1 (NOT (X2)))))))))))
(CAPTURE_CANDIDATE (AND ((OR ((AND ((NOT (X3)) (OR (X1 X2)))) (AND ((NOT (X2)) X3 (NOT (X1)))))))))
(CAPTURE_CANDIDATE (AND ((OR ((AND ((NOT (X3)) (OR (X1 X2)))) (AND (X1 X3 X2)))))))
(CAPTURE_CANDIDATE (AND ((OR ((AND ((NOT (X3)) (OR (X1 X2)))) (AND (X3 (OR ((NOT (X1)) X2)))))))))
(CAPTURE_CANDIDATE (AND ((OR ((AND ((NOT (X3)) (OR (X1 X2)))) (AND (X3 (NOT (X2)) (NOT (X1)))))))))
(CAPTURE_CANDIDATE (AND ((OR ((AND ((NOT (X3)) (OR (X1 X2)))) (AND ((NOT (X2)) X3 (NOT (X1)))))))))
(CAPTURE_CANDIDATE (AND ((OR ((AND ((NOT (X3)) (OR (X1 X2)))) (AND (X3 (NOT (X2)) (NOT (X1)))))))))
(CAPTURE_CANDIDATE (AND ((OR ((AND ((NOT (X3)) (OR (X1 X2)))) (AND (X1 X3 X2)))))))
(CAPTURE_CANDIDATE (AND ((OR ((AND ((NOT (X3)) (OR (X1 X2)))) (AND (X3 X1 X2)))))))
(CAPTURE_CANDIDATE (AND ((OR ((AND ((NOT (X3)) (OR (X1 X2)))) (AND (X3 (OR ((NOT (X1)) X2)))))))))
(CAPTURE_CANDIDATE (AND ((OR ((AND ((NOT (X3)) (OR (X1 X2)))) (AND (X3 (NOT (X2)) (NOT (X1)))))))))
(CAPTURE_CANDIDATE (AND ((OR ((AND ((NOT (X3)) (OR (X1 X2)))) (AND (X3 (NOT (X1)) (NOT (X2)))))))))
(CAPTURE_CANDIDATE (AND ((OR ((AND ((NOT (X3)) (OR (X1 X2)))) (AND (X3 X2 X1)))))))
(CAPTURE_CANDIDATE (AND ((OR ((AND ((NOT (X3)) (OR (X1 X2)))) (AND (X3 (NOT (X1)) (NOT (X2)))))))))
(CAPTURE_CANDIDATE (AND ((OR ((AND ((NOT (X3)) (OR (X1 X2)))) (AND (X3 (OR (X1 (NOT (X2)))))))))))
(CAPTURE_CANDIDATE (AND ((OR ((AND ((NOT (X3)) (OR (X1 X2)))) (AND (X3 X2 X1)))))))
(CAPTURE_CANDIDATE (AND ((OR ((AND ((NOT (X3)) (OR (X1 X2)))) (AND (X3 (NOT (X1)) (NOT (X2)))))))))
(CAPTURE_CANDIDATE (AND ((OR ((AND ((NOT (X3)) (OR (X1 X2)))) (AND (X3 (OR (X1 (NOT (X2)))))))))))
(CAPTURE_CANDIDATE (AND ((OR ((AND ((NOT (X3)) (OR (X1 X2)))) (AND (X3 X1 X2)))))))
(CAPTURE_CANDIDATE (AND ((OR ((AND ((NOT (X3)) (OR (X1 X2)))) (AND (X3 (NOT (X1)) (NOT (X2)))))))))
(CAPTURE_CANDIDATE (AND ((OR ((AND ((NOT (X3)) (OR (X1 X2)))) (AND (X3 X2 X1)))))))
(CAPTURE_CANDIDATE (AND ((OR ((AND ((NOT (X3)) (OR (X1 X2)))) (AND (X3 (NOT (X2)) (NOT (X1)))))))))
(CAPTURE_CANDIDATE (AND ((OR ((AND ((NOT (X3)) (OR (X1 X2)))) (AND (X3 X1 X2)))))))
(CAPTURE_CANDIDATE (AND ((OR ((AND ((NOT (X3)) (OR (X1 X2)))) (AND (X3 (NOT (X1)) (NOT (X2)))))))))
(CAPTURE_CANDIDATE (AND ((OR ((AND ((NOT (X3)) (OR (X1 X2)))) (AND (X3 X1 X2)))))))
(CAPTURE_CANDIDATE (AND ((OR ((AND ((NOT (X3)) (OR (X1 X2)))) (AND (X3 (OR (X1 (NOT (X2)))) (OR ((NOT (X1)) X2)))))) (OR ((NOT (X2)) X3)))))
(CAPTURE_CANDIDATE (AND ((OR ((AND ((NOT (X3)) (OR (X1 X2)))) (AND (X3 (OR (X1 (NOT (X2)))) (OR ((NOT (X1)) X2)))) (AND (X1 X2)))))))
(CAPTURE_CANDIDATE (AND ((OR ((AND ((OR ((NOT (X3)) (AND (X1 X2)))) (OR (X1 X2)))) (AND (X3 (OR (X1 (NOT (X2)))) (OR ((NOT (X1)) X2)))))))))
(CAPTURE_CANDIDATE (AND ((OR ((AND ((NOT (X3)) (OR (X1 X2 (AND ((NOT (X1)) X2)))))) (AND (X3 (OR (X1 (NOT (X2)))) (OR ((NOT (X1)) X2)))))))))
(CAPTURE_CANDIDATE (AND ((OR ((AND ((NOT (X3)) (OR ((AND (X1 X1 (NOT (X2)))) X2)))) (AND (X3 (OR (X1 (NOT (X2)))) (OR ((NOT (X1)) X2)))))))))
(CAPTURE_CANDIDATE (AND ((OR ((AND ((NOT (X3)) (OR (X1 X2 X1 X2)))) (AND (X3 (OR (X1 (NOT (X2)))) (OR ((NOT (X1)) X2)))))))))
(CAPTURE_CANDIDATE (AND ((OR ((AND ((NOT (X3)) (OR (X1 X2)))) (AND (X3 (OR (X1 (NOT (X2)) X1 (NOT (X2)))) (OR ((NOT (X1)) X2)))))))))
(CAPTURE_CANDIDATE (AND ((OR ((AND ((NOT (X3)) (OR (X1 X2)))) (AND (X3 (OR (X1 (AND ((NOT (X2)) (NOT (X1)) (NOT (X2)))))) (OR ((NOT (X1)) X2)))))))))
(CAPTURE_CANDIDATE (AND ((OR ((AND ((NOT (X3)) (OR (X1 X2)))) (AND ((OR (X1 (NOT (X2)))) (OR (X3 (AND ((NOT (X1)) X2)))) (OR ((NOT (X1)) X2)))))))))
(CAPTURE_CANDIDATE (AND ((OR ((AND ((NOT (X3)) (OR (X1 X2)))) (AND (X3 (OR (X1 (NOT (X2)))) (OR ((NOT (X1)) X2 (AND ((NOT (X1)) X2)))))))))))
(CAPTURE_CANDIDATE (AND ((OR ((AND ((NOT (X3)) (OR (X1 X2)))) (AND (X3 (OR (X1 (NOT (X2)))) (OR ((NOT (X1)) X2 (AND ((NOT (X1)) (NOT (X2)))))))))))))
(CAPTURE_CANDIDATE (AND ((OR ((AND ((NOT (X3)) (OR (X1 X2)))) (AND (X3 (OR (X1 (NOT (X2)))) (OR ((NOT (X1)) X2 (NOT (X1)) X2)))))))))
(CAPTURE_CANDIDATE (AND ((OR ((AND ((NOT (X3)) (OR (X1 X2)))) (AND (X3 (OR (X1 (NOT (X2)))) (OR ((NOT (X1)) X2)) (OR (X1 (NOT (X2)))))))))))
(CAPTURE_CANDIDATE (AND ((OR ((AND ((NOT (X3)) (OR (X1 X2)))) (AND (X3 (OR (X1 (NOT (X2)))) (OR ((NOT (X1)) X2)))) (AND (X1 (NOT (X3)))))))))
(CAPTURE_CANDIDATE (AND ((OR ((AND (X1 (NOT (X3)))) (AND ((NOT (X3)) (OR (X1 X2)))) (AND (X3 (OR (X1 (NOT (X2)))) (OR ((NOT (X1)) X2)))))))))
(CAPTURE_CANDIDATE (AND ((NOT (X3)) (OR (X1 X2)))))
(CAPTURE_CANDIDATE (AND ((NOT (X2)) (NOT (X3)) X1)))
(CAPTURE_CANDIDATE (AND ((NOT (X1)) (NOT (X3)) X2)))
(CAPTURE_CANDIDATE (AND ((NOT (X3)) (OR (X1 X2)))))
(CAPTURE_CANDIDATE (AND (X1 X3 X2)))
(CAPTURE_CANDIDATE (AND ((NOT (X1)) X3 (NOT (X2)))))
(CAPTURE_CANDIDATE (AND ((OR ((AND (X1 (NOT (X3)))) (AND (X3 (OR (X1 (NOT (X2)))) (OR ((NOT (X1)) X2)))))))))
(CAPTURE_CANDIDATE (AND ((OR ((AND (X2 (NOT (X3)))) (AND (X3 (OR (X1 (NOT (X2)))) (OR ((NOT (X1)) X2)))))))))
(CAPTURE_CANDIDATE (AND ((OR ((AND ((NOT (X3)) X2)) (AND (X3 (OR (X1 (NOT (X2)))) (OR ((NOT (X1)) X2)))))))))
(CAPTURE_CANDIDATE (AND ((OR ((AND ((NOT (X3)) X1)) (AND (X3 (OR (X1 (NOT (X2)))) (OR ((NOT (X1)) X2)))))))))
(CAPTURE_CANDIDATE (AND ((OR ((AND ((NOT (X3)) X2)) (AND (X3 (OR (X1 (NOT (X2)))) (OR ((NOT (X1)) X2)))))))))
(CAPTURE_CANDIDATE (AND ((OR ((AND ((NOT (X3)) X1)) (AND (X3 (OR (X1 (NOT (X2)))) (OR ((NOT (X1)) X2)))))))))
(Before getNewCandidates: 100)
(Going to merge 4 Instances)
(Metapop size before resize: 193)
(Metapop size after resize: 181)
""
true
true
true
true
true
true
true
true
true
true
true
true
true
true
true
true
true
true
true
true
true
true
true
true
true
true
true
true
true
true
true
true
true
true
true
true
true
true
true
true
true
true
true
true
true
true
true
true
true
true
true
true
true
true
true
true
true
true
true
true
true
true
true
true
true
true
true
()
(FinalResult (((AND (OR (AND (NOT X3) (OR X1 X2) (OR (NOT X1) (NOT X2))) (AND X3 (OR X1 (NOT X2)) (OR (NOT X1) X2)))) 0) ((AND (OR (AND (NOT X3) (OR X1 X2) (OR (NOT X2) (NOT X1) (NOT X2))) (AND X3 (OR X1 (NOT X2)) (OR (NOT X1) X2)))) 0) ((AND (OR (AND (NOT X3) (OR X1 X2) (OR (NOT X1) (NOT X1) (NOT X2))) (AND X3 (OR X1 (NOT X2)) (OR (NOT X1) X2)))) 0) ((AND (OR (AND X1 X2 X3) (AND (NOT X3) (OR X1 X2) (OR (NOT X1) (NOT X2))))) -1) ((AND (OR (AND (NOT X3) (OR X1 X2)) (AND X3 (OR X1 (NOT X2)) (OR (NOT X1) X2)))) -1) ((AND (OR (AND (NOT X3) (OR X1 X2)) (AND (OR X1 (NOT X2)) (OR (AND X3 (NOT X1)) X2)))) -1) ((AND (OR (AND (NOT X3) (OR X1 X2)) (AND (OR X1 (NOT X2)) (OR (AND (NOT X1) X3) X2)))) -1) ((AND (OR (AND (NOT X3) (OR X1 X2)) (AND (OR X1 (NOT X2)) (OR X2 (AND X3 (NOT X1)))))) -1) ((AND (OR (AND (NOT X3) (OR X1 X2)) (AND X3 (OR X1 (NOT X2)) (OR X2 (NOT X1))))) -1) ((AND (OR (AND (NOT X3) (OR X1 X2)) (AND (OR X1 (NOT X2)) (OR X2 (AND (NOT X1) X3))))) -1)))
