(BestPossibleScore: 0)
(Generation 3)
"expand  deme returnn"
(SelectedTree: true)
(GeneratedList: (0 0 0 0 0 0 0 0 0 0 0 0 0 0 0 0 0 0 0 0 0 0 0 0 0 0 0 0 0 0 0 0 0 0 0 0 0 0 0 0 0 0 0 0 0 0 0 0 0 0 0 0 0 0 0 0 0 0 0 0 0 0 0 0 0 0 0 0 0 0 0 0 0 0 0 0 0 0 0 0 0 0 0 0 0 0 0 0 0 0 0 0 0 0 0 0))
""
(Iteration 1 running)
(Crossover: false)
(CenterInst: (0 0 0 0 0 0 0 0 0 0 0 0 0 0 0 0 0 0 0 0 0 0 0 0 0 0 0 0 0 0 0 0 0 0 0 0 0 0 0 0 0 0 0 0 0 0 0 0 0 0 0 0 0 0 0 0 0 0 0 0 0 0 0 0 0 0 0 0 0 0 0 0 0 0 0 0 0 0 0 0 0 0 0 0 0 0 0 0 0 0 0 0 0 0 0 0))
(size: 4096)
(1 : 1 : 0)
(New best score: -4096.0)
""
(Iteration 2 running)
(Crossover: false)
(CenterInst: (0 0 0 0 0 0 0 0 0 0 0 0 0 0 0 0 0 0 0 0 0 0 0 0 0 0 0 0 0 0 0 0 0 0 0 0 0 0 0 0 0 0 0 0 0 0 0 0 0 0 0 0 0 0 0 0 0 0 0 0 0 0 0 0 0 0 0 0 0 0 0 0 0 0 0 0 0 0 0 0 0 0 0 0 0 0 0 0 0 0 0 0 0 0 0 0))
(size: 4096)
(576 : 499 : 1)
(CAPTURE_CANDIDATE X1)
(CAPTURE_CANDIDATE (NOT (X1)))
(CAPTURE_CANDIDATE X2)
(CAPTURE_CANDIDATE (NOT (X2)))
(CAPTURE_CANDIDATE X3)
(CAPTURE_CANDIDATE (NOT (X3)))
(CAPTURE_CANDIDATE X4)
(CAPTURE_CANDIDATE (NOT (X4)))
(CAPTURE_CANDIDATE X5)
(CAPTURE_CANDIDATE (NOT (X5)))
(CAPTURE_CANDIDATE X6)
(CAPTURE_CANDIDATE (NOT (X6)))
(CAPTURE_CANDIDATE X7)
(CAPTURE_CANDIDATE (NOT (X7)))
(CAPTURE_CANDIDATE X8)
(CAPTURE_CANDIDATE (NOT (X8)))
(CAPTURE_CANDIDATE X9)
(CAPTURE_CANDIDATE (NOT (X9)))
(CAPTURE_CANDIDATE X10)
(CAPTURE_CANDIDATE (NOT (X10)))
(CAPTURE_CANDIDATE X11)
(CAPTURE_CANDIDATE (NOT (X11)))
(CAPTURE_CANDIDATE X12)
(CAPTURE_CANDIDATE (NOT (X12)))
(CAPTURE_CANDIDATE (AND ((NOT (X9)) X12)))
(CAPTURE_CANDIDATE (AND ((OR (X9 (NOT (X12)))))))
(CAPTURE_CANDIDATE (AND (X9 X10)))
(CAPTURE_CANDIDATE (AND ((OR ((NOT (X9)) (NOT (X10)))))))
(CAPTURE_CANDIDATE (AND ((NOT (X1)) X12)))
(CAPTURE_CANDIDATE (AND ((OR (X1 (NOT (X12)))))))
(CAPTURE_CANDIDATE (AND (X1 X7)))
(CAPTURE_CANDIDATE (AND ((OR ((NOT (X1)) (NOT (X7)))))))
(CAPTURE_CANDIDATE (AND (X10 X12)))
(CAPTURE_CANDIDATE (AND ((OR ((NOT (X10)) (NOT (X12)))))))
(CAPTURE_CANDIDATE (AND (X4 X12)))
(CAPTURE_CANDIDATE (AND ((OR ((NOT (X4)) (NOT (X12)))))))
(CAPTURE_CANDIDATE (AND (X5 X10)))
(CAPTURE_CANDIDATE (AND ((OR ((NOT (X5)) (NOT (X10)))))))
(CAPTURE_CANDIDATE (AND (X1 X8)))
(CAPTURE_CANDIDATE (AND ((OR ((NOT (X1)) (NOT (X8)))))))
(CAPTURE_CANDIDATE (AND (X2 X12)))
(CAPTURE_CANDIDATE (AND ((OR ((NOT (X2)) (NOT (X12)))))))
(CAPTURE_CANDIDATE (AND (X4 X9)))
(CAPTURE_CANDIDATE (AND ((OR ((NOT (X4)) (NOT (X9)))))))
(CAPTURE_CANDIDATE (AND (X1 X6)))
(CAPTURE_CANDIDATE (AND ((OR ((NOT (X1)) (NOT (X6)))))))
(CAPTURE_CANDIDATE (AND (X9 X12)))
(CAPTURE_CANDIDATE (AND ((OR ((NOT (X9)) (NOT (X12)))))))
(CAPTURE_CANDIDATE X1)
(CAPTURE_CANDIDATE (NOT (X1)))
(CAPTURE_CANDIDATE X2)
(CAPTURE_CANDIDATE (NOT (X2)))
(CAPTURE_CANDIDATE X3)
(CAPTURE_CANDIDATE (NOT (X3)))
(CAPTURE_CANDIDATE X4)
(CAPTURE_CANDIDATE (NOT (X4)))
(CAPTURE_CANDIDATE X5)
(CAPTURE_CANDIDATE (NOT (X5)))
(CAPTURE_CANDIDATE X6)
(CAPTURE_CANDIDATE (NOT (X6)))
(CAPTURE_CANDIDATE X7)
(CAPTURE_CANDIDATE (NOT (X7)))
(CAPTURE_CANDIDATE X8)
(CAPTURE_CANDIDATE (NOT (X8)))
(CAPTURE_CANDIDATE X9)
(CAPTURE_CANDIDATE (NOT (X9)))
(CAPTURE_CANDIDATE X10)
(CAPTURE_CANDIDATE (NOT (X10)))
(CAPTURE_CANDIDATE X11)
(CAPTURE_CANDIDATE (NOT (X11)))
(CAPTURE_CANDIDATE X12)
(CAPTURE_CANDIDATE (NOT (X12)))
(CAPTURE_CANDIDATE (AND ((OR (X3 X4)))))
(CAPTURE_CANDIDATE (AND ((NOT (X3)) (NOT (X4)))))
(CAPTURE_CANDIDATE (AND ((OR ((NOT (X7)) X8)))))
(CAPTURE_CANDIDATE (AND (X7 (NOT (X8)))))
(CAPTURE_CANDIDATE (AND ((OR ((NOT (X3)) X4)))))
(CAPTURE_CANDIDATE (AND (X3 (NOT (X4)))))
(CAPTURE_CANDIDATE (AND ((OR ((NOT (X6)) X11)))))
(CAPTURE_CANDIDATE (AND (X6 (NOT (X11)))))
(CAPTURE_CANDIDATE (AND ((OR ((NOT (X4)) X6)))))
(CAPTURE_CANDIDATE (AND (X4 (NOT (X6)))))
(CAPTURE_CANDIDATE (AND ((OR (X3 X8)))))
(CAPTURE_CANDIDATE (AND ((NOT (X3)) (NOT (X8)))))
(CAPTURE_CANDIDATE (AND ((OR ((NOT (X3)) X5)))))
(CAPTURE_CANDIDATE (AND (X3 (NOT (X5)))))
(CAPTURE_CANDIDATE (AND ((OR ((NOT (X2)) X9)))))
(CAPTURE_CANDIDATE (AND (X2 (NOT (X9)))))
(CAPTURE_CANDIDATE (AND ((OR ((NOT (X8)) X9)))))
(CAPTURE_CANDIDATE (AND (X8 (NOT (X9)))))
(CAPTURE_CANDIDATE (AND ((OR ((NOT (X11)) X12)))))
(CAPTURE_CANDIDATE (AND (X11 (NOT (X12)))))
(CAPTURE_CANDIDATE (AND ((OR (X3 X9)))))
(CAPTURE_CANDIDATE (AND ((NOT (X3)) (NOT (X9)))))
(CAPTURE_CANDIDATE (AND ((OR (X2 X11)))))
(CAPTURE_CANDIDATE (AND ((NOT (X2)) (NOT (X11)))))
(CAPTURE_CANDIDATE X1)
(CAPTURE_CANDIDATE (NOT (X1)))
(CAPTURE_CANDIDATE X2)
(CAPTURE_CANDIDATE (NOT (X2)))
(CAPTURE_CANDIDATE X3)
(CAPTURE_CANDIDATE (NOT (X3)))
(CAPTURE_CANDIDATE X4)
(CAPTURE_CANDIDATE (NOT (X4)))
(CAPTURE_CANDIDATE X5)
(CAPTURE_CANDIDATE (NOT (X5)))
(CAPTURE_CANDIDATE X6)
(CAPTURE_CANDIDATE (NOT (X6)))
(CAPTURE_CANDIDATE X7)
(CAPTURE_CANDIDATE (NOT (X7)))
(CAPTURE_CANDIDATE X8)
(CAPTURE_CANDIDATE (NOT (X8)))
(CAPTURE_CANDIDATE X9)
(CAPTURE_CANDIDATE (NOT (X9)))
(CAPTURE_CANDIDATE X10)
(CAPTURE_CANDIDATE (NOT (X10)))
(CAPTURE_CANDIDATE X11)
(CAPTURE_CANDIDATE (NOT (X11)))
(CAPTURE_CANDIDATE X12)
(CAPTURE_CANDIDATE (NOT (X12)))
(CAPTURE_CANDIDATE (AND (X4 X8)))
(CAPTURE_CANDIDATE (AND ((OR ((NOT (X4)) (NOT (X8)))))))
(CAPTURE_CANDIDATE (AND ((NOT (X5)) X10)))
(CAPTURE_CANDIDATE (AND ((OR (X5 (NOT (X10)))))))
(CAPTURE_CANDIDATE (AND (X2 X12)))
(CAPTURE_CANDIDATE (AND ((OR ((NOT (X2)) (NOT (X12)))))))
(CAPTURE_CANDIDATE (AND (X4 X11)))
(CAPTURE_CANDIDATE (AND ((OR ((NOT (X4)) (NOT (X11)))))))
(CAPTURE_CANDIDATE (AND (X1 X7)))
(CAPTURE_CANDIDATE (AND ((OR ((NOT (X1)) (NOT (X7)))))))
(CAPTURE_CANDIDATE (AND ((NOT (X2)) X6)))
(CAPTURE_CANDIDATE (AND ((OR (X2 (NOT (X6)))))))
(CAPTURE_CANDIDATE (AND ((NOT (X1)) X5)))
(CAPTURE_CANDIDATE (AND ((OR (X1 (NOT (X5)))))))
(CAPTURE_CANDIDATE (AND (X2 X3)))
(CAPTURE_CANDIDATE (AND ((OR ((NOT (X2)) (NOT (X3)))))))
(CAPTURE_CANDIDATE (AND (X4 X10)))
(CAPTURE_CANDIDATE (AND ((OR ((NOT (X4)) (NOT (X10)))))))
(CAPTURE_CANDIDATE (AND ((NOT (X1)) X2)))
(CAPTURE_CANDIDATE (AND ((OR (X1 (NOT (X2)))))))
(CAPTURE_CANDIDATE (AND (X6 X12)))
(CAPTURE_CANDIDATE (AND ((OR ((NOT (X6)) (NOT (X12)))))))
(CAPTURE_CANDIDATE (AND ((NOT (X8)) X10)))
(CAPTURE_CANDIDATE (AND ((OR (X8 (NOT (X10)))))))
(CAPTURE_CANDIDATE X1)
(CAPTURE_CANDIDATE (NOT (X1)))
(CAPTURE_CANDIDATE X2)
(CAPTURE_CANDIDATE (NOT (X2)))
(CAPTURE_CANDIDATE X3)
(CAPTURE_CANDIDATE (NOT (X3)))
(CAPTURE_CANDIDATE X4)
(CAPTURE_CANDIDATE (NOT (X4)))
(CAPTURE_CANDIDATE X5)
(CAPTURE_CANDIDATE (NOT (X5)))
(CAPTURE_CANDIDATE X6)
(CAPTURE_CANDIDATE (NOT (X6)))
(CAPTURE_CANDIDATE X7)
(CAPTURE_CANDIDATE (NOT (X7)))
(CAPTURE_CANDIDATE X8)
(CAPTURE_CANDIDATE (NOT (X8)))
(CAPTURE_CANDIDATE X9)
(CAPTURE_CANDIDATE (NOT (X9)))
(CAPTURE_CANDIDATE X10)
(CAPTURE_CANDIDATE (NOT (X10)))
(CAPTURE_CANDIDATE X11)
(CAPTURE_CANDIDATE (NOT (X11)))
(CAPTURE_CANDIDATE X12)
(CAPTURE_CANDIDATE (NOT (X12)))
(CAPTURE_CANDIDATE (AND ((OR ((NOT (X6)) X9)))))
(CAPTURE_CANDIDATE (AND (X6 (NOT (X9)))))
(CAPTURE_CANDIDATE (AND ((OR (X7 X8)))))
(CAPTURE_CANDIDATE (AND ((NOT (X7)) (NOT (X8)))))
(CAPTURE_CANDIDATE (AND ((OR ((NOT (X2)) X7)))))
(CAPTURE_CANDIDATE (AND (X2 (NOT (X7)))))
(CAPTURE_CANDIDATE (AND ((OR ((NOT (X5)) X6)))))
(CAPTURE_CANDIDATE (AND (X5 (NOT (X6)))))
(CAPTURE_CANDIDATE (AND ((OR (X2 X6)))))
(CAPTURE_CANDIDATE (AND ((NOT (X2)) (NOT (X6)))))
(CAPTURE_CANDIDATE (AND ((OR ((NOT (X6)) X8)))))
(CAPTURE_CANDIDATE (AND (X6 (NOT (X8)))))
(CAPTURE_CANDIDATE (AND ((OR ((NOT (X4)) X5)))))
(CAPTURE_CANDIDATE (AND (X4 (NOT (X5)))))
(CAPTURE_CANDIDATE (AND ((OR (X5 X11)))))
(CAPTURE_CANDIDATE (AND ((NOT (X5)) (NOT (X11)))))
(CAPTURE_CANDIDATE (AND ((OR (X2 X3)))))
(CAPTURE_CANDIDATE (AND ((NOT (X2)) (NOT (X3)))))
(CAPTURE_CANDIDATE (AND ((OR ((NOT (X2)) X11)))))
(CAPTURE_CANDIDATE (AND (X2 (NOT (X11)))))
(CAPTURE_CANDIDATE (AND ((OR (X5 X8)))))
(CAPTURE_CANDIDATE (AND ((NOT (X5)) (NOT (X8)))))
(CAPTURE_CANDIDATE (AND ((OR (X10 X12)))))
(CAPTURE_CANDIDATE (AND ((NOT (X10)) (NOT (X12)))))
(New best score: -1024.2857142857142)
""
(Iteration 3 running)
(Crossover: true)
(CenterInst: (0 0 0 0 0 0 0 0 0 0 0 0 0 0 0 0 0 0 0 0 0 0 0 0 0 0 0 0 0 0 0 0 0 0 0 0 0 0 0 0 0 0 0 0 0 0 0 0 0 0 0 0 0 0 0 0 0 0 0 0 0 0 0 0 0 0 0 0 0 0 0 0 0 0 0 0 0 0 1 0 0 0 0 0 0 0 0 0 0 0 0 0 0 0 0 0))
(size: 4096)
(576 : 307 : 1)
(CAPTURE_CANDIDATE X1)
(CAPTURE_CANDIDATE (NOT (X1)))
(CAPTURE_CANDIDATE X2)
(CAPTURE_CANDIDATE (NOT (X2)))
(CAPTURE_CANDIDATE X3)
(CAPTURE_CANDIDATE (NOT (X3)))
(CAPTURE_CANDIDATE X4)
(CAPTURE_CANDIDATE (NOT (X4)))
(CAPTURE_CANDIDATE X5)
(CAPTURE_CANDIDATE (NOT (X5)))
(CAPTURE_CANDIDATE X6)
(CAPTURE_CANDIDATE (NOT (X6)))
(CAPTURE_CANDIDATE X7)
(CAPTURE_CANDIDATE (NOT (X7)))
(CAPTURE_CANDIDATE X8)
(CAPTURE_CANDIDATE (NOT (X8)))
(CAPTURE_CANDIDATE X9)
(CAPTURE_CANDIDATE (NOT (X9)))
(CAPTURE_CANDIDATE X10)
(CAPTURE_CANDIDATE (NOT (X10)))
(CAPTURE_CANDIDATE X11)
(CAPTURE_CANDIDATE (NOT (X11)))
(CAPTURE_CANDIDATE X12)
(CAPTURE_CANDIDATE (NOT (X12)))
(CAPTURE_CANDIDATE (AND ((NOT (X9)) X12)))
(CAPTURE_CANDIDATE (AND ((OR (X9 (NOT (X12)))))))
(CAPTURE_CANDIDATE (AND (X9 X10)))
(CAPTURE_CANDIDATE (AND ((OR ((NOT (X9)) (NOT (X10)))))))
(CAPTURE_CANDIDATE (AND ((NOT (X1)) X12)))
(CAPTURE_CANDIDATE (AND ((OR (X1 (NOT (X12)))))))
(CAPTURE_CANDIDATE (AND (X1 X7)))
(CAPTURE_CANDIDATE (AND ((OR ((NOT (X1)) (NOT (X7)))))))
(CAPTURE_CANDIDATE (AND (X10 X12)))
(CAPTURE_CANDIDATE (AND ((OR ((NOT (X10)) (NOT (X12)))))))
(CAPTURE_CANDIDATE (AND (X4 X12)))
(CAPTURE_CANDIDATE (AND ((OR ((NOT (X4)) (NOT (X12)))))))
(CAPTURE_CANDIDATE (AND (X5 X10)))
(CAPTURE_CANDIDATE (AND ((OR ((NOT (X5)) (NOT (X10)))))))
(CAPTURE_CANDIDATE (AND (X1 X8)))
(CAPTURE_CANDIDATE (AND ((OR ((NOT (X1)) (NOT (X8)))))))
(CAPTURE_CANDIDATE (AND (X2 X12)))
(CAPTURE_CANDIDATE (AND ((OR ((NOT (X2)) (NOT (X12)))))))
(CAPTURE_CANDIDATE (AND (X4 X9)))
(CAPTURE_CANDIDATE (AND ((OR ((NOT (X4)) (NOT (X9)))))))
(CAPTURE_CANDIDATE (AND (X1 X6)))
(CAPTURE_CANDIDATE (AND ((OR ((NOT (X1)) (NOT (X6)))))))
(CAPTURE_CANDIDATE (AND (X9 X12)))
(CAPTURE_CANDIDATE (AND ((OR ((NOT (X9)) (NOT (X12)))))))
(CAPTURE_CANDIDATE X1)
(CAPTURE_CANDIDATE (NOT (X1)))
(CAPTURE_CANDIDATE X2)
(CAPTURE_CANDIDATE (NOT (X2)))
(CAPTURE_CANDIDATE X3)
(CAPTURE_CANDIDATE (NOT (X3)))
(CAPTURE_CANDIDATE X4)
(CAPTURE_CANDIDATE (NOT (X4)))
(CAPTURE_CANDIDATE X5)
(CAPTURE_CANDIDATE (NOT (X5)))
(CAPTURE_CANDIDATE X6)
(CAPTURE_CANDIDATE (NOT (X6)))
(CAPTURE_CANDIDATE X7)
(CAPTURE_CANDIDATE (NOT (X7)))
(CAPTURE_CANDIDATE X8)
(CAPTURE_CANDIDATE (NOT (X8)))
(CAPTURE_CANDIDATE X9)
(CAPTURE_CANDIDATE (NOT (X9)))
(CAPTURE_CANDIDATE X10)
(CAPTURE_CANDIDATE (NOT (X10)))
(CAPTURE_CANDIDATE X11)
(CAPTURE_CANDIDATE (NOT (X11)))
(CAPTURE_CANDIDATE X12)
(CAPTURE_CANDIDATE (NOT (X12)))
(CAPTURE_CANDIDATE (AND ((OR (X3 X4)))))
(CAPTURE_CANDIDATE (AND ((NOT (X3)) (NOT (X4)))))
(CAPTURE_CANDIDATE (AND ((OR ((NOT (X7)) X8)))))
(CAPTURE_CANDIDATE (AND (X7 (NOT (X8)))))
(CAPTURE_CANDIDATE (AND ((OR ((NOT (X3)) X4)))))
(CAPTURE_CANDIDATE (AND (X3 (NOT (X4)))))
(CAPTURE_CANDIDATE (AND ((OR ((NOT (X6)) X11)))))
(CAPTURE_CANDIDATE (AND (X6 (NOT (X11)))))
(CAPTURE_CANDIDATE (AND ((OR ((NOT (X4)) X6)))))
(CAPTURE_CANDIDATE (AND (X4 (NOT (X6)))))
(CAPTURE_CANDIDATE (AND ((OR (X3 X8)))))
(CAPTURE_CANDIDATE (AND ((NOT (X3)) (NOT (X8)))))
(CAPTURE_CANDIDATE (AND ((OR ((NOT (X3)) X5)))))
(CAPTURE_CANDIDATE (AND (X3 (NOT (X5)))))
(CAPTURE_CANDIDATE (AND ((OR ((NOT (X2)) X9)))))
(CAPTURE_CANDIDATE (AND (X2 (NOT (X9)))))
(CAPTURE_CANDIDATE (AND ((OR ((NOT (X8)) X9)))))
(CAPTURE_CANDIDATE (AND (X8 (NOT (X9)))))
(CAPTURE_CANDIDATE (AND ((OR ((NOT (X11)) X12)))))
(CAPTURE_CANDIDATE (AND (X11 (NOT (X12)))))
(CAPTURE_CANDIDATE (AND ((OR (X3 X9)))))
(CAPTURE_CANDIDATE (AND ((NOT (X3)) (NOT (X9)))))
(CAPTURE_CANDIDATE (AND ((OR (X2 X11)))))
(CAPTURE_CANDIDATE (AND ((NOT (X2)) (NOT (X11)))))
(CAPTURE_CANDIDATE X1)
(CAPTURE_CANDIDATE (NOT (X1)))
(CAPTURE_CANDIDATE X2)
(CAPTURE_CANDIDATE (NOT (X2)))
(CAPTURE_CANDIDATE X3)
(CAPTURE_CANDIDATE (NOT (X3)))
(CAPTURE_CANDIDATE X4)
(CAPTURE_CANDIDATE (NOT (X4)))
(CAPTURE_CANDIDATE X5)
(CAPTURE_CANDIDATE (NOT (X5)))
(CAPTURE_CANDIDATE X6)
(CAPTURE_CANDIDATE (NOT (X6)))
(CAPTURE_CANDIDATE X7)
(CAPTURE_CANDIDATE (NOT (X7)))
(CAPTURE_CANDIDATE X8)
(CAPTURE_CANDIDATE (NOT (X8)))
(CAPTURE_CANDIDATE X9)
(CAPTURE_CANDIDATE (NOT (X9)))
(CAPTURE_CANDIDATE X10)
(CAPTURE_CANDIDATE (NOT (X10)))
(CAPTURE_CANDIDATE X11)
(CAPTURE_CANDIDATE (NOT (X11)))
(CAPTURE_CANDIDATE X12)
(CAPTURE_CANDIDATE (NOT (X12)))
(CAPTURE_CANDIDATE (AND (X4 X8)))
(CAPTURE_CANDIDATE (AND ((OR ((NOT (X4)) (NOT (X8)))))))
(CAPTURE_CANDIDATE (AND ((NOT (X5)) X10)))
(CAPTURE_CANDIDATE (AND ((OR (X5 (NOT (X10)))))))
(CAPTURE_CANDIDATE (AND (X2 X12)))
(CAPTURE_CANDIDATE (AND ((OR ((NOT (X2)) (NOT (X12)))))))
(CAPTURE_CANDIDATE (AND (X4 X11)))
(CAPTURE_CANDIDATE (AND ((OR ((NOT (X4)) (NOT (X11)))))))
(CAPTURE_CANDIDATE (AND (X1 X7)))
(CAPTURE_CANDIDATE (AND ((OR ((NOT (X1)) (NOT (X7)))))))
(CAPTURE_CANDIDATE (AND ((NOT (X2)) X6)))
(CAPTURE_CANDIDATE (AND ((OR (X2 (NOT (X6)))))))
(CAPTURE_CANDIDATE (AND ((NOT (X1)) X5)))
(CAPTURE_CANDIDATE (AND ((OR (X1 (NOT (X5)))))))
(CAPTURE_CANDIDATE (AND (X2 X3)))
(CAPTURE_CANDIDATE (AND ((OR ((NOT (X2)) (NOT (X3)))))))
(CAPTURE_CANDIDATE (AND (X4 X10)))
(CAPTURE_CANDIDATE (AND ((OR ((NOT (X4)) (NOT (X10)))))))
(CAPTURE_CANDIDATE (AND ((NOT (X1)) X2)))
(CAPTURE_CANDIDATE (AND ((OR (X1 (NOT (X2)))))))
(CAPTURE_CANDIDATE (AND (X6 X12)))
(CAPTURE_CANDIDATE (AND ((OR ((NOT (X6)) (NOT (X12)))))))
(CAPTURE_CANDIDATE (AND ((NOT (X8)) X10)))
(CAPTURE_CANDIDATE (AND ((OR (X8 (NOT (X10)))))))
(CAPTURE_CANDIDATE X1)
(CAPTURE_CANDIDATE (NOT (X1)))
(CAPTURE_CANDIDATE X2)
(CAPTURE_CANDIDATE (NOT (X2)))
(CAPTURE_CANDIDATE X3)
(CAPTURE_CANDIDATE (NOT (X3)))
(CAPTURE_CANDIDATE X4)
(CAPTURE_CANDIDATE (NOT (X4)))
(CAPTURE_CANDIDATE X5)
(CAPTURE_CANDIDATE (NOT (X5)))
(CAPTURE_CANDIDATE X6)
(CAPTURE_CANDIDATE (NOT (X6)))
(CAPTURE_CANDIDATE X7)
(CAPTURE_CANDIDATE (NOT (X7)))
(CAPTURE_CANDIDATE X8)
(CAPTURE_CANDIDATE (NOT (X8)))
(CAPTURE_CANDIDATE X9)
(CAPTURE_CANDIDATE (NOT (X9)))
(CAPTURE_CANDIDATE X10)
(CAPTURE_CANDIDATE (NOT (X10)))
(CAPTURE_CANDIDATE X11)
(CAPTURE_CANDIDATE (NOT (X11)))
(CAPTURE_CANDIDATE X12)
(CAPTURE_CANDIDATE (NOT (X12)))
(CAPTURE_CANDIDATE (AND ((OR ((NOT (X6)) X9)))))
(CAPTURE_CANDIDATE (AND (X6 (NOT (X9)))))
(CAPTURE_CANDIDATE (AND ((OR (X7 X8)))))
(CAPTURE_CANDIDATE (AND ((NOT (X7)) (NOT (X8)))))
(CAPTURE_CANDIDATE (AND ((OR ((NOT (X2)) X7)))))
(CAPTURE_CANDIDATE (AND (X2 (NOT (X7)))))
(CAPTURE_CANDIDATE (AND ((OR ((NOT (X5)) X6)))))
(CAPTURE_CANDIDATE (AND (X5 (NOT (X6)))))
(CAPTURE_CANDIDATE (AND ((OR (X2 X6)))))
(CAPTURE_CANDIDATE (AND ((NOT (X2)) (NOT (X6)))))
(CAPTURE_CANDIDATE (AND ((OR ((NOT (X6)) X8)))))
(CAPTURE_CANDIDATE (AND (X6 (NOT (X8)))))
(CAPTURE_CANDIDATE (AND ((OR ((NOT (X4)) X5)))))
(CAPTURE_CANDIDATE (AND (X4 (NOT (X5)))))
(CAPTURE_CANDIDATE (AND ((OR (X5 X11)))))
(CAPTURE_CANDIDATE (AND ((NOT (X5)) (NOT (X11)))))
(CAPTURE_CANDIDATE (AND ((OR (X2 X3)))))
(CAPTURE_CANDIDATE (AND ((NOT (X2)) (NOT (X3)))))
(CAPTURE_CANDIDATE (AND ((OR ((NOT (X2)) X11)))))
(CAPTURE_CANDIDATE (AND (X2 (NOT (X11)))))
(CAPTURE_CANDIDATE (AND ((OR (X5 X8)))))
(CAPTURE_CANDIDATE (AND ((NOT (X5)) (NOT (X8)))))
(CAPTURE_CANDIDATE (AND ((OR (X10 X12)))))
(CAPTURE_CANDIDATE (AND ((NOT (X10)) (NOT (X12)))))
(CAPTURE_CANDIDATE (AND ((OR (X5 X7)))))
(CAPTURE_CANDIDATE (AND ((OR (X1 X5 X7)))))
(CAPTURE_CANDIDATE (AND ((OR (X5 X5 X7)))))
(CAPTURE_CANDIDATE (AND ((OR (X1 X5)))))
(CAPTURE_CANDIDATE (AND (X5 X1)))
(CAPTURE_CANDIDATE X5)
(CAPTURE_CANDIDATE X5)
(CAPTURE_CANDIDATE (AND ((OR (X1 X7)))))
(CAPTURE_CANDIDATE (AND ((OR ((AND (X1 X5)) X7)))))
(CAPTURE_CANDIDATE (AND ((OR (X5 X7)))))
(CAPTURE_CANDIDATE X7)
(CAPTURE_CANDIDATE (AND (X1 X5)))
(CAPTURE_CANDIDATE X1)
(CAPTURE_CANDIDATE X5)
(CAPTURE_CANDIDATE X1)
(CAPTURE_CANDIDATE (AND ((OR (X5 X1)))))
(CAPTURE_CANDIDATE X1)
(CAPTURE_CANDIDATE (AND ((OR (X1 X7)))))
(CAPTURE_CANDIDATE (AND ((OR (X1 X5)))))
(CAPTURE_CANDIDATE X7)
(CAPTURE_CANDIDATE (AND ((OR (X7 X5)))))
(CAPTURE_CANDIDATE (AND ((OR (X7 X1)))))
(CAPTURE_CANDIDATE X7)
(CAPTURE_CANDIDATE (AND (X7 X5)))
(CAPTURE_CANDIDATE (AND (X7 X1)))
(CAPTURE_CANDIDATE X5)
(CAPTURE_CANDIDATE X5)
(CAPTURE_CANDIDATE (AND ((OR (X5 X1)))))
(CAPTURE_CANDIDATE (AND (X5 X7)))
(CAPTURE_CANDIDATE X5)
(CAPTURE_CANDIDATE (AND (X5 X1)))
(CAPTURE_CANDIDATE (AND (X5 X7)))
(CAPTURE_CANDIDATE X1)
(CAPTURE_CANDIDATE (AND ((OR (X1 X5)))))
(CAPTURE_CANDIDATE X1)
(CAPTURE_CANDIDATE (AND (X1 X7)))
(CAPTURE_CANDIDATE (AND (X1 X5)))
(CAPTURE_CANDIDATE X1)
(CAPTURE_CANDIDATE (AND (X1 X7)))
(CAPTURE_CANDIDATE (AND (X1 X5)))
(CAPTURE_CANDIDATE X7)
(CAPTURE_CANDIDATE (AND ((OR (X7 X5)))))
(CAPTURE_CANDIDATE (AND ((OR (X7 X1)))))
(CAPTURE_CANDIDATE X7)
(CAPTURE_CANDIDATE X5)
(CAPTURE_CANDIDATE X1)
(CAPTURE_CANDIDATE (AND (X1 X7)))
(CAPTURE_CANDIDATE (AND (X1 X7)))
(CAPTURE_CANDIDATE (AND ((OR (X5 X8)))))
(CAPTURE_CANDIDATE (AND ((OR (X5 X11)))))
(CAPTURE_CANDIDATE (AND ((OR ((NOT (X4)) X5)))))
(CAPTURE_CANDIDATE (AND (X5 (NOT (X6)))))
(CAPTURE_CANDIDATE (AND ((OR ((NOT (X2)) X7)))))
(CAPTURE_CANDIDATE (AND ((OR (X7 X8)))))
(CAPTURE_CANDIDATE (AND ((OR (X1 (NOT (X2)))))))
(CAPTURE_CANDIDATE (AND ((OR (X5 (NOT (X10)))))))
(CAPTURE_CANDIDATE (AND ((OR ((NOT (X3)) X5)))))
(CAPTURE_CANDIDATE (AND (X7 (NOT (X8)))))
(CAPTURE_CANDIDATE (AND (X1 X6)))
(CAPTURE_CANDIDATE (AND (X1 X8)))
(CAPTURE_CANDIDATE (AND (X5 X10)))
(CAPTURE_CANDIDATE (AND ((OR (X1 (NOT (X12)))))))
(CAPTURE_CANDIDATE (NOT (X12)))
(CAPTURE_CANDIDATE X12)
(CAPTURE_CANDIDATE (NOT (X11)))
(CAPTURE_CANDIDATE X11)
(CAPTURE_CANDIDATE (NOT (X10)))
(CAPTURE_CANDIDATE X10)
(CAPTURE_CANDIDATE (NOT (X9)))
(CAPTURE_CANDIDATE X9)
(CAPTURE_CANDIDATE (NOT (X8)))
(CAPTURE_CANDIDATE X8)
(CAPTURE_CANDIDATE (NOT (X6)))
(CAPTURE_CANDIDATE X6)
(New best score: -512.8571428571429)
""
(Iteration 4 running)
(Crossover: true)
(CenterInst: (0 0 0 0 0 0 0 0 0 0 0 0 0 0 0 0 0 0 0 0 0 0 0 0 0 0 0 0 0 0 0 0 0 0 0 0 0 0 0 0 0 0 0 0 0 0 0 0 0 0 0 0 0 0 1 0 0 0 0 0 0 0 0 0 0 0 0 0 0 0 0 0 1 0 0 0 1 0 0 0 0 0 0 0 0 0 0 0 0 0 0 0 0 0 0 0))
(size: 4096)
(576 : 233 : 1)
(CAPTURE_CANDIDATE X1)
(CAPTURE_CANDIDATE (NOT (X1)))
(CAPTURE_CANDIDATE X2)
(CAPTURE_CANDIDATE (NOT (X2)))
(CAPTURE_CANDIDATE X3)
(CAPTURE_CANDIDATE (NOT (X3)))
(CAPTURE_CANDIDATE X4)
(CAPTURE_CANDIDATE (NOT (X4)))
(CAPTURE_CANDIDATE X5)
(CAPTURE_CANDIDATE (NOT (X5)))
(CAPTURE_CANDIDATE X6)
(CAPTURE_CANDIDATE (NOT (X6)))
(CAPTURE_CANDIDATE X7)
(CAPTURE_CANDIDATE (NOT (X7)))
(CAPTURE_CANDIDATE X8)
(CAPTURE_CANDIDATE (NOT (X8)))
(CAPTURE_CANDIDATE X9)
(CAPTURE_CANDIDATE (NOT (X9)))
(CAPTURE_CANDIDATE X10)
(CAPTURE_CANDIDATE (NOT (X10)))
(CAPTURE_CANDIDATE X11)
(CAPTURE_CANDIDATE (NOT (X11)))
(CAPTURE_CANDIDATE X12)
(CAPTURE_CANDIDATE (NOT (X12)))
(CAPTURE_CANDIDATE (AND ((NOT (X9)) X12)))
(CAPTURE_CANDIDATE (AND ((OR (X9 (NOT (X12)))))))
(CAPTURE_CANDIDATE (AND (X9 X10)))
(CAPTURE_CANDIDATE (AND ((OR ((NOT (X9)) (NOT (X10)))))))
(CAPTURE_CANDIDATE (AND ((NOT (X1)) X12)))
(CAPTURE_CANDIDATE (AND ((OR (X1 (NOT (X12)))))))
(CAPTURE_CANDIDATE (AND (X1 X7)))
(CAPTURE_CANDIDATE (AND ((OR ((NOT (X1)) (NOT (X7)))))))
(CAPTURE_CANDIDATE (AND (X10 X12)))
(CAPTURE_CANDIDATE (AND ((OR ((NOT (X10)) (NOT (X12)))))))
(CAPTURE_CANDIDATE (AND (X4 X12)))
(CAPTURE_CANDIDATE (AND ((OR ((NOT (X4)) (NOT (X12)))))))
(CAPTURE_CANDIDATE (AND (X5 X10)))
(CAPTURE_CANDIDATE (AND ((OR ((NOT (X5)) (NOT (X10)))))))
(CAPTURE_CANDIDATE (AND (X1 X8)))
(CAPTURE_CANDIDATE (AND ((OR ((NOT (X1)) (NOT (X8)))))))
(CAPTURE_CANDIDATE (AND (X2 X12)))
(CAPTURE_CANDIDATE (AND ((OR ((NOT (X2)) (NOT (X12)))))))
(CAPTURE_CANDIDATE (AND (X4 X9)))
(CAPTURE_CANDIDATE (AND ((OR ((NOT (X4)) (NOT (X9)))))))
(CAPTURE_CANDIDATE (AND (X1 X6)))
(CAPTURE_CANDIDATE (AND ((OR ((NOT (X1)) (NOT (X6)))))))
(CAPTURE_CANDIDATE (AND (X9 X12)))
(CAPTURE_CANDIDATE (AND ((OR ((NOT (X9)) (NOT (X12)))))))
(CAPTURE_CANDIDATE X1)
(CAPTURE_CANDIDATE (NOT (X1)))
(CAPTURE_CANDIDATE X2)
(CAPTURE_CANDIDATE (NOT (X2)))
(CAPTURE_CANDIDATE X3)
(CAPTURE_CANDIDATE (NOT (X3)))
(CAPTURE_CANDIDATE X4)
(CAPTURE_CANDIDATE (NOT (X4)))
(CAPTURE_CANDIDATE X5)
(CAPTURE_CANDIDATE (NOT (X5)))
(CAPTURE_CANDIDATE X6)
(CAPTURE_CANDIDATE (NOT (X6)))
(CAPTURE_CANDIDATE X7)
(CAPTURE_CANDIDATE (NOT (X7)))
(CAPTURE_CANDIDATE X8)
(CAPTURE_CANDIDATE (NOT (X8)))
(CAPTURE_CANDIDATE X9)
(CAPTURE_CANDIDATE (NOT (X9)))
(CAPTURE_CANDIDATE X10)
(CAPTURE_CANDIDATE (NOT (X10)))
(CAPTURE_CANDIDATE X11)
(CAPTURE_CANDIDATE (NOT (X11)))
(CAPTURE_CANDIDATE X12)
(CAPTURE_CANDIDATE (NOT (X12)))
(CAPTURE_CANDIDATE (AND ((OR (X3 X4)))))
(CAPTURE_CANDIDATE (AND ((NOT (X3)) (NOT (X4)))))
(CAPTURE_CANDIDATE (AND ((OR ((NOT (X7)) X8)))))
(CAPTURE_CANDIDATE (AND (X7 (NOT (X8)))))
(CAPTURE_CANDIDATE (AND ((OR ((NOT (X3)) X4)))))
(CAPTURE_CANDIDATE (AND (X3 (NOT (X4)))))
(CAPTURE_CANDIDATE (AND ((OR ((NOT (X6)) X11)))))
(CAPTURE_CANDIDATE (AND (X6 (NOT (X11)))))
(CAPTURE_CANDIDATE (AND ((OR ((NOT (X4)) X6)))))
(CAPTURE_CANDIDATE (AND (X4 (NOT (X6)))))
(CAPTURE_CANDIDATE (AND ((OR (X3 X8)))))
(CAPTURE_CANDIDATE (AND ((NOT (X3)) (NOT (X8)))))
(CAPTURE_CANDIDATE (AND ((OR ((NOT (X3)) X5)))))
(CAPTURE_CANDIDATE (AND (X3 (NOT (X5)))))
(CAPTURE_CANDIDATE (AND ((OR ((NOT (X2)) X9)))))
(CAPTURE_CANDIDATE (AND (X2 (NOT (X9)))))
(CAPTURE_CANDIDATE (AND ((OR ((NOT (X8)) X9)))))
(CAPTURE_CANDIDATE (AND (X8 (NOT (X9)))))
(CAPTURE_CANDIDATE (AND ((OR ((NOT (X11)) X12)))))
(CAPTURE_CANDIDATE (AND (X11 (NOT (X12)))))
(CAPTURE_CANDIDATE (AND ((OR (X3 X9)))))
(CAPTURE_CANDIDATE (AND ((NOT (X3)) (NOT (X9)))))
(CAPTURE_CANDIDATE (AND ((OR (X2 X11)))))
(CAPTURE_CANDIDATE (AND ((NOT (X2)) (NOT (X11)))))
(CAPTURE_CANDIDATE X1)
(CAPTURE_CANDIDATE (NOT (X1)))
(CAPTURE_CANDIDATE X2)
(CAPTURE_CANDIDATE (NOT (X2)))
(CAPTURE_CANDIDATE X3)
(CAPTURE_CANDIDATE (NOT (X3)))
(CAPTURE_CANDIDATE X4)
(CAPTURE_CANDIDATE (NOT (X4)))
(CAPTURE_CANDIDATE X5)
(CAPTURE_CANDIDATE (NOT (X5)))
(CAPTURE_CANDIDATE X6)
(CAPTURE_CANDIDATE (NOT (X6)))
(CAPTURE_CANDIDATE X7)
(CAPTURE_CANDIDATE (NOT (X7)))
(CAPTURE_CANDIDATE X8)
(CAPTURE_CANDIDATE (NOT (X8)))
(CAPTURE_CANDIDATE X9)
(CAPTURE_CANDIDATE (NOT (X9)))
(CAPTURE_CANDIDATE X10)
(CAPTURE_CANDIDATE (NOT (X10)))
(CAPTURE_CANDIDATE X11)
(CAPTURE_CANDIDATE (NOT (X11)))
(CAPTURE_CANDIDATE X12)
(CAPTURE_CANDIDATE (NOT (X12)))
(CAPTURE_CANDIDATE (AND (X4 X8)))
(CAPTURE_CANDIDATE (AND ((OR ((NOT (X4)) (NOT (X8)))))))
(CAPTURE_CANDIDATE (AND ((NOT (X5)) X10)))
(CAPTURE_CANDIDATE (AND ((OR (X5 (NOT (X10)))))))
(CAPTURE_CANDIDATE (AND (X2 X12)))
(CAPTURE_CANDIDATE (AND ((OR ((NOT (X2)) (NOT (X12)))))))
(CAPTURE_CANDIDATE (AND (X4 X11)))
(CAPTURE_CANDIDATE (AND ((OR ((NOT (X4)) (NOT (X11)))))))
(CAPTURE_CANDIDATE (AND (X1 X7)))
(CAPTURE_CANDIDATE (AND ((OR ((NOT (X1)) (NOT (X7)))))))
(CAPTURE_CANDIDATE (AND ((NOT (X2)) X6)))
(CAPTURE_CANDIDATE (AND ((OR (X2 (NOT (X6)))))))
(CAPTURE_CANDIDATE (AND ((NOT (X1)) X5)))
(CAPTURE_CANDIDATE (AND ((OR (X1 (NOT (X5)))))))
(CAPTURE_CANDIDATE (AND (X2 X3)))
(CAPTURE_CANDIDATE (AND ((OR ((NOT (X2)) (NOT (X3)))))))
(CAPTURE_CANDIDATE (AND (X4 X10)))
(CAPTURE_CANDIDATE (AND ((OR ((NOT (X4)) (NOT (X10)))))))
(CAPTURE_CANDIDATE (AND ((NOT (X1)) X2)))
(CAPTURE_CANDIDATE (AND ((OR (X1 (NOT (X2)))))))
(CAPTURE_CANDIDATE (AND (X6 X12)))
(CAPTURE_CANDIDATE (AND ((OR ((NOT (X6)) (NOT (X12)))))))
(CAPTURE_CANDIDATE (AND ((NOT (X8)) X10)))
(CAPTURE_CANDIDATE (AND ((OR (X8 (NOT (X10)))))))
(CAPTURE_CANDIDATE X1)
(CAPTURE_CANDIDATE (NOT (X1)))
(CAPTURE_CANDIDATE X2)
(CAPTURE_CANDIDATE (NOT (X2)))
(CAPTURE_CANDIDATE X3)
(CAPTURE_CANDIDATE (NOT (X3)))
(CAPTURE_CANDIDATE X4)
(CAPTURE_CANDIDATE (NOT (X4)))
(CAPTURE_CANDIDATE X5)
(CAPTURE_CANDIDATE (NOT (X5)))
(CAPTURE_CANDIDATE X6)
(CAPTURE_CANDIDATE (NOT (X6)))
(CAPTURE_CANDIDATE X7)
(CAPTURE_CANDIDATE (NOT (X7)))
(CAPTURE_CANDIDATE X8)
(CAPTURE_CANDIDATE (NOT (X8)))
(CAPTURE_CANDIDATE X9)
(CAPTURE_CANDIDATE (NOT (X9)))
(CAPTURE_CANDIDATE X10)
(CAPTURE_CANDIDATE (NOT (X10)))
(CAPTURE_CANDIDATE X11)
(CAPTURE_CANDIDATE (NOT (X11)))
(CAPTURE_CANDIDATE X12)
(CAPTURE_CANDIDATE (NOT (X12)))
(CAPTURE_CANDIDATE (AND ((OR ((NOT (X6)) X9)))))
(CAPTURE_CANDIDATE (AND (X6 (NOT (X9)))))
(CAPTURE_CANDIDATE (AND ((OR (X7 X8)))))
(CAPTURE_CANDIDATE (AND ((NOT (X7)) (NOT (X8)))))
(CAPTURE_CANDIDATE (AND ((OR ((NOT (X2)) X7)))))
(CAPTURE_CANDIDATE (AND (X2 (NOT (X7)))))
(CAPTURE_CANDIDATE (AND ((OR ((NOT (X5)) X6)))))
(CAPTURE_CANDIDATE (AND (X5 (NOT (X6)))))
(CAPTURE_CANDIDATE (AND ((OR (X2 X6)))))
(CAPTURE_CANDIDATE (AND ((NOT (X2)) (NOT (X6)))))
(CAPTURE_CANDIDATE (AND ((OR ((NOT (X6)) X8)))))
(CAPTURE_CANDIDATE (AND (X6 (NOT (X8)))))
(CAPTURE_CANDIDATE (AND ((OR ((NOT (X4)) X5)))))
(CAPTURE_CANDIDATE (AND (X4 (NOT (X5)))))
(CAPTURE_CANDIDATE (AND ((OR (X5 X11)))))
(CAPTURE_CANDIDATE (AND ((NOT (X5)) (NOT (X11)))))
(CAPTURE_CANDIDATE (AND ((OR (X2 X3)))))
(CAPTURE_CANDIDATE (AND ((NOT (X2)) (NOT (X3)))))
(CAPTURE_CANDIDATE (AND ((OR ((NOT (X2)) X11)))))
(CAPTURE_CANDIDATE (AND (X2 (NOT (X11)))))
(CAPTURE_CANDIDATE (AND ((OR (X5 X8)))))
(CAPTURE_CANDIDATE (AND ((NOT (X5)) (NOT (X8)))))
(CAPTURE_CANDIDATE (AND ((OR (X10 X12)))))
(CAPTURE_CANDIDATE (AND ((NOT (X10)) (NOT (X12)))))
(CAPTURE_CANDIDATE (AND ((OR (X5 X7)))))
(CAPTURE_CANDIDATE (AND ((OR (X1 X5 X7)))))
(CAPTURE_CANDIDATE (AND ((OR (X5 X5 X7)))))
(CAPTURE_CANDIDATE (AND ((OR (X1 X5)))))
(CAPTURE_CANDIDATE (AND (X5 X1)))
(CAPTURE_CANDIDATE X5)
(CAPTURE_CANDIDATE X5)
(CAPTURE_CANDIDATE (AND ((OR (X1 X7)))))
(CAPTURE_CANDIDATE (AND ((OR ((AND (X1 X5)) X7)))))
(CAPTURE_CANDIDATE (AND ((OR (X5 X7)))))
(CAPTURE_CANDIDATE X7)
(CAPTURE_CANDIDATE (AND (X1 X5)))
(CAPTURE_CANDIDATE X1)
(CAPTURE_CANDIDATE X5)
(CAPTURE_CANDIDATE X1)
(CAPTURE_CANDIDATE (AND ((OR (X5 X1)))))
(CAPTURE_CANDIDATE X1)
(CAPTURE_CANDIDATE (AND ((OR (X1 X7)))))
(CAPTURE_CANDIDATE (AND ((OR (X1 X5)))))
(CAPTURE_CANDIDATE X7)
(CAPTURE_CANDIDATE (AND ((OR (X7 X5)))))
(CAPTURE_CANDIDATE (AND ((OR (X7 X1)))))
(CAPTURE_CANDIDATE X7)
(CAPTURE_CANDIDATE (AND (X7 X5)))
(CAPTURE_CANDIDATE (AND (X7 X1)))
(CAPTURE_CANDIDATE X5)
(CAPTURE_CANDIDATE X5)
(CAPTURE_CANDIDATE (AND ((OR (X5 X1)))))
(CAPTURE_CANDIDATE (AND (X5 X7)))
(CAPTURE_CANDIDATE X5)
(CAPTURE_CANDIDATE (AND (X5 X1)))
(CAPTURE_CANDIDATE (AND (X5 X7)))
(CAPTURE_CANDIDATE X1)
(CAPTURE_CANDIDATE (AND ((OR (X1 X5)))))
(CAPTURE_CANDIDATE X1)
(CAPTURE_CANDIDATE (AND (X1 X7)))
(CAPTURE_CANDIDATE (AND (X1 X5)))
(CAPTURE_CANDIDATE X1)
(CAPTURE_CANDIDATE (AND (X1 X7)))
(CAPTURE_CANDIDATE (AND (X1 X5)))
(CAPTURE_CANDIDATE X7)
(CAPTURE_CANDIDATE (AND ((OR (X7 X5)))))
(CAPTURE_CANDIDATE (AND ((OR (X7 X1)))))
(CAPTURE_CANDIDATE X7)
(CAPTURE_CANDIDATE X5)
(CAPTURE_CANDIDATE X1)
(CAPTURE_CANDIDATE (AND (X1 X7)))
(CAPTURE_CANDIDATE (AND (X1 X7)))
(CAPTURE_CANDIDATE (AND ((OR (X5 X8)))))
(CAPTURE_CANDIDATE (AND ((OR (X5 X11)))))
(CAPTURE_CANDIDATE (AND ((OR ((NOT (X4)) X5)))))
(CAPTURE_CANDIDATE (AND (X5 (NOT (X6)))))
(CAPTURE_CANDIDATE (AND ((OR ((NOT (X2)) X7)))))
(CAPTURE_CANDIDATE (AND ((OR (X7 X8)))))
(CAPTURE_CANDIDATE (AND ((OR (X1 (NOT (X2)))))))
(CAPTURE_CANDIDATE (AND ((OR (X5 (NOT (X10)))))))
(CAPTURE_CANDIDATE (AND ((OR ((NOT (X3)) X5)))))
(CAPTURE_CANDIDATE (AND (X7 (NOT (X8)))))
(CAPTURE_CANDIDATE (AND (X1 X6)))
(CAPTURE_CANDIDATE (AND (X1 X8)))
(CAPTURE_CANDIDATE (AND (X5 X10)))
(CAPTURE_CANDIDATE (AND ((OR (X1 (NOT (X12)))))))
(CAPTURE_CANDIDATE (NOT (X12)))
(CAPTURE_CANDIDATE X12)
(CAPTURE_CANDIDATE (NOT (X11)))
(CAPTURE_CANDIDATE X11)
(CAPTURE_CANDIDATE (NOT (X10)))
(CAPTURE_CANDIDATE X10)
(CAPTURE_CANDIDATE (NOT (X9)))
(CAPTURE_CANDIDATE X9)
(CAPTURE_CANDIDATE (NOT (X8)))
(CAPTURE_CANDIDATE X8)
(CAPTURE_CANDIDATE (NOT (X6)))
(CAPTURE_CANDIDATE X6)
(CAPTURE_CANDIDATE X7)
(CAPTURE_CANDIDATE (AND ((OR (X5 X7)))))
(CAPTURE_CANDIDATE (AND ((OR (X1 X7)))))
(CAPTURE_CANDIDATE (AND ((OR (X1 X5 X7)))))
(CAPTURE_CANDIDATE X7)
(CAPTURE_CANDIDATE (AND ((OR (X1 X5)))))
(CAPTURE_CANDIDATE X5)
(CAPTURE_CANDIDATE X1)
(CAPTURE_CANDIDATE X1)
(CAPTURE_CANDIDATE X1)
(CAPTURE_CANDIDATE (AND ((OR (X1 X5)))))
(CAPTURE_CANDIDATE (AND ((OR (X1 X7)))))
(CAPTURE_CANDIDATE X1)
(CAPTURE_CANDIDATE X1)
(CAPTURE_CANDIDATE (AND ((OR (X1 X5)))))
(CAPTURE_CANDIDATE (AND ((OR (X1 X7)))))
(CAPTURE_CANDIDATE X1)
(CAPTURE_CANDIDATE X5)
(CAPTURE_CANDIDATE (AND ((OR (X5 X1)))))
(CAPTURE_CANDIDATE X5)
(CAPTURE_CANDIDATE (AND ((OR (X5 X7)))))
(CAPTURE_CANDIDATE (AND (X1 X5)))
(CAPTURE_CANDIDATE (AND (X1 X5)))
(CAPTURE_CANDIDATE X5)
(CAPTURE_CANDIDATE (AND ((OR (X5 X1)))))
(CAPTURE_CANDIDATE X5)
(CAPTURE_CANDIDATE (AND ((OR (X5 X7)))))
(CAPTURE_CANDIDATE X5)
(CAPTURE_CANDIDATE X7)
(CAPTURE_CANDIDATE X7)
(CAPTURE_CANDIDATE X1)
(CAPTURE_CANDIDATE X1)
(CAPTURE_CANDIDATE X5)
(CAPTURE_CANDIDATE X1)
(CAPTURE_CANDIDATE X7)
(CAPTURE_CANDIDATE X5)
(CAPTURE_CANDIDATE X5)
(CAPTURE_CANDIDATE (AND (X1 X7)))
(CAPTURE_CANDIDATE (AND (X1 X7)))
(CAPTURE_CANDIDATE (AND ((OR (X7 X1)))))
(CAPTURE_CANDIDATE (AND ((OR (X7 X5)))))
(CAPTURE_CANDIDATE (AND (X1 X5)))
(CAPTURE_CANDIDATE (AND (X1 X7)))
(CAPTURE_CANDIDATE (AND (X1 X5)))
(CAPTURE_CANDIDATE (AND (X1 X7)))
(CAPTURE_CANDIDATE (AND ((OR (X1 X5)))))
(CAPTURE_CANDIDATE (AND (X5 X7)))
(CAPTURE_CANDIDATE (AND (X5 X1)))
(CAPTURE_CANDIDATE (AND (X5 X7)))
(CAPTURE_CANDIDATE (AND ((OR (X5 X1)))))
(CAPTURE_CANDIDATE (AND (X7 X1)))
(CAPTURE_CANDIDATE (AND (X7 X5)))
(CAPTURE_CANDIDATE (AND ((OR (X7 X1)))))
(CAPTURE_CANDIDATE (AND ((OR (X7 X5)))))
(CAPTURE_CANDIDATE (AND ((OR (X1 X5)))))
(CAPTURE_CANDIDATE (AND ((OR (X1 X7)))))
(CAPTURE_CANDIDATE (AND ((OR (X5 X1)))))
(New best score: -512.8571428571429)
(Terminating because score hasn't improved)
(Terminating because score hasn't improved)
(OptimizedDeme: 324)
"Merging Deme"
(Demesize: 324)
(nEval: 10000 LenSInstList: 324)
(TopCnd: 324)
(Keep 100 Unique instances from 324)
(KeptUniqueTopCandidates NewSize: 100)
(TrimmedDownDeme: 1)
(CAPTURE_CANDIDATE (AND ((OR ((AND (X1 X5)) X7)))))
(Before getNewCandidates: 1)
(Going to merge 1 Instances)
(Metapop size before resize: 2)
(Metapop size after resize: 2)
""
(Generation 2)
"expand  deme returnn"
(SelectedTree: (AND (OR (AND X1 X5) X7)))
(GeneratedList: (0 0 0 0 0 0 0 0 0 0 0 0 0 0 0 0 0 0 0 0 0 0 0 0 0 0 0 0 0 0 0 0 0 0 0 0 0 0 0 0 0 0 0 0 0 0 0 0 0 0 0 0 0 0 1 0 0 0 0 0 0 0 0 0 0 0 0 0 0 0 0 0 1 0 0 0 1 0 0 0 0 0 0 0 0 0 0 0 0 0 0 0 0 0 0 0 0 0 0 0 0 0 0 0 0 0 0 0 0 0 0 0 0 0 0 0 0 0 0 0 0 0 0 0 0 0 0 0 0 0 0 0 0 0 0 0 0 0 0 0 0 0 0 0 0 0 0 0 0 0 0 0 0 0 0 0 0 0 0 0 0 0 0 0 0 0 0 0 0 0 0 0 0 0 0 0 0 0 0 0 0 0 0 0 0 0 0 0 0 0 0 0 0 0 0 0 0 0 0 0 0 0 0 0 0 0 0 0 0 0 0 0 0 0 0 0 0 0 0 0 0 0 0 0 0 0 0 0 0 0 0 0 0 0 0 0 0 0 0 0 0 0 0 0 0 0 0 0 0 0 0 0 0 0 0 0 0 0 0 0 0))
""
(Iteration 1 running)
(Crossover: false)
(CenterInst: (0 0 0 0 0 0 0 0 0 0 0 0 0 0 0 0 0 0 0 0 0 0 0 0 0 0 0 0 0 0 0 0 0 0 0 0 0 0 0 0 0 0 0 0 0 0 0 0 0 0 0 0 0 0 1 0 0 0 0 0 0 0 0 0 0 0 0 0 0 0 0 0 1 0 0 0 1 0 0 0 0 0 0 0 0 0 0 0 0 0 0 0 0 0 0 0 0 0 0 0 0 0 0 0 0 0 0 0 0 0 0 0 0 0 0 0 0 0 0 0 0 0 0 0 0 0 0 0 0 0 0 0 0 0 0 0 0 0 0 0 0 0 0 0 0 0 0 0 0 0 0 0 0 0 0 0 0 0 0 0 0 0 0 0 0 0 0 0 0 0 0 0 0 0 0 0 0 0 0 0 0 0 0 0 0 0 0 0 0 0 0 0 0 0 0 0 0 0 0 0 0 0 0 0 0 0 0 0 0 0 0 0 0 0 0 0 0 0 0 0 0 0 0 0 0 0 0 0 0 0 0 0 0 0 0 0 0 0 0 0 0 0 0 0 0 0 0 0 0 0 0 0 0 0 0 0 0 0 0 0 0))
(size: 4096)
(1 : 1 : 0)
(CAPTURE_CANDIDATE (AND ((OR ((AND (X1 X5)) X7)))))
(New best score: -512.8571428571429)
""
(Iteration 2 running)
(Crossover: false)
(CenterInst: (0 0 0 0 0 0 0 0 0 0 0 0 0 0 0 0 0 0 0 0 0 0 0 0 0 0 0 0 0 0 0 0 0 0 0 0 0 0 0 0 0 0 0 0 0 0 0 0 0 0 0 0 0 0 1 0 0 0 0 0 0 0 0 0 0 0 0 0 0 0 0 0 1 0 0 0 1 0 0 0 0 0 0 0 0 0 0 0 0 0 0 0 0 0 0 0 0 0 0 0 0 0 0 0 0 0 0 0 0 0 0 0 0 0 0 0 0 0 0 0 0 0 0 0 0 0 0 0 0 0 0 0 0 0 0 0 0 0 0 0 0 0 0 0 0 0 0 0 0 0 0 0 0 0 0 0 0 0 0 0 0 0 0 0 0 0 0 0 0 0 0 0 0 0 0 0 0 0 0 0 0 0 0 0 0 0 0 0 0 0 0 0 0 0 0 0 0 0 0 0 0 0 0 0 0 0 0 0 0 0 0 0 0 0 0 0 0 0 0 0 0 0 0 0 0 0 0 0 0 0 0 0 0 0 0 0 0 0 0 0 0 0 0 0 0 0 0 0 0 0 0 0 0 0 0 0 0 0 0 0 0))
(size: 4096)
(1566 : 499 : 1)
(CAPTURE_CANDIDATE (AND ((OR ((AND (X1 X5)) X7)))))
(CAPTURE_CANDIDATE (AND ((OR ((AND (X1 X5)) X7 (NOT (X5)))))))
(CAPTURE_CANDIDATE (AND ((OR (X3 (NOT (X11)) (AND (X1 X5)) X7)))))
(CAPTURE_CANDIDATE (AND (X2 (OR ((AND (X1 X5)) X7)))))
(CAPTURE_CANDIDATE (AND ((OR ((AND ((NOT (X4)) (NOT (X12)) X1 X5)) X7)))))
(CAPTURE_CANDIDATE (AND ((NOT (X9)) (OR ((AND (X1 X5)) X7)))))
(CAPTURE_CANDIDATE (AND ((OR ((AND ((NOT (X9)) X1 X5)) X7)))))
(CAPTURE_CANDIDATE (AND ((OR ((AND (X1 X5)) X7 X1 X4)))))
(CAPTURE_CANDIDATE (AND ((OR (X7 (NOT (X9)) (AND (X1 X5)) X7)))))
(CAPTURE_CANDIDATE (AND ((OR ((AND (X1 X5)) (AND (X7 (NOT (X1)))))))))
(CAPTURE_CANDIDATE (AND ((OR (X3 (AND (X1 X5)) X7)))))
(CAPTURE_CANDIDATE (AND ((OR ((AND (X1 X5)) X7 (NOT (X4)) X8)))))
(CAPTURE_CANDIDATE (AND ((OR ((AND (X1 X5)) X7)) (OR (X1 X12)))))
(CAPTURE_CANDIDATE (AND ((OR ((NOT (X8)) (AND (X1 X5)) X7)))))
(CAPTURE_CANDIDATE (AND ((NOT (X1)) X7)))
(CAPTURE_CANDIDATE (AND ((OR (X2 (AND (X1 X5)) X7)))))
(CAPTURE_CANDIDATE (AND ((OR (X8 (AND (X1 X5)) X7)))))
(CAPTURE_CANDIDATE (AND ((OR ((AND (X1 X5)) X3 X7)))))
(CAPTURE_CANDIDATE (AND ((OR ((AND (X1 X5)) X7 (AND ((NOT (X2)) X11)))))))
(CAPTURE_CANDIDATE (AND ((OR ((AND (X1 X5 (OR (X2 (NOT (X8)))))) X7)))))
(CAPTURE_CANDIDATE (AND ((OR ((AND (X1 X5 (OR ((NOT (X4)) X12)))) X7)))))
(CAPTURE_CANDIDATE (AND ((OR ((NOT (X7)) (AND (X1 X5)) X7)))))
(CAPTURE_CANDIDATE (AND ((OR ((AND (X1 X5)) X7)) (OR (X1 X7)))))
(CAPTURE_CANDIDATE (AND ((OR ((AND (X1 (OR (X5 X3 (NOT (X5)))))) X7)))))
(CAPTURE_CANDIDATE (AND ((OR ((AND (X1 X5)) X7 (NOT (X12)))))))
(CAPTURE_CANDIDATE (AND ((OR ((AND (X1 X5)) X7 (NOT (X4)) (NOT (X9)))))))
(CAPTURE_CANDIDATE (AND ((OR ((AND (X1 X5)) X7 X11)))))
(CAPTURE_CANDIDATE (AND ((OR ((AND (X1 X5)) X7)))))
(CAPTURE_CANDIDATE (AND ((OR ((AND (X2 X3)) (AND (X1 X5)) X7)))))
(CAPTURE_CANDIDATE (AND ((OR ((AND (X5 (OR (X1 (NOT (X11)))))) X7)))))
(CAPTURE_CANDIDATE (AND ((OR ((AND (X1 X5 (OR (X2 (NOT (X6)))))) X7)))))
(CAPTURE_CANDIDATE (AND ((OR ((NOT (X2)) (NOT (X3)) (AND (X1 X5)) X7)))))
(CAPTURE_CANDIDATE (AND ((OR ((AND (X1 X5)) X7)) (OR ((NOT (X3)) (NOT (X9)))))))
(CAPTURE_CANDIDATE (AND ((OR ((AND (X1 X5)) X7 X2)))))
(CAPTURE_CANDIDATE (AND ((OR ((AND (X5 (OR (X1 (NOT (X12)))))) X7)))))
(CAPTURE_CANDIDATE (AND ((OR ((AND (X1 X5 X8)) X7)))))
(CAPTURE_CANDIDATE (AND ((OR ((AND (X1 X5)) X7 (AND (X7 X8)))))))
(CAPTURE_CANDIDATE (AND ((OR ((AND (X1 (OR (X5 X2 (NOT (X6)))))) X7)))))
(CAPTURE_CANDIDATE (AND ((OR ((AND (X1 X5)) (AND (X7 (NOT (X8)))))))))
(CAPTURE_CANDIDATE (AND (X1 (NOT (X11)) (OR (X5 X7)))))
(CAPTURE_CANDIDATE (AND ((OR ((AND ((NOT (X5)) X10)) (AND (X1 X5)) X7)))))
(CAPTURE_CANDIDATE (AND ((OR ((AND (X1 (OR (X5 (AND ((NOT (X2)) X6)))))) X7)))))
(CAPTURE_CANDIDATE (AND ((OR ((AND ((NOT (X5)) X1)) X7)))))
(CAPTURE_CANDIDATE (AND ((OR ((AND (X1 X5)) (AND (X7 X2 (NOT (X5)))))))))
(CAPTURE_CANDIDATE (AND ((OR ((AND (X1 X5)) X7 (NOT (X6)) (NOT (X11)))))))
(CAPTURE_CANDIDATE (AND ((OR ((AND (X1 X5)) X7 (NOT (X11)))))))
(CAPTURE_CANDIDATE (AND ((OR ((AND (X1 (OR (X5 X4)))) X7)))))
(CAPTURE_CANDIDATE (AND ((OR ((AND (X1 X5 X8)) X7)))))
(CAPTURE_CANDIDATE (AND (X6 (NOT (X8)) (OR ((AND (X1 X5)) X7)))))
(CAPTURE_CANDIDATE (AND ((OR ((AND (X1 X5)) X7 (AND ((NOT (X6)) (NOT (X10)))))))))
(CAPTURE_CANDIDATE (AND ((OR ((AND (X1 X5 (NOT (X12)))) X7)))))
(CAPTURE_CANDIDATE (AND ((OR ((AND (X1 X5)) X7 X8)))))
(CAPTURE_CANDIDATE (AND ((OR ((NOT (X10)) (AND (X1 X5)) X7)))))
(CAPTURE_CANDIDATE (AND ((OR ((AND (X1 X5)) (AND (X7 (NOT (X8)))))))))
(CAPTURE_CANDIDATE (AND ((OR ((AND (X1 X5)) X7 X6 (NOT (X7)))))))
(CAPTURE_CANDIDATE (AND ((OR ((AND (X1 X5)) X7 (NOT (X12)))))))
(CAPTURE_CANDIDATE (AND (X6 (OR ((AND (X1 X5)) X7)))))
(CAPTURE_CANDIDATE (AND ((OR ((AND (X1 X5 (OR (X2 (NOT (X8)))))) X7)))))
(CAPTURE_CANDIDATE (AND ((OR ((AND (X8 X1 X5)) X7)))))
(CAPTURE_CANDIDATE (AND ((OR ((AND (X1 X5)) X7 X4)))))
(CAPTURE_CANDIDATE (AND (X10 (OR ((AND (X1 X5)) X7)))))
(CAPTURE_CANDIDATE (AND ((OR ((AND (X5 (OR (X1 X7)))) X7)))))
(CAPTURE_CANDIDATE (AND ((NOT (X8)) (OR ((AND (X1 X5)) X7)))))
(CAPTURE_CANDIDATE (AND ((OR (X5 (AND (X1 X5)) X7)))))
(CAPTURE_CANDIDATE (AND ((OR ((AND (X1 X5)) X7 (AND (X3 (NOT (X10)))))))))
(CAPTURE_CANDIDATE (AND ((OR ((AND (X1 X5)) X7)) (OR ((NOT (X1)) (NOT (X2)))))))
(CAPTURE_CANDIDATE (AND ((OR ((AND (X5 (OR (X1 X2 (NOT (X9)))))) X7)))))
(CAPTURE_CANDIDATE (AND ((NOT (X1)) (NOT (X12)) X7)))
(CAPTURE_CANDIDATE (AND ((OR ((AND (X5 (OR (X1 X1 (NOT (X8)))))) X7)))))
(CAPTURE_CANDIDATE (AND ((OR ((AND (X8 (NOT (X10)) X1 X5)) X7)))))
(CAPTURE_CANDIDATE (AND ((OR ((AND (X5 (OR (X1 (NOT (X4)))))) X7)))))
(CAPTURE_CANDIDATE (AND ((OR ((AND (X1 X5)) X7 X11)))))
(CAPTURE_CANDIDATE (AND ((OR ((NOT (X1)) (NOT (X8)) (AND (X1 X5)) X7)))))
(CAPTURE_CANDIDATE (AND ((OR ((AND (X5 (OR (X1 X9)))) X7)))))
(CAPTURE_CANDIDATE (AND ((OR ((AND (X1 (NOT (X2)))) (AND (X1 X5)) X7)))))
(CAPTURE_CANDIDATE (AND ((OR ((AND (X1 X5)) X7)))))
(CAPTURE_CANDIDATE (AND ((OR ((AND (X2 X3)) (AND (X1 X5)) X7)))))
(CAPTURE_CANDIDATE (AND ((OR ((AND (X3 X1 X5)) X7)))))
(CAPTURE_CANDIDATE (AND ((OR ((AND (X5 (OR (X1 (NOT (X7)))))) X7)))))
(CAPTURE_CANDIDATE (AND ((OR ((AND (X1 X5)) X7 (NOT (X5)))))))
(CAPTURE_CANDIDATE (AND ((OR ((AND (X6 X1 X5)) X7)))))
(CAPTURE_CANDIDATE (AND ((OR ((AND (X1 X5)) X7 X1 X4)))))
(CAPTURE_CANDIDATE (AND ((OR ((AND (X1 X5)) X7 (AND ((NOT (X10)) (NOT (X12)))))))))
(CAPTURE_CANDIDATE (AND ((OR ((AND (X2 (NOT (X11)))) (AND (X1 X5)) X7)))))
(CAPTURE_CANDIDATE (AND ((OR ((AND (X5 (NOT (X7)))) (AND (X1 X5)) X7)))))
(CAPTURE_CANDIDATE (AND ((OR ((AND (X5 (OR (X1 X9)))) X7)))))
(CAPTURE_CANDIDATE (AND ((OR ((NOT (X5)) (AND (X1 X5)) X7)))))
(CAPTURE_CANDIDATE (AND ((OR ((AND (X1 X5 (OR ((NOT (X8)) (NOT (X12)))))) X7)))))
(CAPTURE_CANDIDATE (AND ((OR ((AND ((NOT (X5)) X10)) (AND (X1 X5)) X7)))))
(CAPTURE_CANDIDATE (AND ((OR ((AND (X1 X5)) X7)))))
(CAPTURE_CANDIDATE (AND ((OR ((AND (X1 X5)) X7 (NOT (X6)))))))
(CAPTURE_CANDIDATE (AND ((OR (X4 (AND (X1 X5)) X7)))))
(CAPTURE_CANDIDATE (AND ((OR ((AND (X1 X5)) X7)) (OR ((NOT (X2)) X8)))))
(CAPTURE_CANDIDATE (AND (X10 (OR ((AND (X1 X5)) X7)))))
(CAPTURE_CANDIDATE (AND ((OR ((AND (X1 X5)) X7 (AND (X6 X11)))))))
(CAPTURE_CANDIDATE (AND ((OR ((AND (X1 X5 X12)) X7)))))
(CAPTURE_CANDIDATE (AND ((OR ((AND (X1 X5)) X7)) (OR ((NOT (X1)) (NOT (X2)))))))
(CAPTURE_CANDIDATE (AND ((OR ((AND (X11 X1 X5)) X7)))))
(CAPTURE_CANDIDATE (AND ((OR ((AND (X1 X5)) X7)) (OR (X7 (NOT (X9)))))))
(CAPTURE_CANDIDATE (AND ((OR ((AND (X6 (NOT (X8)))) (AND (X1 X5)) X7)))))
(CAPTURE_CANDIDATE (AND ((OR ((AND (X1 X5)) X7 (NOT (X4)) X9)))))
(CAPTURE_CANDIDATE (AND ((OR ((AND (X1 X5)) X7)) (OR ((NOT (X4)) X7)))))
(CAPTURE_CANDIDATE (AND (X6 (OR ((AND (X1 X5)) X7)))))
(CAPTURE_CANDIDATE (AND ((OR ((AND (X1 X5 (NOT (X7)))) X7)))))
(CAPTURE_CANDIDATE (AND ((OR ((NOT (X10)) (AND (X1 X5)) X7)))))
(CAPTURE_CANDIDATE (AND ((OR (X1 X7)))))
(CAPTURE_CANDIDATE (AND ((OR (X1 (AND (X1 X5)) X7)))))
(CAPTURE_CANDIDATE (AND ((OR ((AND (X1 X5 (OR (X2 (NOT (X8)))))) X7)))))
(CAPTURE_CANDIDATE (AND (X5 (OR (X1 X7)))))
(CAPTURE_CANDIDATE (AND ((OR ((AND ((NOT (X8)) (NOT (X10)))) (AND (X1 X5)) X7)))))
(CAPTURE_CANDIDATE (AND ((OR ((AND (X1 X5 (OR ((NOT (X2)) (NOT (X6)))))) X7)))))
(CAPTURE_CANDIDATE (AND ((OR ((AND (X1 X5)) X7 (NOT (X8)))))))
(CAPTURE_CANDIDATE (AND (X8 (OR ((AND (X1 X5)) X7)))))
(CAPTURE_CANDIDATE (AND ((OR ((AND (X1 X5)) X7 (AND (X9 X10)))))))
(CAPTURE_CANDIDATE X7)
(CAPTURE_CANDIDATE (AND (X5 (OR (X1 X7)))))
(CAPTURE_CANDIDATE (AND ((OR ((NOT (X10)) (AND (X1 X5)) X7)))))
(CAPTURE_CANDIDATE (AND ((OR ((AND ((NOT (X1)) X5)) X7)))))
(CAPTURE_CANDIDATE (AND ((OR ((AND (X1 X5)) X7)) (OR (X1 X7)))))
(CAPTURE_CANDIDATE (AND ((OR ((AND (X1 X5)) (AND (X7 (NOT (X4)) (NOT (X9)))))))))
(CAPTURE_CANDIDATE (AND ((OR (X5 (NOT (X10)) (AND (X1 X5)) X7)))))
(CAPTURE_CANDIDATE (AND ((OR ((AND (X1 X5)) X7 (NOT (X9)))))))
(CAPTURE_CANDIDATE (AND (X1 (OR (X5 X7)))))
(CAPTURE_CANDIDATE (AND ((OR (X5 (AND (X1 X5)) X7)))))
(CAPTURE_CANDIDATE (AND ((OR (X11 (AND (X1 X5)) X7)))))
(CAPTURE_CANDIDATE (AND ((OR ((AND (X1 X5)) X7 (NOT (X6)) (NOT (X12)))))))
(CAPTURE_CANDIDATE (AND ((OR ((AND (X1 X5)) (NOT (X6)) X7)))))
(CAPTURE_CANDIDATE (AND ((OR ((AND (X5 X1)) X7)))))
(CAPTURE_CANDIDATE (AND ((OR ((AND (X1 X5)) X7 X1 X10)))))
(CAPTURE_CANDIDATE (AND ((NOT (X7)) X1 X5)))
(CAPTURE_CANDIDATE (AND ((OR ((AND (X1 X5)) (AND (X7 X8)))))))
(CAPTURE_CANDIDATE (AND ((OR ((AND (X1 X5 X10)) X7)))))
(CAPTURE_CANDIDATE (AND ((OR ((AND (X1 X5)) X7 (NOT (X10)))))))
(CAPTURE_CANDIDATE (AND ((OR ((AND (X1 X5)) X7 (AND (X5 X7)))))))
(CAPTURE_CANDIDATE (AND ((OR (X7 (NOT (X9)) (AND (X1 X5)) X7)))))
(CAPTURE_CANDIDATE (AND ((OR ((AND (X1 X5)) X7)) (OR (X2 (NOT (X11)))))))
(CAPTURE_CANDIDATE (AND ((OR ((AND (X5 (OR (X1 (NOT (X3)))))) X7)))))
(CAPTURE_CANDIDATE (AND ((OR ((AND (X1 X5)) (AND (X7 (OR ((NOT (X4)) X12)))))))))
(CAPTURE_CANDIDATE (AND ((OR ((AND ((NOT (X9)) X12)) (AND (X1 X5)) X7)))))
(CAPTURE_CANDIDATE (AND ((OR ((NOT (X12)) (AND (X1 X5)) X7)))))
(CAPTURE_CANDIDATE (AND ((OR ((AND ((NOT (X3)) X7)) (AND (X1 X5)) X7)))))
(CAPTURE_CANDIDATE (AND ((OR ((AND (X5 (OR (X1 (AND (X2 X3)))))) X7)))))
(CAPTURE_CANDIDATE (AND ((OR ((AND (X4 (NOT (X9)))) (AND (X1 X5)) X7)))))
(CAPTURE_CANDIDATE (AND ((OR ((AND ((NOT (X3)) (NOT (X6)))) (AND (X1 X5)) X7)))))
(CAPTURE_CANDIDATE (AND ((OR ((AND (X1 X5)) X7 X11)))))
(CAPTURE_CANDIDATE (AND ((NOT (X6)) (OR ((AND (X1 X5)) X7)))))
(CAPTURE_CANDIDATE (AND ((OR ((AND (X1 X5)) X7)) (OR ((NOT (X2)) X8)))))
(CAPTURE_CANDIDATE (AND ((OR ((AND (X1 X5)) X7 (NOT (X4)) X8)))))
(CAPTURE_CANDIDATE (AND ((OR ((AND (X1 X5)) (NOT (X3)) X7)))))
(CAPTURE_CANDIDATE (AND ((OR ((AND (X8 X1 X5)) X7)))))
(CAPTURE_CANDIDATE (AND ((OR ((AND (X1 X5)) X7)) (OR (X8 (NOT (X10)))))))
(CAPTURE_CANDIDATE (AND (X1 (OR (X5 X7)))))
(CAPTURE_CANDIDATE (AND ((OR ((AND (X1 (NOT (X2)))) (AND (X1 X5)) X7)))))
(CAPTURE_CANDIDATE (AND ((OR ((AND (X1 (OR (X5 X12)))) X7)))))
(CAPTURE_CANDIDATE (AND ((OR ((AND (X1 X5)) (AND (X7 (OR (X4 X9)))))))))
(CAPTURE_CANDIDATE (AND ((OR ((AND (X1 X5)) X7 (NOT (X5)) (NOT (X7)))))))
(CAPTURE_CANDIDATE (AND ((OR (X7 (NOT (X10)) (AND (X1 X5)) X7)))))
(CAPTURE_CANDIDATE (AND ((OR ((AND (X1 X5)) (AND (X7 (OR ((NOT (X5)) X9)))))))))
(CAPTURE_CANDIDATE (AND ((OR (X6 (AND (X1 X5)) X7)))))
(CAPTURE_CANDIDATE (AND ((OR ((AND (X1 X5)) (AND (X7 (OR ((NOT (X8)) X12)))))))))
(CAPTURE_CANDIDATE (AND ((OR ((AND (X2 X1 X5)) X7)))))
(CAPTURE_CANDIDATE (AND ((OR (X2 (AND (X1 X5)) X7)))))
(CAPTURE_CANDIDATE (AND ((OR ((AND (X1 X5)) X7 (AND ((NOT (X6)) X7)))))))
(CAPTURE_CANDIDATE (AND ((OR ((AND (X1 X5 (NOT (X9)))) X7)))))
(CAPTURE_CANDIDATE (AND ((OR ((AND (X5 X12)) (AND (X1 X5)) X7)))))
(CAPTURE_CANDIDATE (AND ((OR (X5 X7)))))
(CAPTURE_CANDIDATE (AND ((NOT (X6)) X8 (OR ((AND (X1 X5)) X7)))))
(CAPTURE_CANDIDATE (AND ((OR ((NOT (X8)) (AND (X1 X5)) X7)))))
(CAPTURE_CANDIDATE (AND ((OR ((AND (X1 X5)) X7)))))
(CAPTURE_CANDIDATE (AND ((OR ((AND (X1 X8)) (AND (X1 X5)) X7)))))
(CAPTURE_CANDIDATE (AND ((OR ((AND (X1 X5)) (AND (X7 X4 (NOT (X9)))))))))
(CAPTURE_CANDIDATE (AND ((OR ((NOT (X6)) (AND (X1 X5)) X7)))))
(CAPTURE_CANDIDATE (AND ((OR ((AND (X1 X5 (NOT (X10)))) X7)))))
(CAPTURE_CANDIDATE (AND ((OR ((AND (X1 X5 (OR ((NOT (X10)) X12)))) X7)))))
(CAPTURE_CANDIDATE (AND ((OR ((AND (X1 X5)) (NOT (X5)) X7)))))
(CAPTURE_CANDIDATE (AND ((OR ((AND ((NOT (X9)) X1 X5)) X7)))))
(CAPTURE_CANDIDATE (AND ((OR ((AND (X4 X1 X5)) X7)))))
(CAPTURE_CANDIDATE (AND ((OR (X5 X7)))))
(CAPTURE_CANDIDATE (AND ((OR ((AND (X1 X5)) X7 X5 X11)))))
(CAPTURE_CANDIDATE (AND ((OR ((AND (X1 (OR (X5 X3)))) X7)))))
(CAPTURE_CANDIDATE (AND ((OR ((AND (X1 X5 (NOT (X8)))) X7)))))
(CAPTURE_CANDIDATE (AND (X2 (OR ((AND (X1 X5)) X7)))))
(CAPTURE_CANDIDATE (AND ((OR ((AND (X1 X5)) X7 (AND (X6 X12)))))))
(CAPTURE_CANDIDATE (AND ((OR ((AND (X1 X5)) X7 (NOT (X3)) X10)))))
(CAPTURE_CANDIDATE (AND ((OR ((AND (X1 X5)) X7)) (OR ((NOT (X7)) X10)))))
(CAPTURE_CANDIDATE (AND ((NOT (X3)) (OR ((AND (X1 X5)) X7)))))
(CAPTURE_CANDIDATE (AND (X1 (OR (X5 X7)))))
(CAPTURE_CANDIDATE (AND ((NOT (X4)) (OR ((AND (X1 X5)) X7)))))
(CAPTURE_CANDIDATE (AND ((OR ((AND (X1 X5)) (AND (X7 (OR ((NOT (X11)) X12)))))))))
(CAPTURE_CANDIDATE (AND ((OR ((AND (X1 (OR (X5 (NOT (X10)))))) X7)))))
(CAPTURE_CANDIDATE (AND ((OR ((AND (X1 X5)) X7 X1)))))
(CAPTURE_CANDIDATE (AND ((OR ((AND (X1 X5)) X7 (NOT (X4)))))))
(CAPTURE_CANDIDATE (AND ((OR ((NOT (X5)) (AND (X1 X5)) X7)))))
(CAPTURE_CANDIDATE (AND ((OR ((AND (X1 X5)) X7)))))
(CAPTURE_CANDIDATE (AND ((OR ((AND (X5 (OR (X1 (NOT (X10)))))) X7)))))
(CAPTURE_CANDIDATE (AND ((OR ((AND (X1 X5 (NOT (X9)))) X7)))))
(CAPTURE_CANDIDATE (AND ((OR ((AND (X1 X5)) X7)) (OR ((NOT (X4)) X7)))))
(CAPTURE_CANDIDATE (AND ((OR ((AND (X1 X5)) X7 (NOT (X8)))))))
(CAPTURE_CANDIDATE (AND ((OR ((AND (X1 X5)) X7 X10)))))
(CAPTURE_CANDIDATE (AND ((OR ((AND (X1 X5)) X7)) (OR (X8 (NOT (X10)))))))
(CAPTURE_CANDIDATE (AND ((OR ((AND (X10 (NOT (X12)) X1 X5)) X7)))))
(CAPTURE_CANDIDATE (AND (X9 (OR ((AND (X1 X5)) X7)))))
(CAPTURE_CANDIDATE (AND ((OR ((AND (X1 (OR (X5 (NOT (X9)))))) X7)))))
(CAPTURE_CANDIDATE (AND ((OR ((AND (X1 X5)) (AND (X7 X10)))))))
(CAPTURE_CANDIDATE (AND ((OR ((AND (X1 X5)) (AND (X7 X11 (NOT (X12)))))))))
(CAPTURE_CANDIDATE (AND ((NOT (X1)) (NOT (X3)) X7)))
(CAPTURE_CANDIDATE (AND ((OR ((AND (X5 (OR (X1 (NOT (X10)))))) X7)))))
(CAPTURE_CANDIDATE (AND ((OR ((NOT (X1)) (AND (X1 X5)) X7)))))
(CAPTURE_CANDIDATE (AND (X4 X9 (OR ((AND (X1 X5)) X7)))))
(CAPTURE_CANDIDATE (AND ((OR ((AND (X5 (OR (X1 X2 (NOT (X9)))))) X7)))))
(CAPTURE_CANDIDATE (AND ((OR ((AND (X1 X5)) X7 (NOT (X11)))))))
(CAPTURE_CANDIDATE (AND ((OR ((AND ((NOT (X8)) X1 X5)) X7)))))
(CAPTURE_CANDIDATE (AND ((OR (X5 (AND (X1 X5)) X7)))))
(CAPTURE_CANDIDATE (AND ((OR ((AND (X1 X5)) X7 (NOT (X1)) X2)))))
(CAPTURE_CANDIDATE (AND ((OR ((AND (X1 X5)) X7 (AND ((NOT (X10)) (NOT (X12)))))))))
(CAPTURE_CANDIDATE (AND ((OR (X12 (AND (X1 X5)) X7)))))
(CAPTURE_CANDIDATE (AND ((OR ((AND (X1 (OR (X5 (AND ((NOT (X2)) X6)))))) X7)))))
(CAPTURE_CANDIDATE (AND ((OR ((NOT (X1)) (AND (X1 X5)) X7)))))
(CAPTURE_CANDIDATE (AND ((OR ((AND (X1 X5)) X7 (AND ((NOT (X1)) (NOT (X5)))))))))
(CAPTURE_CANDIDATE (AND ((NOT (X2)) X11 (OR ((AND (X1 X5)) X7)))))
(CAPTURE_CANDIDATE (AND ((OR ((AND (X1 (OR (X5 (NOT (X12)))))) X7)))))
(CAPTURE_CANDIDATE (AND ((OR ((AND (X1 X5 X4)) X7)))))
(CAPTURE_CANDIDATE (AND ((OR ((AND (X1 X5)) X7)) (OR ((NOT (X2)) X8)))))
(CAPTURE_CANDIDATE (AND (X6 (NOT (X8)) (OR ((AND (X1 X5)) X7)))))
(CAPTURE_CANDIDATE (AND ((OR ((AND (X1 X5 (OR (X2 (NOT (X9)))))) X7)))))
(CAPTURE_CANDIDATE (AND ((OR ((AND (X1 X5)) X7 (AND ((NOT (X2)) X11)))))))
(CAPTURE_CANDIDATE (AND ((OR ((AND (X12 X1 X5)) X7)))))
(CAPTURE_CANDIDATE (AND ((OR ((AND (X1 X5)) X7 (AND (X4 (NOT (X8)))))))))
(CAPTURE_CANDIDATE (AND ((OR ((AND (X1 X5 X3)) X7)))))
(CAPTURE_CANDIDATE (AND ((OR ((AND (X5 (OR (X1 (NOT (X3)))))) X7)))))
(CAPTURE_CANDIDATE (AND ((OR ((AND (X1 X5)) X7 (AND ((NOT (X1)) (NOT (X10)))))))))
(CAPTURE_CANDIDATE X7)
(CAPTURE_CANDIDATE (AND ((OR ((AND (X1 X5)) X7)) (OR ((NOT (X8)) (NOT (X11)))))))
(CAPTURE_CANDIDATE (AND ((OR ((AND (X1 X5)) X7 (AND (X7 X8)))))))
(CAPTURE_CANDIDATE (AND ((OR ((AND (X1 X5)) X7 (AND ((NOT (X6)) X7)))))))
(CAPTURE_CANDIDATE (AND ((OR ((AND (X1 X5)) X7 (NOT (X7)))))))
(CAPTURE_CANDIDATE (AND ((OR (X3 (AND (X1 X5)) X7)))))
(CAPTURE_CANDIDATE (AND ((OR ((AND (X1 X5 (NOT (X12)))) X7)))))
(CAPTURE_CANDIDATE (AND ((OR ((NOT (X6)) (AND (X1 X5)) X7)))))
(CAPTURE_CANDIDATE (AND ((OR ((AND (X5 (OR (X1 X2 (NOT (X9)))))) X7)))))
(CAPTURE_CANDIDATE (AND ((OR ((AND ((NOT (X3)) (NOT (X8)))) (AND (X1 X5)) X7)))))
(CAPTURE_CANDIDATE (AND ((OR ((AND (X1 X5)) X7 X8 X10)))))
(CAPTURE_CANDIDATE (AND ((OR ((AND (X1 X5)) X7)) (OR (X2 (NOT (X11)))))))
(CAPTURE_CANDIDATE (AND ((OR ((AND ((NOT (X2)) X1 X5)) X7)))))
(CAPTURE_CANDIDATE (AND (X3 (OR ((AND (X1 X5)) X7)))))
(CAPTURE_CANDIDATE (AND ((OR (X3 (NOT (X7)) (AND (X1 X5)) X7)))))
(CAPTURE_CANDIDATE (AND ((OR ((NOT (X5)) (AND (X1 X5)) X7)))))
(CAPTURE_CANDIDATE (AND ((OR (X6 (AND (X1 X5)) X7)))))
(CAPTURE_CANDIDATE (AND ((NOT (X1)) (NOT (X7)))))
(CAPTURE_CANDIDATE (AND ((OR ((NOT (X4)) (AND (X1 X5)) X7)))))
(CAPTURE_CANDIDATE (AND ((OR ((AND (X2 X3)) (AND (X1 X5)) X7)))))
(CAPTURE_CANDIDATE (AND ((OR ((NOT (X2)) (AND (X1 X5)) X7)))))
(CAPTURE_CANDIDATE (AND ((OR ((AND (X1 X5 X8)) X7)))))
(CAPTURE_CANDIDATE (AND ((OR ((AND ((NOT (X1)) X5)) X7)))))
(CAPTURE_CANDIDATE (AND ((OR ((AND (X5 (OR (X1 X3)))) X7)))))
(CAPTURE_CANDIDATE (AND ((NOT (X10)) (OR ((AND (X1 X5)) X7)))))
(CAPTURE_CANDIDATE (AND ((OR ((AND (X1 X5)) (AND (X7 (NOT (X4)))))))))
(CAPTURE_CANDIDATE (AND ((OR ((AND (X5 (NOT (X6)) X1)) X7)))))
(CAPTURE_CANDIDATE (AND ((NOT (X3)) (OR ((AND (X1 X5)) X7)))))
(CAPTURE_CANDIDATE (AND ((OR ((AND ((NOT (X4)) X1 X5)) X7)))))
(CAPTURE_CANDIDATE (AND ((OR ((AND ((NOT (X4)) X1 X5)) X7)))))
(CAPTURE_CANDIDATE (AND ((OR ((AND (X1 X5)) X7 (AND (X6 X11)))))))
(CAPTURE_CANDIDATE (AND ((OR ((AND (X2 (NOT (X6)) X1 X5)) X7)))))
(CAPTURE_CANDIDATE (AND (X5 (OR (X1 (AND (X7 (NOT (X9)))))))))
(CAPTURE_CANDIDATE (AND ((NOT (X6)) (OR ((AND (X1 X5)) X7)))))
(CAPTURE_CANDIDATE (AND ((OR ((AND (X1 X5)) X7 X11)))))
(CAPTURE_CANDIDATE (AND ((OR ((AND (X5 (OR (X1 (NOT (X6)))))) X7)))))
(CAPTURE_CANDIDATE (AND ((OR ((AND (X5 (OR (X1 X10)))) X7)))))
(CAPTURE_CANDIDATE (AND ((OR ((AND (X1 X5)) X7 X10)))))
(CAPTURE_CANDIDATE (AND ((OR (X1 X7)))))
(CAPTURE_CANDIDATE (AND ((OR ((AND (X2 (NOT (X6)) X1 X5)) X7)))))
(CAPTURE_CANDIDATE (AND (X6 (OR ((AND (X1 X5)) X7)))))
(CAPTURE_CANDIDATE (AND ((OR ((AND (X1 X5)) X7)))))
(CAPTURE_CANDIDATE (AND ((NOT (X1)) (NOT (X3)) X7)))
(CAPTURE_CANDIDATE (AND ((OR ((AND (X1 X5)) (AND (X7 (NOT (X4)) (NOT (X9)))))))))
(CAPTURE_CANDIDATE (AND (X3 X9 (OR ((AND (X1 X5)) X7)))))
(CAPTURE_CANDIDATE (AND ((NOT (X8)) (OR ((AND (X1 X5)) X7)))))
(CAPTURE_CANDIDATE (AND ((OR ((AND ((NOT (X3)) (NOT (X8)))) (AND (X1 X5)) X7)))))
(CAPTURE_CANDIDATE (AND ((OR (X7 (AND (X1 X5)) X7)))))
(CAPTURE_CANDIDATE (AND ((OR ((AND (X1 X5)) (AND (X7 (NOT (X8)))))))))
(CAPTURE_CANDIDATE (AND ((OR ((AND (X2 X3)) (AND (X1 X5)) X7)))))
(CAPTURE_CANDIDATE (AND (X3 (OR ((AND (X1 X5)) X7)))))
(CAPTURE_CANDIDATE (AND ((OR ((AND (X1 X5)) X7)))))
(CAPTURE_CANDIDATE (AND (X7 X1 X5)))
(CAPTURE_CANDIDATE (AND ((OR ((AND (X1 X5)) X7 (AND ((NOT (X3)) X9)))))))
(CAPTURE_CANDIDATE X7)
(CAPTURE_CANDIDATE (AND ((OR ((AND (X1 X5)) X7 X1 X5)))))
(CAPTURE_CANDIDATE (AND ((NOT (X6)) X8 (OR ((AND (X1 X5)) X7)))))
(CAPTURE_CANDIDATE (AND ((OR ((AND (X1 X5)) (AND (X7 X9)))))))
(CAPTURE_CANDIDATE (AND (X2 (NOT (X8)) (OR ((AND (X1 X5)) X7)))))
(CAPTURE_CANDIDATE (AND ((OR ((AND (X1 X5 X3)) X7)))))
(CAPTURE_CANDIDATE (AND ((OR ((AND (X1 X5)) (AND (X7 (NOT (X1)))))))))
(CAPTURE_CANDIDATE (AND ((OR ((AND (X1 X8)) (AND (X1 X5)) X7)))))
(CAPTURE_CANDIDATE (AND ((OR ((AND (X5 (OR (X1 (NOT (X3)))))) X7)))))
(CAPTURE_CANDIDATE (AND ((OR ((AND (X1 X5)) X7)) (OR (X1 X7)))))
(CAPTURE_CANDIDATE (AND ((OR ((AND (X1 X5)) (AND (X7 (OR (X2 X10)))))))))
(CAPTURE_CANDIDATE (AND ((OR ((AND (X5 (OR (X1 (NOT (X9)))))) X7)))))
(CAPTURE_CANDIDATE (AND ((OR ((AND (X1 X5 (OR (X2 (NOT (X8)))))) X7)))))
(CAPTURE_CANDIDATE (AND ((OR ((AND (X1 X5)) X7 (NOT (X8)))))))
(CAPTURE_CANDIDATE (AND ((OR ((NOT (X10)) (AND (X1 X5)) X7)))))
(CAPTURE_CANDIDATE (AND ((OR ((AND (X1 (OR (X5 X4)))) X7)))))
(CAPTURE_CANDIDATE (AND ((OR ((AND (X1 X5 (NOT (X2)) X9)) X7)))))
(CAPTURE_CANDIDATE (AND ((OR ((NOT (X5)) (AND (X1 X5)) X7)))))
(CAPTURE_CANDIDATE (AND ((OR ((AND (X2 (NOT (X11)))) (AND (X1 X5)) X7)))))
(CAPTURE_CANDIDATE (AND ((NOT (X1)) X7)))
(CAPTURE_CANDIDATE (AND ((OR ((AND ((NOT (X8)) (NOT (X10)))) (AND (X1 X5)) X7)))))
(CAPTURE_CANDIDATE (AND ((NOT (X1)) X5 X7)))
(CAPTURE_CANDIDATE (AND ((OR ((AND (X1 X5)) X7)) (OR ((NOT (X2)) X8)))))
(CAPTURE_CANDIDATE (AND ((OR ((AND (X1 (OR (X5 X6)))) X7)))))
(CAPTURE_CANDIDATE (AND ((OR ((AND ((NOT (X7)) X1 X5)) X7)))))
(CAPTURE_CANDIDATE (AND ((OR ((AND (X5 (OR (X1 (NOT (X2)) (NOT (X6)))))) X7)))))
(CAPTURE_CANDIDATE (AND (X5 (NOT (X6)) (OR (X1 X7)))))
(CAPTURE_CANDIDATE (AND ((OR ((AND (X1 X5)) X7 (NOT (X3)) X10)))))
(CAPTURE_CANDIDATE (AND ((OR ((AND (X1 X5 (OR (X8 X9)))) X7)))))
(CAPTURE_CANDIDATE (AND ((OR ((AND (X1 X5)) X7 X3 X8)))))
(CAPTURE_CANDIDATE (AND ((OR ((AND (X1 X5)) X7 (NOT (X9)) (NOT (X10)))))))
(CAPTURE_CANDIDATE (AND ((OR ((AND (X1 X5)) (AND (X7 (NOT (X4)) (NOT (X9)))))))))
(CAPTURE_CANDIDATE (AND (X10 (OR ((AND (X1 X5)) X7)))))
(CAPTURE_CANDIDATE (AND ((OR ((AND (X1 X5)) X7)))))
(CAPTURE_CANDIDATE (AND ((OR ((AND (X1 X5 (NOT (X10)))) X7)))))
(CAPTURE_CANDIDATE (AND ((OR ((AND (X1 X5)) X7)) (OR ((NOT (X4)) (NOT (X9)))))))
(CAPTURE_CANDIDATE (AND ((OR ((AND (X1 (OR (X5 (AND ((NOT (X10)) X11)))))) X7)))))
(CAPTURE_CANDIDATE (AND ((OR (X9 (AND (X1 X5)) X7)))))
(CAPTURE_CANDIDATE (AND ((OR ((AND (X1 X5)) X3 X7)))))
(CAPTURE_CANDIDATE (AND ((OR ((AND (X1 X5)) X7 (NOT (X4)) X8)))))
(CAPTURE_CANDIDATE (AND ((OR ((AND (X5 (OR (X1 X2 (NOT (X9)))))) X7)))))
(CAPTURE_CANDIDATE (AND ((OR ((NOT (X4)) (AND (X1 X5)) X7)))))
(CAPTURE_CANDIDATE (AND (X2 (OR ((AND (X1 X5)) X7)))))
(CAPTURE_CANDIDATE (AND ((OR ((AND (X1 X5)) X7 (NOT (X8)))))))
(CAPTURE_CANDIDATE (AND ((OR ((AND (X1 X5)) X7 X2 (NOT (X11)))))))
(CAPTURE_CANDIDATE (AND ((OR ((AND (X5 (OR (X1 (NOT (X2)) (NOT (X3)))))) X7)))))
(CAPTURE_CANDIDATE (AND ((OR ((AND (X5 (OR (X1 (AND ((NOT (X3)) X11)))))) X7)))))
(CAPTURE_CANDIDATE (AND ((NOT (X10)) (OR ((AND (X1 X5)) X7)))))
(CAPTURE_CANDIDATE (AND ((OR ((AND (X1 X5)) (AND (X7 X2)))))))
(CAPTURE_CANDIDATE (AND ((OR ((AND (X1 X5)) X7 (NOT (X3)))))))
(CAPTURE_CANDIDATE (AND ((OR ((AND (X1 X5)) X7)))))
(CAPTURE_CANDIDATE (AND ((OR ((AND (X1 X5)) X7 (AND (X7 X8)))))))
(CAPTURE_CANDIDATE (AND ((OR ((AND (X6 (NOT (X8)))) (AND (X1 X5)) X7)))))
(CAPTURE_CANDIDATE (AND ((OR ((AND (X1 X5)) (AND (X7 (OR ((NOT (X8)) X12)))))))))
(CAPTURE_CANDIDATE (AND ((OR ((AND (X1 X5)) X7 (NOT (X6)) (NOT (X11)))))))
(CAPTURE_CANDIDATE (AND ((OR ((AND (X8 X1 X5)) X7)))))
(CAPTURE_CANDIDATE (AND ((OR ((AND (X1 X5)) X7)) (OR ((NOT (X5)) X6)))))
(CAPTURE_CANDIDATE (AND ((OR ((AND (X5 (OR (X1 (NOT (X11)))))) X7)))))
(CAPTURE_CANDIDATE (AND ((OR ((AND (X5 (OR (X1 (AND (X2 X6)))))) X7)))))
(CAPTURE_CANDIDATE (AND ((OR ((AND (X1 X5)) X7 (AND (X6 X12)))))))
(CAPTURE_CANDIDATE (AND ((OR ((AND (X1 X5)) X7 (NOT (X8)))))))
(CAPTURE_CANDIDATE (AND ((OR ((AND (X1 X5)) X7 (NOT (X6)) (NOT (X12)))))))
(CAPTURE_CANDIDATE (AND ((OR ((AND (X1 X5)) X7 X8)))))
(CAPTURE_CANDIDATE (AND (X5 (OR (X1 (AND (X7 (NOT (X10)))))))))
(CAPTURE_CANDIDATE (AND ((OR ((AND (X1 X5)) X7)) (OR ((NOT (X3)) (NOT (X12)))))))
(CAPTURE_CANDIDATE (AND ((OR (X7 (AND (X1 X5)) X7)))))
(CAPTURE_CANDIDATE (AND ((OR ((AND ((NOT (X12)) X1 X5)) X7)))))
(CAPTURE_CANDIDATE (AND ((OR ((NOT (X10)) (AND (X1 X5)) X7)))))
(CAPTURE_CANDIDATE (AND (X1 (NOT (X10)) (OR (X5 X7)))))
(CAPTURE_CANDIDATE (AND ((OR ((AND (X1 X5)) X7 (NOT (X7)) (NOT (X8)))))))
(CAPTURE_CANDIDATE (AND ((OR ((AND (X5 (OR (X1 (NOT (X3)))))) X7)))))
(CAPTURE_CANDIDATE (AND ((OR ((AND (X1 X5 (NOT (X8)))) X7)))))
(CAPTURE_CANDIDATE X7)
(CAPTURE_CANDIDATE (AND ((OR (X7 (NOT (X9)) (AND (X1 X5)) X7)))))
(CAPTURE_CANDIDATE (AND ((OR ((AND (X1 (OR (X5 (NOT (X10)))))) X7)))))
(CAPTURE_CANDIDATE (AND ((NOT (X1)) X5 X7)))
(CAPTURE_CANDIDATE (AND ((OR ((AND (X1 (OR (X5 X5 (NOT (X7)))))) X7)))))
(CAPTURE_CANDIDATE (AND ((OR ((AND ((NOT (X12)) X1 X5)) X7)))))
(CAPTURE_CANDIDATE (AND ((OR ((NOT (X9)) (AND (X1 X5)) X7)))))
(CAPTURE_CANDIDATE (AND (X6 (OR ((AND (X1 X5)) X7)))))
(CAPTURE_CANDIDATE (AND ((OR ((AND (X1 X5)) (AND (X7 (OR (X4 X9)))))))))
(CAPTURE_CANDIDATE (AND ((OR ((AND (X1 X5)) X7 X1 X10)))))
(CAPTURE_CANDIDATE (AND ((OR ((AND (X5 X12)) (AND (X1 X5)) X7)))))
(CAPTURE_CANDIDATE (AND ((OR ((AND (X5 X8)) (AND (X1 X5)) X7)))))
(CAPTURE_CANDIDATE (AND ((OR ((AND (X5 (OR (X1 X3 (NOT (X10)))))) X7)))))
(CAPTURE_CANDIDATE (AND (X11 (OR ((AND (X1 X5)) X7)))))
(CAPTURE_CANDIDATE (AND ((OR ((AND (X1 X5)) (AND (X7 (NOT (X12)))))))))
(CAPTURE_CANDIDATE (AND ((OR ((AND (X1 X5)) X7 (AND ((NOT (X2)) X12)))))))
(CAPTURE_CANDIDATE (AND ((OR ((AND (X1 X5)) X7)) (OR ((NOT (X1)) (NOT (X2)))))))
(CAPTURE_CANDIDATE (AND ((OR ((AND ((NOT (X1)) X5)) X7)))))
(CAPTURE_CANDIDATE (AND ((OR ((AND (X1 X5 X2 X11)) X7)))))
(CAPTURE_CANDIDATE (AND ((OR ((AND (X1 X5)) (AND (X7 (NOT (X3)))))))))
(CAPTURE_CANDIDATE (AND ((OR ((AND (X1 X5)) X7 X7)))))
(CAPTURE_CANDIDATE (AND ((OR ((AND (X1 X5)) X7 (AND ((NOT (X4)) (NOT (X9)))))))))
(CAPTURE_CANDIDATE (AND (X4 X9 (OR ((AND (X1 X5)) X7)))))
(CAPTURE_CANDIDATE (AND ((OR ((AND (X1 X5)) X7 (NOT (X5)) (NOT (X7)))))))
(CAPTURE_CANDIDATE (AND ((OR ((AND (X1 X5)) X7 X11)))))
(CAPTURE_CANDIDATE (AND ((OR (X2 (AND (X1 X5)) X7)))))
(CAPTURE_CANDIDATE (AND ((OR ((AND (X4 X1 X5)) X7)))))
(CAPTURE_CANDIDATE (AND ((OR ((AND (X1 X5)) (AND (X7 X3)))))))
(CAPTURE_CANDIDATE (AND ((OR ((AND (X1 X5 (OR ((NOT (X3)) X9)))) X7)))))
(CAPTURE_CANDIDATE (AND ((OR (X12 (AND (X1 X5)) X7)))))
(CAPTURE_CANDIDATE (AND ((OR ((AND (X1 X5 X6)) X7)))))
(CAPTURE_CANDIDATE (AND (X6 (OR ((AND (X1 X5)) X7)))))
(CAPTURE_CANDIDATE (AND (X3 X9 (OR ((AND (X1 X5)) X7)))))
(CAPTURE_CANDIDATE (AND ((OR ((NOT (X4)) (NOT (X11)) (AND (X1 X5)) X7)))))
(CAPTURE_CANDIDATE (AND ((OR ((AND (X1 X5)) (AND (X7 (NOT (X10)))))))))
(CAPTURE_CANDIDATE (AND ((OR ((AND ((NOT (X3)) X7)) (AND (X1 X5)) X7)))))
(CAPTURE_CANDIDATE (AND ((OR ((AND (X1 X5)) X7 (NOT (X1)) X2)))))
(CAPTURE_CANDIDATE (AND (X5 (OR (X1 (AND (X7 (NOT (X10)))))))))
(CAPTURE_CANDIDATE (AND ((OR ((AND ((NOT (X6)) X1 X5)) X7)))))
(CAPTURE_CANDIDATE (AND ((OR ((AND (X1 (OR (X5 (NOT (X2)))))) X7)))))
(CAPTURE_CANDIDATE (AND ((OR ((AND ((NOT (X12)) X1 X5)) X7)))))
(CAPTURE_CANDIDATE (AND ((OR ((AND (X1 X5)) (AND (X7 (NOT (X8)))))))))
(CAPTURE_CANDIDATE (AND ((OR ((AND ((NOT (X8)) (NOT (X10)))) (AND (X1 X5)) X7)))))
(CAPTURE_CANDIDATE (AND ((OR ((NOT (X8)) (AND (X1 X5)) X7)))))
(CAPTURE_CANDIDATE (AND ((OR ((AND (X1 X5 (NOT (X6)))) X7)))))
(CAPTURE_CANDIDATE (AND ((OR (X8 (NOT (X10)) (AND (X1 X5)) X7)))))
(CAPTURE_CANDIDATE (AND ((OR (X7 (NOT (X9)) (AND (X1 X5)) X7)))))
(CAPTURE_CANDIDATE (AND ((OR ((AND (X1 X5)) X7 X4 X11)))))
(CAPTURE_CANDIDATE (AND ((OR ((AND (X1 X5)) X7 (AND ((NOT (X6)) (NOT (X10)))))))))
(CAPTURE_CANDIDATE (AND ((OR ((AND (X1 X5)) X7 (NOT (X2)) X11)))))
(CAPTURE_CANDIDATE (AND ((OR ((NOT (X11)) (AND (X1 X5)) X7)))))
(CAPTURE_CANDIDATE (AND ((OR (X8 (NOT (X10)) (AND (X1 X5)) X7)))))
(CAPTURE_CANDIDATE (AND (X7 X1 X5)))
(CAPTURE_CANDIDATE (AND ((OR ((AND (X1 X5)) (AND (X7 (NOT (X10)))))))))
(CAPTURE_CANDIDATE (AND ((OR ((AND (X1 (OR (X5 X11)))) X7)))))
(CAPTURE_CANDIDATE (AND ((OR ((AND (X1 X5)) X7 (NOT (X12)))))))
(CAPTURE_CANDIDATE (AND ((OR ((AND (X1 (OR (X5 (NOT (X7)))))) X7)))))
(CAPTURE_CANDIDATE (AND ((OR ((AND (X12 X1 X5)) X7)))))
(CAPTURE_CANDIDATE (AND ((OR ((AND (X1 X5)) (AND (X7 X4)))))))
(CAPTURE_CANDIDATE (AND (X3 (OR ((AND (X1 X5)) X7)))))
(CAPTURE_CANDIDATE (AND ((OR ((AND (X1 X5)) (AND (X7 (NOT (X12)))))))))
(CAPTURE_CANDIDATE (AND ((OR ((AND (X1 X5 (NOT (X8)))) X7)))))
(CAPTURE_CANDIDATE (AND ((OR ((AND (X1 X5 X3)) X7)))))
(CAPTURE_CANDIDATE (AND ((OR ((AND (X1 X5)) X7 (AND ((NOT (X6)) (NOT (X10)))))))))
(CAPTURE_CANDIDATE (AND ((OR ((AND (X1 X5 (OR ((NOT (X6)) X9)))) X7)))))
(CAPTURE_CANDIDATE (AND ((OR (X5 X7)))))
(CAPTURE_CANDIDATE (AND (X8 X11 (OR ((AND (X1 X5)) X7)))))
(CAPTURE_CANDIDATE (AND ((OR ((AND (X1 X5)) (AND (X7 X10)))))))
(CAPTURE_CANDIDATE (AND ((OR ((NOT (X9)) (AND (X1 X5)) X7)))))
(CAPTURE_CANDIDATE (AND ((OR ((AND (X5 (OR (X1 X2)))) X7)))))
(CAPTURE_CANDIDATE (AND ((NOT (X5)) X7)))
(CAPTURE_CANDIDATE (AND ((OR ((AND (X1 X5 (OR (X4 X7)))) X7)))))
(CAPTURE_CANDIDATE (AND (X9 (OR ((AND (X1 X5)) X7)))))
(CAPTURE_CANDIDATE (AND ((OR ((AND (X1 X5)) X7 (NOT (X9)))))))
(CAPTURE_CANDIDATE (AND ((NOT (X10)) (OR ((AND (X1 X5)) X7)))))
(CAPTURE_CANDIDATE (AND ((OR ((AND (X1 X5 (OR ((NOT (X2)) (NOT (X11)))))) X7)))))
(CAPTURE_CANDIDATE (AND ((OR ((NOT (X7)) (AND (X1 X5)) X7)))))
(CAPTURE_CANDIDATE (AND ((OR ((AND (X1 X5 (NOT (X2)))) X7)))))
(CAPTURE_CANDIDATE (AND ((OR ((AND (X1 X5 (OR ((NOT (X8)) (NOT (X12)))))) X7)))))
(CAPTURE_CANDIDATE (AND ((OR ((AND (X5 (OR (X1 (NOT (X3)))))) X7)))))
(CAPTURE_CANDIDATE (AND ((OR (X5 X7)))))
(CAPTURE_CANDIDATE (AND ((OR ((AND ((NOT (X8)) X1 X5)) X7)))))
(CAPTURE_CANDIDATE (AND ((OR ((AND (X1 X5)) (AND (X7 X2 (NOT (X5)))))))))
(CAPTURE_CANDIDATE (AND ((OR (X5 (NOT (X10)) (AND (X1 X5)) X7)))))
(CAPTURE_CANDIDATE (AND ((OR ((AND (X5 (OR (X1 (AND (X2 X10)))))) X7)))))
(CAPTURE_CANDIDATE (AND ((OR ((AND (X1 X5)) (AND (X7 (OR ((NOT (X4)) X9)))))))))
(CAPTURE_CANDIDATE (AND ((OR ((AND (X5 X1)) X7)))))
(CAPTURE_CANDIDATE (AND ((OR ((AND (X1 X5)) X7 (NOT (X1)) X2)))))
(CAPTURE_CANDIDATE (AND ((OR ((AND (X1 (OR (X5 X10)))) X7)))))
(CAPTURE_CANDIDATE (AND ((OR ((AND (X1 X5 (NOT (X3)))) X7)))))
(CAPTURE_CANDIDATE (AND (X3 (OR ((AND (X1 X5)) X7)))))
(CAPTURE_CANDIDATE (AND (X1 X2 (OR (X5 X7)))))
(CAPTURE_CANDIDATE (AND (X6 X7)))
(CAPTURE_CANDIDATE (AND ((OR ((AND (X5 (OR (X1 X2)))) X7)))))
(CAPTURE_CANDIDATE (AND ((NOT (X1)) X5 X7)))
(CAPTURE_CANDIDATE (AND ((NOT (X6)) (OR ((AND (X1 X5)) X7)))))
(CAPTURE_CANDIDATE (AND ((OR ((AND (X1 (OR (X5 X10 (NOT (X11)))))) X7)))))
(CAPTURE_CANDIDATE (AND ((NOT (X11)) (OR ((AND (X1 X5)) X7)))))
(CAPTURE_CANDIDATE (AND ((OR ((AND (X1 X5)) (AND (X7 X2)))))))
(CAPTURE_CANDIDATE (AND ((OR ((AND (X1 X5 X8)) X7)))))
(CAPTURE_CANDIDATE (AND ((OR ((AND (X1 X5)) X7 X8 X10)))))
(CAPTURE_CANDIDATE (AND ((OR ((AND (X1 (OR (X5 X11)))) X7)))))
(CAPTURE_CANDIDATE (AND ((OR ((AND (X1 X5)) X7 (AND ((NOT (X1)) (NOT (X5)))))))))
(CAPTURE_CANDIDATE (AND ((NOT (X11)) (OR ((AND (X1 X5)) X7)))))
(CAPTURE_CANDIDATE (AND ((OR (X7 (NOT (X9)) (AND (X1 X5)) X7)))))
(CAPTURE_CANDIDATE (AND ((OR ((AND (X1 X5)) (AND (X7 (OR ((NOT (X11)) X12)))))))))
(CAPTURE_CANDIDATE X7)
(CAPTURE_CANDIDATE (AND ((OR ((NOT (X5)) (NOT (X12)) (AND (X1 X5)) X7)))))
(CAPTURE_CANDIDATE (AND ((OR (X6 (AND (X1 X5)) X7)))))
(CAPTURE_CANDIDATE (AND ((OR ((AND (X2 X3)) (AND (X1 X5)) X7)))))
(CAPTURE_CANDIDATE (AND ((OR ((AND (X1 X5)) (AND (X7 (NOT (X2)) (NOT (X10)))))))))
(CAPTURE_CANDIDATE (AND ((OR (X3 (AND (X1 X5)) X7)))))
(CAPTURE_CANDIDATE (AND ((OR ((AND (X5 (OR (X1 X3)))) X7)))))
(CAPTURE_CANDIDATE (AND ((OR (X5 (AND (X1 X5)) X7)))))
(CAPTURE_CANDIDATE (AND ((OR ((AND (X1 X5 (NOT (X2)) X6)) X7)))))
(CAPTURE_CANDIDATE (AND ((OR ((AND (X1 X5 (OR (X2 (NOT (X6)))))) X7)))))
(CAPTURE_CANDIDATE (AND ((OR ((AND (X1 X5)) X7 (NOT (X1)) (NOT (X6)))))))
(CAPTURE_CANDIDATE (AND ((OR ((AND (X1 X5)) X7 X3 X8)))))
(CAPTURE_CANDIDATE (AND ((OR ((AND ((NOT (X4)) X1 X5)) X7)))))
(CAPTURE_CANDIDATE (AND ((OR ((AND (X1 X5 (NOT (X2)) X9)) X7)))))
(CAPTURE_CANDIDATE (AND ((OR ((AND (X12 X1 X5)) X7)))))
(CAPTURE_CANDIDATE (AND ((OR ((AND (X1 X5)) X7 (NOT (X4)) (NOT (X9)))))))
(CAPTURE_CANDIDATE (AND ((OR ((AND (X5 X8)) (AND (X1 X5)) X7)))))
(CAPTURE_CANDIDATE (AND ((OR ((AND (X1 X5)) X7 X10)))))
(CAPTURE_CANDIDATE (AND ((OR ((AND (X1 X5)) (AND (X7 X12)))))))
(CAPTURE_CANDIDATE (AND ((OR ((AND (X1 X5)) X7)) (OR (X1 X7)))))
(CAPTURE_CANDIDATE (AND ((OR ((AND (X1 (OR (X5 (AND ((NOT (X3)) X11)))))) X7)))))
(CAPTURE_CANDIDATE (AND ((OR ((AND (X1 (OR (X5 X5 (NOT (X7)))))) X7)))))
(CAPTURE_CANDIDATE (AND ((OR ((AND (X1 (OR (X5 (NOT (X12)))))) X7)))))
(CAPTURE_CANDIDATE (AND (X3 X12 (OR ((AND (X1 X5)) X7)))))
(CAPTURE_CANDIDATE (AND (X1 X2 (OR (X5 X7)))))
(CAPTURE_CANDIDATE (AND ((OR ((AND ((NOT (X7)) X9)) (AND (X1 X5)) X7)))))
(CAPTURE_CANDIDATE (AND ((OR (X8 (NOT (X10)) (AND (X1 X5)) X7)))))
(CAPTURE_CANDIDATE (AND ((OR ((AND (X1 X5)) X7)) (OR ((NOT (X6)) X8)))))
(CAPTURE_CANDIDATE (AND (X3 X12 (OR ((AND (X1 X5)) X7)))))
(CAPTURE_CANDIDATE (AND (X3 X9 (OR ((AND (X1 X5)) X7)))))
(CAPTURE_CANDIDATE (AND (X5 (OR (X1 X7)))))
(CAPTURE_CANDIDATE (AND ((OR (X7 (AND (X1 X5)) X7)))))
(CAPTURE_CANDIDATE (AND ((NOT (X1)) (NOT (X12)) X7)))
(CAPTURE_CANDIDATE (AND ((OR (X2 (AND (X1 X5)) X7)))))
(CAPTURE_CANDIDATE (AND ((OR ((AND (X1 X5)) (NOT (X6)) X7)))))
(CAPTURE_CANDIDATE (AND ((OR ((AND (X1 X5)) (AND (X7 (NOT (X4)) (NOT (X9)))))))))
(CAPTURE_CANDIDATE (AND ((OR ((AND (X1 X5)) (AND (X7 (NOT (X6)))))))))
(New best score: -512.8571428571429)
(Terminating because of maxEval ending)
(Terminating because of maxEval ending)
(OptimizedDeme: 500)
"Merging Deme"
(Demesize: 500)
(nEval: 10000 LenSInstList: 500)
(TopCnd: 500)
(Keep 100 Unique instances from 500)
(KeptUniqueTopCandidates NewSize: 100)
(TrimmedDownDeme: 30)
(CAPTURE_CANDIDATE (AND ((OR ((AND (X1 X5)) X7)))))
(CAPTURE_CANDIDATE (AND (X5 (OR (X1 X7)))))
(CAPTURE_CANDIDATE (AND (X1 (OR (X5 X7)))))
(CAPTURE_CANDIDATE (AND ((OR ((AND (X5 X1)) X7)))))
(CAPTURE_CANDIDATE (AND (X1 (OR (X5 X7)))))
(CAPTURE_CANDIDATE (AND ((OR ((AND (X1 X5)) X7)))))
(CAPTURE_CANDIDATE (AND (X1 (OR (X5 X7)))))
(CAPTURE_CANDIDATE (AND ((OR ((AND (X1 X5)) X7)))))
(CAPTURE_CANDIDATE (AND ((OR ((AND (X5 X1)) X7)))))
(CAPTURE_CANDIDATE (AND (X5 (OR (X1 X7)))))
(CAPTURE_CANDIDATE (AND ((OR ((AND (X5 (OR (X1 X7)))) X7)))))
(CAPTURE_CANDIDATE (AND ((OR ((AND (X1 X5 (NOT (X7)))) X7)))))
(CAPTURE_CANDIDATE (AND ((OR (X7 (AND (X1 X5)) X7)))))
(CAPTURE_CANDIDATE (AND ((OR ((AND ((NOT (X7)) X1 X5)) X7)))))
(CAPTURE_CANDIDATE (AND ((OR (X7 (AND (X1 X5)) X7)))))
(CAPTURE_CANDIDATE (AND ((OR ((AND (X1 X5)) X7 X7)))))
(CAPTURE_CANDIDATE (AND ((OR (X7 (AND (X1 X5)) X7)))))
(CAPTURE_CANDIDATE (AND ((OR ((AND (X1 X5)) X7)) (OR (X1 X12)))))
(CAPTURE_CANDIDATE (AND ((OR ((AND (X1 X5)) X7)) (OR (X1 X7)))))
(CAPTURE_CANDIDATE (AND ((OR ((AND (X1 X5)) X7 (AND (X7 X8)))))))
(CAPTURE_CANDIDATE (AND ((OR ((AND (X1 X5)) X7)) (OR (X1 X7)))))
(CAPTURE_CANDIDATE (AND ((OR ((AND (X1 X5)) X7 (AND (X5 X7)))))))
(CAPTURE_CANDIDATE (AND ((OR ((AND ((NOT (X3)) X7)) (AND (X1 X5)) X7)))))
(CAPTURE_CANDIDATE (AND ((OR ((AND (X1 X5)) X7 (AND ((NOT (X6)) X7)))))))
(CAPTURE_CANDIDATE (AND ((OR ((AND (X1 X5)) X7 (AND (X7 X8)))))))
(CAPTURE_CANDIDATE (AND ((OR ((AND (X1 X5)) X7 (AND ((NOT (X6)) X7)))))))
(CAPTURE_CANDIDATE (AND ((OR ((AND (X1 X5)) X7)) (OR (X1 X7)))))
(CAPTURE_CANDIDATE (AND ((OR ((AND (X1 X5)) X7 (AND (X7 X8)))))))
(CAPTURE_CANDIDATE (AND ((OR ((AND ((NOT (X3)) X7)) (AND (X1 X5)) X7)))))
(CAPTURE_CANDIDATE (AND ((OR ((AND (X1 X5)) X7)) (OR (X1 X7)))))
(Before getNewCandidates: 30)
(Going to merge 14 Instances)
(Metapop size before resize: 16)
(Metapop size after resize: 16)
""
(Generation 1)
"expand  deme returnn"
(SelectedTree: (AND X5 (OR X1 X7)))
(GeneratedList: (0 0 0 0 0 0 0 0 0 0 0 0 0 0 0 0 0 0 0 0 0 0 0 0 0 0 0 0 1 0 0 0 0 0 0 0 0 0 0 0 0 0 0 0 0 0 0 0 1 0 0 0 0 0 1 0 0 0 0 0 0 0 0 0 0 0 0 0 0 0 0 0 0 0 0 0 0 0 0 0 0 0 0 0 0 0 0 0 0 0 0 0 0 0 0 0 0 0 0 0 0 0 0 0 0 0 0 0 0 0 0 0 0 0 0 0 0 0 0 0 0 0 0 0 0 0 0 0 0 0 0 0 0 0 0 0 0 0 0 0 0 0 0 0 0 0 0 0 0 0 0 0 0 0 0 0 0 0 0 0 0 0 0 0 0 0 0 0 0 0 0 0 0 0 0 0 0 0 0 0 0 0 0 0 0 0 0 0 0 0 0 0 0 0 0 0 0 0 0 0 0 0 0 0 0 0 0 0 0 0 0 0 0))
""
(Iteration 1 running)
(Crossover: false)
(CenterInst: (0 0 0 0 0 0 0 0 0 0 0 0 0 0 0 0 0 0 0 0 0 0 0 0 0 0 0 0 1 0 0 0 0 0 0 0 0 0 0 0 0 0 0 0 0 0 0 0 1 0 0 0 0 0 1 0 0 0 0 0 0 0 0 0 0 0 0 0 0 0 0 0 0 0 0 0 0 0 0 0 0 0 0 0 0 0 0 0 0 0 0 0 0 0 0 0 0 0 0 0 0 0 0 0 0 0 0 0 0 0 0 0 0 0 0 0 0 0 0 0 0 0 0 0 0 0 0 0 0 0 0 0 0 0 0 0 0 0 0 0 0 0 0 0 0 0 0 0 0 0 0 0 0 0 0 0 0 0 0 0 0 0 0 0 0 0 0 0 0 0 0 0 0 0 0 0 0 0 0 0 0 0 0 0 0 0 0 0 0 0 0 0 0 0 0 0 0 0 0 0 0 0 0 0 0 0 0 0 0 0 0 0 0))
(size: 4096)
(1 : 1 : 0)
(CAPTURE_CANDIDATE (AND (X5 (OR (X1 X7)))))
(New best score: -512.8571428571429)
""
(Iteration 2 running)
(Crossover: false)
(CenterInst: (0 0 0 0 0 0 0 0 0 0 0 0 0 0 0 0 0 0 0 0 0 0 0 0 0 0 0 0 1 0 0 0 0 0 0 0 0 0 0 0 0 0 0 0 0 0 0 0 1 0 0 0 0 0 1 0 0 0 0 0 0 0 0 0 0 0 0 0 0 0 0 0 0 0 0 0 0 0 0 0 0 0 0 0 0 0 0 0 0 0 0 0 0 0 0 0 0 0 0 0 0 0 0 0 0 0 0 0 0 0 0 0 0 0 0 0 0 0 0 0 0 0 0 0 0 0 0 0 0 0 0 0 0 0 0 0 0 0 0 0 0 0 0 0 0 0 0 0 0 0 0 0 0 0 0 0 0 0 0 0 0 0 0 0 0 0 0 0 0 0 0 0 0 0 0 0 0 0 0 0 0 0 0 0 0 0 0 0 0 0 0 0 0 0 0 0 0 0 0 0 0 0 0 0 0 0 0 0 0 0 0 0 0))
(size: 4096)
(1278 : 499 : 1)
(CAPTURE_CANDIDATE (AND (X5 (OR (X1 X7)))))
(CAPTURE_CANDIDATE (AND (X5 (OR ((AND (X1 (OR (X4 X10)))) X7)))))
(CAPTURE_CANDIDATE (AND (X5 (OR (X1 X7 (AND (X6 (NOT (X9)))))))))
(CAPTURE_CANDIDATE (AND ((OR ((AND (X5 (OR (X1 X7)))) (AND ((NOT (X1)) X6)))))))
(CAPTURE_CANDIDATE (AND (X5 (OR (X1 (AND (X7 (NOT (X11)))))))))
(CAPTURE_CANDIDATE (AND ((NOT (X1)) X5 X7)))
(CAPTURE_CANDIDATE (AND (X5 (OR (X1 X7)))))
(CAPTURE_CANDIDATE (AND (X5 (OR (X1 X7 (NOT (X3)))))))
(CAPTURE_CANDIDATE (AND (X5 (OR (X1 X7 (NOT (X10)))))))
(CAPTURE_CANDIDATE (AND (X5 (OR (X1 X7 X1 (NOT (X9)))))))
(CAPTURE_CANDIDATE (AND (X5 (OR (X1 (AND (X7 X8)))))))
(CAPTURE_CANDIDATE X5)
(CAPTURE_CANDIDATE (AND (X5 (OR (X1 X7 (AND (X4 (NOT (X10)))))))))
(CAPTURE_CANDIDATE (AND (X5 (OR (X1 X7 (NOT (X1)) X8)))))
(CAPTURE_CANDIDATE (AND ((OR (X1 X7)) (OR (X5 X6 (NOT (X8)))))))
(CAPTURE_CANDIDATE (AND (X5 (OR (X1 X7 (NOT (X3)))))))
(CAPTURE_CANDIDATE (AND ((OR ((AND (X5 (OR (X1 X7)))) (NOT (X11)))))))
(CAPTURE_CANDIDATE (AND ((OR ((AND (X5 (OR (X1 X7)))) (AND (X4 (NOT (X6)))))))))
(CAPTURE_CANDIDATE (AND ((OR (X1 X7)) (OR (X5 (AND ((NOT (X4)) X10)))))))
(CAPTURE_CANDIDATE (AND (X5 (OR (X1 X7 (NOT (X6)) X9)))))
(CAPTURE_CANDIDATE (AND ((NOT (X3)) (NOT (X8)) X5 (OR (X1 X7)))))
(CAPTURE_CANDIDATE (AND ((OR ((AND (X5 (OR (X1 X7)))) (NOT (X7)))))))
(CAPTURE_CANDIDATE (AND (X5 (OR (X1 X7)) (OR ((NOT (X10)) (NOT (X12)))))))
(CAPTURE_CANDIDATE (AND (X5 (OR (X1 (AND (X7 (OR (X4 X9)))))))))
(CAPTURE_CANDIDATE (AND (X5 (NOT (X1)) X7)))
(CAPTURE_CANDIDATE (AND ((OR (X1 X7)) (OR (X5 X6 (NOT (X8)))))))
(CAPTURE_CANDIDATE (AND (X5 (OR (X1 X7)) (OR ((NOT (X2)) X10)))))
(CAPTURE_CANDIDATE (AND (X5 (OR ((AND (X1 (NOT (X6)) (NOT (X8)))) X7)))))
(CAPTURE_CANDIDATE (AND (X5 (OR (X1 (AND (X7 X12)))))))
(CAPTURE_CANDIDATE (AND ((OR (X1 X7)) (OR (X5 (NOT (X11)))))))
(CAPTURE_CANDIDATE (AND ((OR ((AND (X5 (OR (X1 X7)))) X7)))))
(CAPTURE_CANDIDATE (AND (X5 (OR ((AND (X1 (NOT (X2)) (NOT (X7)))) X7)))))
(CAPTURE_CANDIDATE (AND ((NOT (X3)) (NOT (X8)) X5 (OR (X1 X7)))))
(CAPTURE_CANDIDATE (AND ((OR ((AND (X5 (OR (X1 X7)))) (NOT (X8)))))))
(CAPTURE_CANDIDATE (AND ((OR (X1 X7)) (OR (X5 (AND (X9 X10)))))))
(CAPTURE_CANDIDATE (AND (X5 (OR (X1 (NOT (X3)) X7)))))
(CAPTURE_CANDIDATE (AND (X6 (NOT (X12)) X5 (OR (X1 X7)))))
(CAPTURE_CANDIDATE (AND (X5 X7)))
(CAPTURE_CANDIDATE (AND ((OR (X1 X7)) (OR (X5 (AND (X9 X11)))))))
(CAPTURE_CANDIDATE (AND (X5 (OR ((AND (X1 (NOT (X4)))) X7)))))
(CAPTURE_CANDIDATE (AND ((OR ((AND (X5 (OR (X1 X7)))) (NOT (X9)))))))
(CAPTURE_CANDIDATE (AND (X5 (OR (X1 X7 X3 (NOT (X4)))))))
(CAPTURE_CANDIDATE (AND (X5 X6 X8 (OR (X1 X7)))))
(CAPTURE_CANDIDATE (AND (X5 (OR ((AND (X1 (OR (X7 X11)))) X7)))))
(CAPTURE_CANDIDATE (AND (X10 X5 (OR (X1 X7)))))
(CAPTURE_CANDIDATE (AND ((OR (X1 X7)) (OR (X5 X8 (NOT (X9)))))))
(CAPTURE_CANDIDATE (AND (X5 (OR (X1 X7)) (OR (X6 X10)))))
(CAPTURE_CANDIDATE (AND (X5 (OR (X1 (AND (X7 (NOT (X4)) (NOT (X9)))))))))
(CAPTURE_CANDIDATE (AND (X5 (OR (X1 X7 X1)))))
(CAPTURE_CANDIDATE (AND ((OR (X1 X7)) (OR (X5 (AND (X3 X4)))))))
(CAPTURE_CANDIDATE (AND ((OR ((AND (X5 (OR (X1 X7)))) (NOT (X11)))))))
(CAPTURE_CANDIDATE (AND (X5 (OR (X1 X7 X3 X12)))))
(CAPTURE_CANDIDATE (AND (X5 (OR (X1 X7)) (OR (X3 X11)))))
(CAPTURE_CANDIDATE (AND (X5 (OR (X1 X6 X7)))))
(CAPTURE_CANDIDATE (AND (X5 (OR (X1 X7 X11)))))
(CAPTURE_CANDIDATE (AND (X5 (OR (X1 X7 (NOT (X4)) X10)))))
(CAPTURE_CANDIDATE (AND ((OR ((AND (X5 (OR (X1 X7)))) (AND ((NOT (X2)) (NOT (X11)))))))))
(CAPTURE_CANDIDATE (AND (X5 (OR ((AND (X1 X2 (NOT (X11)))) X7)))))
(CAPTURE_CANDIDATE (AND (X5 (OR (X1 X7)) (OR (X4 (NOT (X7)))))))
(CAPTURE_CANDIDATE (AND (X5 X11 (OR (X1 X7)))))
(CAPTURE_CANDIDATE (AND ((OR ((AND (X5 (OR (X1 X7)))) (AND (X4 (NOT (X8)))))))))
(CAPTURE_CANDIDATE (AND ((OR ((AND (X5 (OR (X1 X7)))) (NOT (X9)))))))
(CAPTURE_CANDIDATE (AND ((NOT (X4)) (NOT (X9)) X5 (OR (X1 X7)))))
(CAPTURE_CANDIDATE (AND ((OR (X1 X7)) (OR (X5 X4 (NOT (X10)))))))
(CAPTURE_CANDIDATE (AND (X5 (OR (X1 X7 (NOT (X6)) X9)))))
(CAPTURE_CANDIDATE (AND (X5 (OR (X1 (AND (X7 (NOT (X2)))))))))
(CAPTURE_CANDIDATE (AND (X5 (OR (X1 X7 (NOT (X3)))))))
(CAPTURE_CANDIDATE (AND (X5 (OR ((AND (X1 (NOT (X7)) (NOT (X11)))) X7)))))
(CAPTURE_CANDIDATE (AND (X5 (OR (X1 X7 (NOT (X3)))))))
(CAPTURE_CANDIDATE (AND (X5 (OR (X1 (AND (X7 (NOT (X11)))))))))
(CAPTURE_CANDIDATE (AND ((OR ((AND (X5 (OR (X1 X7)))) X9 X10)))))
(CAPTURE_CANDIDATE (AND (X5 X10 (OR (X1 X7)))))
(CAPTURE_CANDIDATE (AND (X5 (OR (X1 X7)) (OR (X1 X10)))))
(CAPTURE_CANDIDATE (AND ((OR (X1 X7)) (OR (X5 X9)))))
(CAPTURE_CANDIDATE (AND (X5 (NOT (X1)) X7)))
(CAPTURE_CANDIDATE (AND ((OR (X1 X7)) (OR (X5 X12)))))
(CAPTURE_CANDIDATE (AND (X5 (OR (X1 X7 (AND ((NOT (X3)) X4)))))))
(CAPTURE_CANDIDATE (AND (X5 (OR (X1 (AND (X7 X2)))))))
(CAPTURE_CANDIDATE (AND ((OR ((AND (X5 (OR (X1 X7)))) (NOT (X3)) X8)))))
(CAPTURE_CANDIDATE (AND ((OR ((AND (X5 (OR (X1 X7)))) X3)))))
(CAPTURE_CANDIDATE (AND (X5 (OR ((AND (X1 X2 (NOT (X4)))) X7)))))
(CAPTURE_CANDIDATE (AND (X5 (OR ((AND (X1 X11)) X7)))))
(CAPTURE_CANDIDATE (AND (X5 (NOT (X9)) (OR (X1 X7)))))
(CAPTURE_CANDIDATE (AND (X5 (OR ((AND (X1 (NOT (X2)) (NOT (X7)))) X7)))))
(CAPTURE_CANDIDATE (AND (X5 (NOT (X6)) (OR (X1 X7)))))
(CAPTURE_CANDIDATE (AND ((OR ((AND (X5 (OR (X1 X7)))) (NOT (X1)) X8)))))
(CAPTURE_CANDIDATE (AND (X5 (OR (X1 X7)) (OR (X4 X9)))))
(CAPTURE_CANDIDATE (AND ((OR ((AND (X5 (OR (X1 X7)))) X11)))))
(CAPTURE_CANDIDATE (AND ((OR ((AND (X5 (OR (X1 X7)))) X7)))))
(CAPTURE_CANDIDATE (AND (X5 (OR (X1 X7 (AND (X4 (NOT (X9)))))))))
(CAPTURE_CANDIDATE (AND ((OR (X1 X7)) (OR (X5 (AND ((NOT (X7)) X8)))))))
(CAPTURE_CANDIDATE (AND (X5 (OR (X1 (AND (X7 X11 (NOT (X12)))))))))
(CAPTURE_CANDIDATE (AND (X5 (OR (X1 X7 (AND (X4 X9)))))))
(CAPTURE_CANDIDATE (AND ((OR (X1 X7)) (OR (X5 X10)))))
(CAPTURE_CANDIDATE (AND (X5 (OR (X1 X7)))))
(CAPTURE_CANDIDATE (AND (X5 (OR (X1 (AND (X7 (OR ((NOT (X11)) X12)))))))))
(CAPTURE_CANDIDATE (AND (X5 (OR (X1 (AND (X7 X2)))))))
(CAPTURE_CANDIDATE (AND ((OR (X1 X7)) (OR (X5 (NOT (X3)) (NOT (X4)))))))
(CAPTURE_CANDIDATE (AND (X5 (OR (X1 X7)))))
(CAPTURE_CANDIDATE (AND (X5 (OR (X1 X7 (NOT (X12)))))))
(CAPTURE_CANDIDATE (AND ((OR ((AND (X5 (OR (X1 X7)))) (NOT (X11)))))))
(CAPTURE_CANDIDATE (AND ((OR (X1 X7)) (OR (X5 (AND ((NOT (X6)) X7)))))))
(CAPTURE_CANDIDATE (AND (X5 (OR (X1 X7 X3 (NOT (X4)))))))
(CAPTURE_CANDIDATE (AND (X5 (OR (X1 X7 (AND ((NOT (X1)) (NOT (X2)))))))))
(CAPTURE_CANDIDATE (AND (X5 (OR (X1 X7 (NOT (X4)))))))
(CAPTURE_CANDIDATE (AND (X5 (OR (X1 X7)) (OR (X7 X11)))))
(CAPTURE_CANDIDATE (AND (X5 (OR (X1 X7 (AND (X1 (NOT (X8)))))))))
(CAPTURE_CANDIDATE (AND ((NOT (X4)) (NOT (X9)) X5 (OR (X1 X7)))))
(CAPTURE_CANDIDATE (AND ((OR (X1 X7)) (OR (X5 (AND ((NOT (X7)) X8)))))))
(CAPTURE_CANDIDATE (AND (X5 (OR (X1 (AND (X7 (OR ((NOT (X1)) X11)))))))))
(CAPTURE_CANDIDATE (AND ((OR ((AND (X5 (OR (X1 X7)))) X3 (NOT (X12)))))))
(CAPTURE_CANDIDATE (AND (X5 (OR (X1 (AND (X7 (NOT (X6)))))))))
(CAPTURE_CANDIDATE (AND ((OR (X1 X7)) (OR (X5 X1)))))
(CAPTURE_CANDIDATE (AND (X5 (OR (X1 X7 (NOT (X4)) (NOT (X9)))))))
(CAPTURE_CANDIDATE (AND (X5 (OR (X1 X7 X11)))))
(CAPTURE_CANDIDATE (AND (X5 (OR (X1 X7)))))
(CAPTURE_CANDIDATE (AND (X5 (OR ((AND (X1 (OR ((NOT (X2)) X4)))) X7)))))
(CAPTURE_CANDIDATE (AND (X12 X5 (OR (X1 X7)))))
(CAPTURE_CANDIDATE (AND ((OR ((AND (X5 (OR (X1 X7)))) (NOT (X8)) X10)))))
(CAPTURE_CANDIDATE (AND ((OR (X1 X7)) (OR (X5 X10)))))
(CAPTURE_CANDIDATE (AND ((OR ((AND (X5 (OR (X1 X7)))) X2)))))
(CAPTURE_CANDIDATE (AND (X5 (OR (X1 (AND (X7 (NOT (X10)))))))))
(CAPTURE_CANDIDATE (AND (X5 X1)))
(CAPTURE_CANDIDATE (AND (X5 (OR (X1 X7 (NOT (X4)))))))
(CAPTURE_CANDIDATE (AND ((OR ((AND (X5 (OR (X1 X7)))) (NOT (X11)))))))
(CAPTURE_CANDIDATE (AND (X1 X5)))
(CAPTURE_CANDIDATE (AND (X5 (OR (X1 X7 (AND ((NOT (X1)) X9)))))))
(CAPTURE_CANDIDATE (AND (X5 (OR (X1 X7 (NOT (X10)))))))
(CAPTURE_CANDIDATE (AND (X5 (OR (X1 X7 (AND ((NOT (X1)) X8)))))))
(CAPTURE_CANDIDATE (AND ((OR ((AND (X5 (OR (X1 X7)))) (NOT (X3)))))))
(CAPTURE_CANDIDATE (AND (X5 X7)))
(CAPTURE_CANDIDATE (AND ((OR ((AND (X5 (OR (X1 X7)))) (AND ((NOT (X2)) X6)))))))
(CAPTURE_CANDIDATE (AND (X5 (OR ((AND (X1 (NOT (X8)))) X7)))))
(CAPTURE_CANDIDATE (AND (X5 (OR (X1 X7 (NOT (X10)))))))
(CAPTURE_CANDIDATE (AND (X5 (OR (X1 (AND (X7 X3)))))))
(CAPTURE_CANDIDATE (AND (X5 (OR (X1 X7 (NOT (X12)))))))
(CAPTURE_CANDIDATE (AND (X5 (OR (X1 (NOT (X4)) X7)))))
(CAPTURE_CANDIDATE (AND (X5 (NOT (X4)) (OR (X1 X7)))))
(CAPTURE_CANDIDATE (AND (X5 (OR ((AND (X1 (NOT (X2)))) X7)))))
(CAPTURE_CANDIDATE (AND ((OR (X1 X7)) (OR (X5 (AND ((NOT (X8)) X9)))))))
(CAPTURE_CANDIDATE (AND ((OR ((AND (X5 (OR (X1 X7)))) X3 X4)))))
(CAPTURE_CANDIDATE (AND (X5 (OR (X1 (AND (X7 (NOT (X9)))))))))
(CAPTURE_CANDIDATE (AND (X5 (OR (X1 X7 (NOT (X11)))))))
(CAPTURE_CANDIDATE (AND (X5 (OR (X1 X7 (NOT (X11)))))))
(CAPTURE_CANDIDATE (AND ((OR (X1 X7)) (OR (X5 (NOT (X9)) (NOT (X10)))))))
(CAPTURE_CANDIDATE (AND (X5 (OR (X1 (AND (X7 (NOT (X4)) (NOT (X9)))))))))
(CAPTURE_CANDIDATE (AND (X5 (OR ((AND (X1 X2 (NOT (X11)))) X7)))))
(CAPTURE_CANDIDATE (AND ((OR ((AND (X5 (OR (X1 X7)))) (NOT (X8)))))))
(CAPTURE_CANDIDATE (AND ((NOT (X3)) X5 (OR (X1 X7)))))
(CAPTURE_CANDIDATE (AND (X5 (OR ((AND (X1 X4)) X7)))))
(CAPTURE_CANDIDATE (AND (X5 (OR (X1 (AND (X7 (OR ((NOT (X4)) X8)))))))))
(CAPTURE_CANDIDATE (AND (X5 (OR ((AND (X1 (OR (X7 X11)))) X7)))))
(CAPTURE_CANDIDATE (AND ((OR ((AND (X5 (OR (X1 X7)))) X2)))))
(CAPTURE_CANDIDATE (AND (X5 X7)))
(CAPTURE_CANDIDATE (AND (X5 (OR (X1 X7 X11)))))
(CAPTURE_CANDIDATE (AND (X5 (NOT (X10)) (OR (X1 X7)))))
(CAPTURE_CANDIDATE (AND (X5 X1)))
(CAPTURE_CANDIDATE (AND (X5 (OR (X1 X7 (AND (X8 (NOT (X11)))))))))
(CAPTURE_CANDIDATE (AND ((OR (X1 X7)) (OR (X5 X3)))))
(CAPTURE_CANDIDATE (AND (X5 (NOT (X8)) (OR (X1 X7)))))
(CAPTURE_CANDIDATE (AND (X5 (OR (X1 X7 (NOT (X11)))))))
(CAPTURE_CANDIDATE (AND (X5 (OR (X1 X7 X7)))))
(CAPTURE_CANDIDATE (AND (X5 (OR ((AND (X1 X10)) X7)))))
(CAPTURE_CANDIDATE (AND ((OR ((AND (X5 (OR (X1 X7)))) X2 (NOT (X6)))))))
(CAPTURE_CANDIDATE (AND (X5 (OR ((AND (X1 (NOT (X11)))) X7)))))
(CAPTURE_CANDIDATE (AND (X5 (OR (X1 X7 (NOT (X11)))))))
(CAPTURE_CANDIDATE (AND ((OR ((AND (X5 (OR (X1 X7)))) (AND ((NOT (X3)) X10)))))))
(CAPTURE_CANDIDATE (AND (X5 (OR (X1 (AND (X7 X11)))))))
(CAPTURE_CANDIDATE (AND (X5 (OR (X1 X7 (AND (X4 X9)))))))
(CAPTURE_CANDIDATE (AND (X5 (OR (X1 X7)) (OR (X1 (NOT (X8)))))))
(CAPTURE_CANDIDATE (AND (X5 (OR (X1 X7)) (OR ((NOT (X6)) X12)))))
(CAPTURE_CANDIDATE (AND ((NOT (X7)) (NOT (X11)) X5 X1)))
(CAPTURE_CANDIDATE (AND ((OR ((AND (X5 (OR (X1 X7)))) X8)))))
(CAPTURE_CANDIDATE (AND ((OR ((AND (X5 (OR (X1 X7)))) X12)))))
(CAPTURE_CANDIDATE (AND (X5 (OR (X1 (AND (X7 X3)))))))
(CAPTURE_CANDIDATE (AND (X10 X5 (OR (X1 X7)))))
(CAPTURE_CANDIDATE (AND ((OR ((AND (X5 (OR (X1 X7)))) (NOT (X8)) X10)))))
(CAPTURE_CANDIDATE (AND ((OR ((AND (X5 (OR (X1 X7)))) X5 (NOT (X7)))))))
(CAPTURE_CANDIDATE (AND (X5 (OR (X1 X3 X7)))))
(CAPTURE_CANDIDATE (AND (X5 (OR (X1 X7 (AND (X4 (NOT (X6)))))))))
(CAPTURE_CANDIDATE (AND ((OR ((AND (X5 (OR (X1 X7)))) (AND ((NOT (X3)) X12)))))))
(CAPTURE_CANDIDATE (AND (X5 (OR (X1 X7 X12)))))
(CAPTURE_CANDIDATE (AND (X5 X1 X7 (NOT (X9)))))
(CAPTURE_CANDIDATE (AND (X5 (OR (X1 X7 X4)))))
(CAPTURE_CANDIDATE (AND (X5 (OR (X1 X7)))))
(CAPTURE_CANDIDATE (AND (X5 (OR (X1 (AND (X7 X3)))))))
(CAPTURE_CANDIDATE (AND ((OR (X1 X7)) (OR (X5 X4 (NOT (X12)))))))
(CAPTURE_CANDIDATE (AND ((OR ((AND (X5 (OR (X1 X7)))) (NOT (X8)))))))
(CAPTURE_CANDIDATE (AND (X5 (OR (X1 X7)) (OR (X1 (NOT (X3)))))))
(CAPTURE_CANDIDATE (AND ((OR ((AND (X5 (OR (X1 X7)))) (AND (X6 (NOT (X10)))))))))
(CAPTURE_CANDIDATE (AND (X5 (NOT (X9)) (OR (X1 X7)))))
(CAPTURE_CANDIDATE (AND ((OR (X1 X7)) (OR (X5 (AND (X3 X4)))))))
(CAPTURE_CANDIDATE (AND ((OR (X1 X7)) (OR (X5 X12)))))
(CAPTURE_CANDIDATE (AND (X5 (OR (X1 X7)))))
(CAPTURE_CANDIDATE (AND (X5 X1)))
(CAPTURE_CANDIDATE (AND (X5 (OR (X1 X7 (AND ((NOT (X3)) X11)))))))
(CAPTURE_CANDIDATE (AND (X5 (NOT (X9)) X12 (OR (X1 X7)))))
(CAPTURE_CANDIDATE (AND ((OR (X1 X7)) (OR (X5 (AND ((NOT (X6)) X7)))))))
(CAPTURE_CANDIDATE (AND (X5 (OR (X1 (AND (X7 X3)))))))
(CAPTURE_CANDIDATE (AND ((OR (X1 X7)) (OR (X5 (NOT (X6)))))))
(CAPTURE_CANDIDATE (AND (X5 (OR (X1 (NOT (X4)) X7)))))
(CAPTURE_CANDIDATE (AND (X5 (OR (X1 X7 (NOT (X9)) X10)))))
(CAPTURE_CANDIDATE (AND ((OR (X1 X7)) (OR (X5 X2)))))
(CAPTURE_CANDIDATE (AND (X5 (OR (X1 X7)) (OR (X9 (NOT (X12)))))))
(CAPTURE_CANDIDATE (AND ((NOT (X8)) X5 (OR (X1 X7)))))
(CAPTURE_CANDIDATE (AND (X5 (OR (X1 X7 X3)))))
(CAPTURE_CANDIDATE (AND (X5 X1 X7 (NOT (X11)))))
(CAPTURE_CANDIDATE (AND ((NOT (X9)) X5 (OR (X1 X7)))))
(CAPTURE_CANDIDATE (AND (X5 (OR (X1 X7 (NOT (X1)) (NOT (X10)))))))
(CAPTURE_CANDIDATE (AND ((OR ((AND (X5 (OR (X1 X7)))) X5 (NOT (X7)))))))
(CAPTURE_CANDIDATE (AND ((OR ((AND (X5 (OR (X1 X7)))) X2 X11)))))
(CAPTURE_CANDIDATE (AND (X5 (OR (X1 (AND (X7 (OR ((NOT (X1)) X11)))))))))
(CAPTURE_CANDIDATE (AND (X5 (OR ((AND (X1 (NOT (X6)) (NOT (X12)))) X7)))))
(CAPTURE_CANDIDATE (AND ((OR ((AND (X5 (OR (X1 X7)))) (NOT (X10)))))))
(CAPTURE_CANDIDATE (AND ((OR ((AND (X5 (OR (X1 X7)))) (NOT (X7)))))))
(CAPTURE_CANDIDATE (AND (X5 (NOT (X1)) X8 X7)))
(CAPTURE_CANDIDATE (AND (X5 (OR (X1 X7 (AND ((NOT (X1)) (NOT (X2)))))))))
(CAPTURE_CANDIDATE (AND ((OR ((AND (X5 (OR (X1 X7)))) (NOT (X7)))))))
(CAPTURE_CANDIDATE (AND (X5 (OR (X1 X7 (NOT (X10)))))))
(CAPTURE_CANDIDATE (AND (X5 (OR (X1 X7 X1 (NOT (X9)))))))
(CAPTURE_CANDIDATE (AND (X5 (OR (X1 X7)))))
(CAPTURE_CANDIDATE (AND (X5 (OR (X1 X7)) (OR (X3 X8)))))
(CAPTURE_CANDIDATE (AND (X5 (OR (X1 (AND (X7 X11 (NOT (X12)))))))))
(CAPTURE_CANDIDATE (AND (X5 (OR ((AND (X1 X2 (NOT (X4)))) X7)))))
(CAPTURE_CANDIDATE (AND ((OR (X1 X7)) (OR (X5 (AND (X3 X6)))))))
(CAPTURE_CANDIDATE (AND ((OR ((AND (X5 (OR (X1 X7)))) X3 X4)))))
(CAPTURE_CANDIDATE (AND (X5 (OR ((NOT (X1)) X7)))))
(CAPTURE_CANDIDATE (AND (X5 (OR (X1 X7 (NOT (X4)) X9)))))
(CAPTURE_CANDIDATE (AND ((OR ((AND (X5 (OR (X1 X7)))) (AND ((NOT (X1)) X7)))))))
(CAPTURE_CANDIDATE (AND (X5 (OR ((AND (X1 (OR (X6 X8)))) X7)))))
(CAPTURE_CANDIDATE (AND (X5 (OR (X1 X7)))))
(CAPTURE_CANDIDATE (AND ((OR ((AND (X5 (OR (X1 X7)))) (NOT (X8)))))))
(CAPTURE_CANDIDATE (AND (X5 (OR (X1 X7)))))
(CAPTURE_CANDIDATE (AND (X5 (OR (X1 (AND (X7 (NOT (X12)))))))))
(CAPTURE_CANDIDATE (AND (X5 (OR (X1 X2 X7)))))
(CAPTURE_CANDIDATE (AND (X5 (OR (X1 (AND (X7 X6)))))))
(CAPTURE_CANDIDATE (AND ((OR ((AND (X5 (OR (X1 X7)))) (AND (X1 (NOT (X11)))))))))
(CAPTURE_CANDIDATE (AND ((OR ((AND (X5 (OR (X1 X7)))) X6)))))
(CAPTURE_CANDIDATE (AND (X5 (OR (X1 X7)) (OR (X1 (NOT (X8)))))))
(CAPTURE_CANDIDATE (AND ((NOT (X7)) (NOT (X11)) X5 X1)))
(CAPTURE_CANDIDATE (AND (X2 (NOT (X4)) X5 (OR (X1 X7)))))
(CAPTURE_CANDIDATE (AND (X5 (OR (X1 X7)))))
(CAPTURE_CANDIDATE (AND ((OR (X1 X7)) (OR (X5 (NOT (X3)) (NOT (X6)))))))
(CAPTURE_CANDIDATE (AND ((OR ((AND (X5 (OR (X1 X7)))) X9)))))
(CAPTURE_CANDIDATE (AND (X5 (OR (X1 X7 (NOT (X7)))))))
(CAPTURE_CANDIDATE (AND ((OR (X1 X7)) (OR (X5 X1)))))
(CAPTURE_CANDIDATE (AND ((OR ((AND (X5 (OR (X1 X7)))) X1)))))
(CAPTURE_CANDIDATE (AND ((OR ((AND (X5 (OR (X1 X7)))) (AND ((NOT (X1)) X7)))))))
(CAPTURE_CANDIDATE (AND (X5 (OR (X1 X7 (NOT (X7)) (NOT (X11)))))))
(CAPTURE_CANDIDATE (AND (X5 X8 (OR (X1 X7)))))
(CAPTURE_CANDIDATE (AND (X5 (OR (X1 X7)))))
(CAPTURE_CANDIDATE (AND ((OR ((AND (X5 (OR (X1 X7)))) (NOT (X5)))))))
(CAPTURE_CANDIDATE (AND (X5 (NOT (X1)) X7)))
(CAPTURE_CANDIDATE (AND (X5 (NOT (X10)) (OR (X1 X7)))))
(CAPTURE_CANDIDATE (AND (X5 (OR (X1 X7 X9)))))
(CAPTURE_CANDIDATE (AND (X2 (NOT (X10)) X5 (OR (X1 X7)))))
(CAPTURE_CANDIDATE (AND ((OR (X1 X7)) (OR (X5 (NOT (X1)))))))
(CAPTURE_CANDIDATE (AND (X5 (OR (X1 X7)) (OR (X4 (NOT (X7)))))))
(CAPTURE_CANDIDATE (AND (X5 (OR (X1 (AND (X7 (NOT (X6)))))))))
(CAPTURE_CANDIDATE (AND (X5 (OR (X1 X7 X2)))))
(CAPTURE_CANDIDATE (AND (X5 (OR (X1 X7)) (OR (X1 X10)))))
(CAPTURE_CANDIDATE (AND (X5 (OR (X1 X7)))))
(CAPTURE_CANDIDATE (AND ((OR ((AND (X5 (OR (X1 X7)))) X4)))))
(CAPTURE_CANDIDATE (AND (X5 (OR (X1 (AND (X7 (NOT (X6)))))))))
(CAPTURE_CANDIDATE (AND (X5 X1 X10)))
(CAPTURE_CANDIDATE (AND (X5 (OR ((AND (X1 (OR (X2 X7)))) X7)))))
(CAPTURE_CANDIDATE (AND ((OR ((AND (X5 (OR (X1 X7)))) (NOT (X6)))))))
(CAPTURE_CANDIDATE (AND (X5 (OR (X1 X6 X7)))))
(CAPTURE_CANDIDATE (AND (X5 (OR (X1 (AND (X7 (NOT (X12)))))))))
(CAPTURE_CANDIDATE (AND (X5 (OR (X1 X7 (NOT (X1)) X8)))))
(CAPTURE_CANDIDATE (AND ((OR (X1 X7)) (OR (X5 (AND (X9 X11)))))))
(CAPTURE_CANDIDATE (AND (X5 X7)))
(CAPTURE_CANDIDATE (AND (X5 (OR (X1 X7)))))
(CAPTURE_CANDIDATE (AND (X5 (OR ((AND (X1 (NOT (X9)))) X7)))))
(CAPTURE_CANDIDATE (AND (X5 (OR (X1 X7 X3 X12)))))
(CAPTURE_CANDIDATE (AND ((OR ((AND (X5 (OR (X1 X7)))) X5 (NOT (X7)))))))
(CAPTURE_CANDIDATE (AND ((OR ((AND (X5 (OR (X1 X7)))) X4)))))
(CAPTURE_CANDIDATE (AND (X5 (OR (X1 X7)))))
(CAPTURE_CANDIDATE (AND ((OR (X1 X7)) (OR (X5 X4 (NOT (X12)))))))
(CAPTURE_CANDIDATE (AND (X5 (OR ((AND (X1 X9)) X7)))))
(CAPTURE_CANDIDATE (AND ((OR ((AND (X5 (OR (X1 X7)))) X2)))))
(CAPTURE_CANDIDATE (AND ((OR ((AND (X5 (OR (X1 X7)))) X8)))))
(CAPTURE_CANDIDATE (AND ((OR (X1 X7)) (OR (X5 (AND ((NOT (X4)) X12)))))))
(CAPTURE_CANDIDATE (AND ((OR (X1 X7)) (OR (X5 (NOT (X10)))))))
(CAPTURE_CANDIDATE (AND (X4 (NOT (X12)) X5 (OR (X1 X7)))))
(CAPTURE_CANDIDATE (AND (X5 (OR (X1 X7 (AND ((NOT (X2)) X7)))))))
(CAPTURE_CANDIDATE (AND ((OR (X1 X7)) (OR (X5 (NOT (X11)))))))
(CAPTURE_CANDIDATE (AND (X5 (OR (X1 X7 (AND (X2 X9)))))))
(CAPTURE_CANDIDATE (AND (X5 (OR (X1 (AND (X7 (NOT (X3)))))))))
(CAPTURE_CANDIDATE (AND ((OR ((AND (X5 (OR (X1 X7)))) (NOT (X2)))))))
(CAPTURE_CANDIDATE (AND (X5 (OR (X1 X7 (NOT (X11)))))))
(CAPTURE_CANDIDATE (AND ((OR ((AND (X5 (OR (X1 X7)))) (AND (X7 X10)))))))
(CAPTURE_CANDIDATE (AND (X4 (NOT (X12)) X5 (OR (X1 X7)))))
(CAPTURE_CANDIDATE (AND ((OR (X1 X7)) (OR (X5 X4 (NOT (X10)))))))
(CAPTURE_CANDIDATE (AND ((OR ((AND (X5 (OR (X1 X7)))) (NOT (X3)) (NOT (X5)))))))
(CAPTURE_CANDIDATE (AND (X5 X1)))
(CAPTURE_CANDIDATE (AND (X5 (OR (X1 (AND (X7 X4)))))))
(CAPTURE_CANDIDATE (AND ((NOT (X6)) X5 (OR (X1 X7)))))
(CAPTURE_CANDIDATE (AND ((OR (X1 X7)) (OR (X5 (AND ((NOT (X7)) X8)))))))
(CAPTURE_CANDIDATE (AND ((OR ((AND (X5 (OR (X1 X7)))) X6)))))
(CAPTURE_CANDIDATE (AND ((OR ((AND (X5 (OR (X1 X7)))) X8)))))
(CAPTURE_CANDIDATE (AND (X5 (OR (X1 X7)) (OR (X1 (NOT (X3)))))))
(CAPTURE_CANDIDATE (AND (X5 (OR (X1 X7 (AND (X2 X7)))))))
(CAPTURE_CANDIDATE (AND ((OR (X1 X7)) (OR (X5 (NOT (X9)) (NOT (X10)))))))
(CAPTURE_CANDIDATE (AND (X5 (OR (X1 X7 (NOT (X4)) (NOT (X9)))))))
(CAPTURE_CANDIDATE (AND ((NOT (X6)) X5 (OR (X1 X7)))))
(CAPTURE_CANDIDATE (AND (X5 (OR ((AND (X1 (NOT (X4)))) X7)))))
(CAPTURE_CANDIDATE (AND ((OR (X1 X7)) (OR (X5 (AND ((NOT (X4)) X12)))))))
(CAPTURE_CANDIDATE (AND ((OR ((AND (X5 (OR (X1 X7)))) X2)))))
(CAPTURE_CANDIDATE (AND (X5 (OR (X1 X7)))))
(CAPTURE_CANDIDATE (AND (X2 (NOT (X10)) X5 (OR (X1 X7)))))
(CAPTURE_CANDIDATE (AND ((OR ((AND (X5 (OR (X1 X7)))) X2 X11)))))
(CAPTURE_CANDIDATE (AND ((OR (X1 X7)) (OR (X5 (NOT (X6)) (NOT (X9)))))))
(CAPTURE_CANDIDATE (AND (X5 (OR (X1 X7)))))
(CAPTURE_CANDIDATE (AND (X5 (OR ((AND (X1 (OR (X7 X11)))) X7)))))
(CAPTURE_CANDIDATE (AND ((OR (X1 X7)) (OR (X5 X4 (NOT (X12)))))))
(CAPTURE_CANDIDATE (AND ((OR ((AND (X5 (OR (X1 X7)))) (NOT (X2)) X3)))))
(CAPTURE_CANDIDATE (AND (X5 (OR (X1 X7)))))
(CAPTURE_CANDIDATE (AND (X5 (OR (X1 X7 (NOT (X4)) X6)))))
(CAPTURE_CANDIDATE (AND ((OR (X1 X7)) (OR (X5 X10)))))
(CAPTURE_CANDIDATE (AND (X5 (OR (X1 X7 X7)))))
(CAPTURE_CANDIDATE (AND (X5 (OR (X1 X7 (NOT (X4)) X6)))))
(CAPTURE_CANDIDATE (AND (X5 (OR ((AND (X1 (OR (X7 X11)))) X7)))))
(CAPTURE_CANDIDATE (AND ((OR (X1 X7)) (OR (X5 X1)))))
(CAPTURE_CANDIDATE (AND (X5 (OR (X1 X7)) (OR ((NOT (X6)) X12)))))
(CAPTURE_CANDIDATE (AND (X5 (OR (X1 (AND (X7 X9)))))))
(CAPTURE_CANDIDATE (AND ((OR (X1 X7)) (OR (X5 X7 (NOT (X8)))))))
(CAPTURE_CANDIDATE (AND (X5 (OR ((AND (X1 (OR (X6 X12)))) X7)))))
(CAPTURE_CANDIDATE (AND (X5 (OR (X1 X7 X3 (NOT (X4)))))))
(CAPTURE_CANDIDATE (AND (X5 (OR (X1 X7 X3 X10)))))
(CAPTURE_CANDIDATE (AND (X5 (OR (X1 X7 (NOT (X8)))))))
(CAPTURE_CANDIDATE (AND ((OR ((AND (X5 (OR (X1 X7)))) (AND ((NOT (X3)) (NOT (X4)))))))))
(CAPTURE_CANDIDATE (AND ((NOT (X9)) X5 (OR (X1 X7)))))
(CAPTURE_CANDIDATE (AND ((OR (X1 X7)) (OR (X5 X2)))))
(CAPTURE_CANDIDATE (AND ((OR ((AND (X5 (OR (X1 X7)))) (NOT (X1)) (NOT (X2)))))))
(CAPTURE_CANDIDATE (AND (X5 (OR ((AND (X1 (NOT (X8)))) X7)))))
(CAPTURE_CANDIDATE (AND ((OR ((AND (X5 (OR (X1 X7)))) X9)))))
(CAPTURE_CANDIDATE (AND ((OR (X1 X7)) (OR (X5 (AND ((NOT (X8)) X9)))))))
(CAPTURE_CANDIDATE (AND (X5 (OR ((AND (X1 X4)) X7)))))
(CAPTURE_CANDIDATE (AND ((NOT (X6)) (NOT (X10)) X5 (OR (X1 X7)))))
(CAPTURE_CANDIDATE (AND (X5 (OR (X1 (NOT (X4)) X7)))))
(CAPTURE_CANDIDATE (AND (X5 (OR (X1 (AND (X7 (OR ((NOT (X4)) X8)))))))))
(CAPTURE_CANDIDATE (AND (X5 X1 X7 (NOT (X9)))))
(CAPTURE_CANDIDATE (AND (X8 X5 (OR (X1 X7)))))
(CAPTURE_CANDIDATE (AND ((OR (X1 X7)) (OR (X5 (NOT (X11)))))))
(CAPTURE_CANDIDATE (AND (X5 (OR ((AND (X1 X12)) X7)))))
(CAPTURE_CANDIDATE (AND (X5 (OR (X1 X7)))))
(CAPTURE_CANDIDATE (AND ((OR (X1 X7)) (OR (X5 X4 (NOT (X10)))))))
(CAPTURE_CANDIDATE (AND (X5 (NOT (X8)) (OR (X1 X7)))))
(CAPTURE_CANDIDATE (AND ((OR ((AND (X5 (OR (X1 X7)))) X9)))))
(CAPTURE_CANDIDATE (AND ((OR ((AND (X5 (OR (X1 X7)))) (NOT (X3)))))))
(CAPTURE_CANDIDATE (AND ((OR ((AND (X5 (OR (X1 X7)))) X8 (NOT (X11)))))))
(CAPTURE_CANDIDATE (AND (X5 (OR ((AND (X1 (NOT (X11)))) X7)))))
(CAPTURE_CANDIDATE (AND ((OR ((AND (X5 (OR (X1 X7)))) (AND ((NOT (X3)) X10)))))))
(CAPTURE_CANDIDATE (AND (X5 (NOT (X9)) X12 (OR (X1 X7)))))
(CAPTURE_CANDIDATE (AND (X5 (OR (X1 X7 (AND ((NOT (X2)) X7)))))))
(CAPTURE_CANDIDATE (AND ((OR ((AND (X5 (OR (X1 X7)))) (AND (X1 (NOT (X11)))))))))
(CAPTURE_CANDIDATE (AND (X5 (OR (X1 (AND (X7 X3 (NOT (X4)))))))))
(CAPTURE_CANDIDATE (AND ((OR (X1 X7)) (OR (X5 X9)))))
(CAPTURE_CANDIDATE X5)
(CAPTURE_CANDIDATE (AND ((OR ((AND (X5 (OR (X1 X7)))) (AND (X9 (NOT (X11)))))))))
(CAPTURE_CANDIDATE (AND (X5 (OR (X1 (AND (X7 (OR ((NOT (X4)) X8)))))))))
(CAPTURE_CANDIDATE (AND (X5 (OR (X1 (AND (X7 X2 (NOT (X11)))))))))
(CAPTURE_CANDIDATE (AND (X5 (OR (X1 X7)) (OR (X3 X11)))))
(CAPTURE_CANDIDATE (AND (X5 (OR (X1 X7 (NOT (X12)))))))
(CAPTURE_CANDIDATE (AND (X5 (OR (X1 (AND (X7 X4)))))))
(CAPTURE_CANDIDATE (AND (X5 (OR (X1 X7 (AND ((NOT (X1)) X9)))))))
(CAPTURE_CANDIDATE (AND (X5 (OR ((AND (X1 X8)) X7)))))
(CAPTURE_CANDIDATE (AND ((OR ((AND (X5 (OR (X1 X7)))) (NOT (X6)) X10)))))
(CAPTURE_CANDIDATE (AND ((NOT (X9)) X5 (OR (X1 X7)))))
(CAPTURE_CANDIDATE (AND ((OR ((AND (X5 (OR (X1 X7)))) (NOT (X4)))))))
(CAPTURE_CANDIDATE (AND (X5 (OR (X1 X7 (AND (X4 (NOT (X10)))))))))
(CAPTURE_CANDIDATE (AND (X8 X5 (OR (X1 X7)))))
(CAPTURE_CANDIDATE (AND (X5 (OR (X1 X7 (NOT (X10)))))))
(CAPTURE_CANDIDATE (AND (X5 (OR (X1 X7 X3 (NOT (X4)))))))
(CAPTURE_CANDIDATE (AND (X5 (OR (X1 (AND (X7 (NOT (X4)) (NOT (X9)))))))))
(CAPTURE_CANDIDATE (AND (X5 (NOT (X1)) X7)))
(CAPTURE_CANDIDATE (AND ((NOT (X6)) (NOT (X10)) X5 (OR (X1 X7)))))
(CAPTURE_CANDIDATE (AND (X5 (OR (X1 X4 X7)))))
(CAPTURE_CANDIDATE (AND (X5 (OR (X1 X7)) (OR ((NOT (X2)) X4)))))
(CAPTURE_CANDIDATE (AND ((OR ((AND (X5 (OR (X1 X7)))) (AND (X4 (NOT (X6)))))))))
(CAPTURE_CANDIDATE (AND ((OR ((AND (X5 (OR (X1 X7)))) (NOT (X1)) X11)))))
(CAPTURE_CANDIDATE (AND ((NOT (X7)) (NOT (X10)) X5 X1)))
(CAPTURE_CANDIDATE (AND (X5 (OR (X1 X7 X3 X12)))))
(CAPTURE_CANDIDATE (AND (X5 (OR (X1 X7)) (OR (X7 X11)))))
(CAPTURE_CANDIDATE (AND ((OR ((AND (X5 (OR (X1 X7)))) (AND (X8 (NOT (X10)))))))))
(CAPTURE_CANDIDATE (AND (X5 (NOT (X1)) X3 X7)))
(CAPTURE_CANDIDATE (AND (X5 (OR (X1 X7 (AND (X7 X11)))))))
(CAPTURE_CANDIDATE (AND ((OR (X1 X7)) (OR (X5 X8)))))
(CAPTURE_CANDIDATE (AND ((OR ((AND (X5 (OR (X1 X7)))) X2)))))
(CAPTURE_CANDIDATE (AND (X5 (OR (X1 X7 (AND (X4 (NOT (X10)))))))))
(CAPTURE_CANDIDATE (AND ((OR ((AND (X5 (OR (X1 X7)))) (NOT (X4)) X6)))))
(CAPTURE_CANDIDATE (AND (X5 (OR (X1 X7)) (OR (X1 (NOT (X6)))))))
(CAPTURE_CANDIDATE (AND ((OR ((AND (X5 (OR (X1 X7)))) (NOT (X2)) X3)))))
(CAPTURE_CANDIDATE (AND ((OR ((AND (X5 (OR (X1 X7)))) X1 (NOT (X7)))))))
(CAPTURE_CANDIDATE (AND ((NOT (X6)) (NOT (X10)) X5 (OR (X1 X7)))))
(CAPTURE_CANDIDATE (AND (X5 (OR (X1 X7 (NOT (X12)))))))
(CAPTURE_CANDIDATE (AND (X5 (OR (X1 (NOT (X7)))))))
(CAPTURE_CANDIDATE (AND (X5 (OR (X1 X7 (AND (X6 (NOT (X9)))))))))
(CAPTURE_CANDIDATE (AND (X3 X5 (OR (X1 X7)))))
(CAPTURE_CANDIDATE (AND ((OR ((AND (X5 (OR (X1 X7)))) (AND (X7 X10)))))))
(CAPTURE_CANDIDATE (AND ((OR ((AND (X5 (OR (X1 X7)))) (NOT (X6)) X10)))))
(CAPTURE_CANDIDATE (AND ((OR ((AND (X5 (OR (X1 X7)))) X3)))))
(CAPTURE_CANDIDATE (AND ((OR ((AND (X5 (OR (X1 X7)))) (NOT (X2)))))))
(CAPTURE_CANDIDATE (AND (X5 (OR (X1 (AND (X7 X7 (NOT (X9)))))))))
(CAPTURE_CANDIDATE (AND (X5 (OR (X1 (AND (X7 (NOT (X12)))))))))
(CAPTURE_CANDIDATE (AND (X5 (OR (X1 X7 (AND ((NOT (X2)) X7)))))))
(CAPTURE_CANDIDATE (AND ((OR ((AND (X5 (OR (X1 X7)))) X7)))))
(CAPTURE_CANDIDATE (AND ((OR (X1 X7)) (OR (X5 X10)))))
(CAPTURE_CANDIDATE (AND ((OR ((AND (X5 (OR (X1 X7)))) X1)))))
(CAPTURE_CANDIDATE (AND ((OR ((AND (X5 (OR (X1 X7)))) X12)))))
(CAPTURE_CANDIDATE (AND (X5 (OR (X1 X7 (NOT (X9)) X10)))))
(CAPTURE_CANDIDATE (AND (X5 (OR (X1 X7)) (OR (X9 (NOT (X12)))))))
(CAPTURE_CANDIDATE (AND (X5 (OR (X1 X7 (NOT (X2)) (NOT (X7)))))))
(CAPTURE_CANDIDATE (AND (X5 X1 X10)))
(CAPTURE_CANDIDATE (AND ((OR (X1 X7)) (OR (X5 (NOT (X3)) (NOT (X6)))))))
(CAPTURE_CANDIDATE (AND ((OR ((AND (X5 (OR (X1 X7)))) X4)))))
(CAPTURE_CANDIDATE (AND (X5 (OR ((AND (X1 (NOT (X6)) (NOT (X12)))) X7)))))
(CAPTURE_CANDIDATE (AND (X5 (OR ((AND (X1 (NOT (X4)) (NOT (X10)))) X7)))))
(CAPTURE_CANDIDATE (AND (X5 (OR (X1 X7 (NOT (X11)))))))
(CAPTURE_CANDIDATE (AND (X11 X5 (OR (X1 X7)))))
(CAPTURE_CANDIDATE X5)
(CAPTURE_CANDIDATE (AND ((OR (X1 X7)) (OR (X5 X7 (NOT (X8)))))))
(CAPTURE_CANDIDATE (AND (X5 X7)))
(CAPTURE_CANDIDATE (AND (X5 (OR ((AND (X1 (NOT (X7)))) X7)))))
(CAPTURE_CANDIDATE (AND ((NOT (X12)) X5 (OR (X1 X7)))))
(CAPTURE_CANDIDATE (AND ((OR ((AND (X5 (OR (X1 X7)))) (AND ((NOT (X2)) (NOT (X11)))))))))
(CAPTURE_CANDIDATE (AND ((OR ((AND (X5 (OR (X1 X7)))) (AND (X1 (NOT (X8)))))))))
(CAPTURE_CANDIDATE (AND (X5 (OR ((AND (X1 (NOT (X6)) (NOT (X12)))) X7)))))
(CAPTURE_CANDIDATE (AND (X5 (OR (X1 (AND (X7 (NOT (X8)))))))))
(CAPTURE_CANDIDATE (AND (X5 X1)))
(CAPTURE_CANDIDATE (AND (X5 X8 (OR (X1 X7)))))
(CAPTURE_CANDIDATE (AND (X5 (OR ((NOT (X1)) X7)))))
(CAPTURE_CANDIDATE (AND (X5 (OR (X1 X7 (NOT (X8)))))))
(CAPTURE_CANDIDATE (AND (X5 (OR (X1 X7 (NOT (X8)) X11)))))
(CAPTURE_CANDIDATE (AND (X5 (OR (X1 X7 (NOT (X9)) X10)))))
(CAPTURE_CANDIDATE (AND ((OR ((AND (X5 (OR (X1 X7)))) (AND (X9 (NOT (X11)))))))))
(CAPTURE_CANDIDATE (AND (X5 (OR ((AND (X1 (NOT (X6)) (NOT (X8)))) X7)))))
(CAPTURE_CANDIDATE (AND (X5 (OR (X1 (AND (X7 (NOT (X4)) (NOT (X9)))))))))
(CAPTURE_CANDIDATE (AND (X5 (OR (X1 (AND (X7 (OR ((NOT (X1)) X11)))))))))
(CAPTURE_CANDIDATE (AND ((OR ((AND (X5 (OR (X1 X7)))) (NOT (X2)) X3)))))
(CAPTURE_CANDIDATE (AND (X5 (OR (X1 X7 (NOT (X1)) (NOT (X10)))))))
(CAPTURE_CANDIDATE (AND (X5 X12 (OR (X1 X7)))))
(CAPTURE_CANDIDATE (AND (X5 (OR (X1 X7)))))
(CAPTURE_CANDIDATE (AND ((OR (X1 X7)) (OR (X5 X12)))))
(CAPTURE_CANDIDATE (AND (X5 (OR (X1 X7 (AND (X1 X10)))))))
(CAPTURE_CANDIDATE (AND ((OR ((AND (X5 (OR (X1 X7)))) (NOT (X6)) X10)))))
(CAPTURE_CANDIDATE (AND (X5 (OR (X1 X7)) (OR (X7 X10)))))
(CAPTURE_CANDIDATE (AND ((OR (X1 X7)) (OR (X5 X8 (NOT (X9)))))))
(CAPTURE_CANDIDATE (AND ((OR ((AND (X5 (OR (X1 X7)))) X3)))))
(CAPTURE_CANDIDATE (AND ((OR ((AND (X5 (OR (X1 X7)))) X6)))))
(CAPTURE_CANDIDATE (AND ((OR ((AND (X5 (OR (X1 X7)))) (AND ((NOT (X3)) (NOT (X4)))))))))
(CAPTURE_CANDIDATE (AND ((OR ((AND (X5 (OR (X1 X7)))) (NOT (X8)) X10)))))
(CAPTURE_CANDIDATE (AND (X5 (OR (X1 (AND (X7 (NOT (X6)))))))))
(CAPTURE_CANDIDATE (AND ((OR ((AND (X5 (OR (X1 X7)))) (NOT (X1)))))))
(CAPTURE_CANDIDATE (AND (X5 (OR (X1 X7)))))
(CAPTURE_CANDIDATE (AND ((OR (X1 X7)) (OR (X5 (NOT (X9)))))))
(CAPTURE_CANDIDATE (AND ((OR ((AND (X5 (OR (X1 X7)))) X12)))))
(CAPTURE_CANDIDATE (AND (X5 (NOT (X4)) X10 (OR (X1 X7)))))
(CAPTURE_CANDIDATE (AND ((OR ((AND (X5 (OR (X1 X7)))) X8)))))
(CAPTURE_CANDIDATE (AND ((OR ((AND (X5 (OR (X1 X7)))) (NOT (X4)))))))
(CAPTURE_CANDIDATE (AND (X5 (OR (X1 X7)))))
(CAPTURE_CANDIDATE (AND (X5 (OR (X1 (AND (X7 X4)))))))
(CAPTURE_CANDIDATE (AND (X5 (OR ((AND (X1 X11)) X7)))))
(CAPTURE_CANDIDATE (AND ((OR ((AND (X5 (OR (X1 X7)))) (NOT (X3)) X8)))))
(CAPTURE_CANDIDATE (AND (X5 (OR (X1 X7 X10)))))
(CAPTURE_CANDIDATE (AND ((OR (X1 X7)) (OR (X5 X8 (NOT (X9)))))))
(CAPTURE_CANDIDATE (AND ((OR (X1 X7)) (OR (X5 X10)))))
(CAPTURE_CANDIDATE (AND ((OR ((AND (X5 (OR (X1 X7)))) X1)))))
(CAPTURE_CANDIDATE (AND (X5 (OR (X1 X7)))))
(CAPTURE_CANDIDATE (AND (X5 X1)))
(CAPTURE_CANDIDATE (AND (X5 (OR (X1 X7 X11)))))
(CAPTURE_CANDIDATE (AND (X5 (OR (X1 (AND (X7 X3 (NOT (X4)))))))))
(CAPTURE_CANDIDATE (AND (X5 (OR (X1 X7)))))
(CAPTURE_CANDIDATE (AND (X5 X1)))
(CAPTURE_CANDIDATE (AND (X5 (OR (X1 X7)))))
(CAPTURE_CANDIDATE (AND (X5 (OR ((AND (X1 (NOT (X10)))) X7)))))
(CAPTURE_CANDIDATE (AND (X5 (OR (X1 X7 (NOT (X7)))))))
(CAPTURE_CANDIDATE (AND ((OR (X1 X7)) (OR (X5 X7 (NOT (X8)))))))
(CAPTURE_CANDIDATE (AND (X5 (OR (X1 X7 (AND ((NOT (X3)) X11)))))))
(CAPTURE_CANDIDATE (AND (X5 (OR (X1 (AND (X7 (OR ((NOT (X1)) X2)))))))))
(CAPTURE_CANDIDATE (AND ((NOT (X4)) X5 (OR (X1 X7)))))
(CAPTURE_CANDIDATE (AND ((OR (X1 X7)) (OR (X5 (NOT (X2)))))))
(CAPTURE_CANDIDATE (AND ((OR (X1 X7)) (OR (X5 X7 (NOT (X8)))))))
(CAPTURE_CANDIDATE (AND (X5 (OR (X1 (AND (X7 (OR ((NOT (X3)) X4)))))))))
(CAPTURE_CANDIDATE (AND ((OR (X1 X7)) (OR (X5 X7 (NOT (X8)))))))
(CAPTURE_CANDIDATE (AND ((OR ((AND (X5 (OR (X1 X7)))) X8)))))
(CAPTURE_CANDIDATE (AND (X5 X11 (OR (X1 X7)))))
(CAPTURE_CANDIDATE (AND ((OR (X1 X7)) (OR (X5 X9)))))
(CAPTURE_CANDIDATE (AND ((NOT (X7)) (NOT (X10)) X5 X1)))
(CAPTURE_CANDIDATE (AND (X5 (OR (X1 X7)))))
(CAPTURE_CANDIDATE (AND (X5 (NOT (X11)) (OR (X1 X7)))))
(CAPTURE_CANDIDATE (AND (X5 (OR (X1 X7 (NOT (X4)) (NOT (X9)))))))
(CAPTURE_CANDIDATE (AND ((OR ((AND (X5 (OR (X1 X7)))) X12)))))
(CAPTURE_CANDIDATE (AND ((OR (X1 X7)) (OR (X5 (NOT (X9)) (NOT (X11)))))))
(CAPTURE_CANDIDATE (AND (X5 (OR (X1 X7 (NOT (X9)) X10)))))
(CAPTURE_CANDIDATE (AND ((OR ((AND (X5 (OR (X1 X7)))) X3)))))
(New best score: -512.8571428571429)
(Terminating because of maxEval ending)
(Terminating because of maxEval ending)
(OptimizedDeme: 500)
"Merging Deme"
(Demesize: 500)
(nEval: 10000 LenSInstList: 500)
(TopCnd: 500)
(Keep 100 Unique instances from 500)
(KeptUniqueTopCandidates NewSize: 100)
(TrimmedDownDeme: 32)
(CAPTURE_CANDIDATE (AND (X5 (OR (X1 X7)))))
(CAPTURE_CANDIDATE (AND ((OR ((AND (X5 (OR (X1 X7)))) X7)))))
(CAPTURE_CANDIDATE (AND (X5 (OR (X1 X7 X1)))))
(CAPTURE_CANDIDATE (AND ((OR ((AND (X5 (OR (X1 X7)))) X7)))))
(CAPTURE_CANDIDATE (AND ((OR (X1 X7)) (OR (X5 X1)))))
(CAPTURE_CANDIDATE (AND (X5 (OR (X1 X7 X7)))))
(CAPTURE_CANDIDATE (AND ((OR (X1 X7)) (OR (X5 X1)))))
(CAPTURE_CANDIDATE (AND ((OR ((AND (X5 (OR (X1 X7)))) X1)))))
(CAPTURE_CANDIDATE (AND (X5 (OR (X1 X7 X7)))))
(CAPTURE_CANDIDATE (AND ((OR (X1 X7)) (OR (X5 X1)))))
(CAPTURE_CANDIDATE (AND ((OR ((AND (X5 (OR (X1 X7)))) X7)))))
(CAPTURE_CANDIDATE (AND ((OR ((AND (X5 (OR (X1 X7)))) X1)))))
(CAPTURE_CANDIDATE (AND (X5 (OR ((AND (X1 (NOT (X7)))) X7)))))
(CAPTURE_CANDIDATE (AND ((OR ((AND (X5 (OR (X1 X7)))) X1)))))
(CAPTURE_CANDIDATE (AND ((OR (X1 X7)) (OR (X5 (AND ((NOT (X6)) X7)))))))
(CAPTURE_CANDIDATE (AND (X5 (OR (X1 X7 (AND (X1 (NOT (X8)))))))))
(CAPTURE_CANDIDATE (AND (X5 (OR (X1 (AND (X7 (OR ((NOT (X1)) X11)))))))))
(CAPTURE_CANDIDATE (AND ((OR (X1 X7)) (OR (X5 (AND ((NOT (X6)) X7)))))))
(CAPTURE_CANDIDATE (AND (X5 (OR (X1 (AND (X7 (OR ((NOT (X1)) X11)))))))))
(CAPTURE_CANDIDATE (AND ((OR ((AND (X5 (OR (X1 X7)))) (AND (X1 (NOT (X11)))))))))
(CAPTURE_CANDIDATE (AND (X5 (OR (X1 X7 (AND ((NOT (X2)) X7)))))))
(CAPTURE_CANDIDATE (AND ((OR ((AND (X5 (OR (X1 X7)))) (AND (X7 X10)))))))
(CAPTURE_CANDIDATE (AND (X5 (OR (X1 X7 (AND (X2 X7)))))))
(CAPTURE_CANDIDATE (AND (X5 (OR (X1 X7 (AND ((NOT (X2)) X7)))))))
(CAPTURE_CANDIDATE (AND ((OR ((AND (X5 (OR (X1 X7)))) (AND (X1 (NOT (X11)))))))))
(CAPTURE_CANDIDATE (AND (X5 (OR (X1 X7 (AND (X7 X11)))))))
(CAPTURE_CANDIDATE (AND ((OR ((AND (X5 (OR (X1 X7)))) (AND (X7 X10)))))))
(CAPTURE_CANDIDATE (AND (X5 (OR (X1 X7 (AND ((NOT (X2)) X7)))))))
(CAPTURE_CANDIDATE (AND ((OR ((AND (X5 (OR (X1 X7)))) (AND (X1 (NOT (X8)))))))))
(CAPTURE_CANDIDATE (AND (X5 (OR (X1 (AND (X7 (OR ((NOT (X1)) X11)))))))))
(CAPTURE_CANDIDATE (AND (X5 (OR (X1 X7 (AND (X1 X10)))))))
(CAPTURE_CANDIDATE (AND (X5 (OR (X1 (AND (X7 (OR ((NOT (X1)) X2)))))))))
(Before getNewCandidates: 32)
(Going to merge 16 Instances)
(Metapop size before resize: 32)
(Metapop size after resize: 31)
""
true
true
true
true
true
true
true
true
true
true
true
true
true
true
true
true
true
true
true
true
true
true
true
true
true
true
true
true
true
true
true
true
true
true
true
true
true
true
true
true
true
true
true
true
true
true
true
true
true
true
true
true
true
true
true
true
true
true
true
true
true
true
true
true
true
true
true
()
(FinalResult (((AND X1 (OR X5 X7)) -512) ((AND (OR (AND X5 X1) X7)) -512) ((AND X5 (OR X1 X7)) -512) ((AND (OR (AND X1 X5) X7)) -512) ((AND (OR X1 X7) (OR X5 X1)) -512) ((AND X5 (OR X1 X7 X7)) -512) ((AND (OR (AND X5 (OR X1 X7)) X1)) -512) ((AND X5 (OR (AND X1 (NOT X7)) X7)) -512) ((AND X5 (OR X1 X7 X1)) -512) ((AND (OR (AND X5 (OR X1 X7)) X7)) -512)))
