[33m--> metta runnable  -->
[36m!(bind! &params (new-space))
[33m-->  prolog goal  -->[35m 
:- findall(A, 'bind!'('&params', ['new-space'], A), _).
[33m^^^^^^^^^^^^^^^^^^^^^^^
[0m[33m--> metta runnable  -->
[36m!(import! &self ../../parameters/registry)
[33m-->  prolog goal  -->[35m 
:- findall(A, 'import!'('&self', '../../parameters/registry', A), _).
[33m^^^^^^^^^^^^^^^^^^^^^^^
[0m[33m--> metta function -->
[36m(= (param $name)
   (let $results (collapse (match &params ($name $val) $val))
        (if (== $results ())
            ()
            (car-atom $results))))
[33m--> prolog clause -->
[32mparam(A, B) :-
    C=D,
    findall(E, match('&params', [A, E], E, E), D),
    ==(C, [], F),
    (   F==true
    ->  B=[]
    ;   'car-atom'(C, B)
    ).
[33m^^^^^^^^^^^^^^^^^^^^^^
[0m[33m--> metta function -->
[36m(= (set-param $name $newVal)
   (let* (
          ($_  (remove-atom &params ($name $oldVal)))
          ($__ (add-atom    &params ($name $newVal)))
         )
        $newVal))
[33m--> prolog clause -->
[32m'set-param'(A, B, B) :-
    true,
    'remove-atom'('&params', [A, _], _),
    true,
    'add-atom'('&params', [A, B], _).
[33m^^^^^^^^^^^^^^^^^^^^^^
[0m[33m--> metta runnable  -->
[36m!(import! &self (library lib_memo))
[33m-->  prolog goal  -->[35m 
:- findall(A,
           ( library(lib_memo, B),
             'import!'('&self', B, A)
           ),
           _).
[33m^^^^^^^^^^^^^^^^^^^^^^^
[0m[33m--> metta runnable  -->
[36m!(import_prolog_function consult)
[33m-->  prolog goal  -->[35m 
:- findall(A, import_prolog_function(consult, A), _).
[33m^^^^^^^^^^^^^^^^^^^^^^^
[0m[33m--> metta function -->
[36m(= (import_prolog_functions_from_file $prologfile $importfunctions) (let* (($prologfile (exists_file))
                                                                           ($prologfile (consult))
                                                                           ($function (superpose $importfunctions)))
                                                                          (import_prolog_function $function)))
[33m--> prolog clause -->
[32mimport_prolog_functions_from_file(A, B, C) :-
    A=D,
    exists_file(D),
    A=E,
    consult(E),
    F=G,
    superpose(B, G),
    import_prolog_function(F, C).
[33m^^^^^^^^^^^^^^^^^^^^^^
[0m[33m--> metta runnable  -->
[36m!(import_prolog_functions_from_file
    (library lib_memo.pl)
    (memoize config-memoize get-memoize-config clear-memoize invalidate-memoize is-memoized get-memoize-stats clear-memoize-stats))
[33m-->  prolog goal  -->[35m 
:- findall(A,
           ( library('lib_memo.pl', B),
             import_prolog_functions_from_file(B,
                                               [ memoize,
                                                 'config-memoize',
                                                 'get-memoize-config',
                                                 'clear-memoize',
                                                 'invalidate-memoize',
                                                 'is-memoized',
                                                 'get-memoize-stats',
                                                 'clear-memoize-stats'
                                               ],
                                               A)
           ),
           _).
[33m^^^^^^^^^^^^^^^^^^^^^^^
[0m[33m--> metta runnable  -->
[36m!(import! &self common/list-helpers)
[33m-->  prolog goal  -->[35m 
:- findall(A, 'import!'('&self', 'common/list-helpers', A), _).
[33m^^^^^^^^^^^^^^^^^^^^^^^
[0m[33m--> metta function -->
[36m(= (List.length $xs) (size-atom $xs))
[33m--> prolog clause -->
[32m'List.length'(A, B) :-
    'size-atom'(A, B).
[33m^^^^^^^^^^^^^^^^^^^^^^
[0m[33m--> metta function -->
[36m(= (List.repeat $n $a)
   (if (== $n 0)
       ()
       (cons $a (List.repeat (- $n 1) $a))))
[33m--> prolog clause -->
[32m'List.repeat'(A, B, C) :-
    ==(A, 0, D),
    (   D==true
    ->  C=[]
    ;   -(A, 1, E),
        'List.repeat'(E, B, F),
        cons(B, F, C)
    ).
[33m^^^^^^^^^^^^^^^^^^^^^^
[0m[33m--> metta function -->
[36m(= (List.foldl $f $i $xs)
   (foldl-atom $xs $i $acc $x ($f $x $acc)))
[33m--> prolog clause -->
[32m'List.foldl'(A, B, C, D) :-
    foldl([E, F, G]>>(reduce([A, E, F], H), (number(H)->G is H;G=H)),
          C,
          B,
          D).
[33m^^^^^^^^^^^^^^^^^^^^^^
[0m[33m--> metta function -->
[36m(= (List.zipWith $f () ()) ())
[33m--> prolog clause -->
[32m'List.zipWith'(_, [], [], []).
[33m^^^^^^^^^^^^^^^^^^^^^^
[0m[33m--> metta function -->
[36m(= (List.zipWith $f () (cons $y $ys)) ())
[33m--> prolog clause -->
[32m'List.zipWith'(_, [], [_|_], []).
[33m^^^^^^^^^^^^^^^^^^^^^^
[0m[33m--> metta function -->
[36m(= (List.zipWith $f (cons $x $xs) ()) ())
[33m--> prolog clause -->
[32m'List.zipWith'(_, [_|_], [], []).
[33m^^^^^^^^^^^^^^^^^^^^^^
[0m[33m--> metta function -->
[36m(= (List.zipWith $f (cons $x $xs) (cons $y $ys))
   (cons ($f $x $y) (List.zipWith $f $xs $ys)))
[33m--> prolog clause -->
[32m'List.zipWith'(A, [B|C], [D|E], F) :-
    reduce([A, B, D], G),
    'List.zipWith'(A, C, E, H),
    cons(G, H, F).
[33m^^^^^^^^^^^^^^^^^^^^^^
[0m[33m--> metta function -->
[36m(= (List.index () $target) -1)
[33m--> prolog clause -->
[32m'List.index'([], _, -1).
[33m^^^^^^^^^^^^^^^^^^^^^^
[0m[33m--> metta function -->
[36m(= (List.index (cons $x $xs) $target)
   (if (== $x $target)
       0
       (chain (List.index $xs $target) $idx
         (if (< $idx 0) $idx (+ 1 $idx)))))
[33m--> prolog clause -->
[32m'List.index'([A|B], C, D) :-
    ==(A, C, E),
    (   E==true
    ->  D=0
    ;   F=G,
        'List.index'(B, C, F),
        <(G, 0, H),
        (   H==true
        ->  D=G
        ;   +(1, G, D)
        )
    ).
[33m^^^^^^^^^^^^^^^^^^^^^^
[0m[33m--> metta runnable  -->
[36m!(import! &self common/kernel-common)
[33m-->  prolog goal  -->[35m 
:- findall(A, 'import!'('&self', 'common/kernel-common', A), _).
[33m^^^^^^^^^^^^^^^^^^^^^^^
[0m[33m--> metta function -->
[36m(= (and2 $a $b) (if (and (== $a True) (== $b True)) True False))
[33m--> prolog clause -->
[32mand2(A, B, C) :-
    ==(A, true, D),
    ==(B, true, E),
    and(D, E, F),
    (   F==true
    ->  C=true
    ;   C=false
    ).
[33m^^^^^^^^^^^^^^^^^^^^^^
[0m[33m--> metta function -->
[36m(= (or2  $a $b) (if (or  (== $a True) (== $b True)) True False))
[33m--> prolog clause -->
[32mor2(A, B, C) :-
    ==(A, true, D),
    ==(B, true, E),
    or(D, E, F),
    (   F==true
    ->  C=true
    ;   C=false
    ).
[33m^^^^^^^^^^^^^^^^^^^^^^
[0m[33m--> metta function -->
[36m(= (colNot $col) (map-atom $col $b (if (== $b True) False True)))
[33m--> prolog clause -->
[32mcolNot(A, B) :-
    maplist([C, D]>>((==(C, true, E), (E==true->F=false;F=true)), (number(F)->D is F;D=F)),
            A,
            B).
[33m^^^^^^^^^^^^^^^^^^^^^^
[0m[33m-->  metta specialization (List.zipWith_Spec_[and2])  -->
[36m(= (List.zipWith_Spec_[and2] and2 (cons $_9712 $_9714) (cons $_9724 $_9726)) (cons (and2 $_9712 $_9724) (List.zipWith and2 $_9714 $_9726)))
[33m--> prolog clause -->
[32m'List.zipWith_Spec_[and2]'(and2,
                                [A|B],
                                [C|D],
                                E) :-
    and2(A, C, F),
    'List.zipWith_Spec_[and2]'(and2, B, D, G),
    cons(F, G, E).
[33m^^^^^^^^^^^^^^^^^^^^^
[0m[33m-->  metta specialization (List.zipWith_Spec_[and2])  -->
[36m(= (List.zipWith_Spec_[and2] $_9802 (cons $_9814 $_9816) ()) ())
[33m--> prolog clause -->
[32m'List.zipWith_Spec_[and2]'(_, [_|_], [], []).
[33m^^^^^^^^^^^^^^^^^^^^^
[0m[33m-->  metta specialization (List.zipWith_Spec_[and2])  -->
[36m(= (List.zipWith_Spec_[and2] $_9832 () (cons $_9850 $_9852)) ())
[33m--> prolog clause -->
[32m'List.zipWith_Spec_[and2]'(_, [], [_|_], []).
[33m^^^^^^^^^^^^^^^^^^^^^
[0m[33m-->  metta specialization (List.zipWith_Spec_[and2])  -->
[36m(= (List.zipWith_Spec_[and2] $_9868 () ()) ())
[33m--> prolog clause -->
[32m'List.zipWith_Spec_[and2]'(_, [], [], []).
[33m^^^^^^^^^^^^^^^^^^^^^
[0m[33m--> metta function -->
[36m(= (colZipAnd $childCol $acc) (List.zipWith and2 $childCol $acc))
[33m--> prolog clause -->
[32mcolZipAnd(A, B, C) :-
    'List.zipWith_Spec_[and2]'(and2, A, B, C).
[33m^^^^^^^^^^^^^^^^^^^^^^
[0m[33m-->  metta specialization (List.zipWith_Spec_[or2])  -->
[36m(= (List.zipWith_Spec_[or2] or2 (cons $_14010 $_14012) (cons $_14022 $_14024)) (cons (or2 $_14010 $_14022) (List.zipWith or2 $_14012 $_14024)))
[33m--> prolog clause -->
[32m'List.zipWith_Spec_[or2]'(or2, [A|B], [C|D], E) :-
    or2(A, C, F),
    'List.zipWith_Spec_[or2]'(or2, B, D, G),
    cons(F, G, E).
[33m^^^^^^^^^^^^^^^^^^^^^
[0m[33m-->  metta specialization (List.zipWith_Spec_[or2])  -->
[36m(= (List.zipWith_Spec_[or2] $_14100 (cons $_14112 $_14114) ()) ())
[33m--> prolog clause -->
[32m'List.zipWith_Spec_[or2]'(_, [_|_], [], []).
[33m^^^^^^^^^^^^^^^^^^^^^
[0m[33m-->  metta specialization (List.zipWith_Spec_[or2])  -->
[36m(= (List.zipWith_Spec_[or2] $_14130 () (cons $_14148 $_14150)) ())
[33m--> prolog clause -->
[32m'List.zipWith_Spec_[or2]'(_, [], [_|_], []).
[33m^^^^^^^^^^^^^^^^^^^^^
[0m[33m-->  metta specialization (List.zipWith_Spec_[or2])  -->
[36m(= (List.zipWith_Spec_[or2] $_14166 () ()) ())
[33m--> prolog clause -->
[32m'List.zipWith_Spec_[or2]'(_, [], [], []).
[33m^^^^^^^^^^^^^^^^^^^^^
[0m[33m--> metta function -->
[36m(= (colZipOr  $childCol $acc) (List.zipWith or2  $childCol $acc))
[33m--> prolog clause -->
[32mcolZipOr(A, B, C) :-
    'List.zipWith_Spec_[or2]'(or2, A, B, C).
[33m^^^^^^^^^^^^^^^^^^^^^^
[0m[33m-->  metta specialization (List.foldl_Spec_[colZipAnd])  -->
[36m(= (List.foldl_Spec_[colZipAnd] colZipAnd $_19108 $_19114) (foldl-atom $_19114 $_19108 $_19138 $_19144 (colZipAnd $_19144 $_19138)))
[33m--> prolog clause -->
[32m'List.foldl_Spec_[colZipAnd]'(colZipAnd, A, B, C) :-
    foldl([D, E, F]>>(colZipAnd(D, E, G), (number(G)->F is G;F=G)),
          B,
          A,
          C).
[33m^^^^^^^^^^^^^^^^^^^^^
[0m[33m-->  metta specialization (List.foldl_Spec_[colZipOr])  -->
[36m(= (List.foldl_Spec_[colZipOr] colZipOr $_21248 $_21254) (foldl-atom $_21254 $_21248 $_21278 $_21284 (colZipOr $_21284 $_21278)))
[33m--> prolog clause -->
[32m'List.foldl_Spec_[colZipOr]'(colZipOr, A, B, C) :-
    foldl([D, E, F]>>(colZipOr(D, E, G), (number(G)->F is G;F=G)),
          B,
          A,
          C).
[33m^^^^^^^^^^^^^^^^^^^^^
[0m[33m--> metta function -->
[36m(= (combineOp $op $childCols $n)
   (if (== $op AND)
       (List.foldl colZipAnd (List.repeat $n True) $childCols)
       (if (== $op OR)
           (List.foldl colZipOr (List.repeat $n False) $childCols)
           (if (== $op NOT)
               (colNot (car-atom $childCols))
               (Error $op "combineOp: unknown operator")))))
[33m--> prolog clause -->
[32mcombineOp(A, B, C, D) :-
    ==(A, 'AND', E),
    (   E==true
    ->  'List.repeat'(C, true, F),
        'List.foldl_Spec_[colZipAnd]'(colZipAnd, F, B, D)
    ;   ==(A, 'OR', G),
        (   G==true
        ->  'List.repeat'(C, false, H),
            'List.foldl_Spec_[colZipOr]'(colZipOr, H, B, D)
        ;   ==(A, 'NOT', I),
            (   I==true
            ->  'car-atom'(B, J),
                colNot(J, D)
            ;   D=['Error', A, "combineOp: unknown operator"]
            )
        )
    ).
[33m^^^^^^^^^^^^^^^^^^^^^^
[0m[33m--> metta function -->
[36m(= (varColumn (mkITable $rows $labels) $label)
   (let $idx (List.index $labels $label)
        (if (== $idx -1)
            (Error $label "varColumn: label not found in table")
            (map-atom $rows $r (index-atom $r $idx)))))
[33m--> prolog clause -->
[32mvarColumn([mkITable, A, B], C, D) :-
    E=F,
    'List.index'(B, C, F),
    ==(E, -1, G),
    (   G==true
    ->  D=['Error', C, "varColumn: label not found in table"]
    ;   maplist([H, I]>>('index-atom'(H, E, J), (number(J)->I is J;I=J)),
                A,
                D)
    ).
[33m^^^^^^^^^^^^^^^^^^^^^^
[0m[33m--> metta runnable  -->
[36m!(import! &self zipform/ops-nary)
[33m-->  prolog goal  -->[35m 
:- findall(A, 'import!'('&self', 'zipform/ops-nary', A), _).
[33m^^^^^^^^^^^^^^^^^^^^^^^
[0m[33m--> metta function -->
[36m(= (all $args) (foldl-atom $args True $acc $x (and $acc $x)))
[33m--> prolog clause -->
[32mall(A, B) :-
    foldl([C, D, E]>>(and(D, C, F), (number(F)->E is F;E=F)),
          A,
          true,
          B).
[33m^^^^^^^^^^^^^^^^^^^^^^
[0m[33m--> metta function -->
[36m(= (any $args) (foldl-atom $args False $acc $x (or $acc $x)))
[33m--> prolog clause -->
[32many(A, B) :-
    foldl([C, D, E]>>(or(D, C, F), (number(F)->E is F;E=F)),
          A,
          false,
          B).
[33m^^^^^^^^^^^^^^^^^^^^^^
[0m[33m--> metta function -->
[36m(= (AND $args) (all $args))
[33m--> prolog clause -->
[32m'AND'(A, B) :-
    all(A, B).
[33m^^^^^^^^^^^^^^^^^^^^^^
[0m[33m--> metta function -->
[36m(= (OR $args) (any $args))
[33m--> prolog clause -->
[32m'OR'(A, B) :-
    any(A, B).
[33m^^^^^^^^^^^^^^^^^^^^^^
[0m[33m--> metta function -->
[36m(= (NOT ($x)) (not $x))
[33m--> prolog clause -->
[32m'NOT'([A], B) :-
    not(A, B).
[33m^^^^^^^^^^^^^^^^^^^^^^
[0m[33m--> metta runnable  -->
[36m!(import! &self zipform/rewriter-nary)
[33m-->  prolog goal  -->[35m 
:- findall(A, 'import!'('&self', 'zipform/rewriter-nary', A), _).
[33m^^^^^^^^^^^^^^^^^^^^^^^
[0m[33m--> metta runnable  -->
[36m!(import! &self (library lib_memo))
[33m-->  prolog goal  -->[35m 
:- findall(A,
           ( library(lib_memo, B),
             'import!'('&self', B, A)
           ),
           _).
[33m^^^^^^^^^^^^^^^^^^^^^^^
[0m[33m--> metta runnable  -->
[36m!(import_prolog_function consult)
[33m-->  prolog goal  -->[35m 
:- findall(A, import_prolog_function(consult, A), _).
[33m^^^^^^^^^^^^^^^^^^^^^^^
[0m[33m--> metta function -->
[36m(= (import_prolog_functions_from_file $prologfile $importfunctions) (let* (($prologfile (exists_file))
                                                                           ($prologfile (consult))
                                                                           ($function (superpose $importfunctions)))
                                                                          (import_prolog_function $function)))
[33m--> prolog clause -->
[32mimport_prolog_functions_from_file(A, B, C) :-
    A=D,
    exists_file(D),
    A=E,
    consult(E),
    F=G,
    superpose(B, G),
    import_prolog_function(F, C).
[33m^^^^^^^^^^^^^^^^^^^^^^
[0mNot specialized import_prolog_functions_from_file_Spec_[partial(memoize,[config-memoize,get-memoize-config,clear-memoize,invalidate-memoize,is-memoized,get-memoize-stats,clear-memoize-stats])]/3
Not specialized import_prolog_functions_from_file_Spec_[partial(memoize,[config-memoize,get-memoize-config,clear-memoize,invalidate-memoize,is-memoized,get-memoize-stats,clear-memoize-stats])]/3
[33m--> metta runnable  -->
[36m!(import_prolog_functions_from_file
    (library lib_memo.pl)
    (memoize config-memoize get-memoize-config clear-memoize invalidate-memoize is-memoized get-memoize-stats clear-memoize-stats))
[33m-->  prolog goal  -->[35m 
:- findall(A,
           ( library('lib_memo.pl', B),
             import_prolog_functions_from_file(B,
                                               partial(memoize,
                                                       [ 'config-memoize',
                                                         'get-memoize-config',
                                                         'clear-memoize',
                                                         'invalidate-memoize',
                                                         'is-memoized',
                                                         'get-memoize-stats',
                                                         'clear-memoize-stats'
                                                       ]),
                                               A)
           ),
           _).
[33m^^^^^^^^^^^^^^^^^^^^^^^
[0m[33m--> metta function -->
[36m(= (rewriteTreeNary $exp)
   (if (== (get-metatype $exp) Grounded)
       $exp
       (if (== (get-metatype $exp) Symbol)
           (cons col (cons $exp ()))
           (let ($op $children) $exp
             (let $recChildren (map-atom $children $c (rewriteTreeNary $c))
               (cons zipWithN (cons $op (cons $recChildren ()))))))))
[33m--> prolog clause -->
[32mrewriteTreeNary(A, B) :-
    'get-metatype'(A, C),
    ==(C, 'Grounded', D),
    (   D==true
    ->  B=A
    ;   'get-metatype'(A, E),
        ==(E, 'Symbol', F),
        (   F==true
        ->  cons(A, [], G),
            cons(col, G, B)
        ;   H=A,
            reduce([I, J], H),
            K=L,
            maplist([M, N]>>(rewriteTreeNary(M, O), (number(O)->N is O;N=O)),
                    J,
                    L),
            cons(K, [], P),
            cons(I, P, Q),
            cons(zipWithN, Q, B)
        )
    ).
[33m^^^^^^^^^^^^^^^^^^^^^^
[0m[33m--> metta runnable  -->
[36m!(memoize rewriteTreeNaryCached 1)
[33m-->  prolog goal  -->[35m 
:- findall(A, memoize(rewriteTreeNaryCached, 1, A), _).
[33m^^^^^^^^^^^^^^^^^^^^^^^
[0m[33m--> metta function -->
[36m(= (rewriteTreeNaryCached $exp) (rewriteTreeNary $exp))
[33m--> prolog clause -->
[32mrewriteTreeNaryCached(A, B) :-
    rewriteTreeNary(A, B).
[33m^^^^^^^^^^^^^^^^^^^^^^
[0m[33m--> metta runnable  -->
[36m!(import! &self zipform/evaluator-common)
[33m-->  prolog goal  -->[35m 
:- findall(A, 'import!'('&self', 'zipform/evaluator-common', A), _).
[33m^^^^^^^^^^^^^^^^^^^^^^^
[0m[33m--> metta function -->
[36m(= (setZipTable $itable)
   (let* (
            ((mkITable $rows $labels) $itable)
            ($_  (set-param zipTable $itable))
            ($_2 (set-param zipRowCount (List.length $rows))))
       (List.length $rows)))
[33m--> prolog clause -->
[32msetZipTable(A, B) :-
    A=[mkITable, C, _],
    true,
    'set-param'(zipTable, A, _),
    true,
    'List.length'(C, D),
    'set-param'(zipRowCount, D, _),
    'List.length'(C, B).
[33m^^^^^^^^^^^^^^^^^^^^^^
[0m[33m--> metta function -->
[36m(= (transposeCols $cols)
   (if (== (car-atom $cols) ())
       ()
       (cons (map-atom $cols $c (car-atom $c))
             (transposeCols (map-atom $cols $c (cdr-atom $c))))))
[33m--> prolog clause -->
[32mtransposeCols(A, B) :-
    'car-atom'(A, C),
    ==(C, [], D),
    (   D==true
    ->  B=[]
    ;   maplist([E, F]>>('car-atom'(E, G), (number(G)->F is G;F=G)),
                A,
                H),
        maplist([E, I]>>('cdr-atom'(E, J), (number(J)->I is J;I=J)),
                A,
                K),
        transposeCols(K, L),
        cons(H, L, B)
    ).
[33m^^^^^^^^^^^^^^^^^^^^^^
[0m[33m--> metta function -->
[36m(= (evalZipTermCore $term $eval)
   (if (== (get-metatype $term) Grounded)
       (List.repeat (param zipRowCount) $term)
       (let $h (car-atom $term)
         (if (== $h col)
             (let (col $label) $term (varColumn (param zipTable) $label))
             (if (== $h fmap)
                 (let (fmap $f $c) $term
                   (map-atom ($eval $c) $v ($f $v)))
                 (if (== $h zipWith)
                     (let (zipWith $f $a $b) $term
                       (List.zipWith $f ($eval $a) ($eval $b)))
                     (if (== $h zipWithN)
                         (let (zipWithN $op $children) $term
                           (let $cols (map-atom $children $c ($eval $c))
                             (map-atom (transposeCols $cols) $row ($op $row))))
                         (Error $term "evalZipTermCore: unknown zip-term head"))))))))
[33m--> prolog clause -->
[32mevalZipTermCore(A, B, C) :-
    'get-metatype'(A, D),
    ==(D, 'Grounded', E),
    (   E==true
    ->  param(zipRowCount, F),
        'List.repeat'(F, A, C)
    ;   G=H,
        'car-atom'(A, H),
        ==(G, col, I),
        (   I==true
        ->  A=[col, J],
            param(zipTable, K),
            varColumn(K, J, C)
        ;   ==(G, fmap, L),
            (   L==true
            ->  A=[fmap, M, N],
                reduce([B, N], O),
                maplist([P, Q]>>(reduce([M, P], R), (number(R)->Q is R;Q=R)),
                        O,
                        C)
            ;   ==(G, zipWith, S),
                (   S==true
                ->  A=[zipWith, M, T, U],
                    reduce([B, T], V),
                    reduce([B, U], W),
                    'List.zipWith'(M, V, W, C)
                ;   ==(G, zipWithN, X),
                    (   X==true
                    ->  A=[zipWithN, Y, Z],
                        A1=B1,
                        maplist([N, C1]>>(reduce([B, N], D1), (number(D1)->C1 is D1;C1=D1)),
                                Z,
                                B1),
                        transposeCols(A1, E1),
                        maplist([F1, G1]>>(reduce([Y, F1], H1), (number(H1)->G1 is H1;G1=H1)),
                                E1,
                                C)
                    ;   C=['Error', A, "evalZipTermCore: unknown zip-term head"]
                    )
                )
            )
        )
    ).
[33m^^^^^^^^^^^^^^^^^^^^^^
[0m[33m--> metta runnable  -->
[36m!(import! &self zipform/evaluator-memo)
[33m-->  prolog goal  -->[35m 
:- findall(A, 'import!'('&self', 'zipform/evaluator-memo', A), _).
[33m^^^^^^^^^^^^^^^^^^^^^^^
[0m[33m--> metta runnable  -->
[36m!(import! &self (library lib_memo))
[33m-->  prolog goal  -->[35m 
:- findall(A,
           ( library(lib_memo, B),
             'import!'('&self', B, A)
           ),
           _).
[33m^^^^^^^^^^^^^^^^^^^^^^^
[0m[33m--> metta runnable  -->
[36m!(import_prolog_function consult)
[33m-->  prolog goal  -->[35m 
:- findall(A, import_prolog_function(consult, A), _).
[33m^^^^^^^^^^^^^^^^^^^^^^^
[0m[33m--> metta function -->
[36m(= (import_prolog_functions_from_file $prologfile $importfunctions) (let* (($prologfile (exists_file))
                                                                           ($prologfile (consult))
                                                                           ($function (superpose $importfunctions)))
                                                                          (import_prolog_function $function)))
[33m--> prolog clause -->
[32mimport_prolog_functions_from_file(A, B, C) :-
    A=D,
    exists_file(D),
    A=E,
    consult(E),
    F=G,
    superpose(B, G),
    import_prolog_function(F, C).
[33m^^^^^^^^^^^^^^^^^^^^^^
[0mNot specialized import_prolog_functions_from_file_Spec_[partial(memoize,[config-memoize,get-memoize-config,clear-memoize,invalidate-memoize,is-memoized,get-memoize-stats,clear-memoize-stats])]/3
Not specialized import_prolog_functions_from_file_Spec_[partial(memoize,[config-memoize,get-memoize-config,clear-memoize,invalidate-memoize,is-memoized,get-memoize-stats,clear-memoize-stats])]/3
Not specialized import_prolog_functions_from_file_Spec_[partial(memoize,[config-memoize,get-memoize-config,clear-memoize,invalidate-memoize,is-memoized,get-memoize-stats,clear-memoize-stats])]/3
[33m--> metta runnable  -->
[36m!(import_prolog_functions_from_file
    (library lib_memo.pl)
    (memoize config-memoize get-memoize-config clear-memoize invalidate-memoize is-memoized get-memoize-stats clear-memoize-stats))
[33m-->  prolog goal  -->[35m 
:- findall(A,
           ( library('lib_memo.pl', B),
             import_prolog_functions_from_file(B,
                                               partial(memoize,
                                                       [ 'config-memoize',
                                                         'get-memoize-config',
                                                         'clear-memoize',
                                                         'invalidate-memoize',
                                                         'is-memoized',
                                                         'get-memoize-stats',
                                                         'clear-memoize-stats'
                                                       ]),
                                               A)
           ),
           _).
[33m^^^^^^^^^^^^^^^^^^^^^^^
[0m[33m--> metta runnable  -->
[36m!(config-memoize (unique-limit 10000) (strategy wtinylfu) (size-limit 5))
[33m-->  prolog goal  -->[35m 
:- findall(A,
           'config-memoize'(['unique-limit', 10000],
                            [strategy, wtinylfu],
                            ['size-limit', 5],
                            A),
           _).
[33m^^^^^^^^^^^^^^^^^^^^^^^
[0m[33m--> metta runnable  -->
[36m!(memoize evalZipTerm 1)
[33m-->  prolog goal  -->[35m 
:- findall(A, memoize(evalZipTerm, 1, A), _).
[33m^^^^^^^^^^^^^^^^^^^^^^^
[0m[33m-->  metta specialization (evalZipTermCore_Spec_[evalZipTerm])  -->
[36m(= (evalZipTermCore_Spec_[evalZipTerm] $_18310 evalZipTerm) (if (== (get-metatype $_18310) Grounded) (List.repeat (param zipRowCount) $_18310) (let $_18394 (car-atom $_18310) (if (== $_18394 col) (let (col $_18472) $_18310 (varColumn (param zipTable) $_18472)) (if (== $_18394 fmap) (let (fmap $_18562 $_18568) $_18310 (map-atom (evalZipTerm $_18568) $_18610 ($_18562 $_18610))) (if (== $_18394 zipWith) (let (zipWith $_18562 $_18694 $_18700) $_18310 (List.zipWith $_18562 (evalZipTerm $_18694) (evalZipTerm $_18700))) (if (== $_18394 zipWithN) (let (zipWithN $_18820 $_18826) $_18310 (let $_18850 (map-atom $_18826 $_18568 (evalZipTerm $_18568)) (map-atom (transposeCols $_18850) $_18928 ($_18820 $_18928)))) (Error $_18310 "evalZipTermCore: unknown zip-term head"))))))))
[33m--> prolog clause -->
[32m'evalZipTermCore_Spec_[evalZipTerm]'(A, evalZipTerm, B) :-
    'get-metatype'(A, C),
    ==(C, 'Grounded', D),
    (   D==true
    ->  param(zipRowCount, E),
        'List.repeat'(E, A, B)
    ;   F=G,
        'car-atom'(A, G),
        ==(F, col, H),
        (   H==true
        ->  [col, I]=A,
            param(zipTable, J),
            varColumn(J, I, B)
        ;   ==(F, fmap, K),
            (   K==true
            ->  [fmap, L, M]=A,
                cache_call(evalZipTerm, [M], N),
                maplist([O, P]>>(reduce([L, O], Q), (number(Q)->P is Q;P=Q)),
                        N,
                        B)
            ;   ==(F, zipWith, R),
                (   R==true
                ->  [zipWith, L, S, T]=A,
                    cache_call(evalZipTerm, [S], U),
                    cache_call(evalZipTerm, [T], V),
                    'List.zipWith'(L, U, V, B)
                ;   ==(F, zipWithN, W),
                    (   W==true
                    ->  [zipWithN, X, Y]=A,
                        Z=A1,
                        maplist([M, B1]>>(cache_call(evalZipTerm, [M], C1), (number(C1)->B1 is C1;B1=C1)),
                                Y,
                                A1),
                        transposeCols(Z, D1),
                        maplist([E1, F1]>>(reduce([X, E1], G1), (number(G1)->F1 is G1;F1=G1)),
                                D1,
                                B)
                    ;   B=['Error', A, "evalZipTermCore: unknown zip-term head"]
                    )
                )
            )
        )
    ).
[33m^^^^^^^^^^^^^^^^^^^^^
[0m[33m--> metta function -->
[36m(= (evalZipTerm $term) (evalZipTermCore $term evalZipTerm))
[33m--> prolog clause -->
[32mevalZipTerm(A, B) :-
    'evalZipTermCore_Spec_[evalZipTerm]'(A, evalZipTerm, B).
[33m^^^^^^^^^^^^^^^^^^^^^^
[0m[33m--> metta runnable  -->
[36m!(import! &self common/truth-tables)
[33m-->  prolog goal  -->[35m 
:- findall(A, 'import!'('&self', 'common/truth-tables', A), _).
[33m^^^^^^^^^^^^^^^^^^^^^^^
[0m[33m--> metta function -->
[36m(= (parity3Table) (mkITable
    (cons (cons False (cons False (cons False (cons False ()))))
    (cons (cons False (cons False (cons True  (cons True  ()))))
    (cons (cons False (cons True  (cons False (cons True  ()))))
    (cons (cons False (cons True  (cons True  (cons False ()))))
    (cons (cons True  (cons False (cons False (cons True  ()))))
    (cons (cons True  (cons False (cons True  (cons False ()))))
    (cons (cons True  (cons True  (cons False (cons False ()))))
    (cons (cons True  (cons True  (cons True  (cons True  ())))) ()))))))))

    (cons X1 (cons X2 (cons X3 (cons Out ()))))))
[33m--> prolog clause -->
[32mparity3Table([mkITable, A, B]) :-
    cons(false, [], C),
    cons(false, C, D),
    cons(false, D, E),
    cons(false, E, F),
    cons(true, [], G),
    cons(true, G, H),
    cons(false, H, I),
    cons(false, I, J),
    cons(true, [], K),
    cons(false, K, L),
    cons(true, L, M),
    cons(false, M, N),
    cons(false, [], O),
    cons(true, O, P),
    cons(true, P, Q),
    cons(false, Q, R),
    cons(true, [], S),
    cons(false, S, T),
    cons(false, T, U),
    cons(true, U, V),
    cons(false, [], W),
    cons(true, W, X),
    cons(false, X, Y),
    cons(true, Y, Z),
    cons(false, [], A1),
    cons(false, A1, B1),
    cons(true, B1, C1),
    cons(true, C1, D1),
    cons(true, [], E1),
    cons(true, E1, F1),
    cons(true, F1, G1),
    cons(true, G1, H1),
    cons(H1, [], I1),
    cons(D1, I1, J1),
    cons(Z, J1, K1),
    cons(V, K1, L1),
    cons(R, L1, M1),
    cons(N, M1, N1),
    cons(J, N1, O1),
    cons(F, O1, A),
    cons('Out', [], P1),
    cons('X3', P1, Q1),
    cons('X2', Q1, R1),
    cons('X1', R1, B).
[33m^^^^^^^^^^^^^^^^^^^^^^
[0m[33m--> metta function -->
[36m(= (majority3Table) (mkITable
    (cons (cons False (cons False (cons False (cons False ()))))
    (cons (cons False (cons False (cons True  (cons False ()))))
    (cons (cons False (cons True  (cons False (cons False ()))))
    (cons (cons False (cons True  (cons True  (cons True  ()))))
    (cons (cons True  (cons False (cons False (cons False ()))))
    (cons (cons True  (cons False (cons True  (cons True  ()))))
    (cons (cons True  (cons True  (cons False (cons True  ()))))
    (cons (cons True  (cons True  (cons True  (cons True  ())))) ()))))))))

    (cons A (cons B (cons C (cons Out ()))))))
[33m--> prolog clause -->
[32mmajority3Table([mkITable, A, B]) :-
    cons(false, [], C),
    cons(false, C, D),
    cons(false, D, E),
    cons(false, E, F),
    cons(false, [], G),
    cons(true, G, H),
    cons(false, H, I),
    cons(false, I, J),
    cons(false, [], K),
    cons(false, K, L),
    cons(true, L, M),
    cons(false, M, N),
    cons(true, [], O),
    cons(true, O, P),
    cons(true, P, Q),
    cons(false, Q, R),
    cons(false, [], S),
    cons(false, S, T),
    cons(false, T, U),
    cons(true, U, V),
    cons(true, [], W),
    cons(true, W, X),
    cons(false, X, Y),
    cons(true, Y, Z),
    cons(true, [], A1),
    cons(false, A1, B1),
    cons(true, B1, C1),
    cons(true, C1, D1),
    cons(true, [], E1),
    cons(true, E1, F1),
    cons(true, F1, G1),
    cons(true, G1, H1),
    cons(H1, [], I1),
    cons(D1, I1, J1),
    cons(Z, J1, K1),
    cons(V, K1, L1),
    cons(R, L1, M1),
    cons(N, M1, N1),
    cons(J, N1, O1),
    cons(F, O1, A),
    cons('Out', [], P1),
    cons('C', P1, Q1),
    cons('B', Q1, R1),
    cons('A', R1, B).
[33m^^^^^^^^^^^^^^^^^^^^^^
[0m[33m--> metta function -->
[36m(= (mux3Table) (mkITable
    (cons (cons False (cons False (cons False (cons False ()))))      (cons (cons False (cons False (cons True  (cons False ()))))      (cons (cons False (cons True  (cons False (cons True  ()))))      (cons (cons False (cons True  (cons True  (cons True  ()))))      (cons (cons True  (cons False (cons False (cons False ()))))      (cons (cons True  (cons False (cons True  (cons True  ()))))      (cons (cons True  (cons True  (cons False (cons False ()))))      (cons (cons True  (cons True  (cons True  (cons True  ())))) ()))))))))

    (cons Addr (cons D0 (cons D1 (cons Out ()))))))
[33m--> prolog clause -->
[32mmux3Table([mkITable, A, B]) :-
    cons(false, [], C),
    cons(false, C, D),
    cons(false, D, E),
    cons(false, E, F),
    cons(false, [], G),
    cons(true, G, H),
    cons(false, H, I),
    cons(false, I, J),
    cons(true, [], K),
    cons(false, K, L),
    cons(true, L, M),
    cons(false, M, N),
    cons(true, [], O),
    cons(true, O, P),
    cons(true, P, Q),
    cons(false, Q, R),
    cons(false, [], S),
    cons(false, S, T),
    cons(false, T, U),
    cons(true, U, V),
    cons(true, [], W),
    cons(true, W, X),
    cons(false, X, Y),
    cons(true, Y, Z),
    cons(false, [], A1),
    cons(false, A1, B1),
    cons(true, B1, C1),
    cons(true, C1, D1),
    cons(true, [], E1),
    cons(true, E1, F1),
    cons(true, F1, G1),
    cons(true, G1, H1),
    cons(H1, [], I1),
    cons(D1, I1, J1),
    cons(Z, J1, K1),
    cons(V, K1, L1),
    cons(R, L1, M1),
    cons(N, M1, N1),
    cons(J, N1, O1),
    cons(F, O1, A),
    cons('Out', [], P1),
    cons('D1', P1, Q1),
    cons('D0', Q1, R1),
    cons('Addr', R1, B).
[33m^^^^^^^^^^^^^^^^^^^^^^
[0m[33m--> metta function -->
[36m(= (mux6Table) (mkITable
   (cons (cons False (cons False (cons False (cons False (cons False (cons False (cons False ())))))))
   (cons (cons False (cons False (cons False (cons False (cons False (cons True (cons False ())))))))
   (cons (cons False (cons False (cons False (cons False (cons True (cons False (cons False ())))))))
   (cons (cons False (cons False (cons False (cons False (cons True (cons True (cons False ())))))))
   (cons (cons False (cons False (cons False (cons True (cons False (cons False (cons False ())))))))
   (cons (cons False (cons False (cons False (cons True (cons False (cons True (cons False ())))))))
   (cons (cons False (cons False (cons False (cons True (cons True (cons False (cons False ())))))))
   (cons (cons False (cons False (cons False (cons True (cons True (cons True (cons False ())))))))
   (cons (cons False (cons False (cons True (cons False (cons False (cons False (cons True ())))))))
   (cons (cons False (cons False (cons True (cons False (cons False (cons True (cons True ())))))))
   (cons (cons False (cons False (cons True (cons False (cons True (cons False (cons True ())))))))
   (cons (cons False (cons False (cons True (cons False (cons True (cons True (cons True ())))))))
   (cons (cons False (cons False (cons True (cons True (cons False (cons False (cons True ())))))))
   (cons (cons False (cons False (cons True (cons True (cons False (cons True (cons True ())))))))
   (cons (cons False (cons False (cons True (cons True (cons True (cons False (cons True ())))))))
   (cons (cons False (cons False (cons True (cons True (cons True (cons True (cons True ())))))))
   (cons (cons False (cons True (cons False (cons False (cons False (cons False (cons False ())))))))
   (cons (cons False (cons True (cons False (cons False (cons False (cons True (cons False ())))))))
   (cons (cons False (cons True (cons False (cons False (cons True (cons False (cons False ())))))))
   (cons (cons False (cons True (cons False (cons False (cons True (cons True (cons False ())))))))
   (cons (cons False (cons True (cons False (cons True (cons False (cons False (cons True ())))))))
   (cons (cons False (cons True (cons False (cons True (cons False (cons True (cons True ())))))))
   (cons (cons False (cons True (cons False (cons True (cons True (cons False (cons True ())))))))
   (cons (cons False (cons True (cons False (cons True (cons True (cons True (cons True ())))))))
   (cons (cons False (cons True (cons True (cons False (cons False (cons False (cons False ())))))))
   (cons (cons False (cons True (cons True (cons False (cons False (cons True (cons False ())))))))
   (cons (cons False (cons True (cons True (cons False (cons True (cons False (cons False ())))))))
   (cons (cons False (cons True (cons True (cons False (cons True (cons True (cons False ())))))))
   (cons (cons False (cons True (cons True (cons True (cons False (cons False (cons True ())))))))
   (cons (cons False (cons True (cons True (cons True (cons False (cons True (cons True ())))))))
   (cons (cons False (cons True (cons True (cons True (cons True (cons False (cons True ())))))))
   (cons (cons False (cons True (cons True (cons True (cons True (cons True (cons True ())))))))
   (cons (cons True (cons False (cons False (cons False (cons False (cons False (cons False ())))))))
   (cons (cons True (cons False (cons False (cons False (cons False (cons True (cons False ())))))))
   (cons (cons True (cons False (cons False (cons False (cons True (cons False (cons True ())))))))
   (cons (cons True (cons False (cons False (cons False (cons True (cons True (cons True ())))))))
   (cons (cons True (cons False (cons False (cons True (cons False (cons False (cons False ())))))))
   (cons (cons True (cons False (cons False (cons True (cons False (cons True (cons False ())))))))
   (cons (cons True (cons False (cons False (cons True (cons True (cons False (cons True ())))))))
   (cons (cons True (cons False (cons False (cons True (cons True (cons True (cons True ())))))))
   (cons (cons True (cons False (cons True (cons False (cons False (cons False (cons False ())))))))
   (cons (cons True (cons False (cons True (cons False (cons False (cons True (cons False ())))))))
   (cons (cons True (cons False (cons True (cons False (cons True (cons False (cons True ())))))))
   (cons (cons True (cons False (cons True (cons False (cons True (cons True (cons True ())))))))
   (cons (cons True (cons False (cons True (cons True (cons False (cons False (cons False ())))))))
   (cons (cons True (cons False (cons True (cons True (cons False (cons True (cons False ())))))))
   (cons (cons True (cons False (cons True (cons True (cons True (cons False (cons True ())))))))
   (cons (cons True (cons False (cons True (cons True (cons True (cons True (cons True ())))))))
   (cons (cons True (cons True (cons False (cons False (cons False (cons False (cons False ())))))))
   (cons (cons True (cons True (cons False (cons False (cons False (cons True (cons True ())))))))
   (cons (cons True (cons True (cons False (cons False (cons True (cons False (cons False ())))))))
   (cons (cons True (cons True (cons False (cons False (cons True (cons True (cons True ())))))))
   (cons (cons True (cons True (cons False (cons True (cons False (cons False (cons False ())))))))
   (cons (cons True (cons True (cons False (cons True (cons False (cons True (cons True ())))))))
   (cons (cons True (cons True (cons False (cons True (cons True (cons False (cons False ())))))))
   (cons (cons True (cons True (cons False (cons True (cons True (cons True (cons True ())))))))
   (cons (cons True (cons True (cons True (cons False (cons False (cons False (cons False ())))))))
   (cons (cons True (cons True (cons True (cons False (cons False (cons True (cons True ())))))))
   (cons (cons True (cons True (cons True (cons False (cons True (cons False (cons False ())))))))
   (cons (cons True (cons True (cons True (cons False (cons True (cons True (cons True ())))))))
   (cons (cons True (cons True (cons True (cons True (cons False (cons False (cons False ())))))))
   (cons (cons True (cons True (cons True (cons True (cons False (cons True (cons True ())))))))
   (cons (cons True (cons True (cons True (cons True (cons True (cons False (cons False ())))))))
   (cons (cons True (cons True (cons True (cons True (cons True (cons True (cons True ()))))))) ()))))))))))))))))))))))))))))))))))))))))))))))))))))))))))))))))
   (cons A0 (cons A1 (cons D0 (cons D1 (cons D2 (cons D3 (cons Out ())))))))))
[33m--> prolog clause -->
[32mmux6Table([mkITable, A, B]) :-
    cons(false, [], C),
    cons(false, C, D),
    cons(false, D, E),
    cons(false, E, F),
    cons(false, F, G),
    cons(false, G, H),
    cons(false, H, I),
    cons(false, [], J),
    cons(true, J, K),
    cons(false, K, L),
    cons(false, L, M),
    cons(false, M, N),
    cons(false, N, O),
    cons(false, O, P),
    cons(false, [], Q),
    cons(false, Q, R),
    cons(true, R, S),
    cons(false, S, T),
    cons(false, T, U),
    cons(false, U, V),
    cons(false, V, W),
    cons(false, [], X),
    cons(true, X, Y),
    cons(true, Y, Z),
    cons(false, Z, A1),
    cons(false, A1, B1),
    cons(false, B1, C1),
    cons(false, C1, D1),
    cons(false, [], E1),
    cons(false, E1, F1),
    cons(false, F1, G1),
    cons(true, G1, H1),
    cons(false, H1, I1),
    cons(false, I1, J1),
    cons(false, J1, K1),
    cons(false, [], L1),
    cons(true, L1, M1),
    cons(false, M1, N1),
    cons(true, N1, O1),
    cons(false, O1, P1),
    cons(false, P1, Q1),
    cons(false, Q1, R1),
    cons(false, [], S1),
    cons(false, S1, T1),
    cons(true, T1, U1),
    cons(true, U1, V1),
    cons(false, V1, W1),
    cons(false, W1, X1),
    cons(false, X1, Y1),
    cons(false, [], Z1),
    cons(true, Z1, A2),
    cons(true, A2, B2),
    cons(true, B2, C2),
    cons(false, C2, D2),
    cons(false, D2, E2),
    cons(false, E2, F2),
    cons(true, [], G2),
    cons(false, G2, H2),
    cons(false, H2, I2),
    cons(false, I2, J2),
    cons(true, J2, K2),
    cons(false, K2, L2),
    cons(false, L2, M2),
    cons(true, [], N2),
    cons(true, N2, O2),
    cons(false, O2, P2),
    cons(false, P2, Q2),
    cons(true, Q2, R2),
    cons(false, R2, S2),
    cons(false, S2, T2),
    cons(true, [], U2),
    cons(false, U2, V2),
    cons(true, V2, W2),
    cons(false, W2, X2),
    cons(true, X2, Y2),
    cons(false, Y2, Z2),
    cons(false, Z2, A3),
    cons(true, [], B3),
    cons(true, B3, C3),
    cons(true, C3, D3),
    cons(false, D3, E3),
    cons(true, E3, F3),
    cons(false, F3, G3),
    cons(false, G3, H3),
    cons(true, [], I3),
    cons(false, I3, J3),
    cons(false, J3, K3),
    cons(true, K3, L3),
    cons(true, L3, M3),
    cons(false, M3, N3),
    cons(false, N3, O3),
    cons(true, [], P3),
    cons(true, P3, Q3),
    cons(false, Q3, R3),
    cons(true, R3, S3),
    cons(true, S3, T3),
    cons(false, T3, U3),
    cons(false, U3, V3),
    cons(true, [], W3),
    cons(false, W3, X3),
    cons(true, X3, Y3),
    cons(true, Y3, Z3),
    cons(true, Z3, A4),
    cons(false, A4, B4),
    cons(false, B4, C4),
    cons(true, [], D4),
    cons(true, D4, E4),
    cons(true, E4, F4),
    cons(true, F4, G4),
    cons(true, G4, H4),
    cons(false, H4, I4),
    cons(false, I4, J4),
    cons(false, [], K4),
    cons(false, K4, L4),
    cons(false, L4, M4),
    cons(false, M4, N4),
    cons(false, N4, O4),
    cons(true, O4, P4),
    cons(false, P4, Q4),
    cons(false, [], R4),
    cons(true, R4, S4),
    cons(false, S4, T4),
    cons(false, T4, U4),
    cons(false, U4, V4),
    cons(true, V4, W4),
    cons(false, W4, X4),
    cons(false, [], Y4),
    cons(false, Y4, Z4),
    cons(true, Z4, A5),
    cons(false, A5, B5),
    cons(false, B5, C5),
    cons(true, C5, D5),
    cons(false, D5, E5),
    cons(false, [], F5),
    cons(true, F5, G5),
    cons(true, G5, H5),
    cons(false, H5, I5),
    cons(false, I5, J5),
    cons(true, J5, K5),
    cons(false, K5, L5),
    cons(true, [], M5),
    cons(false, M5, N5),
    cons(false, N5, O5),
    cons(true, O5, P5),
    cons(false, P5, Q5),
    cons(true, Q5, R5),
    cons(false, R5, S5),
    cons(true, [], T5),
    cons(true, T5, U5),
    cons(false, U5, V5),
    cons(true, V5, W5),
    cons(false, W5, X5),
    cons(true, X5, Y5),
    cons(false, Y5, Z5),
    cons(true, [], A6),
    cons(false, A6, B6),
    cons(true, B6, C6),
    cons(true, C6, D6),
    cons(false, D6, E6),
    cons(true, E6, F6),
    cons(false, F6, G6),
    cons(true, [], H6),
    cons(true, H6, I6),
    cons(true, I6, J6),
    cons(true, J6, K6),
    cons(false, K6, L6),
    cons(true, L6, M6),
    cons(false, M6, N6),
    cons(false, [], O6),
    cons(false, O6, P6),
    cons(false, P6, Q6),
    cons(false, Q6, R6),
    cons(true, R6, S6),
    cons(true, S6, T6),
    cons(false, T6, U6),
    cons(false, [], V6),
    cons(true, V6, W6),
    cons(false, W6, X6),
    cons(false, X6, Y6),
    cons(true, Y6, Z6),
    cons(true, Z6, A7),
    cons(false, A7, B7),
    cons(false, [], C7),
    cons(false, C7, D7),
    cons(true, D7, E7),
    cons(false, E7, F7),
    cons(true, F7, G7),
    cons(true, G7, H7),
    cons(false, H7, I7),
    cons(false, [], J7),
    cons(true, J7, K7),
    cons(true, K7, L7),
    cons(false, L7, M7),
    cons(true, M7, N7),
    cons(true, N7, O7),
    cons(false, O7, P7),
    cons(true, [], Q7),
    cons(false, Q7, R7),
    cons(false, R7, S7),
    cons(true, S7, T7),
    cons(true, T7, U7),
    cons(true, U7, V7),
    cons(false, V7, W7),
    cons(true, [], X7),
    cons(true, X7, Y7),
    cons(false, Y7, Z7),
    cons(true, Z7, A8),
    cons(true, A8, B8),
    cons(true, B8, C8),
    cons(false, C8, D8),
    cons(true, [], E8),
    cons(false, E8, F8),
    cons(true, F8, G8),
    cons(true, G8, H8),
    cons(true, H8, I8),
    cons(true, I8, J8),
    cons(false, J8, K8),
    cons(true, [], L8),
    cons(true, L8, M8),
    cons(true, M8, N8),
    cons(true, N8, O8),
    cons(true, O8, P8),
    cons(true, P8, Q8),
    cons(false, Q8, R8),
    cons(false, [], S8),
    cons(false, S8, T8),
    cons(false, T8, U8),
    cons(false, U8, V8),
    cons(false, V8, W8),
    cons(false, W8, X8),
    cons(true, X8, Y8),
    cons(false, [], Z8),
    cons(true, Z8, A9),
    cons(false, A9, B9),
    cons(false, B9, C9),
    cons(false, C9, D9),
    cons(false, D9, E9),
    cons(true, E9, F9),
    cons(true, [], G9),
    cons(false, G9, H9),
    cons(true, H9, I9),
    cons(false, I9, J9),
    cons(false, J9, K9),
    cons(false, K9, L9),
    cons(true, L9, M9),
    cons(true, [], N9),
    cons(true, N9, O9),
    cons(true, O9, P9),
    cons(false, P9, Q9),
    cons(false, Q9, R9),
    cons(false, R9, S9),
    cons(true, S9, T9),
    cons(false, [], U9),
    cons(false, U9, V9),
    cons(false, V9, W9),
    cons(true, W9, X9),
    cons(false, X9, Y9),
    cons(false, Y9, Z9),
    cons(true, Z9, A10),
    cons(false, [], B10),
    cons(true, B10, C10),
    cons(false, C10, D10),
    cons(true, D10, E10),
    cons(false, E10, F10),
    cons(false, F10, G10),
    cons(true, G10, H10),
    cons(true, [], I10),
    cons(false, I10, J10),
    cons(true, J10, K10),
    cons(true, K10, L10),
    cons(false, L10, M10),
    cons(false, M10, N10),
    cons(true, N10, O10),
    cons(true, [], P10),
    cons(true, P10, Q10),
    cons(true, Q10, R10),
    cons(true, R10, S10),
    cons(false, S10, T10),
    cons(false, T10, U10),
    cons(true, U10, V10),
    cons(false, [], W10),
    cons(false, W10, X10),
    cons(false, X10, Y10),
    cons(false, Y10, Z10),
    cons(true, Z10, A11),
    cons(false, A11, B11),
    cons(true, B11, C11),
    cons(false, [], D11),
    cons(true, D11, E11),
    cons(false, E11, F11),
    cons(false, F11, G11),
    cons(true, G11, H11),
    cons(false, H11, I11),
    cons(true, I11, J11),
    cons(true, [], K11),
    cons(false, K11, L11),
    cons(true, L11, M11),
    cons(false, M11, N11),
    cons(true, N11, O11),
    cons(false, O11, P11),
    cons(true, P11, Q11),
    cons(true, [], R11),
    cons(true, R11, S11),
    cons(true, S11, T11),
    cons(false, T11, U11),
    cons(true, U11, V11),
    cons(false, V11, W11),
    cons(true, W11, X11),
    cons(false, [], Y11),
    cons(false, Y11, Z11),
    cons(false, Z11, A12),
    cons(true, A12, B12),
    cons(true, B12, C12),
    cons(false, C12, D12),
    cons(true, D12, E12),
    cons(false, [], F12),
    cons(true, F12, G12),
    cons(false, G12, H12),
    cons(true, H12, I12),
    cons(true, I12, J12),
    cons(false, J12, K12),
    cons(true, K12, L12),
    cons(true, [], M12),
    cons(false, M12, N12),
    cons(true, N12, O12),
    cons(true, O12, P12),
    cons(true, P12, Q12),
    cons(false, Q12, R12),
    cons(true, R12, S12),
    cons(true, [], T12),
    cons(true, T12, U12),
    cons(true, U12, V12),
    cons(true, V12, W12),
    cons(true, W12, X12),
    cons(false, X12, Y12),
    cons(true, Y12, Z12),
    cons(false, [], A13),
    cons(false, A13, B13),
    cons(false, B13, C13),
    cons(false, C13, D13),
    cons(false, D13, E13),
    cons(true, E13, F13),
    cons(true, F13, G13),
    cons(true, [], H13),
    cons(true, H13, I13),
    cons(false, I13, J13),
    cons(false, J13, K13),
    cons(false, K13, L13),
    cons(true, L13, M13),
    cons(true, M13, N13),
    cons(false, [], O13),
    cons(false, O13, P13),
    cons(true, P13, Q13),
    cons(false, Q13, R13),
    cons(false, R13, S13),
    cons(true, S13, T13),
    cons(true, T13, U13),
    cons(true, [], V13),
    cons(true, V13, W13),
    cons(true, W13, X13),
    cons(false, X13, Y13),
    cons(false, Y13, Z13),
    cons(true, Z13, A14),
    cons(true, A14, B14),
    cons(false, [], C14),
    cons(false, C14, D14),
    cons(false, D14, E14),
    cons(true, E14, F14),
    cons(false, F14, G14),
    cons(true, G14, H14),
    cons(true, H14, I14),
    cons(true, [], J14),
    cons(true, J14, K14),
    cons(false, K14, L14),
    cons(true, L14, M14),
    cons(false, M14, N14),
    cons(true, N14, O14),
    cons(true, O14, P14),
    cons(false, [], Q14),
    cons(false, Q14, R14),
    cons(true, R14, S14),
    cons(true, S14, T14),
    cons(false, T14, U14),
    cons(true, U14, V14),
    cons(true, V14, W14),
    cons(true, [], X14),
    cons(true, X14, Y14),
    cons(true, Y14, Z14),
    cons(true, Z14, A15),
    cons(false, A15, B15),
    cons(true, B15, C15),
    cons(true, C15, D15),
    cons(false, [], E15),
    cons(false, E15, F15),
    cons(false, F15, G15),
    cons(false, G15, H15),
    cons(true, H15, I15),
    cons(true, I15, J15),
    cons(true, J15, K15),
    cons(true, [], L15),
    cons(true, L15, M15),
    cons(false, M15, N15),
    cons(false, N15, O15),
    cons(true, O15, P15),
    cons(true, P15, Q15),
    cons(true, Q15, R15),
    cons(false, [], S15),
    cons(false, S15, T15),
    cons(true, T15, U15),
    cons(false, U15, V15),
    cons(true, V15, W15),
    cons(true, W15, X15),
    cons(true, X15, Y15),
    cons(true, [], Z15),
    cons(true, Z15, A16),
    cons(true, A16, B16),
    cons(false, B16, C16),
    cons(true, C16, D16),
    cons(true, D16, E16),
    cons(true, E16, F16),
    cons(false, [], G16),
    cons(false, G16, H16),
    cons(false, H16, I16),
    cons(true, I16, J16),
    cons(true, J16, K16),
    cons(true, K16, L16),
    cons(true, L16, M16),
    cons(true, [], N16),
    cons(true, N16, O16),
    cons(false, O16, P16),
    cons(true, P16, Q16),
    cons(true, Q16, R16),
    cons(true, R16, S16),
    cons(true, S16, T16),
    cons(false, [], U16),
    cons(false, U16, V16),
    cons(true, V16, W16),
    cons(true, W16, X16),
    cons(true, X16, Y16),
    cons(true, Y16, Z16),
    cons(true, Z16, A17),
    cons(true, [], B17),
    cons(true, B17, C17),
    cons(true, C17, D17),
    cons(true, D17, E17),
    cons(true, E17, F17),
    cons(true, F17, G17),
    cons(true, G17, H17),
    cons(H17, [], I17),
    cons(A17, I17, J17),
    cons(T16, J17, K17),
    cons(M16, K17, L17),
    cons(F16, L17, M17),
    cons(Y15, M17, N17),
    cons(R15, N17, O17),
    cons(K15, O17, P17),
    cons(D15, P17, Q17),
    cons(W14, Q17, R17),
    cons(P14, R17, S17),
    cons(I14, S17, T17),
    cons(B14, T17, U17),
    cons(U13, U17, V17),
    cons(N13, V17, W17),
    cons(G13, W17, X17),
    cons(Z12, X17, Y17),
    cons(S12, Y17, Z17),
    cons(L12, Z17, A18),
    cons(E12, A18, B18),
    cons(X11, B18, C18),
    cons(Q11, C18, D18),
    cons(J11, D18, E18),
    cons(C11, E18, F18),
    cons(V10, F18, G18),
    cons(O10, G18, H18),
    cons(H10, H18, I18),
    cons(A10, I18, J18),
    cons(T9, J18, K18),
    cons(M9, K18, L18),
    cons(F9, L18, M18),
    cons(Y8, M18, N18),
    cons(R8, N18, O18),
    cons(K8, O18, P18),
    cons(D8, P18, Q18),
    cons(W7, Q18, R18),
    cons(P7, R18, S18),
    cons(I7, S18, T18),
    cons(B7, T18, U18),
    cons(U6, U18, V18),
    cons(N6, V18, W18),
    cons(G6, W18, X18),
    cons(Z5, X18, Y18),
    cons(S5, Y18, Z18),
    cons(L5, Z18, A19),
    cons(E5, A19, B19),
    cons(X4, B19, C19),
    cons(Q4, C19, D19),
    cons(J4, D19, E19),
    cons(C4, E19, F19),
    cons(V3, F19, G19),
    cons(O3, G19, H19),
    cons(H3, H19, I19),
    cons(A3, I19, J19),
    cons(T2, J19, K19),
    cons(M2, K19, L19),
    cons(F2, L19, M19),
    cons(Y1, M19, N19),
    cons(R1, N19, O19),
    cons(K1, O19, P19),
    cons(D1, P19, Q19),
    cons(W, Q19, R19),
    cons(P, R19, S19),
    cons(I, S19, A),
    cons('Out', [], T19),
    cons('D3', T19, U19),
    cons('D2', U19, V19),
    cons('D1', V19, W19),
    cons('D0', W19, X19),
    cons('A1', X19, Y19),
    cons('A0', Y19, B).
[33m^^^^^^^^^^^^^^^^^^^^^^
[0m[33m--> metta runnable  -->
[36m!(import! &self captures/majority3.replay-quoted)
[33m-->  prolog goal  -->[35m 
:- findall(A,
           'import!'('&self', 'captures/majority3.replay-quoted', A),
           _).
[33m^^^^^^^^^^^^^^^^^^^^^^^
[0m[33m--> metta runnable  -->
[36m!(bind! &replayStream (new-space))
[33m-->  prolog goal  -->[35m 
:- findall(A, 'bind!'('&replayStream', ['new-space'], A), _).
[33m^^^^^^^^^^^^^^^^^^^^^^^
[0m[33m--> metta runnable  -->
[36m!(add-atom &replayStream (candidate 1 (quote A)))
[33m-->  prolog goal  -->[35m 
:- findall(A,
           'add-atom'('&replayStream', [candidate, 1, [quote, 'A']], A),
           _).
[33m^^^^^^^^^^^^^^^^^^^^^^^
[0m[33m--> metta runnable  -->
[36m!(add-atom &replayStream (candidate 2 (quote (NOT (A)))))
[33m-->  prolog goal  -->[35m 
:- findall(A,
           'add-atom'('&replayStream', [candidate, 2, [quote, ['NOT', ['A']]]], A),
           _).
[33m^^^^^^^^^^^^^^^^^^^^^^^
[0m[33m--> metta runnable  -->
[36m!(add-atom &replayStream (candidate 3 (quote B)))
[33m-->  prolog goal  -->[35m 
:- findall(A,
           'add-atom'('&replayStream', [candidate, 3, [quote, 'B']], A),
           _).
[33m^^^^^^^^^^^^^^^^^^^^^^^
[0m[33m--> metta runnable  -->
[36m!(add-atom &replayStream (candidate 4 (quote (NOT (B)))))
[33m-->  prolog goal  -->[35m 
:- findall(A,
           'add-atom'('&replayStream', [candidate, 4, [quote, ['NOT', ['B']]]], A),
           _).
[33m^^^^^^^^^^^^^^^^^^^^^^^
[0m[33m--> metta runnable  -->
[36m!(add-atom &replayStream (candidate 5 (quote C)))
[33m-->  prolog goal  -->[35m 
:- findall(A,
           'add-atom'('&replayStream', [candidate, 5, [quote, 'C']], A),
           _).
[33m^^^^^^^^^^^^^^^^^^^^^^^
[0m[33m--> metta runnable  -->
[36m!(add-atom &replayStream (candidate 6 (quote (NOT (C)))))
[33m-->  prolog goal  -->[35m 
:- findall(A,
           'add-atom'('&replayStream', [candidate, 6, [quote, ['NOT', ['C']]]], A),
           _).
[33m^^^^^^^^^^^^^^^^^^^^^^^
[0m[33m--> metta runnable  -->
[36m!(add-atom &replayStream (candidate 7 (quote (AND ((NOT (B)) C)))))
[33m-->  prolog goal  -->[35m 
:- findall(A,
           'add-atom'('&replayStream',
                      [candidate, 7, [quote, ['AND', [['NOT', ['B']], 'C']]]],
                      A),
           _).
[33m^^^^^^^^^^^^^^^^^^^^^^^
[0m[33m--> metta runnable  -->
[36m!(add-atom &replayStream (candidate 8 (quote (AND ((OR (B (NOT (C)))))))))
[33m-->  prolog goal  -->[35m 
:- findall(A,
           'add-atom'('&replayStream',
                      [candidate, 8, [quote, ['AND', [['OR', ['B', ['NOT', ['C']]]]]]]],
                      A),
           _).
[33m^^^^^^^^^^^^^^^^^^^^^^^
[0m[33m--> metta runnable  -->
[36m!(add-atom &replayStream (candidate 9 (quote (AND ((NOT (A)) B)))))
[33m-->  prolog goal  -->[35m 
:- findall(A,
           'add-atom'('&replayStream',
                      [candidate, 9, [quote, ['AND', [['NOT', ['A']], 'B']]]],
                      A),
           _).
[33m^^^^^^^^^^^^^^^^^^^^^^^
[0m[33m--> metta runnable  -->
[36m!(add-atom &replayStream (candidate 10 (quote (AND ((OR (A (NOT (B)))))))))
[33m-->  prolog goal  -->[35m 
:- findall(A,
           'add-atom'('&replayStream',
                      [candidate, 10, [quote, ['AND', [['OR', ['A', ['NOT', ['B']]]]]]]],
                      A),
           _).
[33m^^^^^^^^^^^^^^^^^^^^^^^
[0m[33m--> metta runnable  -->
[36m!(add-atom &replayStream (candidate 11 (quote (AND (A B)))))
[33m-->  prolog goal  -->[35m 
:- findall(A,
           'add-atom'('&replayStream', [candidate, 11, [quote, ['AND', ['A', 'B']]]], A),
           _).
[33m^^^^^^^^^^^^^^^^^^^^^^^
[0m[33m--> metta runnable  -->
[36m!(add-atom &replayStream (candidate 12 (quote (AND ((OR ((NOT (A)) (NOT (B)))))))))
[33m-->  prolog goal  -->[35m 
:- findall(A,
           'add-atom'('&replayStream',
                      [ candidate,
                        12,
                        [quote, ['AND', [['OR', [['NOT', ['A']], ['NOT', ['B']]]]]]]
                      ],
                      A),
           _).
[33m^^^^^^^^^^^^^^^^^^^^^^^
[0m[33m--> metta runnable  -->
[36m!(add-atom &replayStream (candidate 13 (quote A)))
[33m-->  prolog goal  -->[35m 
:- findall(A,
           'add-atom'('&replayStream', [candidate, 13, [quote, 'A']], A),
           _).
[33m^^^^^^^^^^^^^^^^^^^^^^^
[0m[33m--> metta runnable  -->
[36m!(add-atom &replayStream (candidate 14 (quote (NOT (A)))))
[33m-->  prolog goal  -->[35m 
:- findall(A,
           'add-atom'('&replayStream', [candidate, 14, [quote, ['NOT', ['A']]]], A),
           _).
[33m^^^^^^^^^^^^^^^^^^^^^^^
[0m[33m--> metta runnable  -->
[36m!(add-atom &replayStream (candidate 15 (quote B)))
[33m-->  prolog goal  -->[35m 
:- findall(A,
           'add-atom'('&replayStream', [candidate, 15, [quote, 'B']], A),
           _).
[33m^^^^^^^^^^^^^^^^^^^^^^^
[0m[33m--> metta runnable  -->
[36m!(add-atom &replayStream (candidate 16 (quote (NOT (B)))))
[33m-->  prolog goal  -->[35m 
:- findall(A,
           'add-atom'('&replayStream', [candidate, 16, [quote, ['NOT', ['B']]]], A),
           _).
[33m^^^^^^^^^^^^^^^^^^^^^^^
[0m[33m--> metta runnable  -->
[36m!(add-atom &replayStream (candidate 17 (quote C)))
[33m-->  prolog goal  -->[35m 
:- findall(A,
           'add-atom'('&replayStream', [candidate, 17, [quote, 'C']], A),
           _).
[33m^^^^^^^^^^^^^^^^^^^^^^^
[0m[33m--> metta runnable  -->
[36m!(add-atom &replayStream (candidate 18 (quote (NOT (C)))))
[33m-->  prolog goal  -->[35m 
:- findall(A,
           'add-atom'('&replayStream', [candidate, 18, [quote, ['NOT', ['C']]]], A),
           _).
[33m^^^^^^^^^^^^^^^^^^^^^^^
[0m[33m--> metta runnable  -->
[36m!(add-atom &replayStream (candidate 19 (quote (AND ((OR (A C)))))))
[33m-->  prolog goal  -->[35m 
:- findall(A,
           'add-atom'('&replayStream',
                      [candidate, 19, [quote, ['AND', [['OR', ['A', 'C']]]]]],
                      A),
           _).
[33m^^^^^^^^^^^^^^^^^^^^^^^
[0m[33m--> metta runnable  -->
[36m!(add-atom &replayStream (candidate 20 (quote (AND ((NOT (A)) (NOT (C)))))))
[33m-->  prolog goal  -->[35m 
:- findall(A,
           'add-atom'('&replayStream',
                      [candidate, 20, [quote, ['AND', [['NOT', ['A']], ['NOT', ['C']]]]]],
                      A),
           _).
[33m^^^^^^^^^^^^^^^^^^^^^^^
[0m[33m--> metta runnable  -->
[36m!(add-atom &replayStream (candidate 21 (quote (AND ((OR ((NOT (B)) C)))))))
[33m-->  prolog goal  -->[35m 
:- findall(A,
           'add-atom'('&replayStream',
                      [candidate, 21, [quote, ['AND', [['OR', [['NOT', ['B']], 'C']]]]]],
                      A),
           _).
[33m^^^^^^^^^^^^^^^^^^^^^^^
[0m[33m--> metta runnable  -->
[36m!(add-atom &replayStream (candidate 22 (quote (AND (B (NOT (C)))))))
[33m-->  prolog goal  -->[35m 
:- findall(A,
           'add-atom'('&replayStream',
                      [candidate, 22, [quote, ['AND', ['B', ['NOT', ['C']]]]]],
                      A),
           _).
[33m^^^^^^^^^^^^^^^^^^^^^^^
[0m[33m--> metta runnable  -->
[36m!(add-atom &replayStream (candidate 23 (quote (AND ((OR (A B)))))))
[33m-->  prolog goal  -->[35m 
:- findall(A,
           'add-atom'('&replayStream',
                      [candidate, 23, [quote, ['AND', [['OR', ['A', 'B']]]]]],
                      A),
           _).
[33m^^^^^^^^^^^^^^^^^^^^^^^
[0m[33m--> metta runnable  -->
[36m!(add-atom &replayStream (candidate 24 (quote (AND ((NOT (A)) (NOT (B)))))))
[33m-->  prolog goal  -->[35m 
:- findall(A,
           'add-atom'('&replayStream',
                      [candidate, 24, [quote, ['AND', [['NOT', ['A']], ['NOT', ['B']]]]]],
                      A),
           _).
[33m^^^^^^^^^^^^^^^^^^^^^^^
[0m[33m--> metta runnable  -->
[36m!(add-atom &replayStream (candidate 25 (quote A)))
[33m-->  prolog goal  -->[35m 
:- findall(A,
           'add-atom'('&replayStream', [candidate, 25, [quote, 'A']], A),
           _).
[33m^^^^^^^^^^^^^^^^^^^^^^^
[0m[33m--> metta runnable  -->
[36m!(add-atom &replayStream (candidate 26 (quote (NOT (A)))))
[33m-->  prolog goal  -->[35m 
:- findall(A,
           'add-atom'('&replayStream', [candidate, 26, [quote, ['NOT', ['A']]]], A),
           _).
[33m^^^^^^^^^^^^^^^^^^^^^^^
[0m[33m--> metta runnable  -->
[36m!(add-atom &replayStream (candidate 27 (quote B)))
[33m-->  prolog goal  -->[35m 
:- findall(A,
           'add-atom'('&replayStream', [candidate, 27, [quote, 'B']], A),
           _).
[33m^^^^^^^^^^^^^^^^^^^^^^^
[0m[33m--> metta runnable  -->
[36m!(add-atom &replayStream (candidate 28 (quote (NOT (B)))))
[33m-->  prolog goal  -->[35m 
:- findall(A,
           'add-atom'('&replayStream', [candidate, 28, [quote, ['NOT', ['B']]]], A),
           _).
[33m^^^^^^^^^^^^^^^^^^^^^^^
[0m[33m--> metta runnable  -->
[36m!(add-atom &replayStream (candidate 29 (quote C)))
[33m-->  prolog goal  -->[35m 
:- findall(A,
           'add-atom'('&replayStream', [candidate, 29, [quote, 'C']], A),
           _).
[33m^^^^^^^^^^^^^^^^^^^^^^^
[0m[33m--> metta runnable  -->
[36m!(add-atom &replayStream (candidate 30 (quote (NOT (C)))))
[33m-->  prolog goal  -->[35m 
:- findall(A,
           'add-atom'('&replayStream', [candidate, 30, [quote, ['NOT', ['C']]]], A),
           _).
[33m^^^^^^^^^^^^^^^^^^^^^^^
[0m[33m--> metta runnable  -->
[36m!(add-atom &replayStream (candidate 31 (quote (AND ((NOT (B)) C)))))
[33m-->  prolog goal  -->[35m 
:- findall(A,
           'add-atom'('&replayStream',
                      [candidate, 31, [quote, ['AND', [['NOT', ['B']], 'C']]]],
                      A),
           _).
[33m^^^^^^^^^^^^^^^^^^^^^^^
[0m[33m--> metta runnable  -->
[36m!(add-atom &replayStream (candidate 32 (quote (AND ((OR (B (NOT (C)))))))))
[33m-->  prolog goal  -->[35m 
:- findall(A,
           'add-atom'('&replayStream',
                      [candidate, 32, [quote, ['AND', [['OR', ['B', ['NOT', ['C']]]]]]]],
                      A),
           _).
[33m^^^^^^^^^^^^^^^^^^^^^^^
[0m[33m--> metta runnable  -->
[36m!(add-atom &replayStream (candidate 33 (quote (AND (A B)))))
[33m-->  prolog goal  -->[35m 
:- findall(A,
           'add-atom'('&replayStream', [candidate, 33, [quote, ['AND', ['A', 'B']]]], A),
           _).
[33m^^^^^^^^^^^^^^^^^^^^^^^
[0m[33m--> metta runnable  -->
[36m!(add-atom &replayStream (candidate 34 (quote (AND ((OR ((NOT (A)) (NOT (B)))))))))
[33m-->  prolog goal  -->[35m 
:- findall(A,
           'add-atom'('&replayStream',
                      [ candidate,
                        34,
                        [quote, ['AND', [['OR', [['NOT', ['A']], ['NOT', ['B']]]]]]]
                      ],
                      A),
           _).
[33m^^^^^^^^^^^^^^^^^^^^^^^
[0m[33m--> metta runnable  -->
[36m!(add-atom &replayStream (candidate 35 (quote (AND (A C)))))
[33m-->  prolog goal  -->[35m 
:- findall(A,
           'add-atom'('&replayStream', [candidate, 35, [quote, ['AND', ['A', 'C']]]], A),
           _).
[33m^^^^^^^^^^^^^^^^^^^^^^^
[0m[33m--> metta runnable  -->
[36m!(add-atom &replayStream (candidate 36 (quote (AND ((OR ((NOT (A)) (NOT (C)))))))))
[33m-->  prolog goal  -->[35m 
:- findall(A,
           'add-atom'('&replayStream',
                      [ candidate,
                        36,
                        [quote, ['AND', [['OR', [['NOT', ['A']], ['NOT', ['C']]]]]]]
                      ],
                      A),
           _).
[33m^^^^^^^^^^^^^^^^^^^^^^^
[0m[33m--> metta runnable  -->
[36m!(add-atom &replayStream (candidate 37 (quote A)))
[33m-->  prolog goal  -->[35m 
:- findall(A,
           'add-atom'('&replayStream', [candidate, 37, [quote, 'A']], A),
           _).
[33m^^^^^^^^^^^^^^^^^^^^^^^
[0m[33m--> metta runnable  -->
[36m!(add-atom &replayStream (candidate 38 (quote (NOT (A)))))
[33m-->  prolog goal  -->[35m 
:- findall(A,
           'add-atom'('&replayStream', [candidate, 38, [quote, ['NOT', ['A']]]], A),
           _).
[33m^^^^^^^^^^^^^^^^^^^^^^^
[0m[33m--> metta runnable  -->
[36m!(add-atom &replayStream (candidate 39 (quote B)))
[33m-->  prolog goal  -->[35m 
:- findall(A,
           'add-atom'('&replayStream', [candidate, 39, [quote, 'B']], A),
           _).
[33m^^^^^^^^^^^^^^^^^^^^^^^
[0m[33m--> metta runnable  -->
[36m!(add-atom &replayStream (candidate 40 (quote (NOT (B)))))
[33m-->  prolog goal  -->[35m 
:- findall(A,
           'add-atom'('&replayStream', [candidate, 40, [quote, ['NOT', ['B']]]], A),
           _).
[33m^^^^^^^^^^^^^^^^^^^^^^^
[0m[33m--> metta runnable  -->
[36m!(add-atom &replayStream (candidate 41 (quote C)))
[33m-->  prolog goal  -->[35m 
:- findall(A,
           'add-atom'('&replayStream', [candidate, 41, [quote, 'C']], A),
           _).
[33m^^^^^^^^^^^^^^^^^^^^^^^
[0m[33m--> metta runnable  -->
[36m!(add-atom &replayStream (candidate 42 (quote (NOT (C)))))
[33m-->  prolog goal  -->[35m 
:- findall(A,
           'add-atom'('&replayStream', [candidate, 42, [quote, ['NOT', ['C']]]], A),
           _).
[33m^^^^^^^^^^^^^^^^^^^^^^^
[0m[33m--> metta runnable  -->
[36m!(add-atom &replayStream (candidate 43 (quote (AND ((OR ((NOT (A)) C)))))))
[33m-->  prolog goal  -->[35m 
:- findall(A,
           'add-atom'('&replayStream',
                      [candidate, 43, [quote, ['AND', [['OR', [['NOT', ['A']], 'C']]]]]],
                      A),
           _).
[33m^^^^^^^^^^^^^^^^^^^^^^^
[0m[33m--> metta runnable  -->
[36m!(add-atom &replayStream (candidate 44 (quote (AND (A (NOT (C)))))))
[33m-->  prolog goal  -->[35m 
:- findall(A,
           'add-atom'('&replayStream',
                      [candidate, 44, [quote, ['AND', ['A', ['NOT', ['C']]]]]],
                      A),
           _).
[33m^^^^^^^^^^^^^^^^^^^^^^^
[0m[33m--> metta runnable  -->
[36m!(add-atom &replayStream (candidate 45 (quote (AND ((OR (A C)))))))
[33m-->  prolog goal  -->[35m 
:- findall(A,
           'add-atom'('&replayStream',
                      [candidate, 45, [quote, ['AND', [['OR', ['A', 'C']]]]]],
                      A),
           _).
[33m^^^^^^^^^^^^^^^^^^^^^^^
[0m[33m--> metta runnable  -->
[36m!(add-atom &replayStream (candidate 46 (quote (AND ((NOT (A)) (NOT (C)))))))
[33m-->  prolog goal  -->[35m 
:- findall(A,
           'add-atom'('&replayStream',
                      [candidate, 46, [quote, ['AND', [['NOT', ['A']], ['NOT', ['C']]]]]],
                      A),
           _).
[33m^^^^^^^^^^^^^^^^^^^^^^^
[0m[33m--> metta runnable  -->
[36m!(add-atom &replayStream (candidate 47 (quote (AND ((OR (A B)))))))
[33m-->  prolog goal  -->[35m 
:- findall(A,
           'add-atom'('&replayStream',
                      [candidate, 47, [quote, ['AND', [['OR', ['A', 'B']]]]]],
                      A),
           _).
[33m^^^^^^^^^^^^^^^^^^^^^^^
[0m[33m--> metta runnable  -->
[36m!(add-atom &replayStream (candidate 48 (quote (AND ((NOT (A)) (NOT (B)))))))
[33m-->  prolog goal  -->[35m 
:- findall(A,
           'add-atom'('&replayStream',
                      [candidate, 48, [quote, ['AND', [['NOT', ['A']], ['NOT', ['B']]]]]],
                      A),
           _).
[33m^^^^^^^^^^^^^^^^^^^^^^^
[0m[33m--> metta runnable  -->
[36m!(add-atom &replayStream (candidate 49 (quote A)))
[33m-->  prolog goal  -->[35m 
:- findall(A,
           'add-atom'('&replayStream', [candidate, 49, [quote, 'A']], A),
           _).
[33m^^^^^^^^^^^^^^^^^^^^^^^
[0m[33m--> metta runnable  -->
[36m!(add-atom &replayStream (candidate 50 (quote (NOT (A)))))
[33m-->  prolog goal  -->[35m 
:- findall(A,
           'add-atom'('&replayStream', [candidate, 50, [quote, ['NOT', ['A']]]], A),
           _).
[33m^^^^^^^^^^^^^^^^^^^^^^^
[0m[33m--> metta runnable  -->
[36m!(add-atom &replayStream (candidate 51 (quote B)))
[33m-->  prolog goal  -->[35m 
:- findall(A,
           'add-atom'('&replayStream', [candidate, 51, [quote, 'B']], A),
           _).
[33m^^^^^^^^^^^^^^^^^^^^^^^
[0m[33m--> metta runnable  -->
[36m!(add-atom &replayStream (candidate 52 (quote (NOT (B)))))
[33m-->  prolog goal  -->[35m 
:- findall(A,
           'add-atom'('&replayStream', [candidate, 52, [quote, ['NOT', ['B']]]], A),
           _).
[33m^^^^^^^^^^^^^^^^^^^^^^^
[0m[33m--> metta runnable  -->
[36m!(add-atom &replayStream (candidate 53 (quote C)))
[33m-->  prolog goal  -->[35m 
:- findall(A,
           'add-atom'('&replayStream', [candidate, 53, [quote, 'C']], A),
           _).
[33m^^^^^^^^^^^^^^^^^^^^^^^
[0m[33m--> metta runnable  -->
[36m!(add-atom &replayStream (candidate 54 (quote (NOT (C)))))
[33m-->  prolog goal  -->[35m 
:- findall(A,
           'add-atom'('&replayStream', [candidate, 54, [quote, ['NOT', ['C']]]], A),
           _).
[33m^^^^^^^^^^^^^^^^^^^^^^^
[0m[33m--> metta runnable  -->
[36m!(add-atom &replayStream (candidate 55 (quote (AND ((NOT (B)) C)))))
[33m-->  prolog goal  -->[35m 
:- findall(A,
           'add-atom'('&replayStream',
                      [candidate, 55, [quote, ['AND', [['NOT', ['B']], 'C']]]],
                      A),
           _).
[33m^^^^^^^^^^^^^^^^^^^^^^^
[0m[33m--> metta runnable  -->
[36m!(add-atom &replayStream (candidate 56 (quote (AND ((OR (B (NOT (C)))))))))
[33m-->  prolog goal  -->[35m 
:- findall(A,
           'add-atom'('&replayStream',
                      [candidate, 56, [quote, ['AND', [['OR', ['B', ['NOT', ['C']]]]]]]],
                      A),
           _).
[33m^^^^^^^^^^^^^^^^^^^^^^^
[0m[33m--> metta runnable  -->
[36m!(add-atom &replayStream (candidate 57 (quote (AND ((NOT (A)) B)))))
[33m-->  prolog goal  -->[35m 
:- findall(A,
           'add-atom'('&replayStream',
                      [candidate, 57, [quote, ['AND', [['NOT', ['A']], 'B']]]],
                      A),
           _).
[33m^^^^^^^^^^^^^^^^^^^^^^^
[0m[33m--> metta runnable  -->
[36m!(add-atom &replayStream (candidate 58 (quote (AND ((OR (A (NOT (B)))))))))
[33m-->  prolog goal  -->[35m 
:- findall(A,
           'add-atom'('&replayStream',
                      [candidate, 58, [quote, ['AND', [['OR', ['A', ['NOT', ['B']]]]]]]],
                      A),
           _).
[33m^^^^^^^^^^^^^^^^^^^^^^^
[0m[33m--> metta runnable  -->
[36m!(add-atom &replayStream (candidate 59 (quote (AND (A B)))))
[33m-->  prolog goal  -->[35m 
:- findall(A,
           'add-atom'('&replayStream', [candidate, 59, [quote, ['AND', ['A', 'B']]]], A),
           _).
[33m^^^^^^^^^^^^^^^^^^^^^^^
[0m[33m--> metta runnable  -->
[36m!(add-atom &replayStream (candidate 60 (quote (AND ((OR ((NOT (A)) (NOT (B)))))))))
[33m-->  prolog goal  -->[35m 
:- findall(A,
           'add-atom'('&replayStream',
                      [ candidate,
                        60,
                        [quote, ['AND', [['OR', [['NOT', ['A']], ['NOT', ['B']]]]]]]
                      ],
                      A),
           _).
[33m^^^^^^^^^^^^^^^^^^^^^^^
[0m[33m--> metta runnable  -->
[36m!(add-atom &replayStream (candidate 61 (quote A)))
[33m-->  prolog goal  -->[35m 
:- findall(A,
           'add-atom'('&replayStream', [candidate, 61, [quote, 'A']], A),
           _).
[33m^^^^^^^^^^^^^^^^^^^^^^^
[0m[33m--> metta runnable  -->
[36m!(add-atom &replayStream (candidate 62 (quote (NOT (A)))))
[33m-->  prolog goal  -->[35m 
:- findall(A,
           'add-atom'('&replayStream', [candidate, 62, [quote, ['NOT', ['A']]]], A),
           _).
[33m^^^^^^^^^^^^^^^^^^^^^^^
[0m[33m--> metta runnable  -->
[36m!(add-atom &replayStream (candidate 63 (quote B)))
[33m-->  prolog goal  -->[35m 
:- findall(A,
           'add-atom'('&replayStream', [candidate, 63, [quote, 'B']], A),
           _).
[33m^^^^^^^^^^^^^^^^^^^^^^^
[0m[33m--> metta runnable  -->
[36m!(add-atom &replayStream (candidate 64 (quote (NOT (B)))))
[33m-->  prolog goal  -->[35m 
:- findall(A,
           'add-atom'('&replayStream', [candidate, 64, [quote, ['NOT', ['B']]]], A),
           _).
[33m^^^^^^^^^^^^^^^^^^^^^^^
[0m[33m--> metta runnable  -->
[36m!(add-atom &replayStream (candidate 65 (quote C)))
[33m-->  prolog goal  -->[35m 
:- findall(A,
           'add-atom'('&replayStream', [candidate, 65, [quote, 'C']], A),
           _).
[33m^^^^^^^^^^^^^^^^^^^^^^^
[0m[33m--> metta runnable  -->
[36m!(add-atom &replayStream (candidate 66 (quote (NOT (C)))))
[33m-->  prolog goal  -->[35m 
:- findall(A,
           'add-atom'('&replayStream', [candidate, 66, [quote, ['NOT', ['C']]]], A),
           _).
[33m^^^^^^^^^^^^^^^^^^^^^^^
[0m[33m--> metta runnable  -->
[36m!(add-atom &replayStream (candidate 67 (quote (AND ((OR (A C)))))))
[33m-->  prolog goal  -->[35m 
:- findall(A,
           'add-atom'('&replayStream',
                      [candidate, 67, [quote, ['AND', [['OR', ['A', 'C']]]]]],
                      A),
           _).
[33m^^^^^^^^^^^^^^^^^^^^^^^
[0m[33m--> metta runnable  -->
[36m!(add-atom &replayStream (candidate 68 (quote (AND ((NOT (A)) (NOT (C)))))))
[33m-->  prolog goal  -->[35m 
:- findall(A,
           'add-atom'('&replayStream',
                      [candidate, 68, [quote, ['AND', [['NOT', ['A']], ['NOT', ['C']]]]]],
                      A),
           _).
[33m^^^^^^^^^^^^^^^^^^^^^^^
[0m[33m--> metta runnable  -->
[36m!(add-atom &replayStream (candidate 69 (quote (AND ((OR ((NOT (B)) C)))))))
[33m-->  prolog goal  -->[35m 
:- findall(A,
           'add-atom'('&replayStream',
                      [candidate, 69, [quote, ['AND', [['OR', [['NOT', ['B']], 'C']]]]]],
                      A),
           _).
[33m^^^^^^^^^^^^^^^^^^^^^^^
[0m[33m--> metta runnable  -->
[36m!(add-atom &replayStream (candidate 70 (quote (AND (B (NOT (C)))))))
[33m-->  prolog goal  -->[35m 
:- findall(A,
           'add-atom'('&replayStream',
                      [candidate, 70, [quote, ['AND', ['B', ['NOT', ['C']]]]]],
                      A),
           _).
[33m^^^^^^^^^^^^^^^^^^^^^^^
[0m[33m--> metta runnable  -->
[36m!(add-atom &replayStream (candidate 71 (quote (AND ((OR (A B)))))))
[33m-->  prolog goal  -->[35m 
:- findall(A,
           'add-atom'('&replayStream',
                      [candidate, 71, [quote, ['AND', [['OR', ['A', 'B']]]]]],
                      A),
           _).
[33m^^^^^^^^^^^^^^^^^^^^^^^
[0m[33m--> metta runnable  -->
[36m!(add-atom &replayStream (candidate 72 (quote (AND ((NOT (A)) (NOT (B)))))))
[33m-->  prolog goal  -->[35m 
:- findall(A,
           'add-atom'('&replayStream',
                      [candidate, 72, [quote, ['AND', [['NOT', ['A']], ['NOT', ['B']]]]]],
                      A),
           _).
[33m^^^^^^^^^^^^^^^^^^^^^^^
[0m[33m--> metta runnable  -->
[36m!(add-atom &replayStream (candidate 73 (quote A)))
[33m-->  prolog goal  -->[35m 
:- findall(A,
           'add-atom'('&replayStream', [candidate, 73, [quote, 'A']], A),
           _).
[33m^^^^^^^^^^^^^^^^^^^^^^^
[0m[33m--> metta runnable  -->
[36m!(add-atom &replayStream (candidate 74 (quote (NOT (A)))))
[33m-->  prolog goal  -->[35m 
:- findall(A,
           'add-atom'('&replayStream', [candidate, 74, [quote, ['NOT', ['A']]]], A),
           _).
[33m^^^^^^^^^^^^^^^^^^^^^^^
[0m[33m--> metta runnable  -->
[36m!(add-atom &replayStream (candidate 75 (quote B)))
[33m-->  prolog goal  -->[35m 
:- findall(A,
           'add-atom'('&replayStream', [candidate, 75, [quote, 'B']], A),
           _).
[33m^^^^^^^^^^^^^^^^^^^^^^^
[0m[33m--> metta runnable  -->
[36m!(add-atom &replayStream (candidate 76 (quote (NOT (B)))))
[33m-->  prolog goal  -->[35m 
:- findall(A,
           'add-atom'('&replayStream', [candidate, 76, [quote, ['NOT', ['B']]]], A),
           _).
[33m^^^^^^^^^^^^^^^^^^^^^^^
[0m[33m--> metta runnable  -->
[36m!(add-atom &replayStream (candidate 77 (quote C)))
[33m-->  prolog goal  -->[35m 
:- findall(A,
           'add-atom'('&replayStream', [candidate, 77, [quote, 'C']], A),
           _).
[33m^^^^^^^^^^^^^^^^^^^^^^^
[0m[33m--> metta runnable  -->
[36m!(add-atom &replayStream (candidate 78 (quote (NOT (C)))))
[33m-->  prolog goal  -->[35m 
:- findall(A,
           'add-atom'('&replayStream', [candidate, 78, [quote, ['NOT', ['C']]]], A),
           _).
[33m^^^^^^^^^^^^^^^^^^^^^^^
[0m[33m--> metta runnable  -->
[36m!(add-atom &replayStream (candidate 79 (quote (AND ((NOT (B)) C)))))
[33m-->  prolog goal  -->[35m 
:- findall(A,
           'add-atom'('&replayStream',
                      [candidate, 79, [quote, ['AND', [['NOT', ['B']], 'C']]]],
                      A),
           _).
[33m^^^^^^^^^^^^^^^^^^^^^^^
[0m[33m--> metta runnable  -->
[36m!(add-atom &replayStream (candidate 80 (quote (AND ((OR (B (NOT (C)))))))))
[33m-->  prolog goal  -->[35m 
:- findall(A,
           'add-atom'('&replayStream',
                      [candidate, 80, [quote, ['AND', [['OR', ['B', ['NOT', ['C']]]]]]]],
                      A),
           _).
[33m^^^^^^^^^^^^^^^^^^^^^^^
[0m[33m--> metta runnable  -->
[36m!(add-atom &replayStream (candidate 81 (quote (AND (A B)))))
[33m-->  prolog goal  -->[35m 
:- findall(A,
           'add-atom'('&replayStream', [candidate, 81, [quote, ['AND', ['A', 'B']]]], A),
           _).
[33m^^^^^^^^^^^^^^^^^^^^^^^
[0m[33m--> metta runnable  -->
[36m!(add-atom &replayStream (candidate 82 (quote (AND ((OR ((NOT (A)) (NOT (B)))))))))
[33m-->  prolog goal  -->[35m 
:- findall(A,
           'add-atom'('&replayStream',
                      [ candidate,
                        82,
                        [quote, ['AND', [['OR', [['NOT', ['A']], ['NOT', ['B']]]]]]]
                      ],
                      A),
           _).
[33m^^^^^^^^^^^^^^^^^^^^^^^
[0m[33m--> metta runnable  -->
[36m!(add-atom &replayStream (candidate 83 (quote (AND (A C)))))
[33m-->  prolog goal  -->[35m 
:- findall(A,
           'add-atom'('&replayStream', [candidate, 83, [quote, ['AND', ['A', 'C']]]], A),
           _).
[33m^^^^^^^^^^^^^^^^^^^^^^^
[0m[33m--> metta runnable  -->
[36m!(add-atom &replayStream (candidate 84 (quote (AND ((OR ((NOT (A)) (NOT (C)))))))))
[33m-->  prolog goal  -->[35m 
:- findall(A,
           'add-atom'('&replayStream',
                      [ candidate,
                        84,
                        [quote, ['AND', [['OR', [['NOT', ['A']], ['NOT', ['C']]]]]]]
                      ],
                      A),
           _).
[33m^^^^^^^^^^^^^^^^^^^^^^^
[0m[33m--> metta runnable  -->
[36m!(add-atom &replayStream (candidate 85 (quote A)))
[33m-->  prolog goal  -->[35m 
:- findall(A,
           'add-atom'('&replayStream', [candidate, 85, [quote, 'A']], A),
           _).
[33m^^^^^^^^^^^^^^^^^^^^^^^
[0m[33m--> metta runnable  -->
[36m!(add-atom &replayStream (candidate 86 (quote (NOT (A)))))
[33m-->  prolog goal  -->[35m 
:- findall(A,
           'add-atom'('&replayStream', [candidate, 86, [quote, ['NOT', ['A']]]], A),
           _).
[33m^^^^^^^^^^^^^^^^^^^^^^^
[0m[33m--> metta runnable  -->
[36m!(add-atom &replayStream (candidate 87 (quote B)))
[33m-->  prolog goal  -->[35m 
:- findall(A,
           'add-atom'('&replayStream', [candidate, 87, [quote, 'B']], A),
           _).
[33m^^^^^^^^^^^^^^^^^^^^^^^
[0m[33m--> metta runnable  -->
[36m!(add-atom &replayStream (candidate 88 (quote (NOT (B)))))
[33m-->  prolog goal  -->[35m 
:- findall(A,
           'add-atom'('&replayStream', [candidate, 88, [quote, ['NOT', ['B']]]], A),
           _).
[33m^^^^^^^^^^^^^^^^^^^^^^^
[0m[33m--> metta runnable  -->
[36m!(add-atom &replayStream (candidate 89 (quote C)))
[33m-->  prolog goal  -->[35m 
:- findall(A,
           'add-atom'('&replayStream', [candidate, 89, [quote, 'C']], A),
           _).
[33m^^^^^^^^^^^^^^^^^^^^^^^
[0m[33m--> metta runnable  -->
[36m!(add-atom &replayStream (candidate 90 (quote (NOT (C)))))
[33m-->  prolog goal  -->[35m 
:- findall(A,
           'add-atom'('&replayStream', [candidate, 90, [quote, ['NOT', ['C']]]], A),
           _).
[33m^^^^^^^^^^^^^^^^^^^^^^^
[0m[33m--> metta runnable  -->
[36m!(add-atom &replayStream (candidate 91 (quote (AND ((OR ((NOT (A)) C)))))))
[33m-->  prolog goal  -->[35m 
:- findall(A,
           'add-atom'('&replayStream',
                      [candidate, 91, [quote, ['AND', [['OR', [['NOT', ['A']], 'C']]]]]],
                      A),
           _).
[33m^^^^^^^^^^^^^^^^^^^^^^^
[0m[33m--> metta runnable  -->
[36m!(add-atom &replayStream (candidate 92 (quote (AND (A (NOT (C)))))))
[33m-->  prolog goal  -->[35m 
:- findall(A,
           'add-atom'('&replayStream',
                      [candidate, 92, [quote, ['AND', ['A', ['NOT', ['C']]]]]],
                      A),
           _).
[33m^^^^^^^^^^^^^^^^^^^^^^^
[0m[33m--> metta runnable  -->
[36m!(add-atom &replayStream (candidate 93 (quote (AND ((OR (A C)))))))
[33m-->  prolog goal  -->[35m 
:- findall(A,
           'add-atom'('&replayStream',
                      [candidate, 93, [quote, ['AND', [['OR', ['A', 'C']]]]]],
                      A),
           _).
[33m^^^^^^^^^^^^^^^^^^^^^^^
[0m[33m--> metta runnable  -->
[36m!(add-atom &replayStream (candidate 94 (quote (AND ((NOT (A)) (NOT (C)))))))
[33m-->  prolog goal  -->[35m 
:- findall(A,
           'add-atom'('&replayStream',
                      [candidate, 94, [quote, ['AND', [['NOT', ['A']], ['NOT', ['C']]]]]],
                      A),
           _).
[33m^^^^^^^^^^^^^^^^^^^^^^^
[0m[33m--> metta runnable  -->
[36m!(add-atom &replayStream (candidate 95 (quote (AND ((OR (A B)))))))
[33m-->  prolog goal  -->[35m 
:- findall(A,
           'add-atom'('&replayStream',
                      [candidate, 95, [quote, ['AND', [['OR', ['A', 'B']]]]]],
                      A),
           _).
[33m^^^^^^^^^^^^^^^^^^^^^^^
[0m[33m--> metta runnable  -->
[36m!(add-atom &replayStream (candidate 96 (quote (AND ((NOT (A)) (NOT (B)))))))
[33m-->  prolog goal  -->[35m 
:- findall(A,
           'add-atom'('&replayStream',
                      [candidate, 96, [quote, ['AND', [['NOT', ['A']], ['NOT', ['B']]]]]],
                      A),
           _).
[33m^^^^^^^^^^^^^^^^^^^^^^^
[0m[33m--> metta runnable  -->
[36m!(add-atom &replayStream (candidate 97 (quote (AND ((OR (A C)))))))
[33m-->  prolog goal  -->[35m 
:- findall(A,
           'add-atom'('&replayStream',
                      [candidate, 97, [quote, ['AND', [['OR', ['A', 'C']]]]]],
                      A),
           _).
[33m^^^^^^^^^^^^^^^^^^^^^^^
[0m[33m--> metta runnable  -->
[36m!(add-atom &replayStream (candidate 98 (quote (AND ((OR ((NOT (A)) C)))))))
[33m-->  prolog goal  -->[35m 
:- findall(A,
           'add-atom'('&replayStream',
                      [candidate, 98, [quote, ['AND', [['OR', [['NOT', ['A']], 'C']]]]]],
                      A),
           _).
[33m^^^^^^^^^^^^^^^^^^^^^^^
[0m[33m--> metta runnable  -->
[36m!(add-atom &replayStream (candidate 99 (quote (AND ((OR (B C)))))))
[33m-->  prolog goal  -->[35m 
:- findall(A,
           'add-atom'('&replayStream',
                      [candidate, 99, [quote, ['AND', [['OR', ['B', 'C']]]]]],
                      A),
           _).
[33m^^^^^^^^^^^^^^^^^^^^^^^
[0m[33m--> metta runnable  -->
[36m!(add-atom &replayStream (candidate 100 (quote (AND ((OR ((NOT (B)) C)))))))
[33m-->  prolog goal  -->[35m 
:- findall(A,
           'add-atom'('&replayStream',
                      [candidate, 100, [quote, ['AND', [['OR', [['NOT', ['B']], 'C']]]]]],
                      A),
           _).
[33m^^^^^^^^^^^^^^^^^^^^^^^
[0m[33m--> metta runnable  -->
[36m!(add-atom &replayStream (candidate 101 (quote C)))
[33m-->  prolog goal  -->[35m 
:- findall(A,
           'add-atom'('&replayStream', [candidate, 101, [quote, 'C']], A),
           _).
[33m^^^^^^^^^^^^^^^^^^^^^^^
[0m[33m--> metta runnable  -->
[36m!(add-atom &replayStream (candidate 102 (quote (AND ((OR ((NOT (C)) C)))))))
[33m-->  prolog goal  -->[35m 
:- findall(A,
           'add-atom'('&replayStream',
                      [candidate, 102, [quote, ['AND', [['OR', [['NOT', ['C']], 'C']]]]]],
                      A),
           _).
[33m^^^^^^^^^^^^^^^^^^^^^^^
[0m[33m--> metta runnable  -->
[36m!(add-atom &replayStream (candidate 103 (quote (AND (C (NOT (B)))))))
[33m-->  prolog goal  -->[35m 
:- findall(A,
           'add-atom'('&replayStream',
                      [candidate, 103, [quote, ['AND', ['C', ['NOT', ['B']]]]]],
                      A),
           _).
[33m^^^^^^^^^^^^^^^^^^^^^^^
[0m[33m--> metta runnable  -->
[36m!(add-atom &replayStream (candidate 104 (quote (AND ((OR (B (NOT (C)) C)))))))
[33m-->  prolog goal  -->[35m 
:- findall(A,
           'add-atom'('&replayStream',
                      [candidate, 104, [quote, ['AND', [['OR', ['B', ['NOT', ['C']], 'C']]]]]],
                      A),
           _).
[33m^^^^^^^^^^^^^^^^^^^^^^^
[0m[33m--> metta runnable  -->
[36m!(add-atom &replayStream (candidate 105 (quote (AND ((OR ((AND ((NOT (A)) B)) C)))))))
[33m-->  prolog goal  -->[35m 
:- findall(A,
           'add-atom'('&replayStream',
                      [ candidate,
                        105,
                        [quote, ['AND', [['OR', [['AND', [['NOT', ['A']], 'B']], 'C']]]]]
                      ],
                      A),
           _).
[33m^^^^^^^^^^^^^^^^^^^^^^^
[0m[33m--> metta runnable  -->
[36m!(add-atom &replayStream (candidate 106 (quote (AND ((OR (A (NOT (B)) C)))))))
[33m-->  prolog goal  -->[35m 
:- findall(A,
           'add-atom'('&replayStream',
                      [candidate, 106, [quote, ['AND', [['OR', ['A', ['NOT', ['B']], 'C']]]]]],
                      A),
           _).
[33m^^^^^^^^^^^^^^^^^^^^^^^
[0m[33m--> metta runnable  -->
[36m!(add-atom &replayStream (candidate 107 (quote (AND ((OR ((AND (A B)) C)))))))
[33m-->  prolog goal  -->[35m 
:- findall(A,
           'add-atom'('&replayStream',
                      [candidate, 107, [quote, ['AND', [['OR', [['AND', ['A', 'B']], 'C']]]]]],
                      A),
           _).
[33m^^^^^^^^^^^^^^^^^^^^^^^
[0m[33m--> metta runnable  -->
[36m!(add-atom &replayStream (candidate 108 (quote (AND ((OR ((NOT (A)) (NOT (B)) C)))))))
[33m-->  prolog goal  -->[35m 
:- findall(A,
           'add-atom'('&replayStream',
                      [ candidate,
                        108,
                        [quote, ['AND', [['OR', [['NOT', ['A']], ['NOT', ['B']], 'C']]]]]
                      ],
                      A),
           _).
[33m^^^^^^^^^^^^^^^^^^^^^^^
[0m[33m--> metta runnable  -->
[36m!(add-atom &replayStream (candidate 109 (quote (AND ((OR (A C)))))))
[33m-->  prolog goal  -->[35m 
:- findall(A,
           'add-atom'('&replayStream',
                      [candidate, 109, [quote, ['AND', [['OR', ['A', 'C']]]]]],
                      A),
           _).
[33m^^^^^^^^^^^^^^^^^^^^^^^
[0m[33m--> metta runnable  -->
[36m!(add-atom &replayStream (candidate 110 (quote (AND ((OR ((NOT (A)) C)))))))
[33m-->  prolog goal  -->[35m 
:- findall(A,
           'add-atom'('&replayStream',
                      [candidate, 110, [quote, ['AND', [['OR', [['NOT', ['A']], 'C']]]]]],
                      A),
           _).
[33m^^^^^^^^^^^^^^^^^^^^^^^
[0m[33m--> metta runnable  -->
[36m!(add-atom &replayStream (candidate 111 (quote (AND ((OR (B C)))))))
[33m-->  prolog goal  -->[35m 
:- findall(A,
           'add-atom'('&replayStream',
                      [candidate, 111, [quote, ['AND', [['OR', ['B', 'C']]]]]],
                      A),
           _).
[33m^^^^^^^^^^^^^^^^^^^^^^^
[0m[33m--> metta runnable  -->
[36m!(add-atom &replayStream (candidate 112 (quote (AND ((OR ((NOT (B)) C)))))))
[33m-->  prolog goal  -->[35m 
:- findall(A,
           'add-atom'('&replayStream',
                      [candidate, 112, [quote, ['AND', [['OR', [['NOT', ['B']], 'C']]]]]],
                      A),
           _).
[33m^^^^^^^^^^^^^^^^^^^^^^^
[0m[33m--> metta runnable  -->
[36m!(add-atom &replayStream (candidate 113 (quote C)))
[33m-->  prolog goal  -->[35m 
:- findall(A,
           'add-atom'('&replayStream', [candidate, 113, [quote, 'C']], A),
           _).
[33m^^^^^^^^^^^^^^^^^^^^^^^
[0m[33m--> metta runnable  -->
[36m!(add-atom &replayStream (candidate 114 (quote (AND ((OR ((NOT (C)) C)))))))
[33m-->  prolog goal  -->[35m 
:- findall(A,
           'add-atom'('&replayStream',
                      [candidate, 114, [quote, ['AND', [['OR', [['NOT', ['C']], 'C']]]]]],
                      A),
           _).
[33m^^^^^^^^^^^^^^^^^^^^^^^
[0m[33m--> metta runnable  -->
[36m!(add-atom &replayStream (candidate 115 (quote (AND ((OR (C A C)))))))
[33m-->  prolog goal  -->[35m 
:- findall(A,
           'add-atom'('&replayStream',
                      [candidate, 115, [quote, ['AND', [['OR', ['C', 'A', 'C']]]]]],
                      A),
           _).
[33m^^^^^^^^^^^^^^^^^^^^^^^
[0m[33m--> metta runnable  -->
[36m!(add-atom &replayStream (candidate 116 (quote (AND ((OR ((AND ((NOT (A)) (NOT (C)))) C)))))))
[33m-->  prolog goal  -->[35m 
:- findall(A,
           'add-atom'('&replayStream',
                      [ candidate,
                        116,
                        [quote, ['AND', [['OR', [['AND', [['NOT', ['A']], ['NOT', ['C']]]], 'C']]]]]
                      ],
                      A),
           _).
[33m^^^^^^^^^^^^^^^^^^^^^^^
[0m[33m--> metta runnable  -->
[36m!(add-atom &replayStream (candidate 117 (quote (AND ((OR (C (NOT (B)) C)))))))
[33m-->  prolog goal  -->[35m 
:- findall(A,
           'add-atom'('&replayStream',
                      [candidate, 117, [quote, ['AND', [['OR', ['C', ['NOT', ['B']], 'C']]]]]],
                      A),
           _).
[33m^^^^^^^^^^^^^^^^^^^^^^^
[0m[33m--> metta runnable  -->
[36m!(add-atom &replayStream (candidate 118 (quote (AND ((OR ((AND (B (NOT (C)))) C)))))))
[33m-->  prolog goal  -->[35m 
:- findall(A,
           'add-atom'('&replayStream',
                      [ candidate,
                        118,
                        [quote, ['AND', [['OR', [['AND', ['B', ['NOT', ['C']]]], 'C']]]]]
                      ],
                      A),
           _).
[33m^^^^^^^^^^^^^^^^^^^^^^^
[0m[33m--> metta runnable  -->
[36m!(add-atom &replayStream (candidate 119 (quote (AND ((OR (C A B)))))))
[33m-->  prolog goal  -->[35m 
:- findall(A,
           'add-atom'('&replayStream',
                      [candidate, 119, [quote, ['AND', [['OR', ['C', 'A', 'B']]]]]],
                      A),
           _).
[33m^^^^^^^^^^^^^^^^^^^^^^^
[0m[33m--> metta runnable  -->
[36m!(add-atom &replayStream (candidate 120 (quote (AND ((OR ((AND ((NOT (A)) (NOT (B)))) C)))))))
[33m-->  prolog goal  -->[35m 
:- findall(A,
           'add-atom'('&replayStream',
                      [ candidate,
                        120,
                        [quote, ['AND', [['OR', [['AND', [['NOT', ['A']], ['NOT', ['B']]]], 'C']]]]]
                      ],
                      A),
           _).
[33m^^^^^^^^^^^^^^^^^^^^^^^
[0m[33m--> metta runnable  -->
[36m!(add-atom &replayStream (candidate 121 (quote (AND ((OR (C A)))))))
[33m-->  prolog goal  -->[35m 
:- findall(A,
           'add-atom'('&replayStream',
                      [candidate, 121, [quote, ['AND', [['OR', ['C', 'A']]]]]],
                      A),
           _).
[33m^^^^^^^^^^^^^^^^^^^^^^^
[0m[33m--> metta runnable  -->
[36m!(add-atom &replayStream (candidate 122 (quote (AND ((OR (C (NOT (A)))))))))
[33m-->  prolog goal  -->[35m 
:- findall(A,
           'add-atom'('&replayStream',
                      [candidate, 122, [quote, ['AND', [['OR', ['C', ['NOT', ['A']]]]]]]],
                      A),
           _).
[33m^^^^^^^^^^^^^^^^^^^^^^^
[0m[33m--> metta runnable  -->
[36m!(add-atom &replayStream (candidate 123 (quote (AND ((OR (C B)))))))
[33m-->  prolog goal  -->[35m 
:- findall(A,
           'add-atom'('&replayStream',
                      [candidate, 123, [quote, ['AND', [['OR', ['C', 'B']]]]]],
                      A),
           _).
[33m^^^^^^^^^^^^^^^^^^^^^^^
[0m[33m--> metta runnable  -->
[36m!(add-atom &replayStream (candidate 124 (quote (AND ((OR (C (NOT (B)))))))))
[33m-->  prolog goal  -->[35m 
:- findall(A,
           'add-atom'('&replayStream',
                      [candidate, 124, [quote, ['AND', [['OR', ['C', ['NOT', ['B']]]]]]]],
                      A),
           _).
[33m^^^^^^^^^^^^^^^^^^^^^^^
[0m[33m--> metta runnable  -->
[36m!(add-atom &replayStream (candidate 125 (quote C)))
[33m-->  prolog goal  -->[35m 
:- findall(A,
           'add-atom'('&replayStream', [candidate, 125, [quote, 'C']], A),
           _).
[33m^^^^^^^^^^^^^^^^^^^^^^^
[0m[33m--> metta runnable  -->
[36m!(add-atom &replayStream (candidate 126 (quote (AND ((OR (C (NOT (C)))))))))
[33m-->  prolog goal  -->[35m 
:- findall(A,
           'add-atom'('&replayStream',
                      [candidate, 126, [quote, ['AND', [['OR', ['C', ['NOT', ['C']]]]]]]],
                      A),
           _).
[33m^^^^^^^^^^^^^^^^^^^^^^^
[0m[33m--> metta runnable  -->
[36m!(add-atom &replayStream (candidate 127 (quote (AND (C (NOT (B)))))))
[33m-->  prolog goal  -->[35m 
:- findall(A,
           'add-atom'('&replayStream',
                      [candidate, 127, [quote, ['AND', ['C', ['NOT', ['B']]]]]],
                      A),
           _).
[33m^^^^^^^^^^^^^^^^^^^^^^^
[0m[33m--> metta runnable  -->
[36m!(add-atom &replayStream (candidate 128 (quote (AND ((OR (C B (NOT (C)))))))))
[33m-->  prolog goal  -->[35m 
:- findall(A,
           'add-atom'('&replayStream',
                      [candidate, 128, [quote, ['AND', [['OR', ['C', 'B', ['NOT', ['C']]]]]]]],
                      A),
           _).
[33m^^^^^^^^^^^^^^^^^^^^^^^
[0m[33m--> metta runnable  -->
[36m!(add-atom &replayStream (candidate 129 (quote (AND ((OR (C (AND (A B)))))))))
[33m-->  prolog goal  -->[35m 
:- findall(A,
           'add-atom'('&replayStream',
                      [candidate, 129, [quote, ['AND', [['OR', ['C', ['AND', ['A', 'B']]]]]]]],
                      A),
           _).
[33m^^^^^^^^^^^^^^^^^^^^^^^
[0m[33m--> metta runnable  -->
[36m!(add-atom &replayStream (candidate 130 (quote (AND ((OR (C (NOT (A)) (NOT (B)))))))))
[33m-->  prolog goal  -->[35m 
:- findall(A,
           'add-atom'('&replayStream',
                      [ candidate,
                        130,
                        [quote, ['AND', [['OR', ['C', ['NOT', ['A']], ['NOT', ['B']]]]]]]
                      ],
                      A),
           _).
[33m^^^^^^^^^^^^^^^^^^^^^^^
[0m[33m--> metta runnable  -->
[36m!(add-atom &replayStream (candidate 131 (quote (AND (C A)))))
[33m-->  prolog goal  -->[35m 
:- findall(A,
           'add-atom'('&replayStream', [candidate, 131, [quote, ['AND', ['C', 'A']]]], A),
           _).
[33m^^^^^^^^^^^^^^^^^^^^^^^
[0m[33m--> metta runnable  -->
[36m!(add-atom &replayStream (candidate 132 (quote (AND ((OR (C (NOT (A)) (NOT (C)))))))))
[33m-->  prolog goal  -->[35m 
:- findall(A,
           'add-atom'('&replayStream',
                      [ candidate,
                        132,
                        [quote, ['AND', [['OR', ['C', ['NOT', ['A']], ['NOT', ['C']]]]]]]
                      ],
                      A),
           _).
[33m^^^^^^^^^^^^^^^^^^^^^^^
[0m[33m--> metta runnable  -->
[36m!(add-atom &replayStream (candidate 133 (quote (AND (A C)))))
[33m-->  prolog goal  -->[35m 
:- findall(A,
           'add-atom'('&replayStream', [candidate, 133, [quote, ['AND', ['A', 'C']]]], A),
           _).
[33m^^^^^^^^^^^^^^^^^^^^^^^
[0m[33m--> metta runnable  -->
[36m!(add-atom &replayStream (candidate 134 (quote (AND ((NOT (A)) C)))))
[33m-->  prolog goal  -->[35m 
:- findall(A,
           'add-atom'('&replayStream',
                      [candidate, 134, [quote, ['AND', [['NOT', ['A']], 'C']]]],
                      A),
           _).
[33m^^^^^^^^^^^^^^^^^^^^^^^
[0m[33m--> metta runnable  -->
[36m!(add-atom &replayStream (candidate 135 (quote (AND (B C)))))
[33m-->  prolog goal  -->[35m 
:- findall(A,
           'add-atom'('&replayStream', [candidate, 135, [quote, ['AND', ['B', 'C']]]], A),
           _).
[33m^^^^^^^^^^^^^^^^^^^^^^^
[0m[33m--> metta runnable  -->
[36m!(add-atom &replayStream (candidate 136 (quote (AND ((NOT (B)) C)))))
[33m-->  prolog goal  -->[35m 
:- findall(A,
           'add-atom'('&replayStream',
                      [candidate, 136, [quote, ['AND', [['NOT', ['B']], 'C']]]],
                      A),
           _).
[33m^^^^^^^^^^^^^^^^^^^^^^^
[0m[33m--> metta runnable  -->
[36m!(add-atom &replayStream (candidate 137 (quote (NOT (C)))))
[33m-->  prolog goal  -->[35m 
:- findall(A,
           'add-atom'('&replayStream', [candidate, 137, [quote, ['NOT', ['C']]]], A),
           _).
[33m^^^^^^^^^^^^^^^^^^^^^^^
[0m[33m--> metta runnable  -->
[36m!(add-atom &replayStream (candidate 138 (quote C)))
[33m-->  prolog goal  -->[35m 
:- findall(A,
           'add-atom'('&replayStream', [candidate, 138, [quote, 'C']], A),
           _).
[33m^^^^^^^^^^^^^^^^^^^^^^^
[0m[33m--> metta runnable  -->
[36m!(add-atom &replayStream (candidate 139 (quote C)))
[33m-->  prolog goal  -->[35m 
:- findall(A,
           'add-atom'('&replayStream', [candidate, 139, [quote, 'C']], A),
           _).
[33m^^^^^^^^^^^^^^^^^^^^^^^
[0m[33m--> metta runnable  -->
[36m!(add-atom &replayStream (candidate 140 (quote (AND (C (OR (A B)))))))
[33m-->  prolog goal  -->[35m 
:- findall(A,
           'add-atom'('&replayStream',
                      [candidate, 140, [quote, ['AND', ['C', ['OR', ['A', 'B']]]]]],
                      A),
           _).
[33m^^^^^^^^^^^^^^^^^^^^^^^
[0m[33m--> metta runnable  -->
[36m!(add-atom &replayStream (candidate 141 (quote (AND (C (NOT (A)) (NOT (B)))))))
[33m-->  prolog goal  -->[35m 
:- findall(A,
           'add-atom'('&replayStream',
                      [candidate, 141, [quote, ['AND', ['C', ['NOT', ['A']], ['NOT', ['B']]]]]],
                      A),
           _).
[33m^^^^^^^^^^^^^^^^^^^^^^^
[0m[33m--> metta runnable  -->
[36m!(add-atom &replayStream (candidate 142 (quote A)))
[33m-->  prolog goal  -->[35m 
:- findall(A,
           'add-atom'('&replayStream', [candidate, 142, [quote, 'A']], A),
           _).
[33m^^^^^^^^^^^^^^^^^^^^^^^
[0m[33m--> metta runnable  -->
[36m!(add-atom &replayStream (candidate 143 (quote (NOT (A)))))
[33m-->  prolog goal  -->[35m 
:- findall(A,
           'add-atom'('&replayStream', [candidate, 143, [quote, ['NOT', ['A']]]], A),
           _).
[33m^^^^^^^^^^^^^^^^^^^^^^^
[0m[33m--> metta runnable  -->
[36m!(add-atom &replayStream (candidate 144 (quote B)))
[33m-->  prolog goal  -->[35m 
:- findall(A,
           'add-atom'('&replayStream', [candidate, 144, [quote, 'B']], A),
           _).
[33m^^^^^^^^^^^^^^^^^^^^^^^
[0m[33m--> metta runnable  -->
[36m!(add-atom &replayStream (candidate 145 (quote (NOT (B)))))
[33m-->  prolog goal  -->[35m 
:- findall(A,
           'add-atom'('&replayStream', [candidate, 145, [quote, ['NOT', ['B']]]], A),
           _).
[33m^^^^^^^^^^^^^^^^^^^^^^^
[0m[33m--> metta runnable  -->
[36m!(add-atom &replayStream (candidate 146 (quote C)))
[33m-->  prolog goal  -->[35m 
:- findall(A,
           'add-atom'('&replayStream', [candidate, 146, [quote, 'C']], A),
           _).
[33m^^^^^^^^^^^^^^^^^^^^^^^
[0m[33m--> metta runnable  -->
[36m!(add-atom &replayStream (candidate 147 (quote (NOT (C)))))
[33m-->  prolog goal  -->[35m 
:- findall(A,
           'add-atom'('&replayStream', [candidate, 147, [quote, ['NOT', ['C']]]], A),
           _).
[33m^^^^^^^^^^^^^^^^^^^^^^^
[0m[33m--> metta runnable  -->
[36m!(add-atom &replayStream (candidate 148 (quote (AND ((NOT (B)) C)))))
[33m-->  prolog goal  -->[35m 
:- findall(A,
           'add-atom'('&replayStream',
                      [candidate, 148, [quote, ['AND', [['NOT', ['B']], 'C']]]],
                      A),
           _).
[33m^^^^^^^^^^^^^^^^^^^^^^^
[0m[33m--> metta runnable  -->
[36m!(add-atom &replayStream (candidate 149 (quote (AND ((OR (B (NOT (C)))))))))
[33m-->  prolog goal  -->[35m 
:- findall(A,
           'add-atom'('&replayStream',
                      [candidate, 149, [quote, ['AND', [['OR', ['B', ['NOT', ['C']]]]]]]],
                      A),
           _).
[33m^^^^^^^^^^^^^^^^^^^^^^^
[0m[33m--> metta runnable  -->
[36m!(add-atom &replayStream (candidate 150 (quote (AND ((NOT (A)) B)))))
[33m-->  prolog goal  -->[35m 
:- findall(A,
           'add-atom'('&replayStream',
                      [candidate, 150, [quote, ['AND', [['NOT', ['A']], 'B']]]],
                      A),
           _).
[33m^^^^^^^^^^^^^^^^^^^^^^^
[0m[33m--> metta runnable  -->
[36m!(add-atom &replayStream (candidate 151 (quote (AND ((OR (A (NOT (B)))))))))
[33m-->  prolog goal  -->[35m 
:- findall(A,
           'add-atom'('&replayStream',
                      [candidate, 151, [quote, ['AND', [['OR', ['A', ['NOT', ['B']]]]]]]],
                      A),
           _).
[33m^^^^^^^^^^^^^^^^^^^^^^^
[0m[33m--> metta runnable  -->
[36m!(add-atom &replayStream (candidate 152 (quote (AND (A B)))))
[33m-->  prolog goal  -->[35m 
:- findall(A,
           'add-atom'('&replayStream', [candidate, 152, [quote, ['AND', ['A', 'B']]]], A),
           _).
[33m^^^^^^^^^^^^^^^^^^^^^^^
[0m[33m--> metta runnable  -->
[36m!(add-atom &replayStream (candidate 153 (quote (AND ((OR ((NOT (A)) (NOT (B)))))))))
[33m-->  prolog goal  -->[35m 
:- findall(A,
           'add-atom'('&replayStream',
                      [ candidate,
                        153,
                        [quote, ['AND', [['OR', [['NOT', ['A']], ['NOT', ['B']]]]]]]
                      ],
                      A),
           _).
[33m^^^^^^^^^^^^^^^^^^^^^^^
[0m[33m--> metta runnable  -->
[36m!(add-atom &replayStream (candidate 154 (quote A)))
[33m-->  prolog goal  -->[35m 
:- findall(A,
           'add-atom'('&replayStream', [candidate, 154, [quote, 'A']], A),
           _).
[33m^^^^^^^^^^^^^^^^^^^^^^^
[0m[33m--> metta runnable  -->
[36m!(add-atom &replayStream (candidate 155 (quote (NOT (A)))))
[33m-->  prolog goal  -->[35m 
:- findall(A,
           'add-atom'('&replayStream', [candidate, 155, [quote, ['NOT', ['A']]]], A),
           _).
[33m^^^^^^^^^^^^^^^^^^^^^^^
[0m[33m--> metta runnable  -->
[36m!(add-atom &replayStream (candidate 156 (quote B)))
[33m-->  prolog goal  -->[35m 
:- findall(A,
           'add-atom'('&replayStream', [candidate, 156, [quote, 'B']], A),
           _).
[33m^^^^^^^^^^^^^^^^^^^^^^^
[0m[33m--> metta runnable  -->
[36m!(add-atom &replayStream (candidate 157 (quote (NOT (B)))))
[33m-->  prolog goal  -->[35m 
:- findall(A,
           'add-atom'('&replayStream', [candidate, 157, [quote, ['NOT', ['B']]]], A),
           _).
[33m^^^^^^^^^^^^^^^^^^^^^^^
[0m[33m--> metta runnable  -->
[36m!(add-atom &replayStream (candidate 158 (quote C)))
[33m-->  prolog goal  -->[35m 
:- findall(A,
           'add-atom'('&replayStream', [candidate, 158, [quote, 'C']], A),
           _).
[33m^^^^^^^^^^^^^^^^^^^^^^^
[0m[33m--> metta runnable  -->
[36m!(add-atom &replayStream (candidate 159 (quote (NOT (C)))))
[33m-->  prolog goal  -->[35m 
:- findall(A,
           'add-atom'('&replayStream', [candidate, 159, [quote, ['NOT', ['C']]]], A),
           _).
[33m^^^^^^^^^^^^^^^^^^^^^^^
[0m[33m--> metta runnable  -->
[36m!(add-atom &replayStream (candidate 160 (quote (AND ((OR (A C)))))))
[33m-->  prolog goal  -->[35m 
:- findall(A,
           'add-atom'('&replayStream',
                      [candidate, 160, [quote, ['AND', [['OR', ['A', 'C']]]]]],
                      A),
           _).
[33m^^^^^^^^^^^^^^^^^^^^^^^
[0m[33m--> metta runnable  -->
[36m!(add-atom &replayStream (candidate 161 (quote (AND ((NOT (A)) (NOT (C)))))))
[33m-->  prolog goal  -->[35m 
:- findall(A,
           'add-atom'('&replayStream',
                      [candidate, 161, [quote, ['AND', [['NOT', ['A']], ['NOT', ['C']]]]]],
                      A),
           _).
[33m^^^^^^^^^^^^^^^^^^^^^^^
[0m[33m--> metta runnable  -->
[36m!(add-atom &replayStream (candidate 162 (quote (AND ((OR ((NOT (B)) C)))))))
[33m-->  prolog goal  -->[35m 
:- findall(A,
           'add-atom'('&replayStream',
                      [candidate, 162, [quote, ['AND', [['OR', [['NOT', ['B']], 'C']]]]]],
                      A),
           _).
[33m^^^^^^^^^^^^^^^^^^^^^^^
[0m[33m--> metta runnable  -->
[36m!(add-atom &replayStream (candidate 163 (quote (AND (B (NOT (C)))))))
[33m-->  prolog goal  -->[35m 
:- findall(A,
           'add-atom'('&replayStream',
                      [candidate, 163, [quote, ['AND', ['B', ['NOT', ['C']]]]]],
                      A),
           _).
[33m^^^^^^^^^^^^^^^^^^^^^^^
[0m[33m--> metta runnable  -->
[36m!(add-atom &replayStream (candidate 164 (quote (AND ((OR (A B)))))))
[33m-->  prolog goal  -->[35m 
:- findall(A,
           'add-atom'('&replayStream',
                      [candidate, 164, [quote, ['AND', [['OR', ['A', 'B']]]]]],
                      A),
           _).
[33m^^^^^^^^^^^^^^^^^^^^^^^
[0m[33m--> metta runnable  -->
[36m!(add-atom &replayStream (candidate 165 (quote (AND ((NOT (A)) (NOT (B)))))))
[33m-->  prolog goal  -->[35m 
:- findall(A,
           'add-atom'('&replayStream',
                      [candidate, 165, [quote, ['AND', [['NOT', ['A']], ['NOT', ['B']]]]]],
                      A),
           _).
[33m^^^^^^^^^^^^^^^^^^^^^^^
[0m[33m--> metta runnable  -->
[36m!(add-atom &replayStream (candidate 166 (quote A)))
[33m-->  prolog goal  -->[35m 
:- findall(A,
           'add-atom'('&replayStream', [candidate, 166, [quote, 'A']], A),
           _).
[33m^^^^^^^^^^^^^^^^^^^^^^^
[0m[33m--> metta runnable  -->
[36m!(add-atom &replayStream (candidate 167 (quote (NOT (A)))))
[33m-->  prolog goal  -->[35m 
:- findall(A,
           'add-atom'('&replayStream', [candidate, 167, [quote, ['NOT', ['A']]]], A),
           _).
[33m^^^^^^^^^^^^^^^^^^^^^^^
[0m[33m--> metta runnable  -->
[36m!(add-atom &replayStream (candidate 168 (quote B)))
[33m-->  prolog goal  -->[35m 
:- findall(A,
           'add-atom'('&replayStream', [candidate, 168, [quote, 'B']], A),
           _).
[33m^^^^^^^^^^^^^^^^^^^^^^^
[0m[33m--> metta runnable  -->
[36m!(add-atom &replayStream (candidate 169 (quote (NOT (B)))))
[33m-->  prolog goal  -->[35m 
:- findall(A,
           'add-atom'('&replayStream', [candidate, 169, [quote, ['NOT', ['B']]]], A),
           _).
[33m^^^^^^^^^^^^^^^^^^^^^^^
[0m[33m--> metta runnable  -->
[36m!(add-atom &replayStream (candidate 170 (quote C)))
[33m-->  prolog goal  -->[35m 
:- findall(A,
           'add-atom'('&replayStream', [candidate, 170, [quote, 'C']], A),
           _).
[33m^^^^^^^^^^^^^^^^^^^^^^^
[0m[33m--> metta runnable  -->
[36m!(add-atom &replayStream (candidate 171 (quote (NOT (C)))))
[33m-->  prolog goal  -->[35m 
:- findall(A,
           'add-atom'('&replayStream', [candidate, 171, [quote, ['NOT', ['C']]]], A),
           _).
[33m^^^^^^^^^^^^^^^^^^^^^^^
[0m[33m--> metta runnable  -->
[36m!(add-atom &replayStream (candidate 172 (quote (AND ((NOT (B)) C)))))
[33m-->  prolog goal  -->[35m 
:- findall(A,
           'add-atom'('&replayStream',
                      [candidate, 172, [quote, ['AND', [['NOT', ['B']], 'C']]]],
                      A),
           _).
[33m^^^^^^^^^^^^^^^^^^^^^^^
[0m[33m--> metta runnable  -->
[36m!(add-atom &replayStream (candidate 173 (quote (AND ((OR (B (NOT (C)))))))))
[33m-->  prolog goal  -->[35m 
:- findall(A,
           'add-atom'('&replayStream',
                      [candidate, 173, [quote, ['AND', [['OR', ['B', ['NOT', ['C']]]]]]]],
                      A),
           _).
[33m^^^^^^^^^^^^^^^^^^^^^^^
[0m[33m--> metta runnable  -->
[36m!(add-atom &replayStream (candidate 174 (quote (AND (A B)))))
[33m-->  prolog goal  -->[35m 
:- findall(A,
           'add-atom'('&replayStream', [candidate, 174, [quote, ['AND', ['A', 'B']]]], A),
           _).
[33m^^^^^^^^^^^^^^^^^^^^^^^
[0m[33m--> metta runnable  -->
[36m!(add-atom &replayStream (candidate 175 (quote (AND ((OR ((NOT (A)) (NOT (B)))))))))
[33m-->  prolog goal  -->[35m 
:- findall(A,
           'add-atom'('&replayStream',
                      [ candidate,
                        175,
                        [quote, ['AND', [['OR', [['NOT', ['A']], ['NOT', ['B']]]]]]]
                      ],
                      A),
           _).
[33m^^^^^^^^^^^^^^^^^^^^^^^
[0m[33m--> metta runnable  -->
[36m!(add-atom &replayStream (candidate 176 (quote (AND (A C)))))
[33m-->  prolog goal  -->[35m 
:- findall(A,
           'add-atom'('&replayStream', [candidate, 176, [quote, ['AND', ['A', 'C']]]], A),
           _).
[33m^^^^^^^^^^^^^^^^^^^^^^^
[0m[33m--> metta runnable  -->
[36m!(add-atom &replayStream (candidate 177 (quote (AND ((OR ((NOT (A)) (NOT (C)))))))))
[33m-->  prolog goal  -->[35m 
:- findall(A,
           'add-atom'('&replayStream',
                      [ candidate,
                        177,
                        [quote, ['AND', [['OR', [['NOT', ['A']], ['NOT', ['C']]]]]]]
                      ],
                      A),
           _).
[33m^^^^^^^^^^^^^^^^^^^^^^^
[0m[33m--> metta runnable  -->
[36m!(add-atom &replayStream (candidate 178 (quote A)))
[33m-->  prolog goal  -->[35m 
:- findall(A,
           'add-atom'('&replayStream', [candidate, 178, [quote, 'A']], A),
           _).
[33m^^^^^^^^^^^^^^^^^^^^^^^
[0m[33m--> metta runnable  -->
[36m!(add-atom &replayStream (candidate 179 (quote (NOT (A)))))
[33m-->  prolog goal  -->[35m 
:- findall(A,
           'add-atom'('&replayStream', [candidate, 179, [quote, ['NOT', ['A']]]], A),
           _).
[33m^^^^^^^^^^^^^^^^^^^^^^^
[0m[33m--> metta runnable  -->
[36m!(add-atom &replayStream (candidate 180 (quote B)))
[33m-->  prolog goal  -->[35m 
:- findall(A,
           'add-atom'('&replayStream', [candidate, 180, [quote, 'B']], A),
           _).
[33m^^^^^^^^^^^^^^^^^^^^^^^
[0m[33m--> metta runnable  -->
[36m!(add-atom &replayStream (candidate 181 (quote (NOT (B)))))
[33m-->  prolog goal  -->[35m 
:- findall(A,
           'add-atom'('&replayStream', [candidate, 181, [quote, ['NOT', ['B']]]], A),
           _).
[33m^^^^^^^^^^^^^^^^^^^^^^^
[0m[33m--> metta runnable  -->
[36m!(add-atom &replayStream (candidate 182 (quote C)))
[33m-->  prolog goal  -->[35m 
:- findall(A,
           'add-atom'('&replayStream', [candidate, 182, [quote, 'C']], A),
           _).
[33m^^^^^^^^^^^^^^^^^^^^^^^
[0m[33m--> metta runnable  -->
[36m!(add-atom &replayStream (candidate 183 (quote (NOT (C)))))
[33m-->  prolog goal  -->[35m 
:- findall(A,
           'add-atom'('&replayStream', [candidate, 183, [quote, ['NOT', ['C']]]], A),
           _).
[33m^^^^^^^^^^^^^^^^^^^^^^^
[0m[33m--> metta runnable  -->
[36m!(add-atom &replayStream (candidate 184 (quote (AND ((OR ((NOT (A)) C)))))))
[33m-->  prolog goal  -->[35m 
:- findall(A,
           'add-atom'('&replayStream',
                      [candidate, 184, [quote, ['AND', [['OR', [['NOT', ['A']], 'C']]]]]],
                      A),
           _).
[33m^^^^^^^^^^^^^^^^^^^^^^^
[0m[33m--> metta runnable  -->
[36m!(add-atom &replayStream (candidate 185 (quote (AND (A (NOT (C)))))))
[33m-->  prolog goal  -->[35m 
:- findall(A,
           'add-atom'('&replayStream',
                      [candidate, 185, [quote, ['AND', ['A', ['NOT', ['C']]]]]],
                      A),
           _).
[33m^^^^^^^^^^^^^^^^^^^^^^^
[0m[33m--> metta runnable  -->
[36m!(add-atom &replayStream (candidate 186 (quote (AND ((OR (A C)))))))
[33m-->  prolog goal  -->[35m 
:- findall(A,
           'add-atom'('&replayStream',
                      [candidate, 186, [quote, ['AND', [['OR', ['A', 'C']]]]]],
                      A),
           _).
[33m^^^^^^^^^^^^^^^^^^^^^^^
[0m[33m--> metta runnable  -->
[36m!(add-atom &replayStream (candidate 187 (quote (AND ((NOT (A)) (NOT (C)))))))
[33m-->  prolog goal  -->[35m 
:- findall(A,
           'add-atom'('&replayStream',
                      [candidate, 187, [quote, ['AND', [['NOT', ['A']], ['NOT', ['C']]]]]],
                      A),
           _).
[33m^^^^^^^^^^^^^^^^^^^^^^^
[0m[33m--> metta runnable  -->
[36m!(add-atom &replayStream (candidate 188 (quote (AND ((OR (A B)))))))
[33m-->  prolog goal  -->[35m 
:- findall(A,
           'add-atom'('&replayStream',
                      [candidate, 188, [quote, ['AND', [['OR', ['A', 'B']]]]]],
                      A),
           _).
[33m^^^^^^^^^^^^^^^^^^^^^^^
[0m[33m--> metta runnable  -->
[36m!(add-atom &replayStream (candidate 189 (quote (AND ((NOT (A)) (NOT (B)))))))
[33m-->  prolog goal  -->[35m 
:- findall(A,
           'add-atom'('&replayStream',
                      [candidate, 189, [quote, ['AND', [['NOT', ['A']], ['NOT', ['B']]]]]],
                      A),
           _).
[33m^^^^^^^^^^^^^^^^^^^^^^^
[0m[33m--> metta runnable  -->
[36m!(add-atom &replayStream (candidate 190 (quote (AND ((OR (A C)))))))
[33m-->  prolog goal  -->[35m 
:- findall(A,
           'add-atom'('&replayStream',
                      [candidate, 190, [quote, ['AND', [['OR', ['A', 'C']]]]]],
                      A),
           _).
[33m^^^^^^^^^^^^^^^^^^^^^^^
[0m[33m--> metta runnable  -->
[36m!(add-atom &replayStream (candidate 191 (quote (AND ((OR ((NOT (A)) C)))))))
[33m-->  prolog goal  -->[35m 
:- findall(A,
           'add-atom'('&replayStream',
                      [candidate, 191, [quote, ['AND', [['OR', [['NOT', ['A']], 'C']]]]]],
                      A),
           _).
[33m^^^^^^^^^^^^^^^^^^^^^^^
[0m[33m--> metta runnable  -->
[36m!(add-atom &replayStream (candidate 192 (quote (AND ((OR (B C)))))))
[33m-->  prolog goal  -->[35m 
:- findall(A,
           'add-atom'('&replayStream',
                      [candidate, 192, [quote, ['AND', [['OR', ['B', 'C']]]]]],
                      A),
           _).
[33m^^^^^^^^^^^^^^^^^^^^^^^
[0m[33m--> metta runnable  -->
[36m!(add-atom &replayStream (candidate 193 (quote (AND ((OR ((NOT (B)) C)))))))
[33m-->  prolog goal  -->[35m 
:- findall(A,
           'add-atom'('&replayStream',
                      [candidate, 193, [quote, ['AND', [['OR', [['NOT', ['B']], 'C']]]]]],
                      A),
           _).
[33m^^^^^^^^^^^^^^^^^^^^^^^
[0m[33m--> metta runnable  -->
[36m!(add-atom &replayStream (candidate 194 (quote C)))
[33m-->  prolog goal  -->[35m 
:- findall(A,
           'add-atom'('&replayStream', [candidate, 194, [quote, 'C']], A),
           _).
[33m^^^^^^^^^^^^^^^^^^^^^^^
[0m[33m--> metta runnable  -->
[36m!(add-atom &replayStream (candidate 195 (quote (AND ((OR ((NOT (C)) C)))))))
[33m-->  prolog goal  -->[35m 
:- findall(A,
           'add-atom'('&replayStream',
                      [candidate, 195, [quote, ['AND', [['OR', [['NOT', ['C']], 'C']]]]]],
                      A),
           _).
[33m^^^^^^^^^^^^^^^^^^^^^^^
[0m[33m--> metta runnable  -->
[36m!(add-atom &replayStream (candidate 196 (quote (AND (C (NOT (B)))))))
[33m-->  prolog goal  -->[35m 
:- findall(A,
           'add-atom'('&replayStream',
                      [candidate, 196, [quote, ['AND', ['C', ['NOT', ['B']]]]]],
                      A),
           _).
[33m^^^^^^^^^^^^^^^^^^^^^^^
[0m[33m--> metta runnable  -->
[36m!(add-atom &replayStream (candidate 197 (quote (AND ((OR (B (NOT (C)) C)))))))
[33m-->  prolog goal  -->[35m 
:- findall(A,
           'add-atom'('&replayStream',
                      [candidate, 197, [quote, ['AND', [['OR', ['B', ['NOT', ['C']], 'C']]]]]],
                      A),
           _).
[33m^^^^^^^^^^^^^^^^^^^^^^^
[0m[33m--> metta runnable  -->
[36m!(add-atom &replayStream (candidate 198 (quote (AND ((OR ((AND ((NOT (A)) B)) C)))))))
[33m-->  prolog goal  -->[35m 
:- findall(A,
           'add-atom'('&replayStream',
                      [ candidate,
                        198,
                        [quote, ['AND', [['OR', [['AND', [['NOT', ['A']], 'B']], 'C']]]]]
                      ],
                      A),
           _).
[33m^^^^^^^^^^^^^^^^^^^^^^^
[0m[33m--> metta runnable  -->
[36m!(add-atom &replayStream (candidate 199 (quote (AND ((OR (A (NOT (B)) C)))))))
[33m-->  prolog goal  -->[35m 
:- findall(A,
           'add-atom'('&replayStream',
                      [candidate, 199, [quote, ['AND', [['OR', ['A', ['NOT', ['B']], 'C']]]]]],
                      A),
           _).
[33m^^^^^^^^^^^^^^^^^^^^^^^
[0m[33m--> metta runnable  -->
[36m!(add-atom &replayStream (candidate 200 (quote (AND ((OR ((AND (A B)) C)))))))
[33m-->  prolog goal  -->[35m 
:- findall(A,
           'add-atom'('&replayStream',
                      [candidate, 200, [quote, ['AND', [['OR', [['AND', ['A', 'B']], 'C']]]]]],
                      A),
           _).
[33m^^^^^^^^^^^^^^^^^^^^^^^
[0m[33m--> metta runnable  -->
[36m!(add-atom &replayStream (candidate 201 (quote (AND ((OR ((NOT (A)) (NOT (B)) C)))))))
[33m-->  prolog goal  -->[35m 
:- findall(A,
           'add-atom'('&replayStream',
                      [ candidate,
                        201,
                        [quote, ['AND', [['OR', [['NOT', ['A']], ['NOT', ['B']], 'C']]]]]
                      ],
                      A),
           _).
[33m^^^^^^^^^^^^^^^^^^^^^^^
[0m[33m--> metta runnable  -->
[36m!(add-atom &replayStream (candidate 202 (quote (AND ((OR (A C)))))))
[33m-->  prolog goal  -->[35m 
:- findall(A,
           'add-atom'('&replayStream',
                      [candidate, 202, [quote, ['AND', [['OR', ['A', 'C']]]]]],
                      A),
           _).
[33m^^^^^^^^^^^^^^^^^^^^^^^
[0m[33m--> metta runnable  -->
[36m!(add-atom &replayStream (candidate 203 (quote (AND ((OR ((NOT (A)) C)))))))
[33m-->  prolog goal  -->[35m 
:- findall(A,
           'add-atom'('&replayStream',
                      [candidate, 203, [quote, ['AND', [['OR', [['NOT', ['A']], 'C']]]]]],
                      A),
           _).
[33m^^^^^^^^^^^^^^^^^^^^^^^
[0m[33m--> metta runnable  -->
[36m!(add-atom &replayStream (candidate 204 (quote (AND ((OR (B C)))))))
[33m-->  prolog goal  -->[35m 
:- findall(A,
           'add-atom'('&replayStream',
                      [candidate, 204, [quote, ['AND', [['OR', ['B', 'C']]]]]],
                      A),
           _).
[33m^^^^^^^^^^^^^^^^^^^^^^^
[0m[33m--> metta runnable  -->
[36m!(add-atom &replayStream (candidate 205 (quote (AND ((OR ((NOT (B)) C)))))))
[33m-->  prolog goal  -->[35m 
:- findall(A,
           'add-atom'('&replayStream',
                      [candidate, 205, [quote, ['AND', [['OR', [['NOT', ['B']], 'C']]]]]],
                      A),
           _).
[33m^^^^^^^^^^^^^^^^^^^^^^^
[0m[33m--> metta runnable  -->
[36m!(add-atom &replayStream (candidate 206 (quote C)))
[33m-->  prolog goal  -->[35m 
:- findall(A,
           'add-atom'('&replayStream', [candidate, 206, [quote, 'C']], A),
           _).
[33m^^^^^^^^^^^^^^^^^^^^^^^
[0m[33m--> metta runnable  -->
[36m!(add-atom &replayStream (candidate 207 (quote (AND ((OR ((NOT (C)) C)))))))
[33m-->  prolog goal  -->[35m 
:- findall(A,
           'add-atom'('&replayStream',
                      [candidate, 207, [quote, ['AND', [['OR', [['NOT', ['C']], 'C']]]]]],
                      A),
           _).
[33m^^^^^^^^^^^^^^^^^^^^^^^
[0m[33m--> metta runnable  -->
[36m!(add-atom &replayStream (candidate 208 (quote (AND ((OR (C A C)))))))
[33m-->  prolog goal  -->[35m 
:- findall(A,
           'add-atom'('&replayStream',
                      [candidate, 208, [quote, ['AND', [['OR', ['C', 'A', 'C']]]]]],
                      A),
           _).
[33m^^^^^^^^^^^^^^^^^^^^^^^
[0m[33m--> metta runnable  -->
[36m!(add-atom &replayStream (candidate 209 (quote (AND ((OR ((AND ((NOT (A)) (NOT (C)))) C)))))))
[33m-->  prolog goal  -->[35m 
:- findall(A,
           'add-atom'('&replayStream',
                      [ candidate,
                        209,
                        [quote, ['AND', [['OR', [['AND', [['NOT', ['A']], ['NOT', ['C']]]], 'C']]]]]
                      ],
                      A),
           _).
[33m^^^^^^^^^^^^^^^^^^^^^^^
[0m[33m--> metta runnable  -->
[36m!(add-atom &replayStream (candidate 210 (quote (AND ((OR (C (NOT (B)) C)))))))
[33m-->  prolog goal  -->[35m 
:- findall(A,
           'add-atom'('&replayStream',
                      [candidate, 210, [quote, ['AND', [['OR', ['C', ['NOT', ['B']], 'C']]]]]],
                      A),
           _).
[33m^^^^^^^^^^^^^^^^^^^^^^^
[0m[33m--> metta runnable  -->
[36m!(add-atom &replayStream (candidate 211 (quote (AND ((OR ((AND (B (NOT (C)))) C)))))))
[33m-->  prolog goal  -->[35m 
:- findall(A,
           'add-atom'('&replayStream',
                      [ candidate,
                        211,
                        [quote, ['AND', [['OR', [['AND', ['B', ['NOT', ['C']]]], 'C']]]]]
                      ],
                      A),
           _).
[33m^^^^^^^^^^^^^^^^^^^^^^^
[0m[33m--> metta runnable  -->
[36m!(add-atom &replayStream (candidate 212 (quote (AND ((OR (C A B)))))))
[33m-->  prolog goal  -->[35m 
:- findall(A,
           'add-atom'('&replayStream',
                      [candidate, 212, [quote, ['AND', [['OR', ['C', 'A', 'B']]]]]],
                      A),
           _).
[33m^^^^^^^^^^^^^^^^^^^^^^^
[0m[33m--> metta runnable  -->
[36m!(add-atom &replayStream (candidate 213 (quote (AND ((OR ((AND ((NOT (A)) (NOT (B)))) C)))))))
[33m-->  prolog goal  -->[35m 
:- findall(A,
           'add-atom'('&replayStream',
                      [ candidate,
                        213,
                        [quote, ['AND', [['OR', [['AND', [['NOT', ['A']], ['NOT', ['B']]]], 'C']]]]]
                      ],
                      A),
           _).
[33m^^^^^^^^^^^^^^^^^^^^^^^
[0m[33m--> metta runnable  -->
[36m!(add-atom &replayStream (candidate 214 (quote (AND ((OR (C A)))))))
[33m-->  prolog goal  -->[35m 
:- findall(A,
           'add-atom'('&replayStream',
                      [candidate, 214, [quote, ['AND', [['OR', ['C', 'A']]]]]],
                      A),
           _).
[33m^^^^^^^^^^^^^^^^^^^^^^^
[0m[33m--> metta runnable  -->
[36m!(add-atom &replayStream (candidate 215 (quote (AND ((OR (C (NOT (A)))))))))
[33m-->  prolog goal  -->[35m 
:- findall(A,
           'add-atom'('&replayStream',
                      [candidate, 215, [quote, ['AND', [['OR', ['C', ['NOT', ['A']]]]]]]],
                      A),
           _).
[33m^^^^^^^^^^^^^^^^^^^^^^^
[0m[33m--> metta runnable  -->
[36m!(add-atom &replayStream (candidate 216 (quote (AND ((OR (C B)))))))
[33m-->  prolog goal  -->[35m 
:- findall(A,
           'add-atom'('&replayStream',
                      [candidate, 216, [quote, ['AND', [['OR', ['C', 'B']]]]]],
                      A),
           _).
[33m^^^^^^^^^^^^^^^^^^^^^^^
[0m[33m--> metta runnable  -->
[36m!(add-atom &replayStream (candidate 217 (quote (AND ((OR (C (NOT (B)))))))))
[33m-->  prolog goal  -->[35m 
:- findall(A,
           'add-atom'('&replayStream',
                      [candidate, 217, [quote, ['AND', [['OR', ['C', ['NOT', ['B']]]]]]]],
                      A),
           _).
[33m^^^^^^^^^^^^^^^^^^^^^^^
[0m[33m--> metta runnable  -->
[36m!(add-atom &replayStream (candidate 218 (quote C)))
[33m-->  prolog goal  -->[35m 
:- findall(A,
           'add-atom'('&replayStream', [candidate, 218, [quote, 'C']], A),
           _).
[33m^^^^^^^^^^^^^^^^^^^^^^^
[0m[33m--> metta runnable  -->
[36m!(add-atom &replayStream (candidate 219 (quote (AND ((OR (C (NOT (C)))))))))
[33m-->  prolog goal  -->[35m 
:- findall(A,
           'add-atom'('&replayStream',
                      [candidate, 219, [quote, ['AND', [['OR', ['C', ['NOT', ['C']]]]]]]],
                      A),
           _).
[33m^^^^^^^^^^^^^^^^^^^^^^^
[0m[33m--> metta runnable  -->
[36m!(add-atom &replayStream (candidate 220 (quote (AND (C (NOT (B)))))))
[33m-->  prolog goal  -->[35m 
:- findall(A,
           'add-atom'('&replayStream',
                      [candidate, 220, [quote, ['AND', ['C', ['NOT', ['B']]]]]],
                      A),
           _).
[33m^^^^^^^^^^^^^^^^^^^^^^^
[0m[33m--> metta runnable  -->
[36m!(add-atom &replayStream (candidate 221 (quote (AND ((OR (C B (NOT (C)))))))))
[33m-->  prolog goal  -->[35m 
:- findall(A,
           'add-atom'('&replayStream',
                      [candidate, 221, [quote, ['AND', [['OR', ['C', 'B', ['NOT', ['C']]]]]]]],
                      A),
           _).
[33m^^^^^^^^^^^^^^^^^^^^^^^
[0m[33m--> metta runnable  -->
[36m!(add-atom &replayStream (candidate 222 (quote (AND ((OR (C (AND (A B)))))))))
[33m-->  prolog goal  -->[35m 
:- findall(A,
           'add-atom'('&replayStream',
                      [candidate, 222, [quote, ['AND', [['OR', ['C', ['AND', ['A', 'B']]]]]]]],
                      A),
           _).
[33m^^^^^^^^^^^^^^^^^^^^^^^
[0m[33m--> metta runnable  -->
[36m!(add-atom &replayStream (candidate 223 (quote (AND ((OR (C (NOT (A)) (NOT (B)))))))))
[33m-->  prolog goal  -->[35m 
:- findall(A,
           'add-atom'('&replayStream',
                      [ candidate,
                        223,
                        [quote, ['AND', [['OR', ['C', ['NOT', ['A']], ['NOT', ['B']]]]]]]
                      ],
                      A),
           _).
[33m^^^^^^^^^^^^^^^^^^^^^^^
[0m[33m--> metta runnable  -->
[36m!(add-atom &replayStream (candidate 224 (quote (AND (C A)))))
[33m-->  prolog goal  -->[35m 
:- findall(A,
           'add-atom'('&replayStream', [candidate, 224, [quote, ['AND', ['C', 'A']]]], A),
           _).
[33m^^^^^^^^^^^^^^^^^^^^^^^
[0m[33m--> metta runnable  -->
[36m!(add-atom &replayStream (candidate 225 (quote (AND ((OR (C (NOT (A)) (NOT (C)))))))))
[33m-->  prolog goal  -->[35m 
:- findall(A,
           'add-atom'('&replayStream',
                      [ candidate,
                        225,
                        [quote, ['AND', [['OR', ['C', ['NOT', ['A']], ['NOT', ['C']]]]]]]
                      ],
                      A),
           _).
[33m^^^^^^^^^^^^^^^^^^^^^^^
[0m[33m--> metta runnable  -->
[36m!(add-atom &replayStream (candidate 226 (quote (AND (A C)))))
[33m-->  prolog goal  -->[35m 
:- findall(A,
           'add-atom'('&replayStream', [candidate, 226, [quote, ['AND', ['A', 'C']]]], A),
           _).
[33m^^^^^^^^^^^^^^^^^^^^^^^
[0m[33m--> metta runnable  -->
[36m!(add-atom &replayStream (candidate 227 (quote (AND ((NOT (A)) C)))))
[33m-->  prolog goal  -->[35m 
:- findall(A,
           'add-atom'('&replayStream',
                      [candidate, 227, [quote, ['AND', [['NOT', ['A']], 'C']]]],
                      A),
           _).
[33m^^^^^^^^^^^^^^^^^^^^^^^
[0m[33m--> metta runnable  -->
[36m!(add-atom &replayStream (candidate 228 (quote (AND (B C)))))
[33m-->  prolog goal  -->[35m 
:- findall(A,
           'add-atom'('&replayStream', [candidate, 228, [quote, ['AND', ['B', 'C']]]], A),
           _).
[33m^^^^^^^^^^^^^^^^^^^^^^^
[0m[33m--> metta runnable  -->
[36m!(add-atom &replayStream (candidate 229 (quote (AND ((NOT (B)) C)))))
[33m-->  prolog goal  -->[35m 
:- findall(A,
           'add-atom'('&replayStream',
                      [candidate, 229, [quote, ['AND', [['NOT', ['B']], 'C']]]],
                      A),
           _).
[33m^^^^^^^^^^^^^^^^^^^^^^^
[0m[33m--> metta runnable  -->
[36m!(add-atom &replayStream (candidate 230 (quote (NOT (C)))))
[33m-->  prolog goal  -->[35m 
:- findall(A,
           'add-atom'('&replayStream', [candidate, 230, [quote, ['NOT', ['C']]]], A),
           _).
[33m^^^^^^^^^^^^^^^^^^^^^^^
[0m[33m--> metta runnable  -->
[36m!(add-atom &replayStream (candidate 231 (quote C)))
[33m-->  prolog goal  -->[35m 
:- findall(A,
           'add-atom'('&replayStream', [candidate, 231, [quote, 'C']], A),
           _).
[33m^^^^^^^^^^^^^^^^^^^^^^^
[0m[33m--> metta runnable  -->
[36m!(add-atom &replayStream (candidate 232 (quote C)))
[33m-->  prolog goal  -->[35m 
:- findall(A,
           'add-atom'('&replayStream', [candidate, 232, [quote, 'C']], A),
           _).
[33m^^^^^^^^^^^^^^^^^^^^^^^
[0m[33m--> metta runnable  -->
[36m!(add-atom &replayStream (candidate 233 (quote (AND (C (OR (A B)))))))
[33m-->  prolog goal  -->[35m 
:- findall(A,
           'add-atom'('&replayStream',
                      [candidate, 233, [quote, ['AND', ['C', ['OR', ['A', 'B']]]]]],
                      A),
           _).
[33m^^^^^^^^^^^^^^^^^^^^^^^
[0m[33m--> metta runnable  -->
[36m!(add-atom &replayStream (candidate 234 (quote (AND (C (NOT (A)) (NOT (B)))))))
[33m-->  prolog goal  -->[35m 
:- findall(A,
           'add-atom'('&replayStream',
                      [candidate, 234, [quote, ['AND', ['C', ['NOT', ['A']], ['NOT', ['B']]]]]],
                      A),
           _).
[33m^^^^^^^^^^^^^^^^^^^^^^^
[0m[33m--> metta runnable  -->
[36m!(add-atom &replayStream (candidate 235 (quote C)))
[33m-->  prolog goal  -->[35m 
:- findall(A,
           'add-atom'('&replayStream', [candidate, 235, [quote, 'C']], A),
           _).
[33m^^^^^^^^^^^^^^^^^^^^^^^
[0m[33m--> metta runnable  -->
[36m!(add-atom &replayStream (candidate 236 (quote (AND ((OR ((AND (A B)) C)))))))
[33m-->  prolog goal  -->[35m 
:- findall(A,
           'add-atom'('&replayStream',
                      [candidate, 236, [quote, ['AND', [['OR', [['AND', ['A', 'B']], 'C']]]]]],
                      A),
           _).
[33m^^^^^^^^^^^^^^^^^^^^^^^
[0m[33m--> metta runnable  -->
[36m!(add-atom &replayStream (candidate 237 (quote (AND ((OR (C (AND (A B)))))))))
[33m-->  prolog goal  -->[35m 
:- findall(A,
           'add-atom'('&replayStream',
                      [candidate, 237, [quote, ['AND', [['OR', ['C', ['AND', ['A', 'B']]]]]]]],
                      A),
           _).
[33m^^^^^^^^^^^^^^^^^^^^^^^
[0m[33m--> metta runnable  -->
[36m!(add-atom &replayStream (candidate 238 (quote (AND (C (OR (A B)))))))
[33m-->  prolog goal  -->[35m 
:- findall(A,
           'add-atom'('&replayStream',
                      [candidate, 238, [quote, ['AND', ['C', ['OR', ['A', 'B']]]]]],
                      A),
           _).
[33m^^^^^^^^^^^^^^^^^^^^^^^
[0m[33m--> metta runnable  -->
[36m!(add-atom &replayStream (candidate 239 (quote (AND ((OR ((AND (A B)) C)))))))
[33m-->  prolog goal  -->[35m 
:- findall(A,
           'add-atom'('&replayStream',
                      [candidate, 239, [quote, ['AND', [['OR', [['AND', ['A', 'B']], 'C']]]]]],
                      A),
           _).
[33m^^^^^^^^^^^^^^^^^^^^^^^
[0m[33m--> metta runnable  -->
[36m!(add-atom &replayStream (candidate 240 (quote (AND ((OR ((AND (A B)) C (AND (A B)))))))))
[33m-->  prolog goal  -->[35m 
:- findall(A,
           'add-atom'('&replayStream',
                      [ candidate,
                        240,
                        [quote, ['AND', [['OR', [['AND', ['A', 'B']], 'C', ['AND', ['A', 'B']]]]]]]
                      ],
                      A),
           _).
[33m^^^^^^^^^^^^^^^^^^^^^^^
[0m[33m--> metta runnable  -->
[36m!(add-atom &replayStream (candidate 241 (quote (AND ((OR ((AND (A B)) (AND (C (OR (A B)))))))))))
[33m-->  prolog goal  -->[35m 
:- findall(A,
           'add-atom'('&replayStream',
                      [ candidate,
                        241,
                        [ quote,
                          ['AND', [['OR', [['AND', ['A', 'B']], ['AND', ['C', ['OR', ['A', 'B']]]]]]]]
                        ]
                      ],
                      A),
           _).
[33m^^^^^^^^^^^^^^^^^^^^^^^
[0m[33m--> metta runnable  -->
[36m!(add-atom &replayStream (candidate 242 (quote (AND ((OR (C (AND (A B)))))))))
[33m-->  prolog goal  -->[35m 
:- findall(A,
           'add-atom'('&replayStream',
                      [candidate, 242, [quote, ['AND', [['OR', ['C', ['AND', ['A', 'B']]]]]]]],
                      A),
           _).
[33m^^^^^^^^^^^^^^^^^^^^^^^
[0m[33m--> metta runnable  -->
[36m!(add-atom &replayStream (candidate 243 (quote (AND ((OR ((AND (C (OR (A B)))) (AND (A B)))))))))
[33m-->  prolog goal  -->[35m 
:- findall(A,
           'add-atom'('&replayStream',
                      [ candidate,
                        243,
                        [ quote,
                          ['AND', [['OR', [['AND', ['C', ['OR', ['A', 'B']]]], ['AND', ['A', 'B']]]]]]
                        ]
                      ],
                      A),
           _).
[33m^^^^^^^^^^^^^^^^^^^^^^^
[0m[33m--> metta runnable  -->
[36m!(add-atom &replayStream (candidate 244 (quote (AND (C (OR (A B)))))))
[33m-->  prolog goal  -->[35m 
:- findall(A,
           'add-atom'('&replayStream',
                      [candidate, 244, [quote, ['AND', ['C', ['OR', ['A', 'B']]]]]],
                      A),
           _).
[33m^^^^^^^^^^^^^^^^^^^^^^^
[0m[33m--> metta runnable  -->
[36m!(add-atom &replayStream (candidate 245 (quote (AND ((OR ((AND (A B)) C)))))))
[33m-->  prolog goal  -->[35m 
:- findall(A,
           'add-atom'('&replayStream',
                      [candidate, 245, [quote, ['AND', [['OR', [['AND', ['A', 'B']], 'C']]]]]],
                      A),
           _).
[33m^^^^^^^^^^^^^^^^^^^^^^^
[0m[33m--> metta runnable  -->
[36m!(add-atom &replayStream (candidate 246 (quote (AND ((OR ((AND (A B)) C (AND (A B)))))))))
[33m-->  prolog goal  -->[35m 
:- findall(A,
           'add-atom'('&replayStream',
                      [ candidate,
                        246,
                        [quote, ['AND', [['OR', [['AND', ['A', 'B']], 'C', ['AND', ['A', 'B']]]]]]]
                      ],
                      A),
           _).
[33m^^^^^^^^^^^^^^^^^^^^^^^
[0m[33m--> metta runnable  -->
[36m!(add-atom &replayStream (candidate 247 (quote (AND ((OR ((AND (A B)) (AND (C (OR (A B)))))))))))
[33m-->  prolog goal  -->[35m 
:- findall(A,
           'add-atom'('&replayStream',
                      [ candidate,
                        247,
                        [ quote,
                          ['AND', [['OR', [['AND', ['A', 'B']], ['AND', ['C', ['OR', ['A', 'B']]]]]]]]
                        ]
                      ],
                      A),
           _).
[33m^^^^^^^^^^^^^^^^^^^^^^^
[0m[33m--> metta runnable  -->
[36m!(add-atom &replayStream (candidate 248 (quote (AND ((OR (C (AND (A B)))))))))
[33m-->  prolog goal  -->[35m 
:- findall(A,
           'add-atom'('&replayStream',
                      [candidate, 248, [quote, ['AND', [['OR', ['C', ['AND', ['A', 'B']]]]]]]],
                      A),
           _).
[33m^^^^^^^^^^^^^^^^^^^^^^^
[0m[33m--> metta runnable  -->
[36m!(add-atom &replayStream (candidate 249 (quote (AND ((OR ((AND (C (OR (A B)))) (AND (A B)))))))))
[33m-->  prolog goal  -->[35m 
:- findall(A,
           'add-atom'('&replayStream',
                      [ candidate,
                        249,
                        [ quote,
                          ['AND', [['OR', [['AND', ['C', ['OR', ['A', 'B']]]], ['AND', ['A', 'B']]]]]]
                        ]
                      ],
                      A),
           _).
[33m^^^^^^^^^^^^^^^^^^^^^^^
[0m[33m--> metta runnable  -->
[36m!(add-atom &replayStream (candidate 250 (quote (AND (C (OR (A B)))))))
[33m-->  prolog goal  -->[35m 
:- findall(A,
           'add-atom'('&replayStream',
                      [candidate, 250, [quote, ['AND', ['C', ['OR', ['A', 'B']]]]]],
                      A),
           _).
[33m^^^^^^^^^^^^^^^^^^^^^^^
[0m[33m--> metta runnable  -->
[36m!(add-atom &replayStream (candidate 251 (quote (AND ((OR ((AND (A B)) C (AND (A B)))))))))
[33m-->  prolog goal  -->[35m 
:- findall(A,
           'add-atom'('&replayStream',
                      [ candidate,
                        251,
                        [quote, ['AND', [['OR', [['AND', ['A', 'B']], 'C', ['AND', ['A', 'B']]]]]]]
                      ],
                      A),
           _).
[33m^^^^^^^^^^^^^^^^^^^^^^^
[0m[33m--> metta runnable  -->
[36m!(add-atom &replayStream (candidate 252 (quote (AND ((OR ((AND (A B)) (AND (C (OR (A B)))) (AND (A B)))))))))
[33m-->  prolog goal  -->[35m 
:- findall(A,
           'add-atom'('&replayStream',
                      [ candidate,
                        252,
                        [ quote,
                          [ 'AND',
                            [ [ 'OR',
                                [['AND', ['A', 'B']], ['AND', ['C', ['OR', ['A', 'B']]]], ['AND', ['A', 'B']]]
                              ]
                            ]
                          ]
                        ]
                      ],
                      A),
           _).
[33m^^^^^^^^^^^^^^^^^^^^^^^
[0m[33m--> metta runnable  -->
[36m!(add-atom &replayStream (candidate 253 (quote (AND ((OR ((AND (A B)) (AND (C (OR (A B)))))))))))
[33m-->  prolog goal  -->[35m 
:- findall(A,
           'add-atom'('&replayStream',
                      [ candidate,
                        253,
                        [ quote,
                          ['AND', [['OR', [['AND', ['A', 'B']], ['AND', ['C', ['OR', ['A', 'B']]]]]]]]
                        ]
                      ],
                      A),
           _).
[33m^^^^^^^^^^^^^^^^^^^^^^^
[0m[33m--> metta runnable  -->
[36m!(add-atom &replayStream (candidate 254 (quote (AND ((OR ((AND (C (OR (A B)))) (AND (A B)))))))))
[33m-->  prolog goal  -->[35m 
:- findall(A,
           'add-atom'('&replayStream',
                      [ candidate,
                        254,
                        [ quote,
                          ['AND', [['OR', [['AND', ['C', ['OR', ['A', 'B']]]], ['AND', ['A', 'B']]]]]]
                        ]
                      ],
                      A),
           _).
[33m^^^^^^^^^^^^^^^^^^^^^^^
[0m[33m--> metta runnable  -->
[36m!(add-atom &replayStream (candidate 255 (quote (AND (C (OR (A B)))))))
[33m-->  prolog goal  -->[35m 
:- findall(A,
           'add-atom'('&replayStream',
                      [candidate, 255, [quote, ['AND', ['C', ['OR', ['A', 'B']]]]]],
                      A),
           _).
[33m^^^^^^^^^^^^^^^^^^^^^^^
[0m[33m--> metta runnable  -->
[36m!(add-atom &replayStream (candidate 256 (quote (AND ((OR (C C (AND (A B)))))))))
[33m-->  prolog goal  -->[35m 
:- findall(A,
           'add-atom'('&replayStream',
                      [candidate, 256, [quote, ['AND', [['OR', ['C', 'C', ['AND', ['A', 'B']]]]]]]],
                      A),
           _).
[33m^^^^^^^^^^^^^^^^^^^^^^^
[0m[33m--> metta runnable  -->
[36m!(add-atom &replayStream (candidate 257 (quote (AND ((OR ((AND (A B)) C C)))))))
[33m-->  prolog goal  -->[35m 
:- findall(A,
           'add-atom'('&replayStream',
                      [candidate, 257, [quote, ['AND', [['OR', [['AND', ['A', 'B']], 'C', 'C']]]]]],
                      A),
           _).
[33m^^^^^^^^^^^^^^^^^^^^^^^
[0m[33m--> metta runnable  -->
[36m!(add-atom &replayStream (candidate 258 (quote C)))
[33m-->  prolog goal  -->[35m 
:- findall(A,
           'add-atom'('&replayStream', [candidate, 258, [quote, 'C']], A),
           _).
[33m^^^^^^^^^^^^^^^^^^^^^^^
[0m[33m--> metta runnable  -->
[36m!(add-atom &replayStream (candidate 259 (quote C)))
[33m-->  prolog goal  -->[35m 
:- findall(A,
           'add-atom'('&replayStream', [candidate, 259, [quote, 'C']], A),
           _).
[33m^^^^^^^^^^^^^^^^^^^^^^^
[0m[33m--> metta runnable  -->
[36m!(add-atom &replayStream (candidate 260 (quote (AND (C (OR (A B)))))))
[33m-->  prolog goal  -->[35m 
:- findall(A,
           'add-atom'('&replayStream',
                      [candidate, 260, [quote, ['AND', ['C', ['OR', ['A', 'B']]]]]],
                      A),
           _).
[33m^^^^^^^^^^^^^^^^^^^^^^^
[0m[33m--> metta runnable  -->
[36m!(add-atom &replayStream (candidate 261 (quote (AND (C A B)))))
[33m-->  prolog goal  -->[35m 
:- findall(A,
           'add-atom'('&replayStream',
                      [candidate, 261, [quote, ['AND', ['C', 'A', 'B']]]],
                      A),
           _).
[33m^^^^^^^^^^^^^^^^^^^^^^^
[0m[33m--> metta runnable  -->
[36m!(add-atom &replayStream (candidate 262 (quote (AND ((OR (C (AND (A B)) C)))))))
[33m-->  prolog goal  -->[35m 
:- findall(A,
           'add-atom'('&replayStream',
                      [candidate, 262, [quote, ['AND', [['OR', ['C', ['AND', ['A', 'B']], 'C']]]]]],
                      A),
           _).
[33m^^^^^^^^^^^^^^^^^^^^^^^
[0m[33m--> metta runnable  -->
[36m!(add-atom &replayStream (candidate 263 (quote C)))
[33m-->  prolog goal  -->[35m 
:- findall(A,
           'add-atom'('&replayStream', [candidate, 263, [quote, 'C']], A),
           _).
[33m^^^^^^^^^^^^^^^^^^^^^^^
[0m[33m--> metta runnable  -->
[36m!(add-atom &replayStream (candidate 264 (quote C)))
[33m-->  prolog goal  -->[35m 
:- findall(A,
           'add-atom'('&replayStream', [candidate, 264, [quote, 'C']], A),
           _).
[33m^^^^^^^^^^^^^^^^^^^^^^^
[0m[33m--> metta runnable  -->
[36m!(add-atom &replayStream (candidate 265 (quote C)))
[33m-->  prolog goal  -->[35m 
:- findall(A,
           'add-atom'('&replayStream', [candidate, 265, [quote, 'C']], A),
           _).
[33m^^^^^^^^^^^^^^^^^^^^^^^
[0m[33m--> metta runnable  -->
[36m!(add-atom &replayStream (candidate 266 (quote (AND (C (OR (A B)))))))
[33m-->  prolog goal  -->[35m 
:- findall(A,
           'add-atom'('&replayStream',
                      [candidate, 266, [quote, ['AND', ['C', ['OR', ['A', 'B']]]]]],
                      A),
           _).
[33m^^^^^^^^^^^^^^^^^^^^^^^
[0m[33m--> metta runnable  -->
[36m!(add-atom &replayStream (candidate 267 (quote (AND ((OR (C C (AND (A B)))))))))
[33m-->  prolog goal  -->[35m 
:- findall(A,
           'add-atom'('&replayStream',
                      [candidate, 267, [quote, ['AND', [['OR', ['C', 'C', ['AND', ['A', 'B']]]]]]]],
                      A),
           _).
[33m^^^^^^^^^^^^^^^^^^^^^^^
[0m[33m--> metta runnable  -->
[36m!(add-atom &replayStream (candidate 268 (quote (AND ((OR (C (AND (A B)) C)))))))
[33m-->  prolog goal  -->[35m 
:- findall(A,
           'add-atom'('&replayStream',
                      [candidate, 268, [quote, ['AND', [['OR', ['C', ['AND', ['A', 'B']], 'C']]]]]],
                      A),
           _).
[33m^^^^^^^^^^^^^^^^^^^^^^^
[0m[33m--> metta runnable  -->
[36m!(add-atom &replayStream (candidate 269 (quote C)))
[33m-->  prolog goal  -->[35m 
:- findall(A,
           'add-atom'('&replayStream', [candidate, 269, [quote, 'C']], A),
           _).
[33m^^^^^^^^^^^^^^^^^^^^^^^
[0m[33m--> metta runnable  -->
[36m!(add-atom &replayStream (candidate 270 (quote C)))
[33m-->  prolog goal  -->[35m 
:- findall(A,
           'add-atom'('&replayStream', [candidate, 270, [quote, 'C']], A),
           _).
[33m^^^^^^^^^^^^^^^^^^^^^^^
[0m[33m--> metta runnable  -->
[36m!(add-atom &replayStream (candidate 271 (quote C)))
[33m-->  prolog goal  -->[35m 
:- findall(A,
           'add-atom'('&replayStream', [candidate, 271, [quote, 'C']], A),
           _).
[33m^^^^^^^^^^^^^^^^^^^^^^^
[0m[33m--> metta runnable  -->
[36m!(add-atom &replayStream (candidate 272 (quote C)))
[33m-->  prolog goal  -->[35m 
:- findall(A,
           'add-atom'('&replayStream', [candidate, 272, [quote, 'C']], A),
           _).
[33m^^^^^^^^^^^^^^^^^^^^^^^
[0m[33m--> metta runnable  -->
[36m!(add-atom &replayStream (candidate 273 (quote (AND (B C)))))
[33m-->  prolog goal  -->[35m 
:- findall(A,
           'add-atom'('&replayStream', [candidate, 273, [quote, ['AND', ['B', 'C']]]], A),
           _).
[33m^^^^^^^^^^^^^^^^^^^^^^^
[0m[33m--> metta runnable  -->
[36m!(add-atom &replayStream (candidate 274 (quote (AND (B (OR (C A)))))))
[33m-->  prolog goal  -->[35m 
:- findall(A,
           'add-atom'('&replayStream',
                      [candidate, 274, [quote, ['AND', ['B', ['OR', ['C', 'A']]]]]],
                      A),
           _).
[33m^^^^^^^^^^^^^^^^^^^^^^^
[0m[33m--> metta runnable  -->
[36m!(add-atom &replayStream (candidate 275 (quote (AND (B (OR (A C)))))))
[33m-->  prolog goal  -->[35m 
:- findall(A,
           'add-atom'('&replayStream',
                      [candidate, 275, [quote, ['AND', ['B', ['OR', ['A', 'C']]]]]],
                      A),
           _).
[33m^^^^^^^^^^^^^^^^^^^^^^^
[0m[33m--> metta runnable  -->
[36m!(add-atom &replayStream (candidate 276 (quote (AND (B C)))))
[33m-->  prolog goal  -->[35m 
:- findall(A,
           'add-atom'('&replayStream', [candidate, 276, [quote, ['AND', ['B', 'C']]]], A),
           _).
[33m^^^^^^^^^^^^^^^^^^^^^^^
[0m[33m--> metta runnable  -->
[36m!(add-atom &replayStream (candidate 277 (quote (AND (B C)))))
[33m-->  prolog goal  -->[35m 
:- findall(A,
           'add-atom'('&replayStream', [candidate, 277, [quote, ['AND', ['B', 'C']]]], A),
           _).
[33m^^^^^^^^^^^^^^^^^^^^^^^
[0m[33m--> metta runnable  -->
[36m!(add-atom &replayStream (candidate 278 (quote (AND (C B)))))
[33m-->  prolog goal  -->[35m 
:- findall(A,
           'add-atom'('&replayStream', [candidate, 278, [quote, ['AND', ['C', 'B']]]], A),
           _).
[33m^^^^^^^^^^^^^^^^^^^^^^^
[0m[33m--> metta runnable  -->
[36m!(add-atom &replayStream (candidate 279 (quote (AND (C B)))))
[33m-->  prolog goal  -->[35m 
:- findall(A,
           'add-atom'('&replayStream', [candidate, 279, [quote, ['AND', ['C', 'B']]]], A),
           _).
[33m^^^^^^^^^^^^^^^^^^^^^^^
[0m[33m--> metta runnable  -->
[36m!(add-atom &replayStream (candidate 280 (quote (AND (C B)))))
[33m-->  prolog goal  -->[35m 
:- findall(A,
           'add-atom'('&replayStream', [candidate, 280, [quote, ['AND', ['C', 'B']]]], A),
           _).
[33m^^^^^^^^^^^^^^^^^^^^^^^
[0m[33m--> metta runnable  -->
[36m!(add-atom &replayStream (candidate 281 (quote (AND (A C)))))
[33m-->  prolog goal  -->[35m 
:- findall(A,
           'add-atom'('&replayStream', [candidate, 281, [quote, ['AND', ['A', 'C']]]], A),
           _).
[33m^^^^^^^^^^^^^^^^^^^^^^^
[0m[33m--> metta runnable  -->
[36m!(add-atom &replayStream (candidate 282 (quote (AND (A (OR (C B)))))))
[33m-->  prolog goal  -->[35m 
:- findall(A,
           'add-atom'('&replayStream',
                      [candidate, 282, [quote, ['AND', ['A', ['OR', ['C', 'B']]]]]],
                      A),
           _).
[33m^^^^^^^^^^^^^^^^^^^^^^^
[0m[33m--> metta runnable  -->
[36m!(add-atom &replayStream (candidate 283 (quote (AND (A (OR (B C)))))))
[33m-->  prolog goal  -->[35m 
:- findall(A,
           'add-atom'('&replayStream',
                      [candidate, 283, [quote, ['AND', ['A', ['OR', ['B', 'C']]]]]],
                      A),
           _).
[33m^^^^^^^^^^^^^^^^^^^^^^^
[0m[33m--> metta runnable  -->
[36m!(add-atom &replayStream (candidate 284 (quote (AND (A C)))))
[33m-->  prolog goal  -->[35m 
:- findall(A,
           'add-atom'('&replayStream', [candidate, 284, [quote, ['AND', ['A', 'C']]]], A),
           _).
[33m^^^^^^^^^^^^^^^^^^^^^^^
[0m[33m--> metta runnable  -->
[36m!(add-atom &replayStream (candidate 285 (quote (AND (C (OR (A A B)))))))
[33m-->  prolog goal  -->[35m 
:- findall(A,
           'add-atom'('&replayStream',
                      [candidate, 285, [quote, ['AND', ['C', ['OR', ['A', 'A', 'B']]]]]],
                      A),
           _).
[33m^^^^^^^^^^^^^^^^^^^^^^^
[0m[33m--> metta runnable  -->
[36m!(add-atom &replayStream (candidate 286 (quote (AND ((OR ((AND (C (OR (A B)))) B)))))))
[33m-->  prolog goal  -->[35m 
:- findall(A,
           'add-atom'('&replayStream',
                      [ candidate,
                        286,
                        [quote, ['AND', [['OR', [['AND', ['C', ['OR', ['A', 'B']]]], 'B']]]]]
                      ],
                      A),
           _).
[33m^^^^^^^^^^^^^^^^^^^^^^^
[0m[33m--> metta runnable  -->
[36m!(add-atom &replayStream (candidate 287 (quote (AND ((OR ((AND (C (OR (A B)))) A)))))))
[33m-->  prolog goal  -->[35m 
:- findall(A,
           'add-atom'('&replayStream',
                      [ candidate,
                        287,
                        [quote, ['AND', [['OR', [['AND', ['C', ['OR', ['A', 'B']]]], 'A']]]]]
                      ],
                      A),
           _).
[33m^^^^^^^^^^^^^^^^^^^^^^^
[0m[33m--> metta runnable  -->
[36m!(add-atom &replayStream (candidate 288 (quote (AND ((OR (B (AND (C (OR (A B)))))))))))
[33m-->  prolog goal  -->[35m 
:- findall(A,
           'add-atom'('&replayStream',
                      [ candidate,
                        288,
                        [quote, ['AND', [['OR', ['B', ['AND', ['C', ['OR', ['A', 'B']]]]]]]]]
                      ],
                      A),
           _).
[33m^^^^^^^^^^^^^^^^^^^^^^^
[0m[33m--> metta runnable  -->
[36m!(add-atom &replayStream (candidate 289 (quote (AND ((OR (A (AND (C (OR (A B)))))))))))
[33m-->  prolog goal  -->[35m 
:- findall(A,
           'add-atom'('&replayStream',
                      [ candidate,
                        289,
                        [quote, ['AND', [['OR', ['A', ['AND', ['C', ['OR', ['A', 'B']]]]]]]]]
                      ],
                      A),
           _).
[33m^^^^^^^^^^^^^^^^^^^^^^^
[0m[33m--> metta runnable  -->
[36m!(add-atom &replayStream (candidate 290 (quote (AND ((OR (B (AND (C (OR (A B)))))))))))
[33m-->  prolog goal  -->[35m 
:- findall(A,
           'add-atom'('&replayStream',
                      [ candidate,
                        290,
                        [quote, ['AND', [['OR', ['B', ['AND', ['C', ['OR', ['A', 'B']]]]]]]]]
                      ],
                      A),
           _).
[33m^^^^^^^^^^^^^^^^^^^^^^^
[0m[33m--> metta runnable  -->
[36m!(add-atom &replayStream (candidate 291 (quote (AND ((OR (A (AND (C (OR (A B)))))))))))
[33m-->  prolog goal  -->[35m 
:- findall(A,
           'add-atom'('&replayStream',
                      [ candidate,
                        291,
                        [quote, ['AND', [['OR', ['A', ['AND', ['C', ['OR', ['A', 'B']]]]]]]]]
                      ],
                      A),
           _).
[33m^^^^^^^^^^^^^^^^^^^^^^^
[0m[33m--> metta runnable  -->
[36m!(add-atom &replayStream (candidate 292 (quote (AND ((OR ((AND (B (NOT (C)))) (AND (C (OR (A B)))))))))))
[33m-->  prolog goal  -->[35m 
:- findall(A,
           'add-atom'('&replayStream',
                      [ candidate,
                        292,
                        [ quote,
                          [ 'AND',
                            [['OR', [['AND', ['B', ['NOT', ['C']]]], ['AND', ['C', ['OR', ['A', 'B']]]]]]]
                          ]
                        ]
                      ],
                      A),
           _).
[33m^^^^^^^^^^^^^^^^^^^^^^^
[0m[33m--> metta runnable  -->
[36m!(add-atom &replayStream (candidate 293 (quote (AND ((OR ((AND (C (OR (A B)))) A C)))))))
[33m-->  prolog goal  -->[35m 
:- findall(A,
           'add-atom'('&replayStream',
                      [ candidate,
                        293,
                        [quote, ['AND', [['OR', [['AND', ['C', ['OR', ['A', 'B']]]], 'A', 'C']]]]]
                      ],
                      A),
           _).
[33m^^^^^^^^^^^^^^^^^^^^^^^
[0m[33m--> metta runnable  -->
[36m!(add-atom &replayStream (candidate 294 (quote (AND ((OR ((AND ((NOT (A)) (NOT (B)))) (AND (C (OR (A B)))))))))))
[33m-->  prolog goal  -->[35m 
:- findall(A,
           'add-atom'('&replayStream',
                      [ candidate,
                        294,
                        [ quote,
                          [ 'AND',
                            [ [ 'OR',
                                [ ['AND', [['NOT', ['A']], ['NOT', ['B']]]],
                                  ['AND', ['C', ['OR', ['A', 'B']]]]
                                ]
                              ]
                            ]
                          ]
                        ]
                      ],
                      A),
           _).
[33m^^^^^^^^^^^^^^^^^^^^^^^
[0m[33m--> metta runnable  -->
[36m!(add-atom &replayStream (candidate 295 (quote (AND ((OR ((AND (C (OR (A B)))) A B)))))))
[33m-->  prolog goal  -->[35m 
:- findall(A,
           'add-atom'('&replayStream',
                      [ candidate,
                        295,
                        [quote, ['AND', [['OR', [['AND', ['C', ['OR', ['A', 'B']]]], 'A', 'B']]]]]
                      ],
                      A),
           _).
[33m^^^^^^^^^^^^^^^^^^^^^^^
[0m[33m--> metta runnable  -->
[36m!(add-atom &replayStream (candidate 296 (quote (AND ((OR (A (NOT (B)) (AND (C (OR (A B)))))))))))
[33m-->  prolog goal  -->[35m 
:- findall(A,
           'add-atom'('&replayStream',
                      [ candidate,
                        296,
                        [ quote,
                          ['AND', [['OR', ['A', ['NOT', ['B']], ['AND', ['C', ['OR', ['A', 'B']]]]]]]]
                        ]
                      ],
                      A),
           _).
[33m^^^^^^^^^^^^^^^^^^^^^^^
[0m[33m--> metta runnable  -->
[36m!(add-atom &replayStream (candidate 297 (quote (AND ((OR ((AND ((NOT (A)) B)) (AND (C (OR (A B)))))))))))
[33m-->  prolog goal  -->[35m 
:- findall(A,
           'add-atom'('&replayStream',
                      [ candidate,
                        297,
                        [ quote,
                          [ 'AND',
                            [['OR', [['AND', [['NOT', ['A']], 'B']], ['AND', ['C', ['OR', ['A', 'B']]]]]]]
                          ]
                        ]
                      ],
                      A),
           _).
[33m^^^^^^^^^^^^^^^^^^^^^^^
[0m[33m--> metta runnable  -->
[36m!(add-atom &replayStream (candidate 298 (quote (AND ((NOT (B)) C A)))))
[33m-->  prolog goal  -->[35m 
:- findall(A,
           'add-atom'('&replayStream',
                      [candidate, 298, [quote, ['AND', [['NOT', ['B']], 'C', 'A']]]],
                      A),
           _).
[33m^^^^^^^^^^^^^^^^^^^^^^^
[0m[33m--> metta runnable  -->
[36m!(add-atom &replayStream (candidate 299 (quote (AND ((NOT (A)) C B)))))
[33m-->  prolog goal  -->[35m 
:- findall(A,
           'add-atom'('&replayStream',
                      [candidate, 299, [quote, ['AND', [['NOT', ['A']], 'C', 'B']]]],
                      A),
           _).
[33m^^^^^^^^^^^^^^^^^^^^^^^
[0m[33m--> metta runnable  -->
[36m!(add-atom &replayStream (candidate 300 (quote (AND (C (OR ((NOT (B)) A B)))))))
[33m-->  prolog goal  -->[35m 
:- findall(A,
           'add-atom'('&replayStream',
                      [candidate, 300, [quote, ['AND', ['C', ['OR', [['NOT', ['B']], 'A', 'B']]]]]],
                      A),
           _).
[33m^^^^^^^^^^^^^^^^^^^^^^^
[0m[33m--> metta runnable  -->
[36m!(add-atom &replayStream (candidate 301 (quote (AND ((OR ((AND (C (OR (A B)))) (NOT (C)))))))))
[33m-->  prolog goal  -->[35m 
:- findall(A,
           'add-atom'('&replayStream',
                      [ candidate,
                        301,
                        [quote, ['AND', [['OR', [['AND', ['C', ['OR', ['A', 'B']]]], ['NOT', ['C']]]]]]]
                      ],
                      A),
           _).
[33m^^^^^^^^^^^^^^^^^^^^^^^
[0m[33m--> metta runnable  -->
[36m!(add-atom &replayStream (candidate 302 (quote (AND ((OR ((AND (C (OR (A B)))) (NOT (B)))))))))
[33m-->  prolog goal  -->[35m 
:- findall(A,
           'add-atom'('&replayStream',
                      [ candidate,
                        302,
                        [quote, ['AND', [['OR', [['AND', ['C', ['OR', ['A', 'B']]]], ['NOT', ['B']]]]]]]
                      ],
                      A),
           _).
[33m^^^^^^^^^^^^^^^^^^^^^^^
[0m[33m--> metta runnable  -->
[36m!(add-atom &replayStream (candidate 303 (quote (AND ((OR ((AND (C (OR (A B)))) (NOT (A)))))))))
[33m-->  prolog goal  -->[35m 
:- findall(A,
           'add-atom'('&replayStream',
                      [ candidate,
                        303,
                        [quote, ['AND', [['OR', [['AND', ['C', ['OR', ['A', 'B']]]], ['NOT', ['A']]]]]]]
                      ],
                      A),
           _).
[33m^^^^^^^^^^^^^^^^^^^^^^^
[0m[33m--> metta runnable  -->
[36m!(add-atom &replayStream (candidate 304 (quote (AND ((OR ((NOT (C)) (AND (C (OR (A B)))))))))))
[33m-->  prolog goal  -->[35m 
:- findall(A,
           'add-atom'('&replayStream',
                      [ candidate,
                        304,
                        [quote, ['AND', [['OR', [['NOT', ['C']], ['AND', ['C', ['OR', ['A', 'B']]]]]]]]]
                      ],
                      A),
           _).
[33m^^^^^^^^^^^^^^^^^^^^^^^
[0m[33m--> metta runnable  -->
[36m!(add-atom &replayStream (candidate 305 (quote (AND ((OR ((NOT (B)) (AND (C (OR (A B)))))))))))
[33m-->  prolog goal  -->[35m 
:- findall(A,
           'add-atom'('&replayStream',
                      [ candidate,
                        305,
                        [quote, ['AND', [['OR', [['NOT', ['B']], ['AND', ['C', ['OR', ['A', 'B']]]]]]]]]
                      ],
                      A),
           _).
[33m^^^^^^^^^^^^^^^^^^^^^^^
[0m[33m--> metta runnable  -->
[36m!(add-atom &replayStream (candidate 306 (quote (AND ((OR ((NOT (A)) (AND (C (OR (A B)))))))))))
[33m-->  prolog goal  -->[35m 
:- findall(A,
           'add-atom'('&replayStream',
                      [ candidate,
                        306,
                        [quote, ['AND', [['OR', [['NOT', ['A']], ['AND', ['C', ['OR', ['A', 'B']]]]]]]]]
                      ],
                      A),
           _).
[33m^^^^^^^^^^^^^^^^^^^^^^^
[0m[33m--> metta runnable  -->
[36m!(add-atom &replayStream (candidate 307 (quote (AND (C (OR ((NOT (B)) A B)))))))
[33m-->  prolog goal  -->[35m 
:- findall(A,
           'add-atom'('&replayStream',
                      [candidate, 307, [quote, ['AND', ['C', ['OR', [['NOT', ['B']], 'A', 'B']]]]]],
                      A),
           _).
[33m^^^^^^^^^^^^^^^^^^^^^^^
[0m[33m--> metta runnable  -->
[36m!(add-atom &replayStream (candidate 308 (quote (AND ((OR ((NOT (C)) (AND (C (OR (A B)))))))))))
[33m-->  prolog goal  -->[35m 
:- findall(A,
           'add-atom'('&replayStream',
                      [ candidate,
                        308,
                        [quote, ['AND', [['OR', [['NOT', ['C']], ['AND', ['C', ['OR', ['A', 'B']]]]]]]]]
                      ],
                      A),
           _).
[33m^^^^^^^^^^^^^^^^^^^^^^^
[0m[33m--> metta runnable  -->
[36m!(add-atom &replayStream (candidate 309 (quote (AND ((OR ((NOT (B)) (AND (C (OR (A B)))))))))))
[33m-->  prolog goal  -->[35m 
:- findall(A,
           'add-atom'('&replayStream',
                      [ candidate,
                        309,
                        [quote, ['AND', [['OR', [['NOT', ['B']], ['AND', ['C', ['OR', ['A', 'B']]]]]]]]]
                      ],
                      A),
           _).
[33m^^^^^^^^^^^^^^^^^^^^^^^
[0m[33m--> metta runnable  -->
[36m!(add-atom &replayStream (candidate 310 (quote (AND ((OR ((NOT (A)) (AND (C (OR (A B)))))))))))
[33m-->  prolog goal  -->[35m 
:- findall(A,
           'add-atom'('&replayStream',
                      [ candidate,
                        310,
                        [quote, ['AND', [['OR', [['NOT', ['A']], ['AND', ['C', ['OR', ['A', 'B']]]]]]]]]
                      ],
                      A),
           _).
[33m^^^^^^^^^^^^^^^^^^^^^^^
[0m[33m--> metta runnable  -->
[36m!(add-atom &replayStream (candidate 311 (quote (AND ((OR ((AND (C (OR (A B)))) (NOT (A)) (NOT (C)))))))))
[33m-->  prolog goal  -->[35m 
:- findall(A,
           'add-atom'('&replayStream',
                      [ candidate,
                        311,
                        [ quote,
                          [ 'AND',
                            [['OR', [['AND', ['C', ['OR', ['A', 'B']]]], ['NOT', ['A']], ['NOT', ['C']]]]]
                          ]
                        ]
                      ],
                      A),
           _).
[33m^^^^^^^^^^^^^^^^^^^^^^^
[0m[33m--> metta runnable  -->
[36m!(add-atom &replayStream (candidate 312 (quote (AND ((OR ((AND (C (OR (A B)))) B (NOT (C)))))))))
[33m-->  prolog goal  -->[35m 
:- findall(A,
           'add-atom'('&replayStream',
                      [ candidate,
                        312,
                        [ quote,
                          ['AND', [['OR', [['AND', ['C', ['OR', ['A', 'B']]]], 'B', ['NOT', ['C']]]]]]
                        ]
                      ],
                      A),
           _).
[33m^^^^^^^^^^^^^^^^^^^^^^^
[0m[33m--> metta runnable  -->
[36m!(add-atom &replayStream (candidate 313 (quote (AND ((OR ((AND (C (OR (A B)))) (NOT (B)) C)))))))
[33m-->  prolog goal  -->[35m 
:- findall(A,
           'add-atom'('&replayStream',
                      [ candidate,
                        313,
                        [ quote,
                          ['AND', [['OR', [['AND', ['C', ['OR', ['A', 'B']]]], ['NOT', ['B']], 'C']]]]
                        ]
                      ],
                      A),
           _).
[33m^^^^^^^^^^^^^^^^^^^^^^^
[0m[33m--> metta runnable  -->
[36m!(add-atom &replayStream (candidate 314 (quote (AND ((OR ((AND ((NOT (A)) (NOT (C)))) (AND (C (OR (A B)))))))))))
[33m-->  prolog goal  -->[35m 
:- findall(A,
           'add-atom'('&replayStream',
                      [ candidate,
                        314,
                        [ quote,
                          [ 'AND',
                            [ [ 'OR',
                                [ ['AND', [['NOT', ['A']], ['NOT', ['C']]]],
                                  ['AND', ['C', ['OR', ['A', 'B']]]]
                                ]
                              ]
                            ]
                          ]
                        ]
                      ],
                      A),
           _).
[33m^^^^^^^^^^^^^^^^^^^^^^^
[0m[33m--> metta runnable  -->
[36m!(add-atom &replayStream (candidate 315 (quote A)))
[33m-->  prolog goal  -->[35m 
:- findall(A,
           'add-atom'('&replayStream', [candidate, 315, [quote, 'A']], A),
           _).
[33m^^^^^^^^^^^^^^^^^^^^^^^
[0m[33m--> metta runnable  -->
[36m!(add-atom &replayStream (candidate 316 (quote (NOT (A)))))
[33m-->  prolog goal  -->[35m 
:- findall(A,
           'add-atom'('&replayStream', [candidate, 316, [quote, ['NOT', ['A']]]], A),
           _).
[33m^^^^^^^^^^^^^^^^^^^^^^^
[0m[33m--> metta runnable  -->
[36m!(add-atom &replayStream (candidate 317 (quote B)))
[33m-->  prolog goal  -->[35m 
:- findall(A,
           'add-atom'('&replayStream', [candidate, 317, [quote, 'B']], A),
           _).
[33m^^^^^^^^^^^^^^^^^^^^^^^
[0m[33m--> metta runnable  -->
[36m!(add-atom &replayStream (candidate 318 (quote (NOT (B)))))
[33m-->  prolog goal  -->[35m 
:- findall(A,
           'add-atom'('&replayStream', [candidate, 318, [quote, ['NOT', ['B']]]], A),
           _).
[33m^^^^^^^^^^^^^^^^^^^^^^^
[0m[33m--> metta runnable  -->
[36m!(add-atom &replayStream (candidate 319 (quote C)))
[33m-->  prolog goal  -->[35m 
:- findall(A,
           'add-atom'('&replayStream', [candidate, 319, [quote, 'C']], A),
           _).
[33m^^^^^^^^^^^^^^^^^^^^^^^
[0m[33m--> metta runnable  -->
[36m!(add-atom &replayStream (candidate 320 (quote (NOT (C)))))
[33m-->  prolog goal  -->[35m 
:- findall(A,
           'add-atom'('&replayStream', [candidate, 320, [quote, ['NOT', ['C']]]], A),
           _).
[33m^^^^^^^^^^^^^^^^^^^^^^^
[0m[33m--> metta runnable  -->
[36m!(add-atom &replayStream (candidate 321 (quote (AND ((NOT (B)) C)))))
[33m-->  prolog goal  -->[35m 
:- findall(A,
           'add-atom'('&replayStream',
                      [candidate, 321, [quote, ['AND', [['NOT', ['B']], 'C']]]],
                      A),
           _).
[33m^^^^^^^^^^^^^^^^^^^^^^^
[0m[33m--> metta runnable  -->
[36m!(add-atom &replayStream (candidate 322 (quote (AND ((OR (B (NOT (C)))))))))
[33m-->  prolog goal  -->[35m 
:- findall(A,
           'add-atom'('&replayStream',
                      [candidate, 322, [quote, ['AND', [['OR', ['B', ['NOT', ['C']]]]]]]],
                      A),
           _).
[33m^^^^^^^^^^^^^^^^^^^^^^^
[0m[33m--> metta runnable  -->
[36m!(add-atom &replayStream (candidate 323 (quote (AND ((NOT (A)) B)))))
[33m-->  prolog goal  -->[35m 
:- findall(A,
           'add-atom'('&replayStream',
                      [candidate, 323, [quote, ['AND', [['NOT', ['A']], 'B']]]],
                      A),
           _).
[33m^^^^^^^^^^^^^^^^^^^^^^^
[0m[33m--> metta runnable  -->
[36m!(add-atom &replayStream (candidate 324 (quote (AND ((OR (A (NOT (B)))))))))
[33m-->  prolog goal  -->[35m 
:- findall(A,
           'add-atom'('&replayStream',
                      [candidate, 324, [quote, ['AND', [['OR', ['A', ['NOT', ['B']]]]]]]],
                      A),
           _).
[33m^^^^^^^^^^^^^^^^^^^^^^^
[0m[33m--> metta runnable  -->
[36m!(add-atom &replayStream (candidate 325 (quote (AND (A B)))))
[33m-->  prolog goal  -->[35m 
:- findall(A,
           'add-atom'('&replayStream', [candidate, 325, [quote, ['AND', ['A', 'B']]]], A),
           _).
[33m^^^^^^^^^^^^^^^^^^^^^^^
[0m[33m--> metta runnable  -->
[36m!(add-atom &replayStream (candidate 326 (quote (AND ((OR ((NOT (A)) (NOT (B)))))))))
[33m-->  prolog goal  -->[35m 
:- findall(A,
           'add-atom'('&replayStream',
                      [ candidate,
                        326,
                        [quote, ['AND', [['OR', [['NOT', ['A']], ['NOT', ['B']]]]]]]
                      ],
                      A),
           _).
[33m^^^^^^^^^^^^^^^^^^^^^^^
[0m[33m--> metta runnable  -->
[36m!(add-atom &replayStream (candidate 327 (quote A)))
[33m-->  prolog goal  -->[35m 
:- findall(A,
           'add-atom'('&replayStream', [candidate, 327, [quote, 'A']], A),
           _).
[33m^^^^^^^^^^^^^^^^^^^^^^^
[0m[33m--> metta runnable  -->
[36m!(add-atom &replayStream (candidate 328 (quote (NOT (A)))))
[33m-->  prolog goal  -->[35m 
:- findall(A,
           'add-atom'('&replayStream', [candidate, 328, [quote, ['NOT', ['A']]]], A),
           _).
[33m^^^^^^^^^^^^^^^^^^^^^^^
[0m[33m--> metta runnable  -->
[36m!(add-atom &replayStream (candidate 329 (quote B)))
[33m-->  prolog goal  -->[35m 
:- findall(A,
           'add-atom'('&replayStream', [candidate, 329, [quote, 'B']], A),
           _).
[33m^^^^^^^^^^^^^^^^^^^^^^^
[0m[33m--> metta runnable  -->
[36m!(add-atom &replayStream (candidate 330 (quote (NOT (B)))))
[33m-->  prolog goal  -->[35m 
:- findall(A,
           'add-atom'('&replayStream', [candidate, 330, [quote, ['NOT', ['B']]]], A),
           _).
[33m^^^^^^^^^^^^^^^^^^^^^^^
[0m[33m--> metta runnable  -->
[36m!(add-atom &replayStream (candidate 331 (quote C)))
[33m-->  prolog goal  -->[35m 
:- findall(A,
           'add-atom'('&replayStream', [candidate, 331, [quote, 'C']], A),
           _).
[33m^^^^^^^^^^^^^^^^^^^^^^^
[0m[33m--> metta runnable  -->
[36m!(add-atom &replayStream (candidate 332 (quote (NOT (C)))))
[33m-->  prolog goal  -->[35m 
:- findall(A,
           'add-atom'('&replayStream', [candidate, 332, [quote, ['NOT', ['C']]]], A),
           _).
[33m^^^^^^^^^^^^^^^^^^^^^^^
[0m[33m--> metta runnable  -->
[36m!(add-atom &replayStream (candidate 333 (quote (AND ((OR (A C)))))))
[33m-->  prolog goal  -->[35m 
:- findall(A,
           'add-atom'('&replayStream',
                      [candidate, 333, [quote, ['AND', [['OR', ['A', 'C']]]]]],
                      A),
           _).
[33m^^^^^^^^^^^^^^^^^^^^^^^
[0m[33m--> metta runnable  -->
[36m!(add-atom &replayStream (candidate 334 (quote (AND ((NOT (A)) (NOT (C)))))))
[33m-->  prolog goal  -->[35m 
:- findall(A,
           'add-atom'('&replayStream',
                      [candidate, 334, [quote, ['AND', [['NOT', ['A']], ['NOT', ['C']]]]]],
                      A),
           _).
[33m^^^^^^^^^^^^^^^^^^^^^^^
[0m[33m--> metta runnable  -->
[36m!(add-atom &replayStream (candidate 335 (quote (AND ((OR ((NOT (B)) C)))))))
[33m-->  prolog goal  -->[35m 
:- findall(A,
           'add-atom'('&replayStream',
                      [candidate, 335, [quote, ['AND', [['OR', [['NOT', ['B']], 'C']]]]]],
                      A),
           _).
[33m^^^^^^^^^^^^^^^^^^^^^^^
[0m[33m--> metta runnable  -->
[36m!(add-atom &replayStream (candidate 336 (quote (AND (B (NOT (C)))))))
[33m-->  prolog goal  -->[35m 
:- findall(A,
           'add-atom'('&replayStream',
                      [candidate, 336, [quote, ['AND', ['B', ['NOT', ['C']]]]]],
                      A),
           _).
[33m^^^^^^^^^^^^^^^^^^^^^^^
[0m[33m--> metta runnable  -->
[36m!(add-atom &replayStream (candidate 337 (quote (AND ((OR (A B)))))))
[33m-->  prolog goal  -->[35m 
:- findall(A,
           'add-atom'('&replayStream',
                      [candidate, 337, [quote, ['AND', [['OR', ['A', 'B']]]]]],
                      A),
           _).
[33m^^^^^^^^^^^^^^^^^^^^^^^
[0m[33m--> metta runnable  -->
[36m!(add-atom &replayStream (candidate 338 (quote (AND ((NOT (A)) (NOT (B)))))))
[33m-->  prolog goal  -->[35m 
:- findall(A,
           'add-atom'('&replayStream',
                      [candidate, 338, [quote, ['AND', [['NOT', ['A']], ['NOT', ['B']]]]]],
                      A),
           _).
[33m^^^^^^^^^^^^^^^^^^^^^^^
[0m[33m--> metta runnable  -->
[36m!(add-atom &replayStream (candidate 339 (quote A)))
[33m-->  prolog goal  -->[35m 
:- findall(A,
           'add-atom'('&replayStream', [candidate, 339, [quote, 'A']], A),
           _).
[33m^^^^^^^^^^^^^^^^^^^^^^^
[0m[33m--> metta runnable  -->
[36m!(add-atom &replayStream (candidate 340 (quote (NOT (A)))))
[33m-->  prolog goal  -->[35m 
:- findall(A,
           'add-atom'('&replayStream', [candidate, 340, [quote, ['NOT', ['A']]]], A),
           _).
[33m^^^^^^^^^^^^^^^^^^^^^^^
[0m[33m--> metta runnable  -->
[36m!(add-atom &replayStream (candidate 341 (quote B)))
[33m-->  prolog goal  -->[35m 
:- findall(A,
           'add-atom'('&replayStream', [candidate, 341, [quote, 'B']], A),
           _).
[33m^^^^^^^^^^^^^^^^^^^^^^^
[0m[33m--> metta runnable  -->
[36m!(add-atom &replayStream (candidate 342 (quote (NOT (B)))))
[33m-->  prolog goal  -->[35m 
:- findall(A,
           'add-atom'('&replayStream', [candidate, 342, [quote, ['NOT', ['B']]]], A),
           _).
[33m^^^^^^^^^^^^^^^^^^^^^^^
[0m[33m--> metta runnable  -->
[36m!(add-atom &replayStream (candidate 343 (quote C)))
[33m-->  prolog goal  -->[35m 
:- findall(A,
           'add-atom'('&replayStream', [candidate, 343, [quote, 'C']], A),
           _).
[33m^^^^^^^^^^^^^^^^^^^^^^^
[0m[33m--> metta runnable  -->
[36m!(add-atom &replayStream (candidate 344 (quote (NOT (C)))))
[33m-->  prolog goal  -->[35m 
:- findall(A,
           'add-atom'('&replayStream', [candidate, 344, [quote, ['NOT', ['C']]]], A),
           _).
[33m^^^^^^^^^^^^^^^^^^^^^^^
[0m[33m--> metta runnable  -->
[36m!(add-atom &replayStream (candidate 345 (quote (AND ((NOT (B)) C)))))
[33m-->  prolog goal  -->[35m 
:- findall(A,
           'add-atom'('&replayStream',
                      [candidate, 345, [quote, ['AND', [['NOT', ['B']], 'C']]]],
                      A),
           _).
[33m^^^^^^^^^^^^^^^^^^^^^^^
[0m[33m--> metta runnable  -->
[36m!(add-atom &replayStream (candidate 346 (quote (AND ((OR (B (NOT (C)))))))))
[33m-->  prolog goal  -->[35m 
:- findall(A,
           'add-atom'('&replayStream',
                      [candidate, 346, [quote, ['AND', [['OR', ['B', ['NOT', ['C']]]]]]]],
                      A),
           _).
[33m^^^^^^^^^^^^^^^^^^^^^^^
[0m[33m--> metta runnable  -->
[36m!(add-atom &replayStream (candidate 347 (quote (AND (A B)))))
[33m-->  prolog goal  -->[35m 
:- findall(A,
           'add-atom'('&replayStream', [candidate, 347, [quote, ['AND', ['A', 'B']]]], A),
           _).
[33m^^^^^^^^^^^^^^^^^^^^^^^
[0m[33m--> metta runnable  -->
[36m!(add-atom &replayStream (candidate 348 (quote (AND ((OR ((NOT (A)) (NOT (B)))))))))
[33m-->  prolog goal  -->[35m 
:- findall(A,
           'add-atom'('&replayStream',
                      [ candidate,
                        348,
                        [quote, ['AND', [['OR', [['NOT', ['A']], ['NOT', ['B']]]]]]]
                      ],
                      A),
           _).
[33m^^^^^^^^^^^^^^^^^^^^^^^
[0m[33m--> metta runnable  -->
[36m!(add-atom &replayStream (candidate 349 (quote (AND (A C)))))
[33m-->  prolog goal  -->[35m 
:- findall(A,
           'add-atom'('&replayStream', [candidate, 349, [quote, ['AND', ['A', 'C']]]], A),
           _).
[33m^^^^^^^^^^^^^^^^^^^^^^^
[0m[33m--> metta runnable  -->
[36m!(add-atom &replayStream (candidate 350 (quote (AND ((OR ((NOT (A)) (NOT (C)))))))))
[33m-->  prolog goal  -->[35m 
:- findall(A,
           'add-atom'('&replayStream',
                      [ candidate,
                        350,
                        [quote, ['AND', [['OR', [['NOT', ['A']], ['NOT', ['C']]]]]]]
                      ],
                      A),
           _).
[33m^^^^^^^^^^^^^^^^^^^^^^^
[0m[33m--> metta runnable  -->
[36m!(add-atom &replayStream (candidate 351 (quote A)))
[33m-->  prolog goal  -->[35m 
:- findall(A,
           'add-atom'('&replayStream', [candidate, 351, [quote, 'A']], A),
           _).
[33m^^^^^^^^^^^^^^^^^^^^^^^
[0m[33m--> metta runnable  -->
[36m!(add-atom &replayStream (candidate 352 (quote (NOT (A)))))
[33m-->  prolog goal  -->[35m 
:- findall(A,
           'add-atom'('&replayStream', [candidate, 352, [quote, ['NOT', ['A']]]], A),
           _).
[33m^^^^^^^^^^^^^^^^^^^^^^^
[0m[33m--> metta runnable  -->
[36m!(add-atom &replayStream (candidate 353 (quote B)))
[33m-->  prolog goal  -->[35m 
:- findall(A,
           'add-atom'('&replayStream', [candidate, 353, [quote, 'B']], A),
           _).
[33m^^^^^^^^^^^^^^^^^^^^^^^
[0m[33m--> metta runnable  -->
[36m!(add-atom &replayStream (candidate 354 (quote (NOT (B)))))
[33m-->  prolog goal  -->[35m 
:- findall(A,
           'add-atom'('&replayStream', [candidate, 354, [quote, ['NOT', ['B']]]], A),
           _).
[33m^^^^^^^^^^^^^^^^^^^^^^^
[0m[33m--> metta runnable  -->
[36m!(add-atom &replayStream (candidate 355 (quote C)))
[33m-->  prolog goal  -->[35m 
:- findall(A,
           'add-atom'('&replayStream', [candidate, 355, [quote, 'C']], A),
           _).
[33m^^^^^^^^^^^^^^^^^^^^^^^
[0m[33m--> metta runnable  -->
[36m!(add-atom &replayStream (candidate 356 (quote (NOT (C)))))
[33m-->  prolog goal  -->[35m 
:- findall(A,
           'add-atom'('&replayStream', [candidate, 356, [quote, ['NOT', ['C']]]], A),
           _).
[33m^^^^^^^^^^^^^^^^^^^^^^^
[0m[33m--> metta runnable  -->
[36m!(add-atom &replayStream (candidate 357 (quote (AND ((OR ((NOT (A)) C)))))))
[33m-->  prolog goal  -->[35m 
:- findall(A,
           'add-atom'('&replayStream',
                      [candidate, 357, [quote, ['AND', [['OR', [['NOT', ['A']], 'C']]]]]],
                      A),
           _).
[33m^^^^^^^^^^^^^^^^^^^^^^^
[0m[33m--> metta runnable  -->
[36m!(add-atom &replayStream (candidate 358 (quote (AND (A (NOT (C)))))))
[33m-->  prolog goal  -->[35m 
:- findall(A,
           'add-atom'('&replayStream',
                      [candidate, 358, [quote, ['AND', ['A', ['NOT', ['C']]]]]],
                      A),
           _).
[33m^^^^^^^^^^^^^^^^^^^^^^^
[0m[33m--> metta runnable  -->
[36m!(add-atom &replayStream (candidate 359 (quote (AND ((OR (A C)))))))
[33m-->  prolog goal  -->[35m 
:- findall(A,
           'add-atom'('&replayStream',
                      [candidate, 359, [quote, ['AND', [['OR', ['A', 'C']]]]]],
                      A),
           _).
[33m^^^^^^^^^^^^^^^^^^^^^^^
[0m[33m--> metta runnable  -->
[36m!(add-atom &replayStream (candidate 360 (quote (AND ((NOT (A)) (NOT (C)))))))
[33m-->  prolog goal  -->[35m 
:- findall(A,
           'add-atom'('&replayStream',
                      [candidate, 360, [quote, ['AND', [['NOT', ['A']], ['NOT', ['C']]]]]],
                      A),
           _).
[33m^^^^^^^^^^^^^^^^^^^^^^^
[0m[33m--> metta runnable  -->
[36m!(add-atom &replayStream (candidate 361 (quote (AND ((OR (A B)))))))
[33m-->  prolog goal  -->[35m 
:- findall(A,
           'add-atom'('&replayStream',
                      [candidate, 361, [quote, ['AND', [['OR', ['A', 'B']]]]]],
                      A),
           _).
[33m^^^^^^^^^^^^^^^^^^^^^^^
[0m[33m--> metta runnable  -->
[36m!(add-atom &replayStream (candidate 362 (quote (AND ((NOT (A)) (NOT (B)))))))
[33m-->  prolog goal  -->[35m 
:- findall(A,
           'add-atom'('&replayStream',
                      [candidate, 362, [quote, ['AND', [['NOT', ['A']], ['NOT', ['B']]]]]],
                      A),
           _).
[33m^^^^^^^^^^^^^^^^^^^^^^^
[0m[33m--> metta runnable  -->
[36m!(add-atom &replayStream (candidate 363 (quote (AND ((OR (A C)))))))
[33m-->  prolog goal  -->[35m 
:- findall(A,
           'add-atom'('&replayStream',
                      [candidate, 363, [quote, ['AND', [['OR', ['A', 'C']]]]]],
                      A),
           _).
[33m^^^^^^^^^^^^^^^^^^^^^^^
[0m[33m--> metta runnable  -->
[36m!(add-atom &replayStream (candidate 364 (quote (AND ((OR ((NOT (A)) C)))))))
[33m-->  prolog goal  -->[35m 
:- findall(A,
           'add-atom'('&replayStream',
                      [candidate, 364, [quote, ['AND', [['OR', [['NOT', ['A']], 'C']]]]]],
                      A),
           _).
[33m^^^^^^^^^^^^^^^^^^^^^^^
[0m[33m--> metta runnable  -->
[36m!(add-atom &replayStream (candidate 365 (quote (AND ((OR (B C)))))))
[33m-->  prolog goal  -->[35m 
:- findall(A,
           'add-atom'('&replayStream',
                      [candidate, 365, [quote, ['AND', [['OR', ['B', 'C']]]]]],
                      A),
           _).
[33m^^^^^^^^^^^^^^^^^^^^^^^
[0m[33m--> metta runnable  -->
[36m!(add-atom &replayStream (candidate 366 (quote (AND ((OR ((NOT (B)) C)))))))
[33m-->  prolog goal  -->[35m 
:- findall(A,
           'add-atom'('&replayStream',
                      [candidate, 366, [quote, ['AND', [['OR', [['NOT', ['B']], 'C']]]]]],
                      A),
           _).
[33m^^^^^^^^^^^^^^^^^^^^^^^
[0m[33m--> metta runnable  -->
[36m!(add-atom &replayStream (candidate 367 (quote C)))
[33m-->  prolog goal  -->[35m 
:- findall(A,
           'add-atom'('&replayStream', [candidate, 367, [quote, 'C']], A),
           _).
[33m^^^^^^^^^^^^^^^^^^^^^^^
[0m[33m--> metta runnable  -->
[36m!(add-atom &replayStream (candidate 368 (quote (AND ((OR ((NOT (C)) C)))))))
[33m-->  prolog goal  -->[35m 
:- findall(A,
           'add-atom'('&replayStream',
                      [candidate, 368, [quote, ['AND', [['OR', [['NOT', ['C']], 'C']]]]]],
                      A),
           _).
[33m^^^^^^^^^^^^^^^^^^^^^^^
[0m[33m--> metta runnable  -->
[36m!(add-atom &replayStream (candidate 369 (quote (AND (C (NOT (B)))))))
[33m-->  prolog goal  -->[35m 
:- findall(A,
           'add-atom'('&replayStream',
                      [candidate, 369, [quote, ['AND', ['C', ['NOT', ['B']]]]]],
                      A),
           _).
[33m^^^^^^^^^^^^^^^^^^^^^^^
[0m[33m--> metta runnable  -->
[36m!(add-atom &replayStream (candidate 370 (quote (AND ((OR (B (NOT (C)) C)))))))
[33m-->  prolog goal  -->[35m 
:- findall(A,
           'add-atom'('&replayStream',
                      [candidate, 370, [quote, ['AND', [['OR', ['B', ['NOT', ['C']], 'C']]]]]],
                      A),
           _).
[33m^^^^^^^^^^^^^^^^^^^^^^^
[0m[33m--> metta runnable  -->
[36m!(add-atom &replayStream (candidate 371 (quote (AND ((OR ((AND ((NOT (A)) B)) C)))))))
[33m-->  prolog goal  -->[35m 
:- findall(A,
           'add-atom'('&replayStream',
                      [ candidate,
                        371,
                        [quote, ['AND', [['OR', [['AND', [['NOT', ['A']], 'B']], 'C']]]]]
                      ],
                      A),
           _).
[33m^^^^^^^^^^^^^^^^^^^^^^^
[0m[33m--> metta runnable  -->
[36m!(add-atom &replayStream (candidate 372 (quote (AND ((OR (A (NOT (B)) C)))))))
[33m-->  prolog goal  -->[35m 
:- findall(A,
           'add-atom'('&replayStream',
                      [candidate, 372, [quote, ['AND', [['OR', ['A', ['NOT', ['B']], 'C']]]]]],
                      A),
           _).
[33m^^^^^^^^^^^^^^^^^^^^^^^
[0m[33m--> metta runnable  -->
[36m!(add-atom &replayStream (candidate 373 (quote (AND ((OR ((AND (A B)) C)))))))
[33m-->  prolog goal  -->[35m 
:- findall(A,
           'add-atom'('&replayStream',
                      [candidate, 373, [quote, ['AND', [['OR', [['AND', ['A', 'B']], 'C']]]]]],
                      A),
           _).
[33m^^^^^^^^^^^^^^^^^^^^^^^
[0m[33m--> metta runnable  -->
[36m!(add-atom &replayStream (candidate 374 (quote (AND ((OR ((NOT (A)) (NOT (B)) C)))))))
[33m-->  prolog goal  -->[35m 
:- findall(A,
           'add-atom'('&replayStream',
                      [ candidate,
                        374,
                        [quote, ['AND', [['OR', [['NOT', ['A']], ['NOT', ['B']], 'C']]]]]
                      ],
                      A),
           _).
[33m^^^^^^^^^^^^^^^^^^^^^^^
[0m[33m--> metta runnable  -->
[36m!(add-atom &replayStream (candidate 375 (quote (AND ((OR (A C)))))))
[33m-->  prolog goal  -->[35m 
:- findall(A,
           'add-atom'('&replayStream',
                      [candidate, 375, [quote, ['AND', [['OR', ['A', 'C']]]]]],
                      A),
           _).
[33m^^^^^^^^^^^^^^^^^^^^^^^
[0m[33m--> metta runnable  -->
[36m!(add-atom &replayStream (candidate 376 (quote (AND ((OR ((NOT (A)) C)))))))
[33m-->  prolog goal  -->[35m 
:- findall(A,
           'add-atom'('&replayStream',
                      [candidate, 376, [quote, ['AND', [['OR', [['NOT', ['A']], 'C']]]]]],
                      A),
           _).
[33m^^^^^^^^^^^^^^^^^^^^^^^
[0m[33m--> metta runnable  -->
[36m!(add-atom &replayStream (candidate 377 (quote (AND ((OR (B C)))))))
[33m-->  prolog goal  -->[35m 
:- findall(A,
           'add-atom'('&replayStream',
                      [candidate, 377, [quote, ['AND', [['OR', ['B', 'C']]]]]],
                      A),
           _).
[33m^^^^^^^^^^^^^^^^^^^^^^^
[0m[33m--> metta runnable  -->
[36m!(add-atom &replayStream (candidate 378 (quote (AND ((OR ((NOT (B)) C)))))))
[33m-->  prolog goal  -->[35m 
:- findall(A,
           'add-atom'('&replayStream',
                      [candidate, 378, [quote, ['AND', [['OR', [['NOT', ['B']], 'C']]]]]],
                      A),
           _).
[33m^^^^^^^^^^^^^^^^^^^^^^^
[0m[33m--> metta runnable  -->
[36m!(add-atom &replayStream (candidate 379 (quote C)))
[33m-->  prolog goal  -->[35m 
:- findall(A,
           'add-atom'('&replayStream', [candidate, 379, [quote, 'C']], A),
           _).
[33m^^^^^^^^^^^^^^^^^^^^^^^
[0m[33m--> metta runnable  -->
[36m!(add-atom &replayStream (candidate 380 (quote (AND ((OR ((NOT (C)) C)))))))
[33m-->  prolog goal  -->[35m 
:- findall(A,
           'add-atom'('&replayStream',
                      [candidate, 380, [quote, ['AND', [['OR', [['NOT', ['C']], 'C']]]]]],
                      A),
           _).
[33m^^^^^^^^^^^^^^^^^^^^^^^
[0m[33m--> metta runnable  -->
[36m!(add-atom &replayStream (candidate 381 (quote (AND ((OR (C A C)))))))
[33m-->  prolog goal  -->[35m 
:- findall(A,
           'add-atom'('&replayStream',
                      [candidate, 381, [quote, ['AND', [['OR', ['C', 'A', 'C']]]]]],
                      A),
           _).
[33m^^^^^^^^^^^^^^^^^^^^^^^
[0m[33m--> metta runnable  -->
[36m!(add-atom &replayStream (candidate 382 (quote (AND ((OR ((AND ((NOT (A)) (NOT (C)))) C)))))))
[33m-->  prolog goal  -->[35m 
:- findall(A,
           'add-atom'('&replayStream',
                      [ candidate,
                        382,
                        [quote, ['AND', [['OR', [['AND', [['NOT', ['A']], ['NOT', ['C']]]], 'C']]]]]
                      ],
                      A),
           _).
[33m^^^^^^^^^^^^^^^^^^^^^^^
[0m[33m--> metta runnable  -->
[36m!(add-atom &replayStream (candidate 383 (quote (AND ((OR (C (NOT (B)) C)))))))
[33m-->  prolog goal  -->[35m 
:- findall(A,
           'add-atom'('&replayStream',
                      [candidate, 383, [quote, ['AND', [['OR', ['C', ['NOT', ['B']], 'C']]]]]],
                      A),
           _).
[33m^^^^^^^^^^^^^^^^^^^^^^^
[0m[33m--> metta runnable  -->
[36m!(add-atom &replayStream (candidate 384 (quote (AND ((OR ((AND (B (NOT (C)))) C)))))))
[33m-->  prolog goal  -->[35m 
:- findall(A,
           'add-atom'('&replayStream',
                      [ candidate,
                        384,
                        [quote, ['AND', [['OR', [['AND', ['B', ['NOT', ['C']]]], 'C']]]]]
                      ],
                      A),
           _).
[33m^^^^^^^^^^^^^^^^^^^^^^^
[0m[33m--> metta runnable  -->
[36m!(add-atom &replayStream (candidate 385 (quote (AND ((OR (C A B)))))))
[33m-->  prolog goal  -->[35m 
:- findall(A,
           'add-atom'('&replayStream',
                      [candidate, 385, [quote, ['AND', [['OR', ['C', 'A', 'B']]]]]],
                      A),
           _).
[33m^^^^^^^^^^^^^^^^^^^^^^^
[0m[33m--> metta runnable  -->
[36m!(add-atom &replayStream (candidate 386 (quote (AND ((OR ((AND ((NOT (A)) (NOT (B)))) C)))))))
[33m-->  prolog goal  -->[35m 
:- findall(A,
           'add-atom'('&replayStream',
                      [ candidate,
                        386,
                        [quote, ['AND', [['OR', [['AND', [['NOT', ['A']], ['NOT', ['B']]]], 'C']]]]]
                      ],
                      A),
           _).
[33m^^^^^^^^^^^^^^^^^^^^^^^
[0m[33m--> metta runnable  -->
[36m!(add-atom &replayStream (candidate 387 (quote (AND ((OR (C A)))))))
[33m-->  prolog goal  -->[35m 
:- findall(A,
           'add-atom'('&replayStream',
                      [candidate, 387, [quote, ['AND', [['OR', ['C', 'A']]]]]],
                      A),
           _).
[33m^^^^^^^^^^^^^^^^^^^^^^^
[0m[33m--> metta runnable  -->
[36m!(add-atom &replayStream (candidate 388 (quote (AND ((OR (C (NOT (A)))))))))
[33m-->  prolog goal  -->[35m 
:- findall(A,
           'add-atom'('&replayStream',
                      [candidate, 388, [quote, ['AND', [['OR', ['C', ['NOT', ['A']]]]]]]],
                      A),
           _).
[33m^^^^^^^^^^^^^^^^^^^^^^^
[0m[33m--> metta runnable  -->
[36m!(add-atom &replayStream (candidate 389 (quote (AND ((OR (C B)))))))
[33m-->  prolog goal  -->[35m 
:- findall(A,
           'add-atom'('&replayStream',
                      [candidate, 389, [quote, ['AND', [['OR', ['C', 'B']]]]]],
                      A),
           _).
[33m^^^^^^^^^^^^^^^^^^^^^^^
[0m[33m--> metta runnable  -->
[36m!(add-atom &replayStream (candidate 390 (quote (AND ((OR (C (NOT (B)))))))))
[33m-->  prolog goal  -->[35m 
:- findall(A,
           'add-atom'('&replayStream',
                      [candidate, 390, [quote, ['AND', [['OR', ['C', ['NOT', ['B']]]]]]]],
                      A),
           _).
[33m^^^^^^^^^^^^^^^^^^^^^^^
[0m[33m--> metta runnable  -->
[36m!(add-atom &replayStream (candidate 391 (quote C)))
[33m-->  prolog goal  -->[35m 
:- findall(A,
           'add-atom'('&replayStream', [candidate, 391, [quote, 'C']], A),
           _).
[33m^^^^^^^^^^^^^^^^^^^^^^^
[0m[33m--> metta runnable  -->
[36m!(add-atom &replayStream (candidate 392 (quote (AND ((OR (C (NOT (C)))))))))
[33m-->  prolog goal  -->[35m 
:- findall(A,
           'add-atom'('&replayStream',
                      [candidate, 392, [quote, ['AND', [['OR', ['C', ['NOT', ['C']]]]]]]],
                      A),
           _).
[33m^^^^^^^^^^^^^^^^^^^^^^^
[0m[33m--> metta runnable  -->
[36m!(add-atom &replayStream (candidate 393 (quote (AND (C (NOT (B)))))))
[33m-->  prolog goal  -->[35m 
:- findall(A,
           'add-atom'('&replayStream',
                      [candidate, 393, [quote, ['AND', ['C', ['NOT', ['B']]]]]],
                      A),
           _).
[33m^^^^^^^^^^^^^^^^^^^^^^^
[0m[33m--> metta runnable  -->
[36m!(add-atom &replayStream (candidate 394 (quote (AND ((OR (C B (NOT (C)))))))))
[33m-->  prolog goal  -->[35m 
:- findall(A,
           'add-atom'('&replayStream',
                      [candidate, 394, [quote, ['AND', [['OR', ['C', 'B', ['NOT', ['C']]]]]]]],
                      A),
           _).
[33m^^^^^^^^^^^^^^^^^^^^^^^
[0m[33m--> metta runnable  -->
[36m!(add-atom &replayStream (candidate 395 (quote (AND ((OR (C (AND (A B)))))))))
[33m-->  prolog goal  -->[35m 
:- findall(A,
           'add-atom'('&replayStream',
                      [candidate, 395, [quote, ['AND', [['OR', ['C', ['AND', ['A', 'B']]]]]]]],
                      A),
           _).
[33m^^^^^^^^^^^^^^^^^^^^^^^
[0m[33m--> metta runnable  -->
[36m!(add-atom &replayStream (candidate 396 (quote (AND ((OR (C (NOT (A)) (NOT (B)))))))))
[33m-->  prolog goal  -->[35m 
:- findall(A,
           'add-atom'('&replayStream',
                      [ candidate,
                        396,
                        [quote, ['AND', [['OR', ['C', ['NOT', ['A']], ['NOT', ['B']]]]]]]
                      ],
                      A),
           _).
[33m^^^^^^^^^^^^^^^^^^^^^^^
[0m[33m--> metta runnable  -->
[36m!(add-atom &replayStream (candidate 397 (quote (AND (C A)))))
[33m-->  prolog goal  -->[35m 
:- findall(A,
           'add-atom'('&replayStream', [candidate, 397, [quote, ['AND', ['C', 'A']]]], A),
           _).
[33m^^^^^^^^^^^^^^^^^^^^^^^
[0m[33m--> metta runnable  -->
[36m!(add-atom &replayStream (candidate 398 (quote (AND ((OR (C (NOT (A)) (NOT (C)))))))))
[33m-->  prolog goal  -->[35m 
:- findall(A,
           'add-atom'('&replayStream',
                      [ candidate,
                        398,
                        [quote, ['AND', [['OR', ['C', ['NOT', ['A']], ['NOT', ['C']]]]]]]
                      ],
                      A),
           _).
[33m^^^^^^^^^^^^^^^^^^^^^^^
[0m[33m--> metta runnable  -->
[36m!(add-atom &replayStream (candidate 399 (quote (AND (A C)))))
[33m-->  prolog goal  -->[35m 
:- findall(A,
           'add-atom'('&replayStream', [candidate, 399, [quote, ['AND', ['A', 'C']]]], A),
           _).
[33m^^^^^^^^^^^^^^^^^^^^^^^
[0m[33m--> metta runnable  -->
[36m!(add-atom &replayStream (candidate 400 (quote (AND ((NOT (A)) C)))))
[33m-->  prolog goal  -->[35m 
:- findall(A,
           'add-atom'('&replayStream',
                      [candidate, 400, [quote, ['AND', [['NOT', ['A']], 'C']]]],
                      A),
           _).
[33m^^^^^^^^^^^^^^^^^^^^^^^
[0m[33m--> metta runnable  -->
[36m!(add-atom &replayStream (candidate 401 (quote (AND (B C)))))
[33m-->  prolog goal  -->[35m 
:- findall(A,
           'add-atom'('&replayStream', [candidate, 401, [quote, ['AND', ['B', 'C']]]], A),
           _).
[33m^^^^^^^^^^^^^^^^^^^^^^^
[0m[33m--> metta runnable  -->
[36m!(add-atom &replayStream (candidate 402 (quote (AND ((NOT (B)) C)))))
[33m-->  prolog goal  -->[35m 
:- findall(A,
           'add-atom'('&replayStream',
                      [candidate, 402, [quote, ['AND', [['NOT', ['B']], 'C']]]],
                      A),
           _).
[33m^^^^^^^^^^^^^^^^^^^^^^^
[0m[33m--> metta runnable  -->
[36m!(add-atom &replayStream (candidate 403 (quote (NOT (C)))))
[33m-->  prolog goal  -->[35m 
:- findall(A,
           'add-atom'('&replayStream', [candidate, 403, [quote, ['NOT', ['C']]]], A),
           _).
[33m^^^^^^^^^^^^^^^^^^^^^^^
[0m[33m--> metta runnable  -->
[36m!(add-atom &replayStream (candidate 404 (quote C)))
[33m-->  prolog goal  -->[35m 
:- findall(A,
           'add-atom'('&replayStream', [candidate, 404, [quote, 'C']], A),
           _).
[33m^^^^^^^^^^^^^^^^^^^^^^^
[0m[33m--> metta runnable  -->
[36m!(add-atom &replayStream (candidate 405 (quote C)))
[33m-->  prolog goal  -->[35m 
:- findall(A,
           'add-atom'('&replayStream', [candidate, 405, [quote, 'C']], A),
           _).
[33m^^^^^^^^^^^^^^^^^^^^^^^
[0m[33m--> metta runnable  -->
[36m!(add-atom &replayStream (candidate 406 (quote (AND (C (OR (A B)))))))
[33m-->  prolog goal  -->[35m 
:- findall(A,
           'add-atom'('&replayStream',
                      [candidate, 406, [quote, ['AND', ['C', ['OR', ['A', 'B']]]]]],
                      A),
           _).
[33m^^^^^^^^^^^^^^^^^^^^^^^
[0m[33m--> metta runnable  -->
[36m!(add-atom &replayStream (candidate 407 (quote (AND (C (NOT (A)) (NOT (B)))))))
[33m-->  prolog goal  -->[35m 
:- findall(A,
           'add-atom'('&replayStream',
                      [candidate, 407, [quote, ['AND', ['C', ['NOT', ['A']], ['NOT', ['B']]]]]],
                      A),
           _).
[33m^^^^^^^^^^^^^^^^^^^^^^^
[0m[33m--> metta runnable  -->
[36m!(add-atom &replayStream (candidate 408 (quote C)))
[33m-->  prolog goal  -->[35m 
:- findall(A,
           'add-atom'('&replayStream', [candidate, 408, [quote, 'C']], A),
           _).
[33m^^^^^^^^^^^^^^^^^^^^^^^
[0m[33m--> metta runnable  -->
[36m!(add-atom &replayStream (candidate 409 (quote (AND ((OR ((AND (A B)) C)))))))
[33m-->  prolog goal  -->[35m 
:- findall(A,
           'add-atom'('&replayStream',
                      [candidate, 409, [quote, ['AND', [['OR', [['AND', ['A', 'B']], 'C']]]]]],
                      A),
           _).
[33m^^^^^^^^^^^^^^^^^^^^^^^
[0m[33m--> metta runnable  -->
[36m!(add-atom &replayStream (candidate 410 (quote (AND ((OR (C (AND (A B)))))))))
[33m-->  prolog goal  -->[35m 
:- findall(A,
           'add-atom'('&replayStream',
                      [candidate, 410, [quote, ['AND', [['OR', ['C', ['AND', ['A', 'B']]]]]]]],
                      A),
           _).
[33m^^^^^^^^^^^^^^^^^^^^^^^
[0m[33m--> metta runnable  -->
[36m!(add-atom &replayStream (candidate 411 (quote (AND (C (OR (A B)))))))
[33m-->  prolog goal  -->[35m 
:- findall(A,
           'add-atom'('&replayStream',
                      [candidate, 411, [quote, ['AND', ['C', ['OR', ['A', 'B']]]]]],
                      A),
           _).
[33m^^^^^^^^^^^^^^^^^^^^^^^
[0m[33m--> metta runnable  -->
[36m!(add-atom &replayStream (candidate 412 (quote (AND ((OR ((AND (A B)) C)))))))
[33m-->  prolog goal  -->[35m 
:- findall(A,
           'add-atom'('&replayStream',
                      [candidate, 412, [quote, ['AND', [['OR', [['AND', ['A', 'B']], 'C']]]]]],
                      A),
           _).
[33m^^^^^^^^^^^^^^^^^^^^^^^
[0m[33m--> metta runnable  -->
[36m!(add-atom &replayStream (candidate 413 (quote (AND ((OR ((AND (A B)) C (AND (A B)))))))))
[33m-->  prolog goal  -->[35m 
:- findall(A,
           'add-atom'('&replayStream',
                      [ candidate,
                        413,
                        [quote, ['AND', [['OR', [['AND', ['A', 'B']], 'C', ['AND', ['A', 'B']]]]]]]
                      ],
                      A),
           _).
[33m^^^^^^^^^^^^^^^^^^^^^^^
[0m[33m--> metta runnable  -->
[36m!(add-atom &replayStream (candidate 414 (quote (AND ((OR ((AND (A B)) (AND (C (OR (A B)))))))))))
[33m-->  prolog goal  -->[35m 
:- findall(A,
           'add-atom'('&replayStream',
                      [ candidate,
                        414,
                        [ quote,
                          ['AND', [['OR', [['AND', ['A', 'B']], ['AND', ['C', ['OR', ['A', 'B']]]]]]]]
                        ]
                      ],
                      A),
           _).
[33m^^^^^^^^^^^^^^^^^^^^^^^
[0m[33m--> metta runnable  -->
[36m!(add-atom &replayStream (candidate 415 (quote (AND ((OR (C (AND (A B)))))))))
[33m-->  prolog goal  -->[35m 
:- findall(A,
           'add-atom'('&replayStream',
                      [candidate, 415, [quote, ['AND', [['OR', ['C', ['AND', ['A', 'B']]]]]]]],
                      A),
           _).
[33m^^^^^^^^^^^^^^^^^^^^^^^
[0m[33m--> metta runnable  -->
[36m!(add-atom &replayStream (candidate 416 (quote (AND ((OR ((AND (C (OR (A B)))) (AND (A B)))))))))
[33m-->  prolog goal  -->[35m 
:- findall(A,
           'add-atom'('&replayStream',
                      [ candidate,
                        416,
                        [ quote,
                          ['AND', [['OR', [['AND', ['C', ['OR', ['A', 'B']]]], ['AND', ['A', 'B']]]]]]
                        ]
                      ],
                      A),
           _).
[33m^^^^^^^^^^^^^^^^^^^^^^^
[0m[33m--> metta runnable  -->
[36m!(add-atom &replayStream (candidate 417 (quote (AND (C (OR (A B)))))))
[33m-->  prolog goal  -->[35m 
:- findall(A,
           'add-atom'('&replayStream',
                      [candidate, 417, [quote, ['AND', ['C', ['OR', ['A', 'B']]]]]],
                      A),
           _).
[33m^^^^^^^^^^^^^^^^^^^^^^^
[0m[33m--> metta runnable  -->
[36m!(add-atom &replayStream (candidate 418 (quote (AND ((OR ((AND (A B)) C)))))))
[33m-->  prolog goal  -->[35m 
:- findall(A,
           'add-atom'('&replayStream',
                      [candidate, 418, [quote, ['AND', [['OR', [['AND', ['A', 'B']], 'C']]]]]],
                      A),
           _).
[33m^^^^^^^^^^^^^^^^^^^^^^^
[0m[33m--> metta runnable  -->
[36m!(add-atom &replayStream (candidate 419 (quote (AND ((OR ((AND (A B)) C (AND (A B)))))))))
[33m-->  prolog goal  -->[35m 
:- findall(A,
           'add-atom'('&replayStream',
                      [ candidate,
                        419,
                        [quote, ['AND', [['OR', [['AND', ['A', 'B']], 'C', ['AND', ['A', 'B']]]]]]]
                      ],
                      A),
           _).
[33m^^^^^^^^^^^^^^^^^^^^^^^
[0m[33m--> metta runnable  -->
[36m!(add-atom &replayStream (candidate 420 (quote (AND ((OR ((AND (A B)) (AND (C (OR (A B)))))))))))
[33m-->  prolog goal  -->[35m 
:- findall(A,
           'add-atom'('&replayStream',
                      [ candidate,
                        420,
                        [ quote,
                          ['AND', [['OR', [['AND', ['A', 'B']], ['AND', ['C', ['OR', ['A', 'B']]]]]]]]
                        ]
                      ],
                      A),
           _).
[33m^^^^^^^^^^^^^^^^^^^^^^^
[0m[33m--> metta runnable  -->
[36m!(add-atom &replayStream (candidate 421 (quote (AND ((OR (C (AND (A B)))))))))
[33m-->  prolog goal  -->[35m 
:- findall(A,
           'add-atom'('&replayStream',
                      [candidate, 421, [quote, ['AND', [['OR', ['C', ['AND', ['A', 'B']]]]]]]],
                      A),
           _).
[33m^^^^^^^^^^^^^^^^^^^^^^^
[0m[33m--> metta runnable  -->
[36m!(add-atom &replayStream (candidate 422 (quote (AND ((OR ((AND (C (OR (A B)))) (AND (A B)))))))))
[33m-->  prolog goal  -->[35m 
:- findall(A,
           'add-atom'('&replayStream',
                      [ candidate,
                        422,
                        [ quote,
                          ['AND', [['OR', [['AND', ['C', ['OR', ['A', 'B']]]], ['AND', ['A', 'B']]]]]]
                        ]
                      ],
                      A),
           _).
[33m^^^^^^^^^^^^^^^^^^^^^^^
[0m[33m--> metta runnable  -->
[36m!(add-atom &replayStream (candidate 423 (quote (AND (C (OR (A B)))))))
[33m-->  prolog goal  -->[35m 
:- findall(A,
           'add-atom'('&replayStream',
                      [candidate, 423, [quote, ['AND', ['C', ['OR', ['A', 'B']]]]]],
                      A),
           _).
[33m^^^^^^^^^^^^^^^^^^^^^^^
[0m[33m--> metta runnable  -->
[36m!(add-atom &replayStream (candidate 424 (quote (AND ((OR ((AND (A B)) C (AND (A B)))))))))
[33m-->  prolog goal  -->[35m 
:- findall(A,
           'add-atom'('&replayStream',
                      [ candidate,
                        424,
                        [quote, ['AND', [['OR', [['AND', ['A', 'B']], 'C', ['AND', ['A', 'B']]]]]]]
                      ],
                      A),
           _).
[33m^^^^^^^^^^^^^^^^^^^^^^^
[0m[33m--> metta runnable  -->
[36m!(add-atom &replayStream (candidate 425 (quote (AND ((OR ((AND (A B)) (AND (C (OR (A B)))) (AND (A B)))))))))
[33m-->  prolog goal  -->[35m 
:- findall(A,
           'add-atom'('&replayStream',
                      [ candidate,
                        425,
                        [ quote,
                          [ 'AND',
                            [ [ 'OR',
                                [['AND', ['A', 'B']], ['AND', ['C', ['OR', ['A', 'B']]]], ['AND', ['A', 'B']]]
                              ]
                            ]
                          ]
                        ]
                      ],
                      A),
           _).
[33m^^^^^^^^^^^^^^^^^^^^^^^
[0m[33m--> metta runnable  -->
[36m!(add-atom &replayStream (candidate 426 (quote (AND ((OR ((AND (A B)) (AND (C (OR (A B)))))))))))
[33m-->  prolog goal  -->[35m 
:- findall(A,
           'add-atom'('&replayStream',
                      [ candidate,
                        426,
                        [ quote,
                          ['AND', [['OR', [['AND', ['A', 'B']], ['AND', ['C', ['OR', ['A', 'B']]]]]]]]
                        ]
                      ],
                      A),
           _).
[33m^^^^^^^^^^^^^^^^^^^^^^^
[0m[33m--> metta runnable  -->
[36m!(add-atom &replayStream (candidate 427 (quote (AND ((OR ((AND (C (OR (A B)))) (AND (A B)))))))))
[33m-->  prolog goal  -->[35m 
:- findall(A,
           'add-atom'('&replayStream',
                      [ candidate,
                        427,
                        [ quote,
                          ['AND', [['OR', [['AND', ['C', ['OR', ['A', 'B']]]], ['AND', ['A', 'B']]]]]]
                        ]
                      ],
                      A),
           _).
[33m^^^^^^^^^^^^^^^^^^^^^^^
[0m[33m--> metta runnable  -->
[36m!(add-atom &replayStream (candidate 428 (quote (AND (C (OR (A B)))))))
[33m-->  prolog goal  -->[35m 
:- findall(A,
           'add-atom'('&replayStream',
                      [candidate, 428, [quote, ['AND', ['C', ['OR', ['A', 'B']]]]]],
                      A),
           _).
[33m^^^^^^^^^^^^^^^^^^^^^^^
[0m[33m--> metta runnable  -->
[36m!(add-atom &replayStream (candidate 429 (quote (AND ((OR (C C (AND (A B)))))))))
[33m-->  prolog goal  -->[35m 
:- findall(A,
           'add-atom'('&replayStream',
                      [candidate, 429, [quote, ['AND', [['OR', ['C', 'C', ['AND', ['A', 'B']]]]]]]],
                      A),
           _).
[33m^^^^^^^^^^^^^^^^^^^^^^^
[0m[33m--> metta runnable  -->
[36m!(add-atom &replayStream (candidate 430 (quote (AND ((OR ((AND (A B)) C C)))))))
[33m-->  prolog goal  -->[35m 
:- findall(A,
           'add-atom'('&replayStream',
                      [candidate, 430, [quote, ['AND', [['OR', [['AND', ['A', 'B']], 'C', 'C']]]]]],
                      A),
           _).
[33m^^^^^^^^^^^^^^^^^^^^^^^
[0m[33m--> metta runnable  -->
[36m!(add-atom &replayStream (candidate 431 (quote C)))
[33m-->  prolog goal  -->[35m 
:- findall(A,
           'add-atom'('&replayStream', [candidate, 431, [quote, 'C']], A),
           _).
[33m^^^^^^^^^^^^^^^^^^^^^^^
[0m[33m--> metta runnable  -->
[36m!(add-atom &replayStream (candidate 432 (quote C)))
[33m-->  prolog goal  -->[35m 
:- findall(A,
           'add-atom'('&replayStream', [candidate, 432, [quote, 'C']], A),
           _).
[33m^^^^^^^^^^^^^^^^^^^^^^^
[0m[33m--> metta runnable  -->
[36m!(add-atom &replayStream (candidate 433 (quote (AND (C (OR (A B)))))))
[33m-->  prolog goal  -->[35m 
:- findall(A,
           'add-atom'('&replayStream',
                      [candidate, 433, [quote, ['AND', ['C', ['OR', ['A', 'B']]]]]],
                      A),
           _).
[33m^^^^^^^^^^^^^^^^^^^^^^^
[0m[33m--> metta runnable  -->
[36m!(add-atom &replayStream (candidate 434 (quote (AND (C A B)))))
[33m-->  prolog goal  -->[35m 
:- findall(A,
           'add-atom'('&replayStream',
                      [candidate, 434, [quote, ['AND', ['C', 'A', 'B']]]],
                      A),
           _).
[33m^^^^^^^^^^^^^^^^^^^^^^^
[0m[33m--> metta runnable  -->
[36m!(add-atom &replayStream (candidate 435 (quote (AND ((OR (C (AND (A B)) C)))))))
[33m-->  prolog goal  -->[35m 
:- findall(A,
           'add-atom'('&replayStream',
                      [candidate, 435, [quote, ['AND', [['OR', ['C', ['AND', ['A', 'B']], 'C']]]]]],
                      A),
           _).
[33m^^^^^^^^^^^^^^^^^^^^^^^
[0m[33m--> metta runnable  -->
[36m!(add-atom &replayStream (candidate 436 (quote C)))
[33m-->  prolog goal  -->[35m 
:- findall(A,
           'add-atom'('&replayStream', [candidate, 436, [quote, 'C']], A),
           _).
[33m^^^^^^^^^^^^^^^^^^^^^^^
[0m[33m--> metta runnable  -->
[36m!(add-atom &replayStream (candidate 437 (quote C)))
[33m-->  prolog goal  -->[35m 
:- findall(A,
           'add-atom'('&replayStream', [candidate, 437, [quote, 'C']], A),
           _).
[33m^^^^^^^^^^^^^^^^^^^^^^^
[0m[33m--> metta runnable  -->
[36m!(add-atom &replayStream (candidate 438 (quote C)))
[33m-->  prolog goal  -->[35m 
:- findall(A,
           'add-atom'('&replayStream', [candidate, 438, [quote, 'C']], A),
           _).
[33m^^^^^^^^^^^^^^^^^^^^^^^
[0m[33m--> metta runnable  -->
[36m!(add-atom &replayStream (candidate 439 (quote (AND (C (OR (A B)))))))
[33m-->  prolog goal  -->[35m 
:- findall(A,
           'add-atom'('&replayStream',
                      [candidate, 439, [quote, ['AND', ['C', ['OR', ['A', 'B']]]]]],
                      A),
           _).
[33m^^^^^^^^^^^^^^^^^^^^^^^
[0m[33m--> metta runnable  -->
[36m!(add-atom &replayStream (candidate 440 (quote (AND ((OR (C C (AND (A B)))))))))
[33m-->  prolog goal  -->[35m 
:- findall(A,
           'add-atom'('&replayStream',
                      [candidate, 440, [quote, ['AND', [['OR', ['C', 'C', ['AND', ['A', 'B']]]]]]]],
                      A),
           _).
[33m^^^^^^^^^^^^^^^^^^^^^^^
[0m[33m--> metta runnable  -->
[36m!(add-atom &replayStream (candidate 441 (quote (AND ((OR (C (AND (A B)) C)))))))
[33m-->  prolog goal  -->[35m 
:- findall(A,
           'add-atom'('&replayStream',
                      [candidate, 441, [quote, ['AND', [['OR', ['C', ['AND', ['A', 'B']], 'C']]]]]],
                      A),
           _).
[33m^^^^^^^^^^^^^^^^^^^^^^^
[0m[33m--> metta runnable  -->
[36m!(add-atom &replayStream (candidate 442 (quote C)))
[33m-->  prolog goal  -->[35m 
:- findall(A,
           'add-atom'('&replayStream', [candidate, 442, [quote, 'C']], A),
           _).
[33m^^^^^^^^^^^^^^^^^^^^^^^
[0m[33m--> metta runnable  -->
[36m!(add-atom &replayStream (candidate 443 (quote C)))
[33m-->  prolog goal  -->[35m 
:- findall(A,
           'add-atom'('&replayStream', [candidate, 443, [quote, 'C']], A),
           _).
[33m^^^^^^^^^^^^^^^^^^^^^^^
[0m[33m--> metta runnable  -->
[36m!(add-atom &replayStream (candidate 444 (quote C)))
[33m-->  prolog goal  -->[35m 
:- findall(A,
           'add-atom'('&replayStream', [candidate, 444, [quote, 'C']], A),
           _).
[33m^^^^^^^^^^^^^^^^^^^^^^^
[0m[33m--> metta runnable  -->
[36m!(add-atom &replayStream (candidate 445 (quote C)))
[33m-->  prolog goal  -->[35m 
:- findall(A,
           'add-atom'('&replayStream', [candidate, 445, [quote, 'C']], A),
           _).
[33m^^^^^^^^^^^^^^^^^^^^^^^
[0m[33m--> metta runnable  -->
[36m!(add-atom &replayStream (candidate 446 (quote (AND (B C)))))
[33m-->  prolog goal  -->[35m 
:- findall(A,
           'add-atom'('&replayStream', [candidate, 446, [quote, ['AND', ['B', 'C']]]], A),
           _).
[33m^^^^^^^^^^^^^^^^^^^^^^^
[0m[33m--> metta runnable  -->
[36m!(add-atom &replayStream (candidate 447 (quote (AND (B (OR (C A)))))))
[33m-->  prolog goal  -->[35m 
:- findall(A,
           'add-atom'('&replayStream',
                      [candidate, 447, [quote, ['AND', ['B', ['OR', ['C', 'A']]]]]],
                      A),
           _).
[33m^^^^^^^^^^^^^^^^^^^^^^^
[0m[33m--> metta runnable  -->
[36m!(add-atom &replayStream (candidate 448 (quote (AND (B (OR (A C)))))))
[33m-->  prolog goal  -->[35m 
:- findall(A,
           'add-atom'('&replayStream',
                      [candidate, 448, [quote, ['AND', ['B', ['OR', ['A', 'C']]]]]],
                      A),
           _).
[33m^^^^^^^^^^^^^^^^^^^^^^^
[0m[33m--> metta runnable  -->
[36m!(add-atom &replayStream (candidate 449 (quote (AND (B C)))))
[33m-->  prolog goal  -->[35m 
:- findall(A,
           'add-atom'('&replayStream', [candidate, 449, [quote, ['AND', ['B', 'C']]]], A),
           _).
[33m^^^^^^^^^^^^^^^^^^^^^^^
[0m[33m--> metta runnable  -->
[36m!(add-atom &replayStream (candidate 450 (quote (AND (B C)))))
[33m-->  prolog goal  -->[35m 
:- findall(A,
           'add-atom'('&replayStream', [candidate, 450, [quote, ['AND', ['B', 'C']]]], A),
           _).
[33m^^^^^^^^^^^^^^^^^^^^^^^
[0m[33m--> metta runnable  -->
[36m!(add-atom &replayStream (candidate 451 (quote (AND (C B)))))
[33m-->  prolog goal  -->[35m 
:- findall(A,
           'add-atom'('&replayStream', [candidate, 451, [quote, ['AND', ['C', 'B']]]], A),
           _).
[33m^^^^^^^^^^^^^^^^^^^^^^^
[0m[33m--> metta runnable  -->
[36m!(add-atom &replayStream (candidate 452 (quote (AND (C B)))))
[33m-->  prolog goal  -->[35m 
:- findall(A,
           'add-atom'('&replayStream', [candidate, 452, [quote, ['AND', ['C', 'B']]]], A),
           _).
[33m^^^^^^^^^^^^^^^^^^^^^^^
[0m[33m--> metta runnable  -->
[36m!(add-atom &replayStream (candidate 453 (quote (AND (C B)))))
[33m-->  prolog goal  -->[35m 
:- findall(A,
           'add-atom'('&replayStream', [candidate, 453, [quote, ['AND', ['C', 'B']]]], A),
           _).
[33m^^^^^^^^^^^^^^^^^^^^^^^
[0m[33m--> metta runnable  -->
[36m!(add-atom &replayStream (candidate 454 (quote (AND (A C)))))
[33m-->  prolog goal  -->[35m 
:- findall(A,
           'add-atom'('&replayStream', [candidate, 454, [quote, ['AND', ['A', 'C']]]], A),
           _).
[33m^^^^^^^^^^^^^^^^^^^^^^^
[0m[33m--> metta runnable  -->
[36m!(add-atom &replayStream (candidate 455 (quote (AND (A (OR (C B)))))))
[33m-->  prolog goal  -->[35m 
:- findall(A,
           'add-atom'('&replayStream',
                      [candidate, 455, [quote, ['AND', ['A', ['OR', ['C', 'B']]]]]],
                      A),
           _).
[33m^^^^^^^^^^^^^^^^^^^^^^^
[0m[33m--> metta runnable  -->
[36m!(add-atom &replayStream (candidate 456 (quote (AND (A (OR (B C)))))))
[33m-->  prolog goal  -->[35m 
:- findall(A,
           'add-atom'('&replayStream',
                      [candidate, 456, [quote, ['AND', ['A', ['OR', ['B', 'C']]]]]],
                      A),
           _).
[33m^^^^^^^^^^^^^^^^^^^^^^^
[0m[33m--> metta runnable  -->
[36m!(add-atom &replayStream (candidate 457 (quote (AND (A C)))))
[33m-->  prolog goal  -->[35m 
:- findall(A,
           'add-atom'('&replayStream', [candidate, 457, [quote, ['AND', ['A', 'C']]]], A),
           _).
[33m^^^^^^^^^^^^^^^^^^^^^^^
[0m[33m--> metta runnable  -->
[36m!(add-atom &replayStream (candidate 458 (quote (AND (C (OR (A A B)))))))
[33m-->  prolog goal  -->[35m 
:- findall(A,
           'add-atom'('&replayStream',
                      [candidate, 458, [quote, ['AND', ['C', ['OR', ['A', 'A', 'B']]]]]],
                      A),
           _).
[33m^^^^^^^^^^^^^^^^^^^^^^^
[0m[33m--> metta runnable  -->
[36m!(add-atom &replayStream (candidate 459 (quote (AND ((OR ((AND (C (OR (A B)))) B)))))))
[33m-->  prolog goal  -->[35m 
:- findall(A,
           'add-atom'('&replayStream',
                      [ candidate,
                        459,
                        [quote, ['AND', [['OR', [['AND', ['C', ['OR', ['A', 'B']]]], 'B']]]]]
                      ],
                      A),
           _).
[33m^^^^^^^^^^^^^^^^^^^^^^^
[0m[33m--> metta runnable  -->
[36m!(add-atom &replayStream (candidate 460 (quote (AND ((OR ((AND (C (OR (A B)))) A)))))))
[33m-->  prolog goal  -->[35m 
:- findall(A,
           'add-atom'('&replayStream',
                      [ candidate,
                        460,
                        [quote, ['AND', [['OR', [['AND', ['C', ['OR', ['A', 'B']]]], 'A']]]]]
                      ],
                      A),
           _).
[33m^^^^^^^^^^^^^^^^^^^^^^^
[0m[33m--> metta runnable  -->
[36m!(add-atom &replayStream (candidate 461 (quote (AND ((OR (B (AND (C (OR (A B)))))))))))
[33m-->  prolog goal  -->[35m 
:- findall(A,
           'add-atom'('&replayStream',
                      [ candidate,
                        461,
                        [quote, ['AND', [['OR', ['B', ['AND', ['C', ['OR', ['A', 'B']]]]]]]]]
                      ],
                      A),
           _).
[33m^^^^^^^^^^^^^^^^^^^^^^^
[0m[33m--> metta runnable  -->
[36m!(add-atom &replayStream (candidate 462 (quote (AND ((OR (A (AND (C (OR (A B)))))))))))
[33m-->  prolog goal  -->[35m 
:- findall(A,
           'add-atom'('&replayStream',
                      [ candidate,
                        462,
                        [quote, ['AND', [['OR', ['A', ['AND', ['C', ['OR', ['A', 'B']]]]]]]]]
                      ],
                      A),
           _).
[33m^^^^^^^^^^^^^^^^^^^^^^^
[0m[33m--> metta runnable  -->
[36m!(add-atom &replayStream (candidate 463 (quote (AND ((OR (B (AND (C (OR (A B)))))))))))
[33m-->  prolog goal  -->[35m 
:- findall(A,
           'add-atom'('&replayStream',
                      [ candidate,
                        463,
                        [quote, ['AND', [['OR', ['B', ['AND', ['C', ['OR', ['A', 'B']]]]]]]]]
                      ],
                      A),
           _).
[33m^^^^^^^^^^^^^^^^^^^^^^^
[0m[33m--> metta runnable  -->
[36m!(add-atom &replayStream (candidate 464 (quote (AND ((OR (A (AND (C (OR (A B)))))))))))
[33m-->  prolog goal  -->[35m 
:- findall(A,
           'add-atom'('&replayStream',
                      [ candidate,
                        464,
                        [quote, ['AND', [['OR', ['A', ['AND', ['C', ['OR', ['A', 'B']]]]]]]]]
                      ],
                      A),
           _).
[33m^^^^^^^^^^^^^^^^^^^^^^^
[0m[33m--> metta runnable  -->
[36m!(add-atom &replayStream (candidate 465 (quote (AND ((OR ((AND (B (NOT (C)))) (AND (C (OR (A B)))))))))))
[33m-->  prolog goal  -->[35m 
:- findall(A,
           'add-atom'('&replayStream',
                      [ candidate,
                        465,
                        [ quote,
                          [ 'AND',
                            [['OR', [['AND', ['B', ['NOT', ['C']]]], ['AND', ['C', ['OR', ['A', 'B']]]]]]]
                          ]
                        ]
                      ],
                      A),
           _).
[33m^^^^^^^^^^^^^^^^^^^^^^^
[0m[33m--> metta runnable  -->
[36m!(add-atom &replayStream (candidate 466 (quote (AND ((OR ((AND (C (OR (A B)))) A C)))))))
[33m-->  prolog goal  -->[35m 
:- findall(A,
           'add-atom'('&replayStream',
                      [ candidate,
                        466,
                        [quote, ['AND', [['OR', [['AND', ['C', ['OR', ['A', 'B']]]], 'A', 'C']]]]]
                      ],
                      A),
           _).
[33m^^^^^^^^^^^^^^^^^^^^^^^
[0m[33m--> metta runnable  -->
[36m!(add-atom &replayStream (candidate 467 (quote (AND ((OR ((AND ((NOT (A)) (NOT (B)))) (AND (C (OR (A B)))))))))))
[33m-->  prolog goal  -->[35m 
:- findall(A,
           'add-atom'('&replayStream',
                      [ candidate,
                        467,
                        [ quote,
                          [ 'AND',
                            [ [ 'OR',
                                [ ['AND', [['NOT', ['A']], ['NOT', ['B']]]],
                                  ['AND', ['C', ['OR', ['A', 'B']]]]
                                ]
                              ]
                            ]
                          ]
                        ]
                      ],
                      A),
           _).
[33m^^^^^^^^^^^^^^^^^^^^^^^
[0m[33m--> metta runnable  -->
[36m!(add-atom &replayStream (candidate 468 (quote (AND ((OR ((AND (C (OR (A B)))) A B)))))))
[33m-->  prolog goal  -->[35m 
:- findall(A,
           'add-atom'('&replayStream',
                      [ candidate,
                        468,
                        [quote, ['AND', [['OR', [['AND', ['C', ['OR', ['A', 'B']]]], 'A', 'B']]]]]
                      ],
                      A),
           _).
[33m^^^^^^^^^^^^^^^^^^^^^^^
[0m[33m--> metta runnable  -->
[36m!(add-atom &replayStream (candidate 469 (quote (AND ((OR (A (NOT (B)) (AND (C (OR (A B)))))))))))
[33m-->  prolog goal  -->[35m 
:- findall(A,
           'add-atom'('&replayStream',
                      [ candidate,
                        469,
                        [ quote,
                          ['AND', [['OR', ['A', ['NOT', ['B']], ['AND', ['C', ['OR', ['A', 'B']]]]]]]]
                        ]
                      ],
                      A),
           _).
[33m^^^^^^^^^^^^^^^^^^^^^^^
[0m[33m--> metta runnable  -->
[36m!(add-atom &replayStream (candidate 470 (quote (AND ((OR ((AND ((NOT (A)) B)) (AND (C (OR (A B)))))))))))
[33m-->  prolog goal  -->[35m 
:- findall(A,
           'add-atom'('&replayStream',
                      [ candidate,
                        470,
                        [ quote,
                          [ 'AND',
                            [['OR', [['AND', [['NOT', ['A']], 'B']], ['AND', ['C', ['OR', ['A', 'B']]]]]]]
                          ]
                        ]
                      ],
                      A),
           _).
[33m^^^^^^^^^^^^^^^^^^^^^^^
[0m[33m--> metta runnable  -->
[36m!(add-atom &replayStream (candidate 471 (quote (AND ((NOT (B)) C A)))))
[33m-->  prolog goal  -->[35m 
:- findall(A,
           'add-atom'('&replayStream',
                      [candidate, 471, [quote, ['AND', [['NOT', ['B']], 'C', 'A']]]],
                      A),
           _).
[33m^^^^^^^^^^^^^^^^^^^^^^^
[0m[33m--> metta runnable  -->
[36m!(add-atom &replayStream (candidate 472 (quote (AND ((NOT (A)) C B)))))
[33m-->  prolog goal  -->[35m 
:- findall(A,
           'add-atom'('&replayStream',
                      [candidate, 472, [quote, ['AND', [['NOT', ['A']], 'C', 'B']]]],
                      A),
           _).
[33m^^^^^^^^^^^^^^^^^^^^^^^
[0m[33m--> metta runnable  -->
[36m!(add-atom &replayStream (candidate 473 (quote (AND (C (OR ((NOT (B)) A B)))))))
[33m-->  prolog goal  -->[35m 
:- findall(A,
           'add-atom'('&replayStream',
                      [candidate, 473, [quote, ['AND', ['C', ['OR', [['NOT', ['B']], 'A', 'B']]]]]],
                      A),
           _).
[33m^^^^^^^^^^^^^^^^^^^^^^^
[0m[33m--> metta runnable  -->
[36m!(add-atom &replayStream (candidate 474 (quote (AND ((OR ((AND (C (OR (A B)))) (NOT (C)))))))))
[33m-->  prolog goal  -->[35m 
:- findall(A,
           'add-atom'('&replayStream',
                      [ candidate,
                        474,
                        [quote, ['AND', [['OR', [['AND', ['C', ['OR', ['A', 'B']]]], ['NOT', ['C']]]]]]]
                      ],
                      A),
           _).
[33m^^^^^^^^^^^^^^^^^^^^^^^
[0m[33m--> metta runnable  -->
[36m!(add-atom &replayStream (candidate 475 (quote (AND ((OR ((AND (C (OR (A B)))) (NOT (B)))))))))
[33m-->  prolog goal  -->[35m 
:- findall(A,
           'add-atom'('&replayStream',
                      [ candidate,
                        475,
                        [quote, ['AND', [['OR', [['AND', ['C', ['OR', ['A', 'B']]]], ['NOT', ['B']]]]]]]
                      ],
                      A),
           _).
[33m^^^^^^^^^^^^^^^^^^^^^^^
[0m[33m--> metta runnable  -->
[36m!(add-atom &replayStream (candidate 476 (quote (AND ((OR ((AND (C (OR (A B)))) (NOT (A)))))))))
[33m-->  prolog goal  -->[35m 
:- findall(A,
           'add-atom'('&replayStream',
                      [ candidate,
                        476,
                        [quote, ['AND', [['OR', [['AND', ['C', ['OR', ['A', 'B']]]], ['NOT', ['A']]]]]]]
                      ],
                      A),
           _).
[33m^^^^^^^^^^^^^^^^^^^^^^^
[0m[33m--> metta runnable  -->
[36m!(add-atom &replayStream (candidate 477 (quote (AND ((OR ((NOT (C)) (AND (C (OR (A B)))))))))))
[33m-->  prolog goal  -->[35m 
:- findall(A,
           'add-atom'('&replayStream',
                      [ candidate,
                        477,
                        [quote, ['AND', [['OR', [['NOT', ['C']], ['AND', ['C', ['OR', ['A', 'B']]]]]]]]]
                      ],
                      A),
           _).
[33m^^^^^^^^^^^^^^^^^^^^^^^
[0m[33m--> metta runnable  -->
[36m!(add-atom &replayStream (candidate 478 (quote (AND ((OR ((NOT (B)) (AND (C (OR (A B)))))))))))
[33m-->  prolog goal  -->[35m 
:- findall(A,
           'add-atom'('&replayStream',
                      [ candidate,
                        478,
                        [quote, ['AND', [['OR', [['NOT', ['B']], ['AND', ['C', ['OR', ['A', 'B']]]]]]]]]
                      ],
                      A),
           _).
[33m^^^^^^^^^^^^^^^^^^^^^^^
[0m[33m--> metta runnable  -->
[36m!(add-atom &replayStream (candidate 479 (quote (AND ((OR ((NOT (A)) (AND (C (OR (A B)))))))))))
[33m-->  prolog goal  -->[35m 
:- findall(A,
           'add-atom'('&replayStream',
                      [ candidate,
                        479,
                        [quote, ['AND', [['OR', [['NOT', ['A']], ['AND', ['C', ['OR', ['A', 'B']]]]]]]]]
                      ],
                      A),
           _).
[33m^^^^^^^^^^^^^^^^^^^^^^^
[0m[33m--> metta runnable  -->
[36m!(add-atom &replayStream (candidate 480 (quote (AND (C (OR ((NOT (B)) A B)))))))
[33m-->  prolog goal  -->[35m 
:- findall(A,
           'add-atom'('&replayStream',
                      [candidate, 480, [quote, ['AND', ['C', ['OR', [['NOT', ['B']], 'A', 'B']]]]]],
                      A),
           _).
[33m^^^^^^^^^^^^^^^^^^^^^^^
[0m[33m--> metta runnable  -->
[36m!(add-atom &replayStream (candidate 481 (quote (AND ((OR ((NOT (C)) (AND (C (OR (A B)))))))))))
[33m-->  prolog goal  -->[35m 
:- findall(A,
           'add-atom'('&replayStream',
                      [ candidate,
                        481,
                        [quote, ['AND', [['OR', [['NOT', ['C']], ['AND', ['C', ['OR', ['A', 'B']]]]]]]]]
                      ],
                      A),
           _).
[33m^^^^^^^^^^^^^^^^^^^^^^^
[0m[33m--> metta runnable  -->
[36m!(add-atom &replayStream (candidate 482 (quote (AND ((OR ((NOT (B)) (AND (C (OR (A B)))))))))))
[33m-->  prolog goal  -->[35m 
:- findall(A,
           'add-atom'('&replayStream',
                      [ candidate,
                        482,
                        [quote, ['AND', [['OR', [['NOT', ['B']], ['AND', ['C', ['OR', ['A', 'B']]]]]]]]]
                      ],
                      A),
           _).
[33m^^^^^^^^^^^^^^^^^^^^^^^
[0m[33m--> metta runnable  -->
[36m!(add-atom &replayStream (candidate 483 (quote (AND ((OR ((NOT (A)) (AND (C (OR (A B)))))))))))
[33m-->  prolog goal  -->[35m 
:- findall(A,
           'add-atom'('&replayStream',
                      [ candidate,
                        483,
                        [quote, ['AND', [['OR', [['NOT', ['A']], ['AND', ['C', ['OR', ['A', 'B']]]]]]]]]
                      ],
                      A),
           _).
[33m^^^^^^^^^^^^^^^^^^^^^^^
[0m[33m--> metta runnable  -->
[36m!(add-atom &replayStream (candidate 484 (quote (AND ((OR ((AND (C (OR (A B)))) (NOT (A)) (NOT (C)))))))))
[33m-->  prolog goal  -->[35m 
:- findall(A,
           'add-atom'('&replayStream',
                      [ candidate,
                        484,
                        [ quote,
                          [ 'AND',
                            [['OR', [['AND', ['C', ['OR', ['A', 'B']]]], ['NOT', ['A']], ['NOT', ['C']]]]]
                          ]
                        ]
                      ],
                      A),
           _).
[33m^^^^^^^^^^^^^^^^^^^^^^^
[0m[33m--> metta runnable  -->
[36m!(add-atom &replayStream (candidate 485 (quote (AND ((OR ((AND (C (OR (A B)))) B (NOT (C)))))))))
[33m-->  prolog goal  -->[35m 
:- findall(A,
           'add-atom'('&replayStream',
                      [ candidate,
                        485,
                        [ quote,
                          ['AND', [['OR', [['AND', ['C', ['OR', ['A', 'B']]]], 'B', ['NOT', ['C']]]]]]
                        ]
                      ],
                      A),
           _).
[33m^^^^^^^^^^^^^^^^^^^^^^^
[0m[33m--> metta runnable  -->
[36m!(add-atom &replayStream (candidate 486 (quote (AND ((OR ((AND (C (OR (A B)))) (NOT (B)) C)))))))
[33m-->  prolog goal  -->[35m 
:- findall(A,
           'add-atom'('&replayStream',
                      [ candidate,
                        486,
                        [ quote,
                          ['AND', [['OR', [['AND', ['C', ['OR', ['A', 'B']]]], ['NOT', ['B']], 'C']]]]
                        ]
                      ],
                      A),
           _).
[33m^^^^^^^^^^^^^^^^^^^^^^^
[0m[33m--> metta runnable  -->
[36m!(add-atom &replayStream (candidate 487 (quote (AND ((OR ((AND ((NOT (A)) (NOT (C)))) (AND (C (OR (A B)))))))))))
[33m-->  prolog goal  -->[35m 
:- findall(A,
           'add-atom'('&replayStream',
                      [ candidate,
                        487,
                        [ quote,
                          [ 'AND',
                            [ [ 'OR',
                                [ ['AND', [['NOT', ['A']], ['NOT', ['C']]]],
                                  ['AND', ['C', ['OR', ['A', 'B']]]]
                                ]
                              ]
                            ]
                          ]
                        ]
                      ],
                      A),
           _).
[33m^^^^^^^^^^^^^^^^^^^^^^^
[0m[33m--> metta runnable  -->
[36m!(add-atom &replayStream (candidate 488 (quote (AND ((OR (A (AND (C (OR (A B)))) (AND (A B)))))))))
[33m-->  prolog goal  -->[35m 
:- findall(A,
           'add-atom'('&replayStream',
                      [ candidate,
                        488,
                        [ quote,
                          ['AND', [['OR', ['A', ['AND', ['C', ['OR', ['A', 'B']]]], ['AND', ['A', 'B']]]]]]
                        ]
                      ],
                      A),
           _).
[33m^^^^^^^^^^^^^^^^^^^^^^^
[0m[33m--> metta runnable  -->
[36m!(add-atom &replayStream (candidate 489 (quote (AND ((OR ((NOT (A)) (AND (C (OR (A B)))) (AND (A B)))))))))
[33m-->  prolog goal  -->[35m 
:- findall(A,
           'add-atom'('&replayStream',
                      [ candidate,
                        489,
                        [ quote,
                          [ 'AND',
                            [ [ 'OR',
                                [['NOT', ['A']], ['AND', ['C', ['OR', ['A', 'B']]]], ['AND', ['A', 'B']]]
                              ]
                            ]
                          ]
                        ]
                      ],
                      A),
           _).
[33m^^^^^^^^^^^^^^^^^^^^^^^
[0m[33m--> metta runnable  -->
[36m!(add-atom &replayStream (candidate 490 (quote (AND ((OR (B (AND (C (OR (A B)))) (AND (A B)))))))))
[33m-->  prolog goal  -->[35m 
:- findall(A,
           'add-atom'('&replayStream',
                      [ candidate,
                        490,
                        [ quote,
                          ['AND', [['OR', ['B', ['AND', ['C', ['OR', ['A', 'B']]]], ['AND', ['A', 'B']]]]]]
                        ]
                      ],
                      A),
           _).
[33m^^^^^^^^^^^^^^^^^^^^^^^
[0m[33m--> metta runnable  -->
[36m!(add-atom &replayStream (candidate 491 (quote (AND ((OR ((NOT (B)) (AND (C (OR (A B)))) (AND (A B)))))))))
[33m-->  prolog goal  -->[35m 
:- findall(A,
           'add-atom'('&replayStream',
                      [ candidate,
                        491,
                        [ quote,
                          [ 'AND',
                            [ [ 'OR',
                                [['NOT', ['B']], ['AND', ['C', ['OR', ['A', 'B']]]], ['AND', ['A', 'B']]]
                              ]
                            ]
                          ]
                        ]
                      ],
                      A),
           _).
[33m^^^^^^^^^^^^^^^^^^^^^^^
[0m[33m--> metta runnable  -->
[36m!(add-atom &replayStream (candidate 492 (quote (AND ((OR (C (AND (C (OR (A B)))) (AND (A B)))))))))
[33m-->  prolog goal  -->[35m 
:- findall(A,
           'add-atom'('&replayStream',
                      [ candidate,
                        492,
                        [ quote,
                          ['AND', [['OR', ['C', ['AND', ['C', ['OR', ['A', 'B']]]], ['AND', ['A', 'B']]]]]]
                        ]
                      ],
                      A),
           _).
[33m^^^^^^^^^^^^^^^^^^^^^^^
[0m[33m--> metta runnable  -->
[36m!(add-atom &replayStream (candidate 493 (quote (AND ((OR ((NOT (C)) (AND (C (OR (A B)))) (AND (A B)))))))))
[33m-->  prolog goal  -->[35m 
:- findall(A,
           'add-atom'('&replayStream',
                      [ candidate,
                        493,
                        [ quote,
                          [ 'AND',
                            [ [ 'OR',
                                [['NOT', ['C']], ['AND', ['C', ['OR', ['A', 'B']]]], ['AND', ['A', 'B']]]
                              ]
                            ]
                          ]
                        ]
                      ],
                      A),
           _).
[33m^^^^^^^^^^^^^^^^^^^^^^^
[0m[33m--> metta runnable  -->
[36m!(add-atom &replayStream (candidate 494 (quote (AND ((OR ((AND ((NOT (B)) C)) (AND (C (OR (A B)))) (AND (A B)))))))))
[33m-->  prolog goal  -->[35m 
:- findall(A,
           'add-atom'('&replayStream',
                      [ candidate,
                        494,
                        [ quote,
                          [ 'AND',
                            [ [ 'OR',
                                [ ['AND', [['NOT', ['B']], 'C']],
                                  ['AND', ['C', ['OR', ['A', 'B']]]],
                                  ['AND', ['A', 'B']]
                                ]
                              ]
                            ]
                          ]
                        ]
                      ],
                      A),
           _).
[33m^^^^^^^^^^^^^^^^^^^^^^^
[0m[33m--> metta runnable  -->
[36m!(add-atom &replayStream (candidate 495 (quote (AND ((OR (B (NOT (C)) (AND (C (OR (A B)))) (AND (A B)))))))))
[33m-->  prolog goal  -->[35m 
:- findall(A,
           'add-atom'('&replayStream',
                      [ candidate,
                        495,
                        [ quote,
                          [ 'AND',
                            [ [ 'OR',
                                ['B', ['NOT', ['C']], ['AND', ['C', ['OR', ['A', 'B']]]], ['AND', ['A', 'B']]]
                              ]
                            ]
                          ]
                        ]
                      ],
                      A),
           _).
[33m^^^^^^^^^^^^^^^^^^^^^^^
[0m[33m--> metta runnable  -->
[36m!(add-atom &replayStream (candidate 496 (quote (AND ((OR ((AND ((NOT (A)) B)) (AND (C (OR (A B)))) (AND (A B)))))))))
[33m-->  prolog goal  -->[35m 
:- findall(A,
           'add-atom'('&replayStream',
                      [ candidate,
                        496,
                        [ quote,
                          [ 'AND',
                            [ [ 'OR',
                                [ ['AND', [['NOT', ['A']], 'B']],
                                  ['AND', ['C', ['OR', ['A', 'B']]]],
                                  ['AND', ['A', 'B']]
                                ]
                              ]
                            ]
                          ]
                        ]
                      ],
                      A),
           _).
[33m^^^^^^^^^^^^^^^^^^^^^^^
[0m[33m--> metta runnable  -->
[36m!(add-atom &replayStream (candidate 497 (quote (AND ((OR (A (NOT (B)) (AND (C (OR (A B)))) (AND (A B)))))))))
[33m-->  prolog goal  -->[35m 
:- findall(A,
           'add-atom'('&replayStream',
                      [ candidate,
                        497,
                        [ quote,
                          [ 'AND',
                            [ [ 'OR',
                                ['A', ['NOT', ['B']], ['AND', ['C', ['OR', ['A', 'B']]]], ['AND', ['A', 'B']]]
                              ]
                            ]
                          ]
                        ]
                      ],
                      A),
           _).
[33m^^^^^^^^^^^^^^^^^^^^^^^
[0m[33m--> metta runnable  -->
[36m!(add-atom &replayStream (candidate 498 (quote (AND ((OR ((AND (A B)) (AND (C (OR (A B)))) (AND (A B)))))))))
[33m-->  prolog goal  -->[35m 
:- findall(A,
           'add-atom'('&replayStream',
                      [ candidate,
                        498,
                        [ quote,
                          [ 'AND',
                            [ [ 'OR',
                                [['AND', ['A', 'B']], ['AND', ['C', ['OR', ['A', 'B']]]], ['AND', ['A', 'B']]]
                              ]
                            ]
                          ]
                        ]
                      ],
                      A),
           _).
[33m^^^^^^^^^^^^^^^^^^^^^^^
[0m[33m--> metta runnable  -->
[36m!(add-atom &replayStream (candidate 499 (quote (AND ((OR ((NOT (A)) (NOT (B)) (AND (C (OR (A B)))) (AND (A B)))))))))
[33m-->  prolog goal  -->[35m 
:- findall(A,
           'add-atom'('&replayStream',
                      [ candidate,
                        499,
                        [ quote,
                          [ 'AND',
                            [ [ 'OR',
                                [ ['NOT', ['A']],
                                  ['NOT', ['B']],
                                  ['AND', ['C', ['OR', ['A', 'B']]]],
                                  ['AND', ['A', 'B']]
                                ]
                              ]
                            ]
                          ]
                        ]
                      ],
                      A),
           _).
[33m^^^^^^^^^^^^^^^^^^^^^^^
[0m[33m--> metta runnable  -->
[36m!(add-atom &replayStream (candidate 500 (quote (AND ((OR ((AND (A B)) (AND (C (OR (A B)))))))))))
[33m-->  prolog goal  -->[35m 
:- findall(A,
           'add-atom'('&replayStream',
                      [ candidate,
                        500,
                        [ quote,
                          ['AND', [['OR', [['AND', ['A', 'B']], ['AND', ['C', ['OR', ['A', 'B']]]]]]]]
                        ]
                      ],
                      A),
           _).
[33m^^^^^^^^^^^^^^^^^^^^^^^
[0m[33m--> metta runnable  -->
[36m!(add-atom &replayStream (candidate 501 (quote (AND ((OR ((NOT (A)) (AND (C (OR (A B)))))))))))
[33m-->  prolog goal  -->[35m 
:- findall(A,
           'add-atom'('&replayStream',
                      [ candidate,
                        501,
                        [quote, ['AND', [['OR', [['NOT', ['A']], ['AND', ['C', ['OR', ['A', 'B']]]]]]]]]
                      ],
                      A),
           _).
[33m^^^^^^^^^^^^^^^^^^^^^^^
[0m[33m--> metta runnable  -->
[36m!(add-atom &replayStream (candidate 502 (quote (AND ((OR ((AND (B A)) (AND (C (OR (A B)))))))))))
[33m-->  prolog goal  -->[35m 
:- findall(A,
           'add-atom'('&replayStream',
                      [ candidate,
                        502,
                        [ quote,
                          ['AND', [['OR', [['AND', ['B', 'A']], ['AND', ['C', ['OR', ['A', 'B']]]]]]]]
                        ]
                      ],
                      A),
           _).
[33m^^^^^^^^^^^^^^^^^^^^^^^
[0m[33m--> metta runnable  -->
[36m!(add-atom &replayStream (candidate 503 (quote (AND ((OR ((NOT (B)) (AND (C (OR (A B)))))))))))
[33m-->  prolog goal  -->[35m 
:- findall(A,
           'add-atom'('&replayStream',
                      [ candidate,
                        503,
                        [quote, ['AND', [['OR', [['NOT', ['B']], ['AND', ['C', ['OR', ['A', 'B']]]]]]]]]
                      ],
                      A),
           _).
[33m^^^^^^^^^^^^^^^^^^^^^^^
[0m[33m--> metta runnable  -->
[36m!(add-atom &replayStream (candidate 504 (quote (AND (C (OR ((AND (A B)) A B)))))))
[33m-->  prolog goal  -->[35m 
:- findall(A,
           'add-atom'('&replayStream',
                      [candidate, 504, [quote, ['AND', ['C', ['OR', [['AND', ['A', 'B']], 'A', 'B']]]]]],
                      A),
           _).
[33m^^^^^^^^^^^^^^^^^^^^^^^
[0m[33m--> metta runnable  -->
[36m!(add-atom &replayStream (candidate 505 (quote (AND ((OR ((AND ((NOT (C)) A B)) (AND (C (OR (A B)))))))))))
[33m-->  prolog goal  -->[35m 
:- findall(A,
           'add-atom'('&replayStream',
                      [ candidate,
                        505,
                        [ quote,
                          [ 'AND',
                            [ [ 'OR',
                                [['AND', [['NOT', ['C']], 'A', 'B']], ['AND', ['C', ['OR', ['A', 'B']]]]]
                              ]
                            ]
                          ]
                        ]
                      ],
                      A),
           _).
[33m^^^^^^^^^^^^^^^^^^^^^^^
[0m[33m--> metta runnable  -->
[36m!(add-atom &replayStream (candidate 506 (quote (AND ((OR ((AND (A B)) (AND (C (OR (A B)))))))))))
[33m-->  prolog goal  -->[35m 
:- findall(A,
           'add-atom'('&replayStream',
                      [ candidate,
                        506,
                        [ quote,
                          ['AND', [['OR', [['AND', ['A', 'B']], ['AND', ['C', ['OR', ['A', 'B']]]]]]]]
                        ]
                      ],
                      A),
           _).
[33m^^^^^^^^^^^^^^^^^^^^^^^
[0m[33m--> metta runnable  -->
[36m!(add-atom &replayStream (candidate 507 (quote (AND ((OR ((AND ((NOT (A)) (NOT (C)))) (AND (C (OR (A B)))))))))))
[33m-->  prolog goal  -->[35m 
:- findall(A,
           'add-atom'('&replayStream',
                      [ candidate,
                        507,
                        [ quote,
                          [ 'AND',
                            [ [ 'OR',
                                [ ['AND', [['NOT', ['A']], ['NOT', ['C']]]],
                                  ['AND', ['C', ['OR', ['A', 'B']]]]
                                ]
                              ]
                            ]
                          ]
                        ]
                      ],
                      A),
           _).
[33m^^^^^^^^^^^^^^^^^^^^^^^
[0m[33m--> metta runnable  -->
[36m!(add-atom &replayStream (candidate 508 (quote (AND (C (OR ((AND (A B)) A B)))))))
[33m-->  prolog goal  -->[35m 
:- findall(A,
           'add-atom'('&replayStream',
                      [candidate, 508, [quote, ['AND', ['C', ['OR', [['AND', ['A', 'B']], 'A', 'B']]]]]],
                      A),
           _).
[33m^^^^^^^^^^^^^^^^^^^^^^^
[0m[33m--> metta runnable  -->
[36m!(add-atom &replayStream (candidate 509 (quote (AND ((OR ((AND (B (NOT (C)) A)) (AND (C (OR (A B)))))))))))
[33m-->  prolog goal  -->[35m 
:- findall(A,
           'add-atom'('&replayStream',
                      [ candidate,
                        509,
                        [ quote,
                          [ 'AND',
                            [ [ 'OR',
                                [['AND', ['B', ['NOT', ['C']], 'A']], ['AND', ['C', ['OR', ['A', 'B']]]]]
                              ]
                            ]
                          ]
                        ]
                      ],
                      A),
           _).
[33m^^^^^^^^^^^^^^^^^^^^^^^
[0m[33m--> metta runnable  -->
[36m!(add-atom &replayStream (candidate 510 (quote (AND ((OR ((AND (A B)) (AND (C (OR (A B)))))))))))
[33m-->  prolog goal  -->[35m 
:- findall(A,
           'add-atom'('&replayStream',
                      [ candidate,
                        510,
                        [ quote,
                          ['AND', [['OR', [['AND', ['A', 'B']], ['AND', ['C', ['OR', ['A', 'B']]]]]]]]
                        ]
                      ],
                      A),
           _).
[33m^^^^^^^^^^^^^^^^^^^^^^^
[0m[33m--> metta runnable  -->
[36m!(add-atom &replayStream (candidate 511 (quote (AND ((OR ((AND ((NOT (A)) (NOT (B)))) (AND (C (OR (A B)))))))))))
[33m-->  prolog goal  -->[35m 
:- findall(A,
           'add-atom'('&replayStream',
                      [ candidate,
                        511,
                        [ quote,
                          [ 'AND',
                            [ [ 'OR',
                                [ ['AND', [['NOT', ['A']], ['NOT', ['B']]]],
                                  ['AND', ['C', ['OR', ['A', 'B']]]]
                                ]
                              ]
                            ]
                          ]
                        ]
                      ],
                      A),
           _).
[33m^^^^^^^^^^^^^^^^^^^^^^^
[0m[33m--> metta runnable  -->
[36m!(add-atom &replayStream (candidate 512 (quote (AND ((OR ((AND (A B)) (AND (C (OR (A B)))))))))))
[33m-->  prolog goal  -->[35m 
:- findall(A,
           'add-atom'('&replayStream',
                      [ candidate,
                        512,
                        [ quote,
                          ['AND', [['OR', [['AND', ['A', 'B']], ['AND', ['C', ['OR', ['A', 'B']]]]]]]]
                        ]
                      ],
                      A),
           _).
[33m^^^^^^^^^^^^^^^^^^^^^^^
[0m[33m--> metta runnable  -->
[36m!(add-atom &replayStream (candidate 513 (quote (AND ((OR ((AND (C (OR (A B)))) (NOT (A)) (AND (A B)))))))))
[33m-->  prolog goal  -->[35m 
:- findall(A,
           'add-atom'('&replayStream',
                      [ candidate,
                        513,
                        [ quote,
                          [ 'AND',
                            [ [ 'OR',
                                [['AND', ['C', ['OR', ['A', 'B']]]], ['NOT', ['A']], ['AND', ['A', 'B']]]
                              ]
                            ]
                          ]
                        ]
                      ],
                      A),
           _).
[33m^^^^^^^^^^^^^^^^^^^^^^^
[0m[33m--> metta runnable  -->
[36m!(add-atom &replayStream (candidate 514 (quote (AND ((OR ((AND (B A)) (AND (C (OR (A B)))))))))))
[33m-->  prolog goal  -->[35m 
:- findall(A,
           'add-atom'('&replayStream',
                      [ candidate,
                        514,
                        [ quote,
                          ['AND', [['OR', [['AND', ['B', 'A']], ['AND', ['C', ['OR', ['A', 'B']]]]]]]]
                        ]
                      ],
                      A),
           _).
[33m^^^^^^^^^^^^^^^^^^^^^^^
[0m[33m--> metta runnable  -->
[36m!(add-atom &replayStream (candidate 515 (quote (AND ((OR ((AND (C (OR (A B)))) (NOT (B)) (AND (A B)))))))))
[33m-->  prolog goal  -->[35m 
:- findall(A,
           'add-atom'('&replayStream',
                      [ candidate,
                        515,
                        [ quote,
                          [ 'AND',
                            [ [ 'OR',
                                [['AND', ['C', ['OR', ['A', 'B']]]], ['NOT', ['B']], ['AND', ['A', 'B']]]
                              ]
                            ]
                          ]
                        ]
                      ],
                      A),
           _).
[33m^^^^^^^^^^^^^^^^^^^^^^^
[0m[33m--> metta runnable  -->
[36m!(add-atom &replayStream (candidate 516 (quote (AND ((OR ((AND (C (OR (A B)))) C (AND (A B)))))))))
[33m-->  prolog goal  -->[35m 
:- findall(A,
           'add-atom'('&replayStream',
                      [ candidate,
                        516,
                        [ quote,
                          ['AND', [['OR', [['AND', ['C', ['OR', ['A', 'B']]]], 'C', ['AND', ['A', 'B']]]]]]
                        ]
                      ],
                      A),
           _).
[33m^^^^^^^^^^^^^^^^^^^^^^^
[0m[33m--> metta runnable  -->
[36m!(add-atom &replayStream (candidate 517 (quote (AND ((OR ((AND (C (OR (A B)))) (NOT (C)) (AND (A B)))))))))
[33m-->  prolog goal  -->[35m 
:- findall(A,
           'add-atom'('&replayStream',
                      [ candidate,
                        517,
                        [ quote,
                          [ 'AND',
                            [ [ 'OR',
                                [['AND', ['C', ['OR', ['A', 'B']]]], ['NOT', ['C']], ['AND', ['A', 'B']]]
                              ]
                            ]
                          ]
                        ]
                      ],
                      A),
           _).
[33m^^^^^^^^^^^^^^^^^^^^^^^
[0m[33m--> metta runnable  -->
[36m!(add-atom &replayStream (candidate 518 (quote (AND ((OR ((AND (C (OR (A B)))) (AND ((NOT (B)) C)) (AND (A B)))))))))
[33m-->  prolog goal  -->[35m 
:- findall(A,
           'add-atom'('&replayStream',
                      [ candidate,
                        518,
                        [ quote,
                          [ 'AND',
                            [ [ 'OR',
                                [ ['AND', ['C', ['OR', ['A', 'B']]]],
                                  ['AND', [['NOT', ['B']], 'C']],
                                  ['AND', ['A', 'B']]
                                ]
                              ]
                            ]
                          ]
                        ]
                      ],
                      A),
           _).
[33m^^^^^^^^^^^^^^^^^^^^^^^
[0m[33m--> metta runnable  -->
[36m!(add-atom &replayStream (candidate 519 (quote (AND ((OR ((AND (C (OR (A B)))) B (NOT (C)) (AND (A B)))))))))
[33m-->  prolog goal  -->[35m 
:- findall(A,
           'add-atom'('&replayStream',
                      [ candidate,
                        519,
                        [ quote,
                          [ 'AND',
                            [ [ 'OR',
                                [['AND', ['C', ['OR', ['A', 'B']]]], 'B', ['NOT', ['C']], ['AND', ['A', 'B']]]
                              ]
                            ]
                          ]
                        ]
                      ],
                      A),
           _).
[33m^^^^^^^^^^^^^^^^^^^^^^^
[0m[33m--> metta runnable  -->
[36m!(add-atom &replayStream (candidate 520 (quote (AND (C (OR (A B)))))))
[33m-->  prolog goal  -->[35m 
:- findall(A,
           'add-atom'('&replayStream',
                      [candidate, 520, [quote, ['AND', ['C', ['OR', ['A', 'B']]]]]],
                      A),
           _).
[33m^^^^^^^^^^^^^^^^^^^^^^^
[0m[33m--> metta runnable  -->
[36m!(add-atom &replayStream (candidate 521 (quote (AND ((OR ((AND (C (OR (A B)))) (NOT (A)) (NOT (B)))))))))
[33m-->  prolog goal  -->[35m 
:- findall(A,
           'add-atom'('&replayStream',
                      [ candidate,
                        521,
                        [ quote,
                          [ 'AND',
                            [['OR', [['AND', ['C', ['OR', ['A', 'B']]]], ['NOT', ['A']], ['NOT', ['B']]]]]
                          ]
                        ]
                      ],
                      A),
           _).
[33m^^^^^^^^^^^^^^^^^^^^^^^
[0m[33m--> metta runnable  -->
[36m!(add-atom &replayStream (candidate 522 (quote (AND ((OR ((AND (A (OR (B C)))) (AND (C (OR (A B)))))))))))
[33m-->  prolog goal  -->[35m 
:- findall(A,
           'add-atom'('&replayStream',
                      [ candidate,
                        522,
                        [ quote,
                          [ 'AND',
                            [['OR', [['AND', ['A', ['OR', ['B', 'C']]]], ['AND', ['C', ['OR', ['A', 'B']]]]]]]
                          ]
                        ]
                      ],
                      A),
           _).
[33m^^^^^^^^^^^^^^^^^^^^^^^
[0m[33m--> metta runnable  -->
[36m!(add-atom &replayStream (candidate 523 (quote (AND ((OR ((AND (C (OR (A B)))) (AND (A B)) (NOT (A)) (NOT (C)))))))))
[33m-->  prolog goal  -->[35m 
:- findall(A,
           'add-atom'('&replayStream',
                      [ candidate,
                        523,
                        [ quote,
                          [ 'AND',
                            [ [ 'OR',
                                [ ['AND', ['C', ['OR', ['A', 'B']]]],
                                  ['AND', ['A', 'B']],
                                  ['NOT', ['A']],
                                  ['NOT', ['C']]
                                ]
                              ]
                            ]
                          ]
                        ]
                      ],
                      A),
           _).
[33m^^^^^^^^^^^^^^^^^^^^^^^
[0m[33m--> metta runnable  -->
[36m!(add-atom &replayStream (candidate 524 (quote (AND (A (OR (C B)))))))
[33m-->  prolog goal  -->[35m 
:- findall(A,
           'add-atom'('&replayStream',
                      [candidate, 524, [quote, ['AND', ['A', ['OR', ['C', 'B']]]]]],
                      A),
           _).
[33m^^^^^^^^^^^^^^^^^^^^^^^
[0m[33m--> metta runnable  -->
[36m!(add-atom &replayStream (candidate 525 (quote (AND (B (OR ((AND ((NOT (A)) C)) A)))))))
[33m-->  prolog goal  -->[35m 
:- findall(A,
           'add-atom'('&replayStream',
                      [ candidate,
                        525,
                        [quote, ['AND', ['B', ['OR', [['AND', [['NOT', ['A']], 'C']], 'A']]]]]
                      ],
                      A),
           _).
[33m^^^^^^^^^^^^^^^^^^^^^^^
[0m[33m--> metta runnable  -->
[36m!(add-atom &replayStream (candidate 526 (quote (AND (B (OR (C A)))))))
[33m-->  prolog goal  -->[35m 
:- findall(A,
           'add-atom'('&replayStream',
                      [candidate, 526, [quote, ['AND', ['B', ['OR', ['C', 'A']]]]]],
                      A),
           _).
[33m^^^^^^^^^^^^^^^^^^^^^^^
[0m[33m--> metta runnable  -->
[36m!(add-atom &replayStream (candidate 527 (quote (AND (A (OR ((AND ((NOT (B)) C)) B)))))))
[33m-->  prolog goal  -->[35m 
:- findall(A,
           'add-atom'('&replayStream',
                      [ candidate,
                        527,
                        [quote, ['AND', ['A', ['OR', [['AND', [['NOT', ['B']], 'C']], 'B']]]]]
                      ],
                      A),
           _).
[33m^^^^^^^^^^^^^^^^^^^^^^^
[0m[33m--> metta runnable  -->
[36m!(add-atom &replayStream (candidate 528 (quote (AND ((OR ((AND (A B)) A B)))))))
[33m-->  prolog goal  -->[35m 
:- findall(A,
           'add-atom'('&replayStream',
                      [candidate, 528, [quote, ['AND', [['OR', [['AND', ['A', 'B']], 'A', 'B']]]]]],
                      A),
           _).
[33m^^^^^^^^^^^^^^^^^^^^^^^
[0m[33m--> metta runnable  -->
[36m!(add-atom &replayStream (candidate 529 (quote (AND ((OR ((AND ((NOT (C)) (OR (A B)))) (AND (A B)))))))))
[33m-->  prolog goal  -->[35m 
:- findall(A,
           'add-atom'('&replayStream',
                      [ candidate,
                        529,
                        [ quote,
                          [ 'AND',
                            [['OR', [['AND', [['NOT', ['C']], ['OR', ['A', 'B']]]], ['AND', ['A', 'B']]]]]
                          ]
                        ]
                      ],
                      A),
           _).
[33m^^^^^^^^^^^^^^^^^^^^^^^
[0m[33m--> metta runnable  -->
[36m!(add-atom &replayStream (candidate 530 (quote (AND ((OR ((AND (C (OR (A B)))) (AND (A B)))))))))
[33m-->  prolog goal  -->[35m 
:- findall(A,
           'add-atom'('&replayStream',
                      [ candidate,
                        530,
                        [ quote,
                          ['AND', [['OR', [['AND', ['C', ['OR', ['A', 'B']]]], ['AND', ['A', 'B']]]]]]
                        ]
                      ],
                      A),
           _).
[33m^^^^^^^^^^^^^^^^^^^^^^^
[0m[33m--> metta runnable  -->
[36m!(add-atom &replayStream (candidate 531 (quote (AND (A B)))))
[33m-->  prolog goal  -->[35m 
:- findall(A,
           'add-atom'('&replayStream', [candidate, 531, [quote, ['AND', ['A', 'B']]]], A),
           _).
[33m^^^^^^^^^^^^^^^^^^^^^^^
[0m[33m--> metta runnable  -->
[36m!(add-atom &replayStream (candidate 532 (quote (AND ((OR ((AND (C (OR (A B)))) (AND (A B)))))))))
[33m-->  prolog goal  -->[35m 
:- findall(A,
           'add-atom'('&replayStream',
                      [ candidate,
                        532,
                        [ quote,
                          ['AND', [['OR', [['AND', ['C', ['OR', ['A', 'B']]]], ['AND', ['A', 'B']]]]]]
                        ]
                      ],
                      A),
           _).
[33m^^^^^^^^^^^^^^^^^^^^^^^
[0m[33m--> metta runnable  -->
[36m!(add-atom &replayStream (candidate 533 (quote (AND (A B)))))
[33m-->  prolog goal  -->[35m 
:- findall(A,
           'add-atom'('&replayStream', [candidate, 533, [quote, ['AND', ['A', 'B']]]], A),
           _).
[33m^^^^^^^^^^^^^^^^^^^^^^^
[0m[33m--> metta runnable  -->
[36m!(add-atom &replayStream (candidate 534 (quote (AND ((OR (C (AND (A B)))))))))
[33m-->  prolog goal  -->[35m 
:- findall(A,
           'add-atom'('&replayStream',
                      [candidate, 534, [quote, ['AND', [['OR', ['C', ['AND', ['A', 'B']]]]]]]],
                      A),
           _).
[33m^^^^^^^^^^^^^^^^^^^^^^^
[0m[33m--> metta runnable  -->
[36m!(add-atom &replayStream (candidate 535 (quote (AND ((OR ((AND (C (NOT (A)) (NOT (B)))) (AND (A B)))))))))
[33m-->  prolog goal  -->[35m 
:- findall(A,
           'add-atom'('&replayStream',
                      [ candidate,
                        535,
                        [ quote,
                          [ 'AND',
                            [['OR', [['AND', ['C', ['NOT', ['A']], ['NOT', ['B']]]], ['AND', ['A', 'B']]]]]
                          ]
                        ]
                      ],
                      A),
           _).
[33m^^^^^^^^^^^^^^^^^^^^^^^
[0m[33m--> metta runnable  -->
[36m!(add-atom &replayStream (candidate 536 (quote (AND ((OR ((AND (A B)) (AND (C (OR (A B)))))))))))
[33m-->  prolog goal  -->[35m 
:- findall(A,
           'add-atom'('&replayStream',
                      [ candidate,
                        536,
                        [ quote,
                          ['AND', [['OR', [['AND', ['A', 'B']], ['AND', ['C', ['OR', ['A', 'B']]]]]]]]
                        ]
                      ],
                      A),
           _).
[33m^^^^^^^^^^^^^^^^^^^^^^^
[0m[33m--> metta runnable  -->
[36m!(add-atom &replayStream (candidate 537 (quote (AND ((OR ((AND (C (OR (A B)))) (AND (A B)))))))))
[33m-->  prolog goal  -->[35m 
:- findall(A,
           'add-atom'('&replayStream',
                      [ candidate,
                        537,
                        [ quote,
                          ['AND', [['OR', [['AND', ['C', ['OR', ['A', 'B']]]], ['AND', ['A', 'B']]]]]]
                        ]
                      ],
                      A),
           _).
[33m^^^^^^^^^^^^^^^^^^^^^^^
[0m[33m--> metta runnable  -->
[36m!(add-atom &replayStream (candidate 538 (quote (AND ((OR ((AND (A B)) (AND (C (OR (A B)))))))))))
[33m-->  prolog goal  -->[35m 
:- findall(A,
           'add-atom'('&replayStream',
                      [ candidate,
                        538,
                        [ quote,
                          ['AND', [['OR', [['AND', ['A', 'B']], ['AND', ['C', ['OR', ['A', 'B']]]]]]]]
                        ]
                      ],
                      A),
           _).
[33m^^^^^^^^^^^^^^^^^^^^^^^
[0m[33m--> metta runnable  -->
[36m!(add-atom &replayStream (candidate 539 (quote (AND ((OR ((AND (C (OR (A B)))) (AND (A B)))))))))
[33m-->  prolog goal  -->[35m 
:- findall(A,
           'add-atom'('&replayStream',
                      [ candidate,
                        539,
                        [ quote,
                          ['AND', [['OR', [['AND', ['C', ['OR', ['A', 'B']]]], ['AND', ['A', 'B']]]]]]
                        ]
                      ],
                      A),
           _).
[33m^^^^^^^^^^^^^^^^^^^^^^^
[0m[33m--> metta runnable  -->
[36m!(add-atom &replayStream (candidate 540 (quote (AND ((OR ((AND (A B)) (AND (C (OR (A B)))))))))))
[33m-->  prolog goal  -->[35m 
:- findall(A,
           'add-atom'('&replayStream',
                      [ candidate,
                        540,
                        [ quote,
                          ['AND', [['OR', [['AND', ['A', 'B']], ['AND', ['C', ['OR', ['A', 'B']]]]]]]]
                        ]
                      ],
                      A),
           _).
[33m^^^^^^^^^^^^^^^^^^^^^^^
[0m[33m--> metta runnable  -->
[36m!(add-atom &replayStream (candidate 541 (quote (AND ((OR ((AND (C (OR (A B)))) (AND (A B)))))))))
[33m-->  prolog goal  -->[35m 
:- findall(A,
           'add-atom'('&replayStream',
                      [ candidate,
                        541,
                        [ quote,
                          ['AND', [['OR', [['AND', ['C', ['OR', ['A', 'B']]]], ['AND', ['A', 'B']]]]]]
                        ]
                      ],
                      A),
           _).
[33m^^^^^^^^^^^^^^^^^^^^^^^
[0m[33m--> metta runnable  -->
[36m!(add-atom &replayStream (candidate 542 (quote (AND ((OR ((AND (A B)) (AND (C (OR (A B)))))))))))
[33m-->  prolog goal  -->[35m 
:- findall(A,
           'add-atom'('&replayStream',
                      [ candidate,
                        542,
                        [ quote,
                          ['AND', [['OR', [['AND', ['A', 'B']], ['AND', ['C', ['OR', ['A', 'B']]]]]]]]
                        ]
                      ],
                      A),
           _).
[33m^^^^^^^^^^^^^^^^^^^^^^^
[0m[33m--> metta runnable  -->
[36m!(add-atom &replayStream (candidate 543 (quote (AND ((OR ((AND (B A)) (AND (C (OR (A B)))))))))))
[33m-->  prolog goal  -->[35m 
:- findall(A,
           'add-atom'('&replayStream',
                      [ candidate,
                        543,
                        [ quote,
                          ['AND', [['OR', [['AND', ['B', 'A']], ['AND', ['C', ['OR', ['A', 'B']]]]]]]]
                        ]
                      ],
                      A),
           _).
[33m^^^^^^^^^^^^^^^^^^^^^^^
[0m[33m--> metta runnable  -->
[36m!(add-atom &replayStream (candidate 544 (quote (AND ((OR ((AND (A B)) (AND (C (OR (A B)))))))))))
[33m-->  prolog goal  -->[35m 
:- findall(A,
           'add-atom'('&replayStream',
                      [ candidate,
                        544,
                        [ quote,
                          ['AND', [['OR', [['AND', ['A', 'B']], ['AND', ['C', ['OR', ['A', 'B']]]]]]]]
                        ]
                      ],
                      A),
           _).
[33m^^^^^^^^^^^^^^^^^^^^^^^
[0m[33m--> metta runnable  -->
[36m!(add-atom &replayStream (candidate 545 (quote (AND ((OR ((AND (B A)) (AND (C (OR (A B)))))))))))
[33m-->  prolog goal  -->[35m 
:- findall(A,
           'add-atom'('&replayStream',
                      [ candidate,
                        545,
                        [ quote,
                          ['AND', [['OR', [['AND', ['B', 'A']], ['AND', ['C', ['OR', ['A', 'B']]]]]]]]
                        ]
                      ],
                      A),
           _).
[33m^^^^^^^^^^^^^^^^^^^^^^^
[0m[33m--> metta runnable  -->
[36m!(add-atom &replayStream (candidate 546 (quote (AND ((OR ((AND (C (OR (A B)))) (AND (A B)))))))))
[33m-->  prolog goal  -->[35m 
:- findall(A,
           'add-atom'('&replayStream',
                      [ candidate,
                        546,
                        [ quote,
                          ['AND', [['OR', [['AND', ['C', ['OR', ['A', 'B']]]], ['AND', ['A', 'B']]]]]]
                        ]
                      ],
                      A),
           _).
[33m^^^^^^^^^^^^^^^^^^^^^^^
[0m[33m--> metta runnable  -->
[36m!(add-atom &replayStream (candidate 547 (quote (AND ((OR ((AND ((NOT (C)) A B)) (AND (C (OR (A B)))))))))))
[33m-->  prolog goal  -->[35m 
:- findall(A,
           'add-atom'('&replayStream',
                      [ candidate,
                        547,
                        [ quote,
                          [ 'AND',
                            [ [ 'OR',
                                [['AND', [['NOT', ['C']], 'A', 'B']], ['AND', ['C', ['OR', ['A', 'B']]]]]
                              ]
                            ]
                          ]
                        ]
                      ],
                      A),
           _).
[33m^^^^^^^^^^^^^^^^^^^^^^^
[0m[33m--> metta runnable  -->
[36m!(add-atom &replayStream (candidate 548 (quote (AND ((OR ((AND (B (NOT (C)) A)) (AND (C (OR (A B)))))))))))
[33m-->  prolog goal  -->[35m 
:- findall(A,
           'add-atom'('&replayStream',
                      [ candidate,
                        548,
                        [ quote,
                          [ 'AND',
                            [ [ 'OR',
                                [['AND', ['B', ['NOT', ['C']], 'A']], ['AND', ['C', ['OR', ['A', 'B']]]]]
                              ]
                            ]
                          ]
                        ]
                      ],
                      A),
           _).
[33m^^^^^^^^^^^^^^^^^^^^^^^
[0m[33m--> metta runnable  -->
[36m!(add-atom &replayStream (candidate 549 (quote (AND ((OR ((AND (A (OR (B C)))) (AND (C (OR (A B)))))))))))
[33m-->  prolog goal  -->[35m 
:- findall(A,
           'add-atom'('&replayStream',
                      [ candidate,
                        549,
                        [ quote,
                          [ 'AND',
                            [['OR', [['AND', ['A', ['OR', ['B', 'C']]]], ['AND', ['C', ['OR', ['A', 'B']]]]]]]
                          ]
                        ]
                      ],
                      A),
           _).
[33m^^^^^^^^^^^^^^^^^^^^^^^
[0m[33m--> metta runnable  -->
[36m!(add-atom &replayStream (candidate 550 (quote (AND ((OR ((AND (A B)) C)))))))
[33m-->  prolog goal  -->[35m 
:- findall(A,
           'add-atom'('&replayStream',
                      [candidate, 550, [quote, ['AND', [['OR', [['AND', ['A', 'B']], 'C']]]]]],
                      A),
           _).
[33m^^^^^^^^^^^^^^^^^^^^^^^
[0m[33m--> metta runnable  -->
[36m!(add-atom &replayStream (candidate 551 (quote (AND ((OR (C (AND (A B)))))))))
[33m-->  prolog goal  -->[35m 
:- findall(A,
           'add-atom'('&replayStream',
                      [candidate, 551, [quote, ['AND', [['OR', ['C', ['AND', ['A', 'B']]]]]]]],
                      A),
           _).
[33m^^^^^^^^^^^^^^^^^^^^^^^
[0m[33m--> metta runnable  -->
[36m!(add-atom &replayStream (candidate 552 (quote (AND (C (OR (A B)))))))
[33m-->  prolog goal  -->[35m 
:- findall(A,
           'add-atom'('&replayStream',
                      [candidate, 552, [quote, ['AND', ['C', ['OR', ['A', 'B']]]]]],
                      A),
           _).
[33m^^^^^^^^^^^^^^^^^^^^^^^
[0m[33m--> metta runnable  -->
[36m!(add-atom &replayStream (candidate 553 (quote (AND ((OR ((AND (A B)) C)))))))
[33m-->  prolog goal  -->[35m 
:- findall(A,
           'add-atom'('&replayStream',
                      [candidate, 553, [quote, ['AND', [['OR', [['AND', ['A', 'B']], 'C']]]]]],
                      A),
           _).
[33m^^^^^^^^^^^^^^^^^^^^^^^
[0m[33m--> metta runnable  -->
[36m!(add-atom &replayStream (candidate 554 (quote (AND ((OR (C (AND (A B)))))))))
[33m-->  prolog goal  -->[35m 
:- findall(A,
           'add-atom'('&replayStream',
                      [candidate, 554, [quote, ['AND', [['OR', ['C', ['AND', ['A', 'B']]]]]]]],
                      A),
           _).
[33m^^^^^^^^^^^^^^^^^^^^^^^
[0m[33m--> metta runnable  -->
[36m!(add-atom &replayStream (candidate 555 (quote (AND (C (OR (A B)))))))
[33m-->  prolog goal  -->[35m 
:- findall(A,
           'add-atom'('&replayStream',
                      [candidate, 555, [quote, ['AND', ['C', ['OR', ['A', 'B']]]]]],
                      A),
           _).
[33m^^^^^^^^^^^^^^^^^^^^^^^
[0m[33m--> metta runnable  -->
[36m!(add-atom &replayStream (candidate 556 (quote (AND ((OR ((AND (A B)) C)))))))
[33m-->  prolog goal  -->[35m 
:- findall(A,
           'add-atom'('&replayStream',
                      [candidate, 556, [quote, ['AND', [['OR', [['AND', ['A', 'B']], 'C']]]]]],
                      A),
           _).
[33m^^^^^^^^^^^^^^^^^^^^^^^
[0m[33m--> metta runnable  -->
[36m!(add-atom &replayStream (candidate 557 (quote (AND ((OR (C (AND (A B)))))))))
[33m-->  prolog goal  -->[35m 
:- findall(A,
           'add-atom'('&replayStream',
                      [candidate, 557, [quote, ['AND', [['OR', ['C', ['AND', ['A', 'B']]]]]]]],
                      A),
           _).
[33m^^^^^^^^^^^^^^^^^^^^^^^
[0m[33m--> metta runnable  -->
[36m!(add-atom &replayStream (candidate 558 (quote (AND (C (OR (A B)))))))
[33m-->  prolog goal  -->[35m 
:- findall(A,
           'add-atom'('&replayStream',
                      [candidate, 558, [quote, ['AND', ['C', ['OR', ['A', 'B']]]]]],
                      A),
           _).
[33m^^^^^^^^^^^^^^^^^^^^^^^
[0m[33m--> metta runnable  -->
[36m!(add-atom &replayStream (candidate 559 (quote (AND ((OR ((AND (A B)) C)))))))
[33m-->  prolog goal  -->[35m 
:- findall(A,
           'add-atom'('&replayStream',
                      [candidate, 559, [quote, ['AND', [['OR', [['AND', ['A', 'B']], 'C']]]]]],
                      A),
           _).
[33m^^^^^^^^^^^^^^^^^^^^^^^
[0m[33m--> metta runnable  -->
[36m!(add-atom &replayStream (candidate 560 (quote (AND ((OR (C (AND (A B)))))))))
[33m-->  prolog goal  -->[35m 
:- findall(A,
           'add-atom'('&replayStream',
                      [candidate, 560, [quote, ['AND', [['OR', ['C', ['AND', ['A', 'B']]]]]]]],
                      A),
           _).
[33m^^^^^^^^^^^^^^^^^^^^^^^
[0m[33m--> metta runnable  -->
[36m!(add-atom &replayStream (candidate 561 (quote (AND (C (OR (A B)))))))
[33m-->  prolog goal  -->[35m 
:- findall(A,
           'add-atom'('&replayStream',
                      [candidate, 561, [quote, ['AND', ['C', ['OR', ['A', 'B']]]]]],
                      A),
           _).
[33m^^^^^^^^^^^^^^^^^^^^^^^
[0m[33m--> metta runnable  -->
[36m!(add-atom &replayStream (candidate 562 (quote (AND (B (OR (C A)))))))
[33m-->  prolog goal  -->[35m 
:- findall(A,
           'add-atom'('&replayStream',
                      [candidate, 562, [quote, ['AND', ['B', ['OR', ['C', 'A']]]]]],
                      A),
           _).
[33m^^^^^^^^^^^^^^^^^^^^^^^
[0m[33m--> metta runnable  -->
[36m!(add-atom &replayStream (candidate 563 (quote (AND (B (OR (A C)))))))
[33m-->  prolog goal  -->[35m 
:- findall(A,
           'add-atom'('&replayStream',
                      [candidate, 563, [quote, ['AND', ['B', ['OR', ['A', 'C']]]]]],
                      A),
           _).
[33m^^^^^^^^^^^^^^^^^^^^^^^
[0m[33m--> metta runnable  -->
[36m!(add-atom &replayStream (candidate 564 (quote (AND (A (OR (C B)))))))
[33m-->  prolog goal  -->[35m 
:- findall(A,
           'add-atom'('&replayStream',
                      [candidate, 564, [quote, ['AND', ['A', ['OR', ['C', 'B']]]]]],
                      A),
           _).
[33m^^^^^^^^^^^^^^^^^^^^^^^
[0m[33m--> metta runnable  -->
[36m!(add-atom &replayStream (candidate 565 (quote (AND (A (OR (B C)))))))
[33m-->  prolog goal  -->[35m 
:- findall(A,
           'add-atom'('&replayStream',
                      [candidate, 565, [quote, ['AND', ['A', ['OR', ['B', 'C']]]]]],
                      A),
           _).
[33m^^^^^^^^^^^^^^^^^^^^^^^
[0m[33m--> metta runnable  -->
[36m!(add-atom &replayStream (candidate 566 (quote (AND (C (OR (A B)))))))
[33m-->  prolog goal  -->[35m 
:- findall(A,
           'add-atom'('&replayStream',
                      [candidate, 566, [quote, ['AND', ['C', ['OR', ['A', 'B']]]]]],
                      A),
           _).
[33m^^^^^^^^^^^^^^^^^^^^^^^
[0m[33m--> metta runnable  -->
[36m!(add-atom &replayStream (candidate 567 (quote (AND (A (OR (C B)))))))
[33m-->  prolog goal  -->[35m 
:- findall(A,
           'add-atom'('&replayStream',
                      [candidate, 567, [quote, ['AND', ['A', ['OR', ['C', 'B']]]]]],
                      A),
           _).
[33m^^^^^^^^^^^^^^^^^^^^^^^
[0m[33m--> metta runnable  -->
[36m!(add-atom &replayStream (candidate 568 (quote (AND (B (OR (C A)))))))
[33m-->  prolog goal  -->[35m 
:- findall(A,
           'add-atom'('&replayStream',
                      [candidate, 568, [quote, ['AND', ['B', ['OR', ['C', 'A']]]]]],
                      A),
           _).
[33m^^^^^^^^^^^^^^^^^^^^^^^
[0m[33m--> metta runnable  -->
[36m!(add-atom &replayStream (candidate 569 (quote (AND ((OR (C (AND (A B)))))))))
[33m-->  prolog goal  -->[35m 
:- findall(A,
           'add-atom'('&replayStream',
                      [candidate, 569, [quote, ['AND', [['OR', ['C', ['AND', ['A', 'B']]]]]]]],
                      A),
           _).
[33m^^^^^^^^^^^^^^^^^^^^^^^
[0m[33m--> metta runnable  -->
[36m!(add-atom &replayStream (candidate 570 (quote (AND ((OR ((AND (A B)) (AND (C (OR (A B)))) (AND (A B)))))))))
[33m-->  prolog goal  -->[35m 
:- findall(A,
           'add-atom'('&replayStream',
                      [ candidate,
                        570,
                        [ quote,
                          [ 'AND',
                            [ [ 'OR',
                                [['AND', ['A', 'B']], ['AND', ['C', ['OR', ['A', 'B']]]], ['AND', ['A', 'B']]]
                              ]
                            ]
                          ]
                        ]
                      ],
                      A),
           _).
[33m^^^^^^^^^^^^^^^^^^^^^^^
[0m[33m--> metta runnable  -->
[36m!(add-atom &replayStream (candidate 571 (quote (AND ((OR (C C (AND (A B)))))))))
[33m-->  prolog goal  -->[35m 
:- findall(A,
           'add-atom'('&replayStream',
                      [candidate, 571, [quote, ['AND', [['OR', ['C', 'C', ['AND', ['A', 'B']]]]]]]],
                      A),
           _).
[33m^^^^^^^^^^^^^^^^^^^^^^^
[0m[33m--> metta runnable  -->
[36m!(add-atom &replayStream (candidate 572 (quote (AND ((OR ((AND (A B)) C C)))))))
[33m-->  prolog goal  -->[35m 
:- findall(A,
           'add-atom'('&replayStream',
                      [candidate, 572, [quote, ['AND', [['OR', [['AND', ['A', 'B']], 'C', 'C']]]]]],
                      A),
           _).
[33m^^^^^^^^^^^^^^^^^^^^^^^
[0m[33m--> metta runnable  -->
[36m!(add-atom &replayStream (candidate 573 (quote (AND ((OR (C (AND (A B)) C)))))))
[33m-->  prolog goal  -->[35m 
:- findall(A,
           'add-atom'('&replayStream',
                      [candidate, 573, [quote, ['AND', [['OR', ['C', ['AND', ['A', 'B']], 'C']]]]]],
                      A),
           _).
[33m^^^^^^^^^^^^^^^^^^^^^^^
[0m[33m--> metta runnable  -->
[36m!(add-atom &replayStream (candidate 574 (quote (AND ((OR (C C (AND (A B)))))))))
[33m-->  prolog goal  -->[35m 
:- findall(A,
           'add-atom'('&replayStream',
                      [candidate, 574, [quote, ['AND', [['OR', ['C', 'C', ['AND', ['A', 'B']]]]]]]],
                      A),
           _).
[33m^^^^^^^^^^^^^^^^^^^^^^^
[0m[33m--> metta runnable  -->
[36m!(add-atom &replayStream (candidate 575 (quote (AND ((OR (C (AND (A B)) C)))))))
[33m-->  prolog goal  -->[35m 
:- findall(A,
           'add-atom'('&replayStream',
                      [candidate, 575, [quote, ['AND', [['OR', ['C', ['AND', ['A', 'B']], 'C']]]]]],
                      A),
           _).
[33m^^^^^^^^^^^^^^^^^^^^^^^
[0m[33m--> metta runnable  -->
[36m!(add-atom &replayStream (candidate 576 (quote (AND (C (OR (A A B)))))))
[33m-->  prolog goal  -->[35m 
:- findall(A,
           'add-atom'('&replayStream',
                      [candidate, 576, [quote, ['AND', ['C', ['OR', ['A', 'A', 'B']]]]]],
                      A),
           _).
[33m^^^^^^^^^^^^^^^^^^^^^^^
[0m[33m--> metta runnable  -->
[36m!(add-atom &replayStream (candidate 577 (quote (AND ((OR ((AND (C (OR (A B)))) B)))))))
[33m-->  prolog goal  -->[35m 
:- findall(A,
           'add-atom'('&replayStream',
                      [ candidate,
                        577,
                        [quote, ['AND', [['OR', [['AND', ['C', ['OR', ['A', 'B']]]], 'B']]]]]
                      ],
                      A),
           _).
[33m^^^^^^^^^^^^^^^^^^^^^^^
[0m[33m--> metta runnable  -->
[36m!(add-atom &replayStream (candidate 578 (quote (AND ((OR ((AND (C (OR (A B)))) A)))))))
[33m-->  prolog goal  -->[35m 
:- findall(A,
           'add-atom'('&replayStream',
                      [ candidate,
                        578,
                        [quote, ['AND', [['OR', [['AND', ['C', ['OR', ['A', 'B']]]], 'A']]]]]
                      ],
                      A),
           _).
[33m^^^^^^^^^^^^^^^^^^^^^^^
[0m[33m--> metta runnable  -->
[36m!(add-atom &replayStream (candidate 579 (quote (AND ((OR (B (AND (C (OR (A B)))))))))))
[33m-->  prolog goal  -->[35m 
:- findall(A,
           'add-atom'('&replayStream',
                      [ candidate,
                        579,
                        [quote, ['AND', [['OR', ['B', ['AND', ['C', ['OR', ['A', 'B']]]]]]]]]
                      ],
                      A),
           _).
[33m^^^^^^^^^^^^^^^^^^^^^^^
[0m[33m--> metta runnable  -->
[36m!(add-atom &replayStream (candidate 580 (quote (AND ((OR (A (AND (C (OR (A B)))))))))))
[33m-->  prolog goal  -->[35m 
:- findall(A,
           'add-atom'('&replayStream',
                      [ candidate,
                        580,
                        [quote, ['AND', [['OR', ['A', ['AND', ['C', ['OR', ['A', 'B']]]]]]]]]
                      ],
                      A),
           _).
[33m^^^^^^^^^^^^^^^^^^^^^^^
[0m[33m--> metta runnable  -->
[36m!(add-atom &replayStream (candidate 581 (quote (AND ((OR (B (AND (C (OR (A B)))))))))))
[33m-->  prolog goal  -->[35m 
:- findall(A,
           'add-atom'('&replayStream',
                      [ candidate,
                        581,
                        [quote, ['AND', [['OR', ['B', ['AND', ['C', ['OR', ['A', 'B']]]]]]]]]
                      ],
                      A),
           _).
[33m^^^^^^^^^^^^^^^^^^^^^^^
[0m[33m--> metta runnable  -->
[36m!(add-atom &replayStream (candidate 582 (quote (AND ((OR (A (AND (C (OR (A B)))))))))))
[33m-->  prolog goal  -->[35m 
:- findall(A,
           'add-atom'('&replayStream',
                      [ candidate,
                        582,
                        [quote, ['AND', [['OR', ['A', ['AND', ['C', ['OR', ['A', 'B']]]]]]]]]
                      ],
                      A),
           _).
[33m^^^^^^^^^^^^^^^^^^^^^^^
[0m[33m--> metta runnable  -->
[36m!(add-atom &replayStream (candidate 583 (quote (AND (B (OR ((AND ((NOT (A)) C)) A)))))))
[33m-->  prolog goal  -->[35m 
:- findall(A,
           'add-atom'('&replayStream',
                      [ candidate,
                        583,
                        [quote, ['AND', ['B', ['OR', [['AND', [['NOT', ['A']], 'C']], 'A']]]]]
                      ],
                      A),
           _).
[33m^^^^^^^^^^^^^^^^^^^^^^^
[0m[33m--> metta runnable  -->
[36m!(add-atom &replayStream (candidate 584 (quote (AND (A (OR ((AND ((NOT (B)) C)) B)))))))
[33m-->  prolog goal  -->[35m 
:- findall(A,
           'add-atom'('&replayStream',
                      [ candidate,
                        584,
                        [quote, ['AND', ['A', ['OR', [['AND', [['NOT', ['B']], 'C']], 'B']]]]]
                      ],
                      A),
           _).
[33m^^^^^^^^^^^^^^^^^^^^^^^
[0m[33m--> metta runnable  -->
[36m!(add-atom &replayStream (candidate 585 (quote A)))
[33m-->  prolog goal  -->[35m 
:- findall(A,
           'add-atom'('&replayStream', [candidate, 585, [quote, 'A']], A),
           _).
[33m^^^^^^^^^^^^^^^^^^^^^^^
[0m[33m--> metta runnable  -->
[36m!(add-atom &replayStream (candidate 586 (quote B)))
[33m-->  prolog goal  -->[35m 
:- findall(A,
           'add-atom'('&replayStream', [candidate, 586, [quote, 'B']], A),
           _).
[33m^^^^^^^^^^^^^^^^^^^^^^^
[0m[33m--> metta runnable  -->
[36m!(add-atom &replayStream (candidate 587 (quote C)))
[33m-->  prolog goal  -->[35m 
:- findall(A,
           'add-atom'('&replayStream', [candidate, 587, [quote, 'C']], A),
           _).
[33m^^^^^^^^^^^^^^^^^^^^^^^
[0m[33m--> metta runnable  -->
[36m!(add-atom &replayStream (candidate 588 (quote A)))
[33m-->  prolog goal  -->[35m 
:- findall(A,
           'add-atom'('&replayStream', [candidate, 588, [quote, 'A']], A),
           _).
[33m^^^^^^^^^^^^^^^^^^^^^^^
[0m[33m--> metta runnable  -->
[36m!(add-atom &replayStream (candidate 589 (quote B)))
[33m-->  prolog goal  -->[35m 
:- findall(A,
           'add-atom'('&replayStream', [candidate, 589, [quote, 'B']], A),
           _).
[33m^^^^^^^^^^^^^^^^^^^^^^^
[0m[33m--> metta runnable  -->
[36m!(add-atom &replayStream (candidate 590 (quote C)))
[33m-->  prolog goal  -->[35m 
:- findall(A,
           'add-atom'('&replayStream', [candidate, 590, [quote, 'C']], A),
           _).
[33m^^^^^^^^^^^^^^^^^^^^^^^
[0m[33m--> metta runnable  -->
[36m!(add-atom &replayStream (candidate 591 (quote A)))
[33m-->  prolog goal  -->[35m 
:- findall(A,
           'add-atom'('&replayStream', [candidate, 591, [quote, 'A']], A),
           _).
[33m^^^^^^^^^^^^^^^^^^^^^^^
[0m[33m--> metta runnable  -->
[36m!(add-atom &replayStream (candidate 592 (quote B)))
[33m-->  prolog goal  -->[35m 
:- findall(A,
           'add-atom'('&replayStream', [candidate, 592, [quote, 'B']], A),
           _).
[33m^^^^^^^^^^^^^^^^^^^^^^^
[0m[33m--> metta runnable  -->
[36m!(add-atom &replayStream (candidate 593 (quote C)))
[33m-->  prolog goal  -->[35m 
:- findall(A,
           'add-atom'('&replayStream', [candidate, 593, [quote, 'C']], A),
           _).
[33m^^^^^^^^^^^^^^^^^^^^^^^
[0m[33m--> metta runnable  -->
[36m!(add-atom &replayStream (candidate 594 (quote A)))
[33m-->  prolog goal  -->[35m 
:- findall(A,
           'add-atom'('&replayStream', [candidate, 594, [quote, 'A']], A),
           _).
[33m^^^^^^^^^^^^^^^^^^^^^^^
[0m[33m--> metta runnable  -->
[36m!(add-atom &replayStream (candidate 595 (quote B)))
[33m-->  prolog goal  -->[35m 
:- findall(A,
           'add-atom'('&replayStream', [candidate, 595, [quote, 'B']], A),
           _).
[33m^^^^^^^^^^^^^^^^^^^^^^^
[0m[33m--> metta runnable  -->
[36m!(add-atom &replayStream (candidate 596 (quote C)))
[33m-->  prolog goal  -->[35m 
:- findall(A,
           'add-atom'('&replayStream', [candidate, 596, [quote, 'C']], A),
           _).
[33m^^^^^^^^^^^^^^^^^^^^^^^
[0m[33m--> metta runnable  -->
[36m!(add-atom &replayStream (candidate 597 (quote (AND ((OR ((AND (A B)) C (AND (A B)))))))))
[33m-->  prolog goal  -->[35m 
:- findall(A,
           'add-atom'('&replayStream',
                      [ candidate,
                        597,
                        [quote, ['AND', [['OR', [['AND', ['A', 'B']], 'C', ['AND', ['A', 'B']]]]]]]
                      ],
                      A),
           _).
[33m^^^^^^^^^^^^^^^^^^^^^^^
[0m[33m--> metta runnable  -->
[36m!(add-atom &replayStream (candidate 598 (quote (AND ((OR ((AND (B (NOT (C)))) (AND (C (OR (A B)))))))))))
[33m-->  prolog goal  -->[35m 
:- findall(A,
           'add-atom'('&replayStream',
                      [ candidate,
                        598,
                        [ quote,
                          [ 'AND',
                            [['OR', [['AND', ['B', ['NOT', ['C']]]], ['AND', ['C', ['OR', ['A', 'B']]]]]]]
                          ]
                        ]
                      ],
                      A),
           _).
[33m^^^^^^^^^^^^^^^^^^^^^^^
[0m[33m--> metta runnable  -->
[36m!(add-atom &replayStream (candidate 599 (quote (AND (C (OR ((AND (A B)) A B)))))))
[33m-->  prolog goal  -->[35m 
:- findall(A,
           'add-atom'('&replayStream',
                      [candidate, 599, [quote, ['AND', ['C', ['OR', [['AND', ['A', 'B']], 'A', 'B']]]]]],
                      A),
           _).
[33m^^^^^^^^^^^^^^^^^^^^^^^
[0m[33m--> metta runnable  -->
[36m!(add-atom &replayStream (candidate 600 (quote (AND (A B)))))
[33m-->  prolog goal  -->[35m 
:- findall(A,
           'add-atom'('&replayStream', [candidate, 600, [quote, ['AND', ['A', 'B']]]], A),
           _).
[33m^^^^^^^^^^^^^^^^^^^^^^^
[0m[33m--> metta runnable  -->
[36m!(add-atom &replayStream (candidate 601 (quote (AND ((OR (A C)))))))
[33m-->  prolog goal  -->[35m 
:- findall(A,
           'add-atom'('&replayStream',
                      [candidate, 601, [quote, ['AND', [['OR', ['A', 'C']]]]]],
                      A),
           _).
[33m^^^^^^^^^^^^^^^^^^^^^^^
[0m[33m--> metta runnable  -->
[36m!(add-atom &replayStream (candidate 602 (quote (AND ((OR (A B)))))))
[33m-->  prolog goal  -->[35m 
:- findall(A,
           'add-atom'('&replayStream',
                      [candidate, 602, [quote, ['AND', [['OR', ['A', 'B']]]]]],
                      A),
           _).
[33m^^^^^^^^^^^^^^^^^^^^^^^
[0m[33m--> metta runnable  -->
[36m!(add-atom &replayStream (candidate 603 (quote (AND (A B)))))
[33m-->  prolog goal  -->[35m 
:- findall(A,
           'add-atom'('&replayStream', [candidate, 603, [quote, ['AND', ['A', 'B']]]], A),
           _).
[33m^^^^^^^^^^^^^^^^^^^^^^^
[0m[33m--> metta runnable  -->
[36m!(add-atom &replayStream (candidate 604 (quote (AND (A C)))))
[33m-->  prolog goal  -->[35m 
:- findall(A,
           'add-atom'('&replayStream', [candidate, 604, [quote, ['AND', ['A', 'C']]]], A),
           _).
[33m^^^^^^^^^^^^^^^^^^^^^^^
[0m[33m--> metta runnable  -->
[36m!(add-atom &replayStream (candidate 605 (quote (AND ((OR (A C)))))))
[33m-->  prolog goal  -->[35m 
:- findall(A,
           'add-atom'('&replayStream',
                      [candidate, 605, [quote, ['AND', [['OR', ['A', 'C']]]]]],
                      A),
           _).
[33m^^^^^^^^^^^^^^^^^^^^^^^
[0m[33m--> metta runnable  -->
[36m!(add-atom &replayStream (candidate 606 (quote (AND ((OR (A B)))))))
[33m-->  prolog goal  -->[35m 
:- findall(A,
           'add-atom'('&replayStream',
                      [candidate, 606, [quote, ['AND', [['OR', ['A', 'B']]]]]],
                      A),
           _).
[33m^^^^^^^^^^^^^^^^^^^^^^^
[0m[33m--> metta runnable  -->
[36m!(add-atom &replayStream (candidate 607 (quote (AND ((OR (A C)))))))
[33m-->  prolog goal  -->[35m 
:- findall(A,
           'add-atom'('&replayStream',
                      [candidate, 607, [quote, ['AND', [['OR', ['A', 'C']]]]]],
                      A),
           _).
[33m^^^^^^^^^^^^^^^^^^^^^^^
[0m[33m--> metta runnable  -->
[36m!(add-atom &replayStream (candidate 608 (quote (AND ((OR (B C)))))))
[33m-->  prolog goal  -->[35m 
:- findall(A,
           'add-atom'('&replayStream',
                      [candidate, 608, [quote, ['AND', [['OR', ['B', 'C']]]]]],
                      A),
           _).
[33m^^^^^^^^^^^^^^^^^^^^^^^
[0m[33m--> metta runnable  -->
[36m!(add-atom &replayStream (candidate 609 (quote (AND ((OR (A C)))))))
[33m-->  prolog goal  -->[35m 
:- findall(A,
           'add-atom'('&replayStream',
                      [candidate, 609, [quote, ['AND', [['OR', ['A', 'C']]]]]],
                      A),
           _).
[33m^^^^^^^^^^^^^^^^^^^^^^^
[0m[33m--> metta runnable  -->
[36m!(add-atom &replayStream (candidate 610 (quote (AND ((OR (B C)))))))
[33m-->  prolog goal  -->[35m 
:- findall(A,
           'add-atom'('&replayStream',
                      [candidate, 610, [quote, ['AND', [['OR', ['B', 'C']]]]]],
                      A),
           _).
[33m^^^^^^^^^^^^^^^^^^^^^^^
[0m[33m--> metta runnable  -->
[36m!(add-atom &replayStream (candidate 611 (quote (AND ((OR (C A)))))))
[33m-->  prolog goal  -->[35m 
:- findall(A,
           'add-atom'('&replayStream',
                      [candidate, 611, [quote, ['AND', [['OR', ['C', 'A']]]]]],
                      A),
           _).
[33m^^^^^^^^^^^^^^^^^^^^^^^
[0m[33m--> metta runnable  -->
[36m!(add-atom &replayStream (candidate 612 (quote (AND ((OR (C B)))))))
[33m-->  prolog goal  -->[35m 
:- findall(A,
           'add-atom'('&replayStream',
                      [candidate, 612, [quote, ['AND', [['OR', ['C', 'B']]]]]],
                      A),
           _).
[33m^^^^^^^^^^^^^^^^^^^^^^^
[0m[33m--> metta runnable  -->
[36m!(add-atom &replayStream (candidate 613 (quote (AND (C A)))))
[33m-->  prolog goal  -->[35m 
:- findall(A,
           'add-atom'('&replayStream', [candidate, 613, [quote, ['AND', ['C', 'A']]]], A),
           _).
[33m^^^^^^^^^^^^^^^^^^^^^^^
[0m[33m--> metta runnable  -->
[36m!(add-atom &replayStream (candidate 614 (quote (AND (A C)))))
[33m-->  prolog goal  -->[35m 
:- findall(A,
           'add-atom'('&replayStream', [candidate, 614, [quote, ['AND', ['A', 'C']]]], A),
           _).
[33m^^^^^^^^^^^^^^^^^^^^^^^
[0m[33m--> metta runnable  -->
[36m!(add-atom &replayStream (candidate 615 (quote (AND (B C)))))
[33m-->  prolog goal  -->[35m 
:- findall(A,
           'add-atom'('&replayStream', [candidate, 615, [quote, ['AND', ['B', 'C']]]], A),
           _).
[33m^^^^^^^^^^^^^^^^^^^^^^^
[0m[33m--> metta runnable  -->
[36m!(add-atom &replayStream (candidate 616 (quote (AND (C B)))))
[33m-->  prolog goal  -->[35m 
:- findall(A,
           'add-atom'('&replayStream', [candidate, 616, [quote, ['AND', ['C', 'B']]]], A),
           _).
[33m^^^^^^^^^^^^^^^^^^^^^^^
[0m[33m--> metta runnable  -->
[36m!(add-atom &replayStream (candidate 617 (quote (AND (A C)))))
[33m-->  prolog goal  -->[35m 
:- findall(A,
           'add-atom'('&replayStream', [candidate, 617, [quote, ['AND', ['A', 'C']]]], A),
           _).
[33m^^^^^^^^^^^^^^^^^^^^^^^
[0m[33m--> metta runnable  -->
[36m!(add-atom &replayStream (candidate 618 (quote (AND (A B)))))
[33m-->  prolog goal  -->[35m 
:- findall(A,
           'add-atom'('&replayStream', [candidate, 618, [quote, ['AND', ['A', 'B']]]], A),
           _).
[33m^^^^^^^^^^^^^^^^^^^^^^^
[0m[33m--> metta runnable  -->
[36m!(add-atom &replayStream (candidate 619 (quote (AND ((OR (A (AND (C (OR (A B)))) (AND (A B)))))))))
[33m-->  prolog goal  -->[35m 
:- findall(A,
           'add-atom'('&replayStream',
                      [ candidate,
                        619,
                        [ quote,
                          ['AND', [['OR', ['A', ['AND', ['C', ['OR', ['A', 'B']]]], ['AND', ['A', 'B']]]]]]
                        ]
                      ],
                      A),
           _).
[33m^^^^^^^^^^^^^^^^^^^^^^^
[0m[33m--> metta runnable  -->
[36m!(add-atom &replayStream (candidate 620 (quote (AND ((OR (B (AND (C (OR (A B)))) (AND (A B)))))))))
[33m-->  prolog goal  -->[35m 
:- findall(A,
           'add-atom'('&replayStream',
                      [ candidate,
                        620,
                        [ quote,
                          ['AND', [['OR', ['B', ['AND', ['C', ['OR', ['A', 'B']]]], ['AND', ['A', 'B']]]]]]
                        ]
                      ],
                      A),
           _).
[33m^^^^^^^^^^^^^^^^^^^^^^^
[0m[33m--> metta runnable  -->
[36m!(add-atom &replayStream (candidate 621 (quote (AND ((OR (C (AND (C (OR (A B)))) (AND (A B)))))))))
[33m-->  prolog goal  -->[35m 
:- findall(A,
           'add-atom'('&replayStream',
                      [ candidate,
                        621,
                        [ quote,
                          ['AND', [['OR', ['C', ['AND', ['C', ['OR', ['A', 'B']]]], ['AND', ['A', 'B']]]]]]
                        ]
                      ],
                      A),
           _).
[33m^^^^^^^^^^^^^^^^^^^^^^^
[0m[33m--> metta runnable  -->
[36m!(add-atom &replayStream (candidate 622 (quote (AND ((OR ((AND (C (OR (A B)))) C (AND (A B)))))))))
[33m-->  prolog goal  -->[35m 
:- findall(A,
           'add-atom'('&replayStream',
                      [ candidate,
                        622,
                        [ quote,
                          ['AND', [['OR', [['AND', ['C', ['OR', ['A', 'B']]]], 'C', ['AND', ['A', 'B']]]]]]
                        ]
                      ],
                      A),
           _).
[33m^^^^^^^^^^^^^^^^^^^^^^^
[0m[33m--> metta runnable  -->
[36m!(add-atom &replayStream (candidate 623 (quote (AND ((OR (C A C)))))))
[33m-->  prolog goal  -->[35m 
:- findall(A,
           'add-atom'('&replayStream',
                      [candidate, 623, [quote, ['AND', [['OR', ['C', 'A', 'C']]]]]],
                      A),
           _).
[33m^^^^^^^^^^^^^^^^^^^^^^^
[0m[33m--> metta runnable  -->
[36m!(add-atom &replayStream (candidate 624 (quote (AND ((OR ((AND (B (NOT (C)))) C)))))))
[33m-->  prolog goal  -->[35m 
:- findall(A,
           'add-atom'('&replayStream',
                      [ candidate,
                        624,
                        [quote, ['AND', [['OR', [['AND', ['B', ['NOT', ['C']]]], 'C']]]]]
                      ],
                      A),
           _).
[33m^^^^^^^^^^^^^^^^^^^^^^^
[0m[33m--> metta runnable  -->
[36m!(add-atom &replayStream (candidate 625 (quote (AND ((OR ((AND ((NOT (B)) C)) (AND (C (OR (A B)))) (AND (A B)))))))))
[33m-->  prolog goal  -->[35m 
:- findall(A,
           'add-atom'('&replayStream',
                      [ candidate,
                        625,
                        [ quote,
                          [ 'AND',
                            [ [ 'OR',
                                [ ['AND', [['NOT', ['B']], 'C']],
                                  ['AND', ['C', ['OR', ['A', 'B']]]],
                                  ['AND', ['A', 'B']]
                                ]
                              ]
                            ]
                          ]
                        ]
                      ],
                      A),
           _).
[33m^^^^^^^^^^^^^^^^^^^^^^^
[0m[33m--> metta runnable  -->
[36m!(add-atom &replayStream (candidate 626 (quote (AND ((OR ((AND ((NOT (A)) B)) (AND (C (OR (A B)))) (AND (A B)))))))))
[33m-->  prolog goal  -->[35m 
:- findall(A,
           'add-atom'('&replayStream',
                      [ candidate,
                        626,
                        [ quote,
                          [ 'AND',
                            [ [ 'OR',
                                [ ['AND', [['NOT', ['A']], 'B']],
                                  ['AND', ['C', ['OR', ['A', 'B']]]],
                                  ['AND', ['A', 'B']]
                                ]
                              ]
                            ]
                          ]
                        ]
                      ],
                      A),
           _).
[33m^^^^^^^^^^^^^^^^^^^^^^^
[0m[33m--> metta runnable  -->
[36m!(add-atom &replayStream (candidate 627 (quote (AND ((OR ((AND (C (OR (A B)))) (AND ((NOT (B)) C)) (AND (A B)))))))))
[33m-->  prolog goal  -->[35m 
:- findall(A,
           'add-atom'('&replayStream',
                      [ candidate,
                        627,
                        [ quote,
                          [ 'AND',
                            [ [ 'OR',
                                [ ['AND', ['C', ['OR', ['A', 'B']]]],
                                  ['AND', [['NOT', ['B']], 'C']],
                                  ['AND', ['A', 'B']]
                                ]
                              ]
                            ]
                          ]
                        ]
                      ],
                      A),
           _).
[33m^^^^^^^^^^^^^^^^^^^^^^^
[0m[33m--> metta runnable  -->
[36m!(add-atom &replayStream (candidate 628 (quote (AND (C (OR ((NOT (B)) A B)))))))
[33m-->  prolog goal  -->[35m 
:- findall(A,
           'add-atom'('&replayStream',
                      [candidate, 628, [quote, ['AND', ['C', ['OR', [['NOT', ['B']], 'A', 'B']]]]]],
                      A),
           _).
[33m^^^^^^^^^^^^^^^^^^^^^^^
[0m[33m--> metta runnable  -->
[36m!(add-atom &replayStream (candidate 629 (quote (AND ((OR ((AND (A B)) A B)))))))
[33m-->  prolog goal  -->[35m 
:- findall(A,
           'add-atom'('&replayStream',
                      [candidate, 629, [quote, ['AND', [['OR', [['AND', ['A', 'B']], 'A', 'B']]]]]],
                      A),
           _).
[33m^^^^^^^^^^^^^^^^^^^^^^^
[0m[33m--> metta runnable  -->
[36m!(add-atom &replayStream (candidate 630 (quote (AND ((OR ((AND (C (OR (A B)))) (AND (A B)))))))))
[33m-->  prolog goal  -->[35m 
:- findall(A,
           'add-atom'('&replayStream',
                      [ candidate,
                        630,
                        [ quote,
                          ['AND', [['OR', [['AND', ['C', ['OR', ['A', 'B']]]], ['AND', ['A', 'B']]]]]]
                        ]
                      ],
                      A),
           _).
[33m^^^^^^^^^^^^^^^^^^^^^^^
[0m[33m--> metta runnable  -->
[36m!(add-atom &replayStream (candidate 631 (quote (AND ((OR ((AND (C (OR (A B)))) (AND (A B)))))))))
[33m-->  prolog goal  -->[35m 
:- findall(A,
           'add-atom'('&replayStream',
                      [ candidate,
                        631,
                        [ quote,
                          ['AND', [['OR', [['AND', ['C', ['OR', ['A', 'B']]]], ['AND', ['A', 'B']]]]]]
                        ]
                      ],
                      A),
           _).
[33m^^^^^^^^^^^^^^^^^^^^^^^
[0m[33m--> metta runnable  -->
[36m!(add-atom &replayStream (candidate 632 (quote (AND ((OR (A (AND (C (OR (A B)))) (AND (A B)))))))))
[33m-->  prolog goal  -->[35m 
:- findall(A,
           'add-atom'('&replayStream',
                      [ candidate,
                        632,
                        [ quote,
                          ['AND', [['OR', ['A', ['AND', ['C', ['OR', ['A', 'B']]]], ['AND', ['A', 'B']]]]]]
                        ]
                      ],
                      A),
           _).
[33m^^^^^^^^^^^^^^^^^^^^^^^
[0m[33m--> metta runnable  -->
[36m!(add-atom &replayStream (candidate 633 (quote (AND ((OR ((NOT (A)) (AND (C (OR (A B)))) (AND (A B)))))))))
[33m-->  prolog goal  -->[35m 
:- findall(A,
           'add-atom'('&replayStream',
                      [ candidate,
                        633,
                        [ quote,
                          [ 'AND',
                            [ [ 'OR',
                                [['NOT', ['A']], ['AND', ['C', ['OR', ['A', 'B']]]], ['AND', ['A', 'B']]]
                              ]
                            ]
                          ]
                        ]
                      ],
                      A),
           _).
[33m^^^^^^^^^^^^^^^^^^^^^^^
[0m[33m--> metta runnable  -->
[36m!(add-atom &replayStream (candidate 634 (quote (AND ((OR (B (AND (C (OR (A B)))) (AND (A B)))))))))
[33m-->  prolog goal  -->[35m 
:- findall(A,
           'add-atom'('&replayStream',
                      [ candidate,
                        634,
                        [ quote,
                          ['AND', [['OR', ['B', ['AND', ['C', ['OR', ['A', 'B']]]], ['AND', ['A', 'B']]]]]]
                        ]
                      ],
                      A),
           _).
[33m^^^^^^^^^^^^^^^^^^^^^^^
[0m[33m--> metta runnable  -->
[36m!(add-atom &replayStream (candidate 635 (quote (AND ((OR ((NOT (B)) (AND (C (OR (A B)))) (AND (A B)))))))))
[33m-->  prolog goal  -->[35m 
:- findall(A,
           'add-atom'('&replayStream',
                      [ candidate,
                        635,
                        [ quote,
                          [ 'AND',
                            [ [ 'OR',
                                [['NOT', ['B']], ['AND', ['C', ['OR', ['A', 'B']]]], ['AND', ['A', 'B']]]
                              ]
                            ]
                          ]
                        ]
                      ],
                      A),
           _).
[33m^^^^^^^^^^^^^^^^^^^^^^^
[0m[33m--> metta runnable  -->
[36m!(add-atom &replayStream (candidate 636 (quote (AND ((OR (C (AND (C (OR (A B)))) (AND (A B)))))))))
[33m-->  prolog goal  -->[35m 
:- findall(A,
           'add-atom'('&replayStream',
                      [ candidate,
                        636,
                        [ quote,
                          ['AND', [['OR', ['C', ['AND', ['C', ['OR', ['A', 'B']]]], ['AND', ['A', 'B']]]]]]
                        ]
                      ],
                      A),
           _).
[33m^^^^^^^^^^^^^^^^^^^^^^^
[0m[33m--> metta runnable  -->
[36m!(add-atom &replayStream (candidate 637 (quote (AND ((OR ((NOT (C)) (AND (C (OR (A B)))) (AND (A B)))))))))
[33m-->  prolog goal  -->[35m 
:- findall(A,
           'add-atom'('&replayStream',
                      [ candidate,
                        637,
                        [ quote,
                          [ 'AND',
                            [ [ 'OR',
                                [['NOT', ['C']], ['AND', ['C', ['OR', ['A', 'B']]]], ['AND', ['A', 'B']]]
                              ]
                            ]
                          ]
                        ]
                      ],
                      A),
           _).
[33m^^^^^^^^^^^^^^^^^^^^^^^
[0m[33m--> metta runnable  -->
[36m!(add-atom &replayStream (candidate 638 (quote (AND ((OR ((AND ((NOT (A)) B)) (AND (C (OR (A B)))) (AND (A B)))))))))
[33m-->  prolog goal  -->[35m 
:- findall(A,
           'add-atom'('&replayStream',
                      [ candidate,
                        638,
                        [ quote,
                          [ 'AND',
                            [ [ 'OR',
                                [ ['AND', [['NOT', ['A']], 'B']],
                                  ['AND', ['C', ['OR', ['A', 'B']]]],
                                  ['AND', ['A', 'B']]
                                ]
                              ]
                            ]
                          ]
                        ]
                      ],
                      A),
           _).
[33m^^^^^^^^^^^^^^^^^^^^^^^
[0m[33m--> metta runnable  -->
[36m!(add-atom &replayStream (candidate 639 (quote (AND ((OR (A (NOT (B)) (AND (C (OR (A B)))) (AND (A B)))))))))
[33m-->  prolog goal  -->[35m 
:- findall(A,
           'add-atom'('&replayStream',
                      [ candidate,
                        639,
                        [ quote,
                          [ 'AND',
                            [ [ 'OR',
                                ['A', ['NOT', ['B']], ['AND', ['C', ['OR', ['A', 'B']]]], ['AND', ['A', 'B']]]
                              ]
                            ]
                          ]
                        ]
                      ],
                      A),
           _).
[33m^^^^^^^^^^^^^^^^^^^^^^^
[0m[33m--> metta runnable  -->
[36m!(add-atom &replayStream (candidate 640 (quote (AND ((OR ((AND (A C)) (AND (C (OR (A B)))) (AND (A B)))))))))
[33m-->  prolog goal  -->[35m 
:- findall(A,
           'add-atom'('&replayStream',
                      [ candidate,
                        640,
                        [ quote,
                          [ 'AND',
                            [ [ 'OR',
                                [['AND', ['A', 'C']], ['AND', ['C', ['OR', ['A', 'B']]]], ['AND', ['A', 'B']]]
                              ]
                            ]
                          ]
                        ]
                      ],
                      A),
           _).
[33m^^^^^^^^^^^^^^^^^^^^^^^
[0m[33m--> metta runnable  -->
[36m!(add-atom &replayStream (candidate 641 (quote (AND ((OR ((NOT (A)) (NOT (C)) (AND (C (OR (A B)))) (AND (A B)))))))))
[33m-->  prolog goal  -->[35m 
:- findall(A,
           'add-atom'('&replayStream',
                      [ candidate,
                        641,
                        [ quote,
                          [ 'AND',
                            [ [ 'OR',
                                [ ['NOT', ['A']],
                                  ['NOT', ['C']],
                                  ['AND', ['C', ['OR', ['A', 'B']]]],
                                  ['AND', ['A', 'B']]
                                ]
                              ]
                            ]
                          ]
                        ]
                      ],
                      A),
           _).
[33m^^^^^^^^^^^^^^^^^^^^^^^
[0m[33m--> metta runnable  -->
[36m!(add-atom &replayStream (candidate 642 (quote (AND ((OR ((AND (A B)) (AND (C (OR (A B)))) (AND (A B)))))))))
[33m-->  prolog goal  -->[35m 
:- findall(A,
           'add-atom'('&replayStream',
                      [ candidate,
                        642,
                        [ quote,
                          [ 'AND',
                            [ [ 'OR',
                                [['AND', ['A', 'B']], ['AND', ['C', ['OR', ['A', 'B']]]], ['AND', ['A', 'B']]]
                              ]
                            ]
                          ]
                        ]
                      ],
                      A),
           _).
[33m^^^^^^^^^^^^^^^^^^^^^^^
[0m[33m--> metta runnable  -->
[36m!(add-atom &replayStream (candidate 643 (quote (AND ((OR ((NOT (A)) (NOT (B)) (AND (C (OR (A B)))) (AND (A B)))))))))
[33m-->  prolog goal  -->[35m 
:- findall(A,
           'add-atom'('&replayStream',
                      [ candidate,
                        643,
                        [ quote,
                          [ 'AND',
                            [ [ 'OR',
                                [ ['NOT', ['A']],
                                  ['NOT', ['B']],
                                  ['AND', ['C', ['OR', ['A', 'B']]]],
                                  ['AND', ['A', 'B']]
                                ]
                              ]
                            ]
                          ]
                        ]
                      ],
                      A),
           _).
[33m^^^^^^^^^^^^^^^^^^^^^^^
[0m[33m--> metta runnable  -->
[36m!(add-atom &replayStream (candidate 644 (quote (AND (A (OR (C B)))))))
[33m-->  prolog goal  -->[35m 
:- findall(A,
           'add-atom'('&replayStream',
                      [candidate, 644, [quote, ['AND', ['A', ['OR', ['C', 'B']]]]]],
                      A),
           _).
[33m^^^^^^^^^^^^^^^^^^^^^^^
[0m[33m--> metta runnable  -->
[36m!(add-atom &replayStream (candidate 645 (quote (AND ((NOT (A)) C B)))))
[33m-->  prolog goal  -->[35m 
:- findall(A,
           'add-atom'('&replayStream',
                      [candidate, 645, [quote, ['AND', [['NOT', ['A']], 'C', 'B']]]],
                      A),
           _).
[33m^^^^^^^^^^^^^^^^^^^^^^^
[0m[33m--> metta runnable  -->
[36m!(add-atom &replayStream (candidate 646 (quote (AND (B (OR (C A)))))))
[33m-->  prolog goal  -->[35m 
:- findall(A,
           'add-atom'('&replayStream',
                      [candidate, 646, [quote, ['AND', ['B', ['OR', ['C', 'A']]]]]],
                      A),
           _).
[33m^^^^^^^^^^^^^^^^^^^^^^^
[0m[33m--> metta runnable  -->
[36m!(add-atom &replayStream (candidate 647 (quote (AND ((NOT (B)) C A)))))
[33m-->  prolog goal  -->[35m 
:- findall(A,
           'add-atom'('&replayStream',
                      [candidate, 647, [quote, ['AND', [['NOT', ['B']], 'C', 'A']]]],
                      A),
           _).
[33m^^^^^^^^^^^^^^^^^^^^^^^
[0m[33m--> metta runnable  -->
[36m!(add-atom &replayStream (candidate 648 (quote (AND (C (OR ((AND (A B)) A B)))))))
[33m-->  prolog goal  -->[35m 
:- findall(A,
           'add-atom'('&replayStream',
                      [candidate, 648, [quote, ['AND', ['C', ['OR', [['AND', ['A', 'B']], 'A', 'B']]]]]],
                      A),
           _).
[33m^^^^^^^^^^^^^^^^^^^^^^^
[0m[33m--> metta runnable  -->
[36m!(add-atom &replayStream (candidate 649 (quote (AND ((NOT (C)) A B)))))
[33m-->  prolog goal  -->[35m 
:- findall(A,
           'add-atom'('&replayStream',
                      [candidate, 649, [quote, ['AND', [['NOT', ['C']], 'A', 'B']]]],
                      A),
           _).
[33m^^^^^^^^^^^^^^^^^^^^^^^
[0m[33m--> metta runnable  -->
[36m!(add-atom &replayStream (candidate 650 (quote (AND ((OR ((AND (C (OR (A B)))) (AND (A B)))) (OR (A C)))))))
[33m-->  prolog goal  -->[35m 
:- findall(A,
           'add-atom'('&replayStream',
                      [ candidate,
                        650,
                        [ quote,
                          [ 'AND',
                            [ ['OR', [['AND', ['C', ['OR', ['A', 'B']]]], ['AND', ['A', 'B']]]],
                              ['OR', ['A', 'C']]
                            ]
                          ]
                        ]
                      ],
                      A),
           _).
[33m^^^^^^^^^^^^^^^^^^^^^^^
[0m[33m--> metta runnable  -->
[36m!(add-atom &replayStream (candidate 651 (quote (AND ((NOT (A)) (NOT (C)))))))
[33m-->  prolog goal  -->[35m 
:- findall(A,
           'add-atom'('&replayStream',
                      [candidate, 651, [quote, ['AND', [['NOT', ['A']], ['NOT', ['C']]]]]],
                      A),
           _).
[33m^^^^^^^^^^^^^^^^^^^^^^^
[0m[33m--> metta runnable  -->
[36m!(add-atom &replayStream (candidate 652 (quote (AND ((OR ((AND (C (OR (A B)))) (AND (A B)))) (OR (B C)))))))
[33m-->  prolog goal  -->[35m 
:- findall(A,
           'add-atom'('&replayStream',
                      [ candidate,
                        652,
                        [ quote,
                          [ 'AND',
                            [ ['OR', [['AND', ['C', ['OR', ['A', 'B']]]], ['AND', ['A', 'B']]]],
                              ['OR', ['B', 'C']]
                            ]
                          ]
                        ]
                      ],
                      A),
           _).
[33m^^^^^^^^^^^^^^^^^^^^^^^
[0m[33m--> metta runnable  -->
[36m!(add-atom &replayStream (candidate 653 (quote (AND ((NOT (B)) (NOT (C)))))))
[33m-->  prolog goal  -->[35m 
:- findall(A,
           'add-atom'('&replayStream',
                      [candidate, 653, [quote, ['AND', [['NOT', ['B']], ['NOT', ['C']]]]]],
                      A),
           _).
[33m^^^^^^^^^^^^^^^^^^^^^^^
[0m[33m--> metta runnable  -->
[36m!(add-atom &replayStream (candidate 654 (quote (AND ((OR ((AND (C (OR (A B)))) (AND (A B)))) (OR ((NOT (A)) C)))))))
[33m-->  prolog goal  -->[35m 
:- findall(A,
           'add-atom'('&replayStream',
                      [ candidate,
                        654,
                        [ quote,
                          [ 'AND',
                            [ ['OR', [['AND', ['C', ['OR', ['A', 'B']]]], ['AND', ['A', 'B']]]],
                              ['OR', [['NOT', ['A']], 'C']]
                            ]
                          ]
                        ]
                      ],
                      A),
           _).
[33m^^^^^^^^^^^^^^^^^^^^^^^
[0m[33m--> metta runnable  -->
[36m!(add-atom &replayStream (candidate 655 (quote (AND (A (NOT (C)) B)))))
[33m-->  prolog goal  -->[35m 
:- findall(A,
           'add-atom'('&replayStream',
                      [candidate, 655, [quote, ['AND', ['A', ['NOT', ['C']], 'B']]]],
                      A),
           _).
[33m^^^^^^^^^^^^^^^^^^^^^^^
[0m[33m--> metta runnable  -->
[36m!(add-atom &replayStream (candidate 656 (quote (AND ((OR ((AND (C (OR (A B)))) A (AND (A B)))))))))
[33m-->  prolog goal  -->[35m 
:- findall(A,
           'add-atom'('&replayStream',
                      [ candidate,
                        656,
                        [ quote,
                          ['AND', [['OR', [['AND', ['C', ['OR', ['A', 'B']]]], 'A', ['AND', ['A', 'B']]]]]]
                        ]
                      ],
                      A),
           _).
[33m^^^^^^^^^^^^^^^^^^^^^^^
[0m[33m--> metta runnable  -->
[36m!(add-atom &replayStream (candidate 657 (quote (AND ((OR ((AND (C (OR (A B)))) (NOT (A)) (AND (A B)))))))))
[33m-->  prolog goal  -->[35m 
:- findall(A,
           'add-atom'('&replayStream',
                      [ candidate,
                        657,
                        [ quote,
                          [ 'AND',
                            [ [ 'OR',
                                [['AND', ['C', ['OR', ['A', 'B']]]], ['NOT', ['A']], ['AND', ['A', 'B']]]
                              ]
                            ]
                          ]
                        ]
                      ],
                      A),
           _).
[33m^^^^^^^^^^^^^^^^^^^^^^^
[0m[33m--> metta runnable  -->
[36m!(add-atom &replayStream (candidate 658 (quote (AND ((OR ((AND (C (OR (A B)))) B (AND (A B)))))))))
[33m-->  prolog goal  -->[35m 
:- findall(A,
           'add-atom'('&replayStream',
                      [ candidate,
                        658,
                        [ quote,
                          ['AND', [['OR', [['AND', ['C', ['OR', ['A', 'B']]]], 'B', ['AND', ['A', 'B']]]]]]
                        ]
                      ],
                      A),
           _).
[33m^^^^^^^^^^^^^^^^^^^^^^^
[0m[33m--> metta runnable  -->
[36m!(add-atom &replayStream (candidate 659 (quote (AND ((OR ((AND (C (OR (A B)))) (NOT (B)) (AND (A B)))))))))
[33m-->  prolog goal  -->[35m 
:- findall(A,
           'add-atom'('&replayStream',
                      [ candidate,
                        659,
                        [ quote,
                          [ 'AND',
                            [ [ 'OR',
                                [['AND', ['C', ['OR', ['A', 'B']]]], ['NOT', ['B']], ['AND', ['A', 'B']]]
                              ]
                            ]
                          ]
                        ]
                      ],
                      A),
           _).
[33m^^^^^^^^^^^^^^^^^^^^^^^
[0m[33m--> metta runnable  -->
[36m!(add-atom &replayStream (candidate 660 (quote (AND ((OR ((AND (C (OR (A B)))) C (AND (A B)))))))))
[33m-->  prolog goal  -->[35m 
:- findall(A,
           'add-atom'('&replayStream',
                      [ candidate,
                        660,
                        [ quote,
                          ['AND', [['OR', [['AND', ['C', ['OR', ['A', 'B']]]], 'C', ['AND', ['A', 'B']]]]]]
                        ]
                      ],
                      A),
           _).
[33m^^^^^^^^^^^^^^^^^^^^^^^
[0m[33m--> metta runnable  -->
[36m!(add-atom &replayStream (candidate 661 (quote (AND ((OR ((AND (C (OR (A B)))) (NOT (C)) (AND (A B)))))))))
[33m-->  prolog goal  -->[35m 
:- findall(A,
           'add-atom'('&replayStream',
                      [ candidate,
                        661,
                        [ quote,
                          [ 'AND',
                            [ [ 'OR',
                                [['AND', ['C', ['OR', ['A', 'B']]]], ['NOT', ['C']], ['AND', ['A', 'B']]]
                              ]
                            ]
                          ]
                        ]
                      ],
                      A),
           _).
[33m^^^^^^^^^^^^^^^^^^^^^^^
[0m[33m--> metta runnable  -->
[36m!(add-atom &replayStream (candidate 662 (quote (AND (C (OR (A B)))))))
[33m-->  prolog goal  -->[35m 
:- findall(A,
           'add-atom'('&replayStream',
                      [candidate, 662, [quote, ['AND', ['C', ['OR', ['A', 'B']]]]]],
                      A),
           _).
[33m^^^^^^^^^^^^^^^^^^^^^^^
[0m[33m--> metta runnable  -->
[36m!(add-atom &replayStream (candidate 663 (quote (AND ((OR ((AND (C (OR (A B)))) (NOT (A)) (NOT (B)))))))))
[33m-->  prolog goal  -->[35m 
:- findall(A,
           'add-atom'('&replayStream',
                      [ candidate,
                        663,
                        [ quote,
                          [ 'AND',
                            [['OR', [['AND', ['C', ['OR', ['A', 'B']]]], ['NOT', ['A']], ['NOT', ['B']]]]]
                          ]
                        ]
                      ],
                      A),
           _).
[33m^^^^^^^^^^^^^^^^^^^^^^^
[0m[33m--> metta runnable  -->
[36m!(add-atom &replayStream (candidate 664 (quote (AND ((OR ((AND (C (OR (A B)))) (AND (A B)) (AND ((NOT (A)) B)))))))))
[33m-->  prolog goal  -->[35m 
:- findall(A,
           'add-atom'('&replayStream',
                      [ candidate,
                        664,
                        [ quote,
                          [ 'AND',
                            [ [ 'OR',
                                [ ['AND', ['C', ['OR', ['A', 'B']]]],
                                  ['AND', ['A', 'B']],
                                  ['AND', [['NOT', ['A']], 'B']]
                                ]
                              ]
                            ]
                          ]
                        ]
                      ],
                      A),
           _).
[33m^^^^^^^^^^^^^^^^^^^^^^^
[0m[33m--> metta runnable  -->
[36m!(add-atom &replayStream (candidate 665 (quote (AND ((OR ((AND (C (OR (A B)))) (AND (A B)) A (NOT (B)))))))))
[33m-->  prolog goal  -->[35m 
:- findall(A,
           'add-atom'('&replayStream',
                      [ candidate,
                        665,
                        [ quote,
                          [ 'AND',
                            [ [ 'OR',
                                [['AND', ['C', ['OR', ['A', 'B']]]], ['AND', ['A', 'B']], 'A', ['NOT', ['B']]]
                              ]
                            ]
                          ]
                        ]
                      ],
                      A),
           _).
[33m^^^^^^^^^^^^^^^^^^^^^^^
[0m[33m--> metta runnable  -->
[36m!(add-atom &replayStream (candidate 666 (quote (AND ((OR ((AND (C (OR (A B)))) (AND (A B)) (AND (B C)))))))))
[33m-->  prolog goal  -->[35m 
:- findall(A,
           'add-atom'('&replayStream',
                      [ candidate,
                        666,
                        [ quote,
                          [ 'AND',
                            [ [ 'OR',
                                [['AND', ['C', ['OR', ['A', 'B']]]], ['AND', ['A', 'B']], ['AND', ['B', 'C']]]
                              ]
                            ]
                          ]
                        ]
                      ],
                      A),
           _).
[33m^^^^^^^^^^^^^^^^^^^^^^^
[0m[33m--> metta runnable  -->
[36m!(add-atom &replayStream (candidate 667 (quote (AND ((OR ((AND (C (OR (A B)))) (AND (A B)) (NOT (B)) (NOT (C)))))))))
[33m-->  prolog goal  -->[35m 
:- findall(A,
           'add-atom'('&replayStream',
                      [ candidate,
                        667,
                        [ quote,
                          [ 'AND',
                            [ [ 'OR',
                                [ ['AND', ['C', ['OR', ['A', 'B']]]],
                                  ['AND', ['A', 'B']],
                                  ['NOT', ['B']],
                                  ['NOT', ['C']]
                                ]
                              ]
                            ]
                          ]
                        ]
                      ],
                      A),
           _).
[33m^^^^^^^^^^^^^^^^^^^^^^^
[0m[33m--> metta runnable  -->
[36m!(add-atom &replayStream (candidate 668 (quote (AND (A (OR (C B)))))))
[33m-->  prolog goal  -->[35m 
:- findall(A,
           'add-atom'('&replayStream',
                      [candidate, 668, [quote, ['AND', ['A', ['OR', ['C', 'B']]]]]],
                      A),
           _).
[33m^^^^^^^^^^^^^^^^^^^^^^^
[0m[33m--> metta runnable  -->
[36m!(add-atom &replayStream (candidate 669 (quote (AND (B (OR ((AND ((NOT (A)) C)) A)))))))
[33m-->  prolog goal  -->[35m 
:- findall(A,
           'add-atom'('&replayStream',
                      [ candidate,
                        669,
                        [quote, ['AND', ['B', ['OR', [['AND', [['NOT', ['A']], 'C']], 'A']]]]]
                      ],
                      A),
           _).
[33m^^^^^^^^^^^^^^^^^^^^^^^
[0m[33m--> metta runnable  -->
[36m!(add-atom &replayStream (candidate 670 (quote (AND (B (OR (C A)))))))
[33m-->  prolog goal  -->[35m 
:- findall(A,
           'add-atom'('&replayStream',
                      [candidate, 670, [quote, ['AND', ['B', ['OR', ['C', 'A']]]]]],
                      A),
           _).
[33m^^^^^^^^^^^^^^^^^^^^^^^
[0m[33m--> metta runnable  -->
[36m!(add-atom &replayStream (candidate 671 (quote (AND (A (OR ((AND ((NOT (B)) C)) B)))))))
[33m-->  prolog goal  -->[35m 
:- findall(A,
           'add-atom'('&replayStream',
                      [ candidate,
                        671,
                        [quote, ['AND', ['A', ['OR', [['AND', [['NOT', ['B']], 'C']], 'B']]]]]
                      ],
                      A),
           _).
[33m^^^^^^^^^^^^^^^^^^^^^^^
[0m[33m--> metta runnable  -->
[36m!(add-atom &replayStream (candidate 672 (quote (AND ((OR ((AND (A B)) A B)))))))
[33m-->  prolog goal  -->[35m 
:- findall(A,
           'add-atom'('&replayStream',
                      [candidate, 672, [quote, ['AND', [['OR', [['AND', ['A', 'B']], 'A', 'B']]]]]],
                      A),
           _).
[33m^^^^^^^^^^^^^^^^^^^^^^^
[0m[33m--> metta runnable  -->
[36m!(add-atom &replayStream (candidate 673 (quote (AND ((OR ((AND ((NOT (C)) (OR (A B)))) (AND (A B)))))))))
[33m-->  prolog goal  -->[35m 
:- findall(A,
           'add-atom'('&replayStream',
                      [ candidate,
                        673,
                        [ quote,
                          [ 'AND',
                            [['OR', [['AND', [['NOT', ['C']], ['OR', ['A', 'B']]]], ['AND', ['A', 'B']]]]]
                          ]
                        ]
                      ],
                      A),
           _).
[33m^^^^^^^^^^^^^^^^^^^^^^^
[0m[33m--> metta runnable  -->
[36m!(add-atom &replayStream (candidate 674 (quote (AND ((OR ((AND (C (OR ((NOT (A)) B)) (OR (A B)))) (AND (A B)))))))))
[33m-->  prolog goal  -->[35m 
:- findall(A,
           'add-atom'('&replayStream',
                      [ candidate,
                        674,
                        [ quote,
                          [ 'AND',
                            [ [ 'OR',
                                [ ['AND', ['C', ['OR', [['NOT', ['A']], 'B']], ['OR', ['A', 'B']]]],
                                  ['AND', ['A', 'B']]
                                ]
                              ]
                            ]
                          ]
                        ]
                      ],
                      A),
           _).
[33m^^^^^^^^^^^^^^^^^^^^^^^
[0m[33m--> metta runnable  -->
[36m!(add-atom &replayStream (candidate 675 (quote (AND (A (OR ((AND ((NOT (B)) C)) B)))))))
[33m-->  prolog goal  -->[35m 
:- findall(A,
           'add-atom'('&replayStream',
                      [ candidate,
                        675,
                        [quote, ['AND', ['A', ['OR', [['AND', [['NOT', ['B']], 'C']], 'B']]]]]
                      ],
                      A),
           _).
[33m^^^^^^^^^^^^^^^^^^^^^^^
[0m[33m--> metta runnable  -->
[36m!(add-atom &replayStream (candidate 676 (quote (AND ((OR ((AND (C (OR (A B)))) (AND (A B)))))))))
[33m-->  prolog goal  -->[35m 
:- findall(A,
           'add-atom'('&replayStream',
                      [ candidate,
                        676,
                        [ quote,
                          ['AND', [['OR', [['AND', ['C', ['OR', ['A', 'B']]]], ['AND', ['A', 'B']]]]]]
                        ]
                      ],
                      A),
           _).
[33m^^^^^^^^^^^^^^^^^^^^^^^
[0m[33m--> metta runnable  -->
[36m!(add-atom &replayStream (candidate 677 (quote (AND (A (OR ((AND ((NOT (B)) (NOT (C)))) B)))))))
[33m-->  prolog goal  -->[35m 
:- findall(A,
           'add-atom'('&replayStream',
                      [ candidate,
                        677,
                        [quote, ['AND', ['A', ['OR', [['AND', [['NOT', ['B']], ['NOT', ['C']]]], 'B']]]]]
                      ],
                      A),
           _).
[33m^^^^^^^^^^^^^^^^^^^^^^^
[0m[33m--> metta runnable  -->
[36m!(add-atom &replayStream (candidate 678 (quote (AND ((OR (C (AND (A B)))))))))
[33m-->  prolog goal  -->[35m 
:- findall(A,
           'add-atom'('&replayStream',
                      [candidate, 678, [quote, ['AND', [['OR', ['C', ['AND', ['A', 'B']]]]]]]],
                      A),
           _).
[33m^^^^^^^^^^^^^^^^^^^^^^^
[0m[33m--> metta runnable  -->
[36m!(add-atom &replayStream (candidate 679 (quote (AND ((OR ((AND (C (NOT (A)) (NOT (B)))) (AND (A B)))))))))
[33m-->  prolog goal  -->[35m 
:- findall(A,
           'add-atom'('&replayStream',
                      [ candidate,
                        679,
                        [ quote,
                          [ 'AND',
                            [['OR', [['AND', ['C', ['NOT', ['A']], ['NOT', ['B']]]], ['AND', ['A', 'B']]]]]
                          ]
                        ]
                      ],
                      A),
           _).
[33m^^^^^^^^^^^^^^^^^^^^^^^
[0m[33m--> metta runnable  -->
[36m!(add-atom &replayStream (candidate 680 (quote (AND ((OR ((AND ((OR (C A)) (OR (A B)))) (AND (A B)))))))))
[33m-->  prolog goal  -->[35m 
:- findall(A,
           'add-atom'('&replayStream',
                      [ candidate,
                        680,
                        [ quote,
                          [ 'AND',
                            [['OR', [['AND', [['OR', ['C', 'A']], ['OR', ['A', 'B']]]], ['AND', ['A', 'B']]]]]
                          ]
                        ]
                      ],
                      A),
           _).
[33m^^^^^^^^^^^^^^^^^^^^^^^
[0m[33m--> metta runnable  -->
[36m!(add-atom &replayStream (candidate 681 (quote (AND ((OR ((AND ((OR (C (NOT (A)))) (OR (A B)))) (AND (A B)))))))))
[33m-->  prolog goal  -->[35m 
:- findall(A,
           'add-atom'('&replayStream',
                      [ candidate,
                        681,
                        [ quote,
                          [ 'AND',
                            [ [ 'OR',
                                [ ['AND', [['OR', ['C', ['NOT', ['A']]]], ['OR', ['A', 'B']]]],
                                  ['AND', ['A', 'B']]
                                ]
                              ]
                            ]
                          ]
                        ]
                      ],
                      A),
           _).
[33m^^^^^^^^^^^^^^^^^^^^^^^
[0m[33m--> metta runnable  -->
[36m!(add-atom &replayStream (candidate 682 (quote (AND ((OR ((AND ((OR (C B)) (OR (A B)))) (AND (A B)))))))))
[33m-->  prolog goal  -->[35m 
:- findall(A,
           'add-atom'('&replayStream',
                      [ candidate,
                        682,
                        [ quote,
                          [ 'AND',
                            [['OR', [['AND', [['OR', ['C', 'B']], ['OR', ['A', 'B']]]], ['AND', ['A', 'B']]]]]
                          ]
                        ]
                      ],
                      A),
           _).
[33m^^^^^^^^^^^^^^^^^^^^^^^
[0m[33m--> metta runnable  -->
[36m!(add-atom &replayStream (candidate 683 (quote (AND ((OR ((AND ((OR (C (NOT (B)))) (OR (A B)))) (AND (A B)))))))))
[33m-->  prolog goal  -->[35m 
:- findall(A,
           'add-atom'('&replayStream',
                      [ candidate,
                        683,
                        [ quote,
                          [ 'AND',
                            [ [ 'OR',
                                [ ['AND', [['OR', ['C', ['NOT', ['B']]]], ['OR', ['A', 'B']]]],
                                  ['AND', ['A', 'B']]
                                ]
                              ]
                            ]
                          ]
                        ]
                      ],
                      A),
           _).
[33m^^^^^^^^^^^^^^^^^^^^^^^
[0m[33m--> metta runnable  -->
[36m!(add-atom &replayStream (candidate 684 (quote (AND (A (OR ((AND (C (NOT (B)))) B)))))))
[33m-->  prolog goal  -->[35m 
:- findall(A,
           'add-atom'('&replayStream',
                      [ candidate,
                        684,
                        [quote, ['AND', ['A', ['OR', [['AND', ['C', ['NOT', ['B']]]], 'B']]]]]
                      ],
                      A),
           _).
[33m^^^^^^^^^^^^^^^^^^^^^^^
[0m[33m--> metta runnable  -->
[36m!(add-atom &replayStream (candidate 685 (quote (AND ((OR ((AND ((OR (C B (NOT (C)))) (OR (A B)))) (AND (A B)))))))))
[33m-->  prolog goal  -->[35m 
:- findall(A,
           'add-atom'('&replayStream',
                      [ candidate,
                        685,
                        [ quote,
                          [ 'AND',
                            [ [ 'OR',
                                [ ['AND', [['OR', ['C', 'B', ['NOT', ['C']]]], ['OR', ['A', 'B']]]],
                                  ['AND', ['A', 'B']]
                                ]
                              ]
                            ]
                          ]
                        ]
                      ],
                      A),
           _).
[33m^^^^^^^^^^^^^^^^^^^^^^^
[0m[33m--> metta runnable  -->
[36m!(add-atom &replayStream (candidate 686 (quote (AND (A (OR (C B)))))))
[33m-->  prolog goal  -->[35m 
:- findall(A,
           'add-atom'('&replayStream',
                      [candidate, 686, [quote, ['AND', ['A', ['OR', ['C', 'B']]]]]],
                      A),
           _).
[33m^^^^^^^^^^^^^^^^^^^^^^^
[0m[33m--> metta runnable  -->
[36m!(add-atom &replayStream (candidate 687 (quote (AND ((OR ((AND ((OR (C (NOT (A)) (NOT (C)))) (OR (A B)))) (AND (A B)))))))))
[33m-->  prolog goal  -->[35m 
:- findall(A,
           'add-atom'('&replayStream',
                      [ candidate,
                        687,
                        [ quote,
                          [ 'AND',
                            [ [ 'OR',
                                [ [ 'AND',
                                    [['OR', ['C', ['NOT', ['A']], ['NOT', ['C']]]], ['OR', ['A', 'B']]]
                                  ],
                                  ['AND', ['A', 'B']]
                                ]
                              ]
                            ]
                          ]
                        ]
                      ],
                      A),
           _).
[33m^^^^^^^^^^^^^^^^^^^^^^^
[0m[33m--> metta runnable  -->
[36m!(add-atom &replayStream (candidate 688 (quote (AND ((OR ((AND ((OR (C (AND ((NOT (A)) B)))) (OR (A B)))) (AND (A B)))))))))
[33m-->  prolog goal  -->[35m 
:- findall(A,
           'add-atom'('&replayStream',
                      [ candidate,
                        688,
                        [ quote,
                          [ 'AND',
                            [ [ 'OR',
                                [ [ 'AND',
                                    [['OR', ['C', ['AND', [['NOT', ['A']], 'B']]]], ['OR', ['A', 'B']]]
                                  ],
                                  ['AND', ['A', 'B']]
                                ]
                              ]
                            ]
                          ]
                        ]
                      ],
                      A),
           _).
[33m^^^^^^^^^^^^^^^^^^^^^^^
[0m[33m--> metta runnable  -->
[36m!(add-atom &replayStream (candidate 689 (quote (AND ((OR ((AND ((OR (C A (NOT (B)))) (OR (A B)))) (AND (A B)))))))))
[33m-->  prolog goal  -->[35m 
:- findall(A,
           'add-atom'('&replayStream',
                      [ candidate,
                        689,
                        [ quote,
                          [ 'AND',
                            [ [ 'OR',
                                [ ['AND', [['OR', ['C', 'A', ['NOT', ['B']]]], ['OR', ['A', 'B']]]],
                                  ['AND', ['A', 'B']]
                                ]
                              ]
                            ]
                          ]
                        ]
                      ],
                      A),
           _).
[33m^^^^^^^^^^^^^^^^^^^^^^^
[0m[33m--> metta runnable  -->
[36m!(add-atom &replayStream (candidate 690 (quote (AND (B (OR (C A)))))))
[33m-->  prolog goal  -->[35m 
:- findall(A,
           'add-atom'('&replayStream',
                      [candidate, 690, [quote, ['AND', ['B', ['OR', ['C', 'A']]]]]],
                      A),
           _).
[33m^^^^^^^^^^^^^^^^^^^^^^^
[0m[33m--> metta runnable  -->
[36m!(add-atom &replayStream (candidate 691 (quote (AND ((OR ((AND (C (OR ((NOT (A)) B)))) (AND (A B)))))))))
[33m-->  prolog goal  -->[35m 
:- findall(A,
           'add-atom'('&replayStream',
                      [ candidate,
                        691,
                        [ quote,
                          [ 'AND',
                            [['OR', [['AND', ['C', ['OR', [['NOT', ['A']], 'B']]]], ['AND', ['A', 'B']]]]]
                          ]
                        ]
                      ],
                      A),
           _).
[33m^^^^^^^^^^^^^^^^^^^^^^^
[0m[33m--> metta runnable  -->
[36m!(add-atom &replayStream (candidate 692 (quote (AND (A (OR (C B)))))))
[33m-->  prolog goal  -->[35m 
:- findall(A,
           'add-atom'('&replayStream',
                      [candidate, 692, [quote, ['AND', ['A', ['OR', ['C', 'B']]]]]],
                      A),
           _).
[33m^^^^^^^^^^^^^^^^^^^^^^^
[0m[33m--> metta runnable  -->
[36m!(add-atom &replayStream (candidate 693 (quote (AND ((OR ((AND (C (OR (A (NOT (B)))))) (AND (A B)))))))))
[33m-->  prolog goal  -->[35m 
:- findall(A,
           'add-atom'('&replayStream',
                      [ candidate,
                        693,
                        [ quote,
                          [ 'AND',
                            [['OR', [['AND', ['C', ['OR', ['A', ['NOT', ['B']]]]]], ['AND', ['A', 'B']]]]]
                          ]
                        ]
                      ],
                      A),
           _).
[33m^^^^^^^^^^^^^^^^^^^^^^^
[0m[33m--> metta runnable  -->
[36m!(add-atom &replayStream (candidate 694 (quote (AND ((OR (C (AND (A B)))))))))
[33m-->  prolog goal  -->[35m 
:- findall(A,
           'add-atom'('&replayStream',
                      [candidate, 694, [quote, ['AND', [['OR', ['C', ['AND', ['A', 'B']]]]]]]],
                      A),
           _).
[33m^^^^^^^^^^^^^^^^^^^^^^^
[0m[33m--> metta runnable  -->
[36m!(add-atom &replayStream (candidate 695 (quote (AND ((OR ((AND (C (OR (A B)))) (AND (A B)))))))))
[33m-->  prolog goal  -->[35m 
:- findall(A,
           'add-atom'('&replayStream',
                      [ candidate,
                        695,
                        [ quote,
                          ['AND', [['OR', [['AND', ['C', ['OR', ['A', 'B']]]], ['AND', ['A', 'B']]]]]]
                        ]
                      ],
                      A),
           _).
[33m^^^^^^^^^^^^^^^^^^^^^^^
[0m[33m--> metta runnable  -->
[36m!(add-atom &replayStream (candidate 696 (quote (AND ((OR ((AND (C (OR (A B (AND (A B)))))) (AND (A B)))))))))
[33m-->  prolog goal  -->[35m 
:- findall(A,
           'add-atom'('&replayStream',
                      [ candidate,
                        696,
                        [ quote,
                          [ 'AND',
                            [ [ 'OR',
                                [['AND', ['C', ['OR', ['A', 'B', ['AND', ['A', 'B']]]]]], ['AND', ['A', 'B']]]
                              ]
                            ]
                          ]
                        ]
                      ],
                      A),
           _).
[33m^^^^^^^^^^^^^^^^^^^^^^^
[0m[33m--> metta runnable  -->
[36m!(add-atom &replayStream (candidate 697 (quote (AND ((OR ((AND (C (OR (A B (NOT (A)) (NOT (B)))))) (AND (A B)))))))))
[33m-->  prolog goal  -->[35m 
:- findall(A,
           'add-atom'('&replayStream',
                      [ candidate,
                        697,
                        [ quote,
                          [ 'AND',
                            [ [ 'OR',
                                [ ['AND', ['C', ['OR', ['A', 'B', ['NOT', ['A']], ['NOT', ['B']]]]]],
                                  ['AND', ['A', 'B']]
                                ]
                              ]
                            ]
                          ]
                        ]
                      ],
                      A),
           _).
[33m^^^^^^^^^^^^^^^^^^^^^^^
[0m[33m--> metta runnable  -->
[36m!(add-atom &replayStream (candidate 698 (quote (AND ((OR ((AND (C (OR (A B (NOT (B)))))) (AND (A B)))))))))
[33m-->  prolog goal  -->[35m 
:- findall(A,
           'add-atom'('&replayStream',
                      [ candidate,
                        698,
                        [ quote,
                          [ 'AND',
                            [ [ 'OR',
                                [['AND', ['C', ['OR', ['A', 'B', ['NOT', ['B']]]]]], ['AND', ['A', 'B']]]
                              ]
                            ]
                          ]
                        ]
                      ],
                      A),
           _).
[33m^^^^^^^^^^^^^^^^^^^^^^^
[0m[33m--> metta runnable  -->
[36m!(add-atom &replayStream (candidate 699 (quote (AND ((OR ((AND (C (OR (A B B)))) (AND (A B)))))))))
[33m-->  prolog goal  -->[35m 
:- findall(A,
           'add-atom'('&replayStream',
                      [ candidate,
                        699,
                        [ quote,
                          ['AND', [['OR', [['AND', ['C', ['OR', ['A', 'B', 'B']]]], ['AND', ['A', 'B']]]]]]
                        ]
                      ],
                      A),
           _).
[33m^^^^^^^^^^^^^^^^^^^^^^^
[0m[33m--> metta runnable  -->
[36m!(add-atom &replayStream (candidate 700 (quote (AND ((OR ((AND (C (OR (A B A)))) (AND (A B)))))))))
[33m-->  prolog goal  -->[35m 
:- findall(A,
           'add-atom'('&replayStream',
                      [ candidate,
                        700,
                        [ quote,
                          ['AND', [['OR', [['AND', ['C', ['OR', ['A', 'B', 'A']]]], ['AND', ['A', 'B']]]]]]
                        ]
                      ],
                      A),
           _).
[33m^^^^^^^^^^^^^^^^^^^^^^^
[0m[33m--> metta runnable  -->
[36m!(add-atom &replayStream (candidate 701 (quote (AND ((OR ((AND (C (OR (A B (NOT (A)))))) (AND (A B)))))))))
[33m-->  prolog goal  -->[35m 
:- findall(A,
           'add-atom'('&replayStream',
                      [ candidate,
                        701,
                        [ quote,
                          [ 'AND',
                            [ [ 'OR',
                                [['AND', ['C', ['OR', ['A', 'B', ['NOT', ['A']]]]]], ['AND', ['A', 'B']]]
                              ]
                            ]
                          ]
                        ]
                      ],
                      A),
           _).
[33m^^^^^^^^^^^^^^^^^^^^^^^
[0m[33m--> metta runnable  -->
[36m!(add-atom &replayStream (candidate 702 (quote (AND (B A C)))))
[33m-->  prolog goal  -->[35m 
:- findall(A,
           'add-atom'('&replayStream',
                      [candidate, 702, [quote, ['AND', ['B', 'A', 'C']]]],
                      A),
           _).
[33m^^^^^^^^^^^^^^^^^^^^^^^
[0m[33m--> metta runnable  -->
[36m!(add-atom &replayStream (candidate 703 (quote (AND ((OR ((AND (C (OR ((AND (A (NOT (B)))) B)))) (AND (A B)))))))))
[33m-->  prolog goal  -->[35m 
:- findall(A,
           'add-atom'('&replayStream',
                      [ candidate,
                        703,
                        [ quote,
                          [ 'AND',
                            [ [ 'OR',
                                [ ['AND', ['C', ['OR', [['AND', ['A', ['NOT', ['B']]]], 'B']]]],
                                  ['AND', ['A', 'B']]
                                ]
                              ]
                            ]
                          ]
                        ]
                      ],
                      A),
           _).
[33m^^^^^^^^^^^^^^^^^^^^^^^
[0m[33m--> metta runnable  -->
[36m!(add-atom &replayStream (candidate 704 (quote (AND ((OR ((AND (C (OR (A B)))) (AND (A B)))))))))
[33m-->  prolog goal  -->[35m 
:- findall(A,
           'add-atom'('&replayStream',
                      [ candidate,
                        704,
                        [ quote,
                          ['AND', [['OR', [['AND', ['C', ['OR', ['A', 'B']]]], ['AND', ['A', 'B']]]]]]
                        ]
                      ],
                      A),
           _).
[33m^^^^^^^^^^^^^^^^^^^^^^^
[0m[33m--> metta runnable  -->
[36m!(add-atom &replayStream (candidate 705 (quote (AND (B (OR (C A)))))))
[33m-->  prolog goal  -->[35m 
:- findall(A,
           'add-atom'('&replayStream',
                      [candidate, 705, [quote, ['AND', ['B', ['OR', ['C', 'A']]]]]],
                      A),
           _).
[33m^^^^^^^^^^^^^^^^^^^^^^^
[0m[33m--> metta runnable  -->
[36m!(add-atom &replayStream (candidate 706 (quote (AND ((OR ((AND (C (OR (A B)))) (AND (A B)))))))))
[33m-->  prolog goal  -->[35m 
:- findall(A,
           'add-atom'('&replayStream',
                      [ candidate,
                        706,
                        [ quote,
                          ['AND', [['OR', [['AND', ['C', ['OR', ['A', 'B']]]], ['AND', ['A', 'B']]]]]]
                        ]
                      ],
                      A),
           _).
[33m^^^^^^^^^^^^^^^^^^^^^^^
[0m[33m--> metta runnable  -->
[36m!(add-atom &replayStream (candidate 707 (quote (AND (B (OR (C A)))))))
[33m-->  prolog goal  -->[35m 
:- findall(A,
           'add-atom'('&replayStream',
                      [candidate, 707, [quote, ['AND', ['B', ['OR', ['C', 'A']]]]]],
                      A),
           _).
[33m^^^^^^^^^^^^^^^^^^^^^^^
[0m[33m--> metta runnable  -->
[36m!(add-atom &replayStream (candidate 708 (quote (AND ((OR ((AND (C (OR (A B)))) (AND (A B)))))))))
[33m-->  prolog goal  -->[35m 
:- findall(A,
           'add-atom'('&replayStream',
                      [ candidate,
                        708,
                        [ quote,
                          ['AND', [['OR', [['AND', ['C', ['OR', ['A', 'B']]]], ['AND', ['A', 'B']]]]]]
                        ]
                      ],
                      A),
           _).
[33m^^^^^^^^^^^^^^^^^^^^^^^
[0m[33m--> metta runnable  -->
[36m!(add-atom &replayStream (candidate 709 (quote (AND (B (OR (C A)))))))
[33m-->  prolog goal  -->[35m 
:- findall(A,
           'add-atom'('&replayStream',
                      [candidate, 709, [quote, ['AND', ['B', ['OR', ['C', 'A']]]]]],
                      A),
           _).
[33m^^^^^^^^^^^^^^^^^^^^^^^
[0m[33m--> metta runnable  -->
[36m!(add-atom &replayStream (candidate 710 (quote (AND ((OR ((AND (C (OR (A B)))) (AND (A B)))))))))
[33m-->  prolog goal  -->[35m 
:- findall(A,
           'add-atom'('&replayStream',
                      [ candidate,
                        710,
                        [ quote,
                          ['AND', [['OR', [['AND', ['C', ['OR', ['A', 'B']]]], ['AND', ['A', 'B']]]]]]
                        ]
                      ],
                      A),
           _).
[33m^^^^^^^^^^^^^^^^^^^^^^^
[0m[33m--> metta runnable  -->
[36m!(add-atom &replayStream (candidate 711 (quote (AND (B (OR (C A)))))))
[33m-->  prolog goal  -->[35m 
:- findall(A,
           'add-atom'('&replayStream',
                      [candidate, 711, [quote, ['AND', ['B', ['OR', ['C', 'A']]]]]],
                      A),
           _).
[33m^^^^^^^^^^^^^^^^^^^^^^^
[0m[33m--> metta runnable  -->
[36m!(add-atom &replayStream (candidate 712 (quote (AND (A B C)))))
[33m-->  prolog goal  -->[35m 
:- findall(A,
           'add-atom'('&replayStream',
                      [candidate, 712, [quote, ['AND', ['A', 'B', 'C']]]],
                      A),
           _).
[33m^^^^^^^^^^^^^^^^^^^^^^^
[0m[33m--> metta runnable  -->
[36m!(add-atom &replayStream (candidate 713 (quote (AND ((OR ((AND (C (OR (A (AND (B (NOT (A)))))))) (AND (A B)))))))))
[33m-->  prolog goal  -->[35m 
:- findall(A,
           'add-atom'('&replayStream',
                      [ candidate,
                        713,
                        [ quote,
                          [ 'AND',
                            [ [ 'OR',
                                [ ['AND', ['C', ['OR', ['A', ['AND', ['B', ['NOT', ['A']]]]]]]],
                                  ['AND', ['A', 'B']]
                                ]
                              ]
                            ]
                          ]
                        ]
                      ],
                      A),
           _).
[33m^^^^^^^^^^^^^^^^^^^^^^^
[0m[33m--> metta runnable  -->
[36m!(add-atom &replayStream (candidate 714 (quote (AND ((OR ((AND (C (OR (A B)))) (AND (A B)))))))))
[33m-->  prolog goal  -->[35m 
:- findall(A,
           'add-atom'('&replayStream',
                      [ candidate,
                        714,
                        [ quote,
                          ['AND', [['OR', [['AND', ['C', ['OR', ['A', 'B']]]], ['AND', ['A', 'B']]]]]]
                        ]
                      ],
                      A),
           _).
[33m^^^^^^^^^^^^^^^^^^^^^^^
[0m[33m--> metta runnable  -->
[36m!(add-atom &replayStream (candidate 715 (quote (AND (A (OR (C B)))))))
[33m-->  prolog goal  -->[35m 
:- findall(A,
           'add-atom'('&replayStream',
                      [candidate, 715, [quote, ['AND', ['A', ['OR', ['C', 'B']]]]]],
                      A),
           _).
[33m^^^^^^^^^^^^^^^^^^^^^^^
[0m[33m--> metta runnable  -->
[36m!(add-atom &replayStream (candidate 716 (quote (AND ((OR ((AND (C (OR (A B)))) (AND (A B)))))))))
[33m-->  prolog goal  -->[35m 
:- findall(A,
           'add-atom'('&replayStream',
                      [ candidate,
                        716,
                        [ quote,
                          ['AND', [['OR', [['AND', ['C', ['OR', ['A', 'B']]]], ['AND', ['A', 'B']]]]]]
                        ]
                      ],
                      A),
           _).
[33m^^^^^^^^^^^^^^^^^^^^^^^
[0m[33m--> metta runnable  -->
[36m!(add-atom &replayStream (candidate 717 (quote (AND (A (OR (C B)))))))
[33m-->  prolog goal  -->[35m 
:- findall(A,
           'add-atom'('&replayStream',
                      [candidate, 717, [quote, ['AND', ['A', ['OR', ['C', 'B']]]]]],
                      A),
           _).
[33m^^^^^^^^^^^^^^^^^^^^^^^
[0m[33m--> metta runnable  -->
[36m!(add-atom &replayStream (candidate 718 (quote (AND ((OR ((AND (C (OR (A B)))) (AND (A B)))))))))
[33m-->  prolog goal  -->[35m 
:- findall(A,
           'add-atom'('&replayStream',
                      [ candidate,
                        718,
                        [ quote,
                          ['AND', [['OR', [['AND', ['C', ['OR', ['A', 'B']]]], ['AND', ['A', 'B']]]]]]
                        ]
                      ],
                      A),
           _).
[33m^^^^^^^^^^^^^^^^^^^^^^^
[0m[33m--> metta runnable  -->
[36m!(add-atom &replayStream (candidate 719 (quote (AND (A (OR (C B)))))))
[33m-->  prolog goal  -->[35m 
:- findall(A,
           'add-atom'('&replayStream',
                      [candidate, 719, [quote, ['AND', ['A', ['OR', ['C', 'B']]]]]],
                      A),
           _).
[33m^^^^^^^^^^^^^^^^^^^^^^^
[0m[33m--> metta runnable  -->
[36m!(add-atom &replayStream (candidate 720 (quote (AND ((OR ((AND (C (OR (A B)))) (AND (A B)))))))))
[33m-->  prolog goal  -->[35m 
:- findall(A,
           'add-atom'('&replayStream',
                      [ candidate,
                        720,
                        [ quote,
                          ['AND', [['OR', [['AND', ['C', ['OR', ['A', 'B']]]], ['AND', ['A', 'B']]]]]]
                        ]
                      ],
                      A),
           _).
[33m^^^^^^^^^^^^^^^^^^^^^^^
[0m[33m--> metta runnable  -->
[36m!(add-atom &replayStream (candidate 721 (quote (AND (A (OR (C B)))))))
[33m-->  prolog goal  -->[35m 
:- findall(A,
           'add-atom'('&replayStream',
                      [candidate, 721, [quote, ['AND', ['A', ['OR', ['C', 'B']]]]]],
                      A),
           _).
[33m^^^^^^^^^^^^^^^^^^^^^^^
[0m[33m--> metta runnable  -->
[36m!(add-atom &replayStream (candidate 722 (quote (AND ((OR ((AND (C (OR (A B A)))) (AND (A B)))))))))
[33m-->  prolog goal  -->[35m 
:- findall(A,
           'add-atom'('&replayStream',
                      [ candidate,
                        722,
                        [ quote,
                          ['AND', [['OR', [['AND', ['C', ['OR', ['A', 'B', 'A']]]], ['AND', ['A', 'B']]]]]]
                        ]
                      ],
                      A),
           _).
[33m^^^^^^^^^^^^^^^^^^^^^^^
[0m[33m--> metta runnable  -->
[36m!(add-atom &replayStream (candidate 723 (quote (AND ((OR ((AND (C (OR (A B (NOT (A)))))) (AND (A B)))))))))
[33m-->  prolog goal  -->[35m 
:- findall(A,
           'add-atom'('&replayStream',
                      [ candidate,
                        723,
                        [ quote,
                          [ 'AND',
                            [ [ 'OR',
                                [['AND', ['C', ['OR', ['A', 'B', ['NOT', ['A']]]]]], ['AND', ['A', 'B']]]
                              ]
                            ]
                          ]
                        ]
                      ],
                      A),
           _).
[33m^^^^^^^^^^^^^^^^^^^^^^^
[0m[33m--> metta runnable  -->
[36m!(add-atom &replayStream (candidate 724 (quote (AND ((OR ((AND (C (OR (A B B)))) (AND (A B)))))))))
[33m-->  prolog goal  -->[35m 
:- findall(A,
           'add-atom'('&replayStream',
                      [ candidate,
                        724,
                        [ quote,
                          ['AND', [['OR', [['AND', ['C', ['OR', ['A', 'B', 'B']]]], ['AND', ['A', 'B']]]]]]
                        ]
                      ],
                      A),
           _).
[33m^^^^^^^^^^^^^^^^^^^^^^^
[0m[33m--> metta runnable  -->
[36m!(add-atom &replayStream (candidate 725 (quote (AND ((OR ((AND (C (OR (A B (NOT (B)))))) (AND (A B)))))))))
[33m-->  prolog goal  -->[35m 
:- findall(A,
           'add-atom'('&replayStream',
                      [ candidate,
                        725,
                        [ quote,
                          [ 'AND',
                            [ [ 'OR',
                                [['AND', ['C', ['OR', ['A', 'B', ['NOT', ['B']]]]]], ['AND', ['A', 'B']]]
                              ]
                            ]
                          ]
                        ]
                      ],
                      A),
           _).
[33m^^^^^^^^^^^^^^^^^^^^^^^
[0m[33m--> metta runnable  -->
[36m!(add-atom &replayStream (candidate 726 (quote (AND ((OR (C (AND (A B)))))))))
[33m-->  prolog goal  -->[35m 
:- findall(A,
           'add-atom'('&replayStream',
                      [candidate, 726, [quote, ['AND', [['OR', ['C', ['AND', ['A', 'B']]]]]]]],
                      A),
           _).
[33m^^^^^^^^^^^^^^^^^^^^^^^
[0m[33m--> metta runnable  -->
[36m!(add-atom &replayStream (candidate 727 (quote (AND ((OR ((AND (C (OR (A B)))) (AND (A B)))))))))
[33m-->  prolog goal  -->[35m 
:- findall(A,
           'add-atom'('&replayStream',
                      [ candidate,
                        727,
                        [ quote,
                          ['AND', [['OR', [['AND', ['C', ['OR', ['A', 'B']]]], ['AND', ['A', 'B']]]]]]
                        ]
                      ],
                      A),
           _).
[33m^^^^^^^^^^^^^^^^^^^^^^^
[0m[33m--> metta runnable  -->
[36m!(add-atom &replayStream (candidate 728 (quote (AND ((OR ((AND (C (OR (A B (NOT (A)) B)))) (AND (A B)))))))))
[33m-->  prolog goal  -->[35m 
:- findall(A,
           'add-atom'('&replayStream',
                      [ candidate,
                        728,
                        [ quote,
                          [ 'AND',
                            [ [ 'OR',
                                [['AND', ['C', ['OR', ['A', 'B', ['NOT', ['A']], 'B']]]], ['AND', ['A', 'B']]]
                              ]
                            ]
                          ]
                        ]
                      ],
                      A),
           _).
[33m^^^^^^^^^^^^^^^^^^^^^^^
[0m[33m--> metta runnable  -->
[36m!(add-atom &replayStream (candidate 729 (quote (AND ((OR ((AND (C (OR (A B (AND (A (NOT (B)))))))) (AND (A B)))))))))
[33m-->  prolog goal  -->[35m 
:- findall(A,
           'add-atom'('&replayStream',
                      [ candidate,
                        729,
                        [ quote,
                          [ 'AND',
                            [ [ 'OR',
                                [ ['AND', ['C', ['OR', ['A', 'B', ['AND', ['A', ['NOT', ['B']]]]]]]],
                                  ['AND', ['A', 'B']]
                                ]
                              ]
                            ]
                          ]
                        ]
                      ],
                      A),
           _).
[33m^^^^^^^^^^^^^^^^^^^^^^^
[0m[33m--> metta runnable  -->
[36m!(add-atom &replayStream (candidate 730 (quote (AND ((OR (C (AND (A B)))))))))
[33m-->  prolog goal  -->[35m 
:- findall(A,
           'add-atom'('&replayStream',
                      [candidate, 730, [quote, ['AND', [['OR', ['C', ['AND', ['A', 'B']]]]]]]],
                      A),
           _).
[33m^^^^^^^^^^^^^^^^^^^^^^^
[0m[33m--> metta runnable  -->
[36m!(add-atom &replayStream (candidate 731 (quote (AND ((OR ((AND (C (OR (A B)))) (AND (A B)))))))))
[33m-->  prolog goal  -->[35m 
:- findall(A,
           'add-atom'('&replayStream',
                      [ candidate,
                        731,
                        [ quote,
                          ['AND', [['OR', [['AND', ['C', ['OR', ['A', 'B']]]], ['AND', ['A', 'B']]]]]]
                        ]
                      ],
                      A),
           _).
[33m^^^^^^^^^^^^^^^^^^^^^^^
[0m[33m--> metta runnable  -->
[36m!(add-atom &replayStream (candidate 732 (quote (AND ((OR (C (AND (A B)))))))))
[33m-->  prolog goal  -->[35m 
:- findall(A,
           'add-atom'('&replayStream',
                      [candidate, 732, [quote, ['AND', [['OR', ['C', ['AND', ['A', 'B']]]]]]]],
                      A),
           _).
[33m^^^^^^^^^^^^^^^^^^^^^^^
[0m[33m--> metta runnable  -->
[36m!(add-atom &replayStream (candidate 733 (quote (AND ((OR ((AND (C (OR (A B)))) (AND (A B)))))))))
[33m-->  prolog goal  -->[35m 
:- findall(A,
           'add-atom'('&replayStream',
                      [ candidate,
                        733,
                        [ quote,
                          ['AND', [['OR', [['AND', ['C', ['OR', ['A', 'B']]]], ['AND', ['A', 'B']]]]]]
                        ]
                      ],
                      A),
           _).
[33m^^^^^^^^^^^^^^^^^^^^^^^
[0m[33m--> metta runnable  -->
[36m!(add-atom &replayStream (candidate 734 (quote (AND (A (OR (C B)))))))
[33m-->  prolog goal  -->[35m 
:- findall(A,
           'add-atom'('&replayStream',
                      [candidate, 734, [quote, ['AND', ['A', ['OR', ['C', 'B']]]]]],
                      A),
           _).
[33m^^^^^^^^^^^^^^^^^^^^^^^
[0m[33m--> metta runnable  -->
[36m!(add-atom &replayStream (candidate 735 (quote (AND (B (OR ((AND (C (NOT (A)))) A)))))))
[33m-->  prolog goal  -->[35m 
:- findall(A,
           'add-atom'('&replayStream',
                      [ candidate,
                        735,
                        [quote, ['AND', ['B', ['OR', [['AND', ['C', ['NOT', ['A']]]], 'A']]]]]
                      ],
                      A),
           _).
[33m^^^^^^^^^^^^^^^^^^^^^^^
[0m[33m--> metta runnable  -->
[36m!(add-atom &replayStream (candidate 736 (quote (AND (B (OR (C A)))))))
[33m-->  prolog goal  -->[35m 
:- findall(A,
           'add-atom'('&replayStream',
                      [candidate, 736, [quote, ['AND', ['B', ['OR', ['C', 'A']]]]]],
                      A),
           _).
[33m^^^^^^^^^^^^^^^^^^^^^^^
[0m[33m--> metta runnable  -->
[36m!(add-atom &replayStream (candidate 737 (quote (AND (A (OR ((AND (C (NOT (B)))) B)))))))
[33m-->  prolog goal  -->[35m 
:- findall(A,
           'add-atom'('&replayStream',
                      [ candidate,
                        737,
                        [quote, ['AND', ['A', ['OR', [['AND', ['C', ['NOT', ['B']]]], 'B']]]]]
                      ],
                      A),
           _).
[33m^^^^^^^^^^^^^^^^^^^^^^^
[0m[33m--> metta runnable  -->
[36m!(add-atom &replayStream (candidate 738 (quote (AND ((OR ((AND (C (OR (A B)))) (AND (A B)))))))))
[33m-->  prolog goal  -->[35m 
:- findall(A,
           'add-atom'('&replayStream',
                      [ candidate,
                        738,
                        [ quote,
                          ['AND', [['OR', [['AND', ['C', ['OR', ['A', 'B']]]], ['AND', ['A', 'B']]]]]]
                        ]
                      ],
                      A),
           _).
[33m^^^^^^^^^^^^^^^^^^^^^^^
[0m[33m--> metta runnable  -->
[36m!(add-atom &replayStream (candidate 739 (quote (AND (A B)))))
[33m-->  prolog goal  -->[35m 
:- findall(A,
           'add-atom'('&replayStream', [candidate, 739, [quote, ['AND', ['A', 'B']]]], A),
           _).
[33m^^^^^^^^^^^^^^^^^^^^^^^
[0m[33m--> metta runnable  -->
[36m!(add-atom &replayStream (candidate 740 (quote (AND (A (OR ((AND (C (NOT (B)))) B)))))))
[33m-->  prolog goal  -->[35m 
:- findall(A,
           'add-atom'('&replayStream',
                      [ candidate,
                        740,
                        [quote, ['AND', ['A', ['OR', [['AND', ['C', ['NOT', ['B']]]], 'B']]]]]
                      ],
                      A),
           _).
[33m^^^^^^^^^^^^^^^^^^^^^^^
[0m[33m--> metta runnable  -->
[36m!(add-atom &replayStream (candidate 741 (quote (AND (B (OR (C A)))))))
[33m-->  prolog goal  -->[35m 
:- findall(A,
           'add-atom'('&replayStream',
                      [candidate, 741, [quote, ['AND', ['B', ['OR', ['C', 'A']]]]]],
                      A),
           _).
[33m^^^^^^^^^^^^^^^^^^^^^^^
[0m[33m--> metta runnable  -->
[36m!(add-atom &replayStream (candidate 742 (quote (AND (B (OR (C A)))))))
[33m-->  prolog goal  -->[35m 
:- findall(A,
           'add-atom'('&replayStream',
                      [candidate, 742, [quote, ['AND', ['B', ['OR', ['C', 'A']]]]]],
                      A),
           _).
[33m^^^^^^^^^^^^^^^^^^^^^^^
[0m[33m--> metta runnable  -->
[36m!(add-atom &replayStream (candidate 743 (quote (AND (A (OR ((AND (C (NOT (B)))) B)))))))
[33m-->  prolog goal  -->[35m 
:- findall(A,
           'add-atom'('&replayStream',
                      [ candidate,
                        743,
                        [quote, ['AND', ['A', ['OR', [['AND', ['C', ['NOT', ['B']]]], 'B']]]]]
                      ],
                      A),
           _).
[33m^^^^^^^^^^^^^^^^^^^^^^^
[0m[33m--> metta runnable  -->
[36m!(add-atom &replayStream (candidate 744 (quote (AND (B (OR ((AND (C (NOT (A)))) A)))))))
[33m-->  prolog goal  -->[35m 
:- findall(A,
           'add-atom'('&replayStream',
                      [ candidate,
                        744,
                        [quote, ['AND', ['B', ['OR', [['AND', ['C', ['NOT', ['A']]]], 'A']]]]]
                      ],
                      A),
           _).
[33m^^^^^^^^^^^^^^^^^^^^^^^
[0m[33m--> metta runnable  -->
[36m!(add-atom &replayStream (candidate 745 (quote (AND ((OR ((AND (C (OR (A B)) (OR (A (NOT (B)))))) (AND (A B)))))))))
[33m-->  prolog goal  -->[35m 
:- findall(A,
           'add-atom'('&replayStream',
                      [ candidate,
                        745,
                        [ quote,
                          [ 'AND',
                            [ [ 'OR',
                                [ ['AND', ['C', ['OR', ['A', 'B']], ['OR', ['A', ['NOT', ['B']]]]]],
                                  ['AND', ['A', 'B']]
                                ]
                              ]
                            ]
                          ]
                        ]
                      ],
                      A),
           _).
[33m^^^^^^^^^^^^^^^^^^^^^^^
[0m[33m--> metta runnable  -->
[36m!(add-atom &replayStream (candidate 746 (quote (AND ((OR ((AND (C (OR (A B)))) B)))))))
[33m-->  prolog goal  -->[35m 
:- findall(A,
           'add-atom'('&replayStream',
                      [ candidate,
                        746,
                        [quote, ['AND', [['OR', [['AND', ['C', ['OR', ['A', 'B']]]], 'B']]]]]
                      ],
                      A),
           _).
[33m^^^^^^^^^^^^^^^^^^^^^^^
[0m[33m--> metta runnable  -->
[36m!(add-atom &replayStream (candidate 747 (quote (AND ((OR ((AND (C (OR (A B)))) (AND ((NOT (A)) B)))))))))
[33m-->  prolog goal  -->[35m 
:- findall(A,
           'add-atom'('&replayStream',
                      [ candidate,
                        747,
                        [ quote,
                          [ 'AND',
                            [['OR', [['AND', ['C', ['OR', ['A', 'B']]]], ['AND', [['NOT', ['A']], 'B']]]]]
                          ]
                        ]
                      ],
                      A),
           _).
[33m^^^^^^^^^^^^^^^^^^^^^^^
[0m[33m--> metta runnable  -->
[36m!(add-atom &replayStream (candidate 748 (quote (AND ((OR ((AND (C (OR (A B)))) A)))))))
[33m-->  prolog goal  -->[35m 
:- findall(A,
           'add-atom'('&replayStream',
                      [ candidate,
                        748,
                        [quote, ['AND', [['OR', [['AND', ['C', ['OR', ['A', 'B']]]], 'A']]]]]
                      ],
                      A),
           _).
[33m^^^^^^^^^^^^^^^^^^^^^^^
[0m[33m--> metta runnable  -->
[36m!(add-atom &replayStream (candidate 749 (quote (AND ((OR ((AND (C (OR (A B)))) (AND ((NOT (B)) A)))))))))
[33m-->  prolog goal  -->[35m 
:- findall(A,
           'add-atom'('&replayStream',
                      [ candidate,
                        749,
                        [ quote,
                          [ 'AND',
                            [['OR', [['AND', ['C', ['OR', ['A', 'B']]]], ['AND', [['NOT', ['B']], 'A']]]]]
                          ]
                        ]
                      ],
                      A),
           _).
[33m^^^^^^^^^^^^^^^^^^^^^^^
[0m[33m--> metta runnable  -->
[36m!(add-atom &replayStream (candidate 750 (quote (AND (C (OR ((AND (A B)) A B)))))))
[33m-->  prolog goal  -->[35m 
:- findall(A,
           'add-atom'('&replayStream',
                      [candidate, 750, [quote, ['AND', ['C', ['OR', [['AND', ['A', 'B']], 'A', 'B']]]]]],
                      A),
           _).
[33m^^^^^^^^^^^^^^^^^^^^^^^
[0m[33m--> metta runnable  -->
[36m!(add-atom &replayStream (candidate 751 (quote (AND ((OR ((AND (C (OR (A B)))) (AND ((NOT (C)) A B)))))))))
[33m-->  prolog goal  -->[35m 
:- findall(A,
           'add-atom'('&replayStream',
                      [ candidate,
                        751,
                        [ quote,
                          [ 'AND',
                            [ [ 'OR',
                                [['AND', ['C', ['OR', ['A', 'B']]]], ['AND', [['NOT', ['C']], 'A', 'B']]]
                              ]
                            ]
                          ]
                        ]
                      ],
                      A),
           _).
[33m^^^^^^^^^^^^^^^^^^^^^^^
[0m[33m--> metta runnable  -->
[36m!(add-atom &replayStream (candidate 752 (quote (AND ((OR ((AND (C (OR (A B)))) (AND (A B)))))))))
[33m-->  prolog goal  -->[35m 
:- findall(A,
           'add-atom'('&replayStream',
                      [ candidate,
                        752,
                        [ quote,
                          ['AND', [['OR', [['AND', ['C', ['OR', ['A', 'B']]]], ['AND', ['A', 'B']]]]]]
                        ]
                      ],
                      A),
           _).
[33m^^^^^^^^^^^^^^^^^^^^^^^
[0m[33m--> metta runnable  -->
[36m!(add-atom &replayStream (candidate 753 (quote (AND ((OR ((AND (C (OR (A B)))) (AND ((NOT (A)) (NOT (C)) B)))))))))
[33m-->  prolog goal  -->[35m 
:- findall(A,
           'add-atom'('&replayStream',
                      [ candidate,
                        753,
                        [ quote,
                          [ 'AND',
                            [ [ 'OR',
                                [ ['AND', ['C', ['OR', ['A', 'B']]]],
                                  ['AND', [['NOT', ['A']], ['NOT', ['C']], 'B']]
                                ]
                              ]
                            ]
                          ]
                        ]
                      ],
                      A),
           _).
[33m^^^^^^^^^^^^^^^^^^^^^^^
[0m[33m--> metta runnable  -->
[36m!(add-atom &replayStream (candidate 754 (quote (AND (C (OR ((AND (A B)) A B)))))))
[33m-->  prolog goal  -->[35m 
:- findall(A,
           'add-atom'('&replayStream',
                      [candidate, 754, [quote, ['AND', ['C', ['OR', [['AND', ['A', 'B']], 'A', 'B']]]]]],
                      A),
           _).
[33m^^^^^^^^^^^^^^^^^^^^^^^
[0m[33m--> metta runnable  -->
[36m!(add-atom &replayStream (candidate 755 (quote (AND ((OR ((AND (C (OR (A B)))) (AND (B (NOT (C)) A)))))))))
[33m-->  prolog goal  -->[35m 
:- findall(A,
           'add-atom'('&replayStream',
                      [ candidate,
                        755,
                        [ quote,
                          [ 'AND',
                            [ [ 'OR',
                                [['AND', ['C', ['OR', ['A', 'B']]]], ['AND', ['B', ['NOT', ['C']], 'A']]]
                              ]
                            ]
                          ]
                        ]
                      ],
                      A),
           _).
[33m^^^^^^^^^^^^^^^^^^^^^^^
[0m[33m--> metta runnable  -->
[36m!(add-atom &replayStream (candidate 756 (quote (AND ((OR ((AND (C (OR (A B)))) (AND (A B)))))))))
[33m-->  prolog goal  -->[35m 
:- findall(A,
           'add-atom'('&replayStream',
                      [ candidate,
                        756,
                        [ quote,
                          ['AND', [['OR', [['AND', ['C', ['OR', ['A', 'B']]]], ['AND', ['A', 'B']]]]]]
                        ]
                      ],
                      A),
           _).
[33m^^^^^^^^^^^^^^^^^^^^^^^
[0m[33m--> metta runnable  -->
[36m!(add-atom &replayStream (candidate 757 (quote (AND (C (OR (A B)))))))
[33m-->  prolog goal  -->[35m 
:- findall(A,
           'add-atom'('&replayStream',
                      [candidate, 757, [quote, ['AND', ['C', ['OR', ['A', 'B']]]]]],
                      A),
           _).
[33m^^^^^^^^^^^^^^^^^^^^^^^
[0m[33m--> metta runnable  -->
[36m!(add-atom &replayStream (candidate 758 (quote (AND ((OR ((AND (C (OR (A B)))) B)))))))
[33m-->  prolog goal  -->[35m 
:- findall(A,
           'add-atom'('&replayStream',
                      [ candidate,
                        758,
                        [quote, ['AND', [['OR', [['AND', ['C', ['OR', ['A', 'B']]]], 'B']]]]]
                      ],
                      A),
           _).
[33m^^^^^^^^^^^^^^^^^^^^^^^
[0m[33m--> metta runnable  -->
[36m!(add-atom &replayStream (candidate 759 (quote (AND ((OR ((AND (C (OR (A B)))) (AND (B A)))))))))
[33m-->  prolog goal  -->[35m 
:- findall(A,
           'add-atom'('&replayStream',
                      [ candidate,
                        759,
                        [ quote,
                          ['AND', [['OR', [['AND', ['C', ['OR', ['A', 'B']]]], ['AND', ['B', 'A']]]]]]
                        ]
                      ],
                      A),
           _).
[33m^^^^^^^^^^^^^^^^^^^^^^^
[0m[33m--> metta runnable  -->
[36m!(add-atom &replayStream (candidate 760 (quote (AND ((OR ((AND (C (OR (A B)))) (AND (B (OR (A C)))))))))))
[33m-->  prolog goal  -->[35m 
:- findall(A,
           'add-atom'('&replayStream',
                      [ candidate,
                        760,
                        [ quote,
                          [ 'AND',
                            [['OR', [['AND', ['C', ['OR', ['A', 'B']]]], ['AND', ['B', ['OR', ['A', 'C']]]]]]]
                          ]
                        ]
                      ],
                      A),
           _).
[33m^^^^^^^^^^^^^^^^^^^^^^^
[0m[33m--> metta runnable  -->
[36m!(add-atom &replayStream (candidate 761 (quote (AND ((OR ((AND (C (OR (A B)))) (AND (B (OR (A (NOT (C)))))))))))))
[33m-->  prolog goal  -->[35m 
:- findall(A,
           'add-atom'('&replayStream',
                      [ candidate,
                        761,
                        [ quote,
                          [ 'AND',
                            [ [ 'OR',
                                [ ['AND', ['C', ['OR', ['A', 'B']]]],
                                  ['AND', ['B', ['OR', ['A', ['NOT', ['C']]]]]]
                                ]
                              ]
                            ]
                          ]
                        ]
                      ],
                      A),
           _).
[33m^^^^^^^^^^^^^^^^^^^^^^^
[0m[33m--> metta runnable  -->
[36m!(add-atom &replayStream (candidate 762 (quote (AND ((OR ((AND (C (OR (A B)))) (AND (B (OR (A (AND ((NOT (A)) C)))))))))))))
[33m-->  prolog goal  -->[35m 
:- findall(A,
           'add-atom'('&replayStream',
                      [ candidate,
                        762,
                        [ quote,
                          [ 'AND',
                            [ [ 'OR',
                                [ ['AND', ['C', ['OR', ['A', 'B']]]],
                                  ['AND', ['B', ['OR', ['A', ['AND', [['NOT', ['A']], 'C']]]]]]
                                ]
                              ]
                            ]
                          ]
                        ]
                      ],
                      A),
           _).
[33m^^^^^^^^^^^^^^^^^^^^^^^
[0m[33m--> metta runnable  -->
[36m!(add-atom &replayStream (candidate 763 (quote (AND ((OR ((AND (C (OR (A B)))) (AND (B (OR (A A (NOT (C)))))))))))))
[33m-->  prolog goal  -->[35m 
:- findall(A,
           'add-atom'('&replayStream',
                      [ candidate,
                        763,
                        [ quote,
                          [ 'AND',
                            [ [ 'OR',
                                [ ['AND', ['C', ['OR', ['A', 'B']]]],
                                  ['AND', ['B', ['OR', ['A', 'A', ['NOT', ['C']]]]]]
                                ]
                              ]
                            ]
                          ]
                        ]
                      ],
                      A),
           _).
[33m^^^^^^^^^^^^^^^^^^^^^^^
[0m[33m--> metta runnable  -->
[36m!(add-atom &replayStream (candidate 764 (quote (AND ((OR ((AND (C (OR (A B)))) (AND (B (OR (A C)))))))))))
[33m-->  prolog goal  -->[35m 
:- findall(A,
           'add-atom'('&replayStream',
                      [ candidate,
                        764,
                        [ quote,
                          [ 'AND',
                            [['OR', [['AND', ['C', ['OR', ['A', 'B']]]], ['AND', ['B', ['OR', ['A', 'C']]]]]]]
                          ]
                        ]
                      ],
                      A),
           _).
[33m^^^^^^^^^^^^^^^^^^^^^^^
[0m[33m--> metta runnable  -->
[36m!(add-atom &replayStream (candidate 765 (quote (AND ((OR ((AND (C (OR (A B)))) (AND (B (OR (A (NOT (C)))))))))))))
[33m-->  prolog goal  -->[35m 
:- findall(A,
           'add-atom'('&replayStream',
                      [ candidate,
                        765,
                        [ quote,
                          [ 'AND',
                            [ [ 'OR',
                                [ ['AND', ['C', ['OR', ['A', 'B']]]],
                                  ['AND', ['B', ['OR', ['A', ['NOT', ['C']]]]]]
                                ]
                              ]
                            ]
                          ]
                        ]
                      ],
                      A),
           _).
[33m^^^^^^^^^^^^^^^^^^^^^^^
[0m[33m--> metta runnable  -->
[36m!(add-atom &replayStream (candidate 766 (quote (AND ((OR ((AND (C (OR (A B)))) (AND (A B)))))))))
[33m-->  prolog goal  -->[35m 
:- findall(A,
           'add-atom'('&replayStream',
                      [ candidate,
                        766,
                        [ quote,
                          ['AND', [['OR', [['AND', ['C', ['OR', ['A', 'B']]]], ['AND', ['A', 'B']]]]]]
                        ]
                      ],
                      A),
           _).
[33m^^^^^^^^^^^^^^^^^^^^^^^
[0m[33m--> metta runnable  -->
[36m!(add-atom &replayStream (candidate 767 (quote (AND ((OR ((AND (C (OR (A B)))) (AND (B (OR (A (NOT (A)))))))))))))
[33m-->  prolog goal  -->[35m 
:- findall(A,
           'add-atom'('&replayStream',
                      [ candidate,
                        767,
                        [ quote,
                          [ 'AND',
                            [ [ 'OR',
                                [ ['AND', ['C', ['OR', ['A', 'B']]]],
                                  ['AND', ['B', ['OR', ['A', ['NOT', ['A']]]]]]
                                ]
                              ]
                            ]
                          ]
                        ]
                      ],
                      A),
           _).
[33m^^^^^^^^^^^^^^^^^^^^^^^
[0m[33m--> metta runnable  -->
[36m!(add-atom &replayStream (candidate 768 (quote (AND ((OR ((AND (C (OR (A B)))) A)))))))
[33m-->  prolog goal  -->[35m 
:- findall(A,
           'add-atom'('&replayStream',
                      [ candidate,
                        768,
                        [quote, ['AND', [['OR', [['AND', ['C', ['OR', ['A', 'B']]]], 'A']]]]]
                      ],
                      A),
           _).
[33m^^^^^^^^^^^^^^^^^^^^^^^
[0m[33m--> metta runnable  -->
[36m!(add-atom &replayStream (candidate 769 (quote (AND ((OR ((AND (C (OR (A B)))) (AND (A B)))))))))
[33m-->  prolog goal  -->[35m 
:- findall(A,
           'add-atom'('&replayStream',
                      [ candidate,
                        769,
                        [ quote,
                          ['AND', [['OR', [['AND', ['C', ['OR', ['A', 'B']]]], ['AND', ['A', 'B']]]]]]
                        ]
                      ],
                      A),
           _).
[33m^^^^^^^^^^^^^^^^^^^^^^^
[0m[33m--> metta runnable  -->
[36m!(add-atom &replayStream (candidate 770 (quote (AND ((OR ((AND (C (OR (A B)))) (AND (A (OR (B C)))))))))))
[33m-->  prolog goal  -->[35m 
:- findall(A,
           'add-atom'('&replayStream',
                      [ candidate,
                        770,
                        [ quote,
                          [ 'AND',
                            [['OR', [['AND', ['C', ['OR', ['A', 'B']]]], ['AND', ['A', ['OR', ['B', 'C']]]]]]]
                          ]
                        ]
                      ],
                      A),
           _).
[33m^^^^^^^^^^^^^^^^^^^^^^^
[0m[33m--> metta runnable  -->
[36m!(add-atom &replayStream (candidate 771 (quote (AND ((OR ((AND (C (OR (A B)))) (AND (A (OR (B (NOT (C)))))))))))))
[33m-->  prolog goal  -->[35m 
:- findall(A,
           'add-atom'('&replayStream',
                      [ candidate,
                        771,
                        [ quote,
                          [ 'AND',
                            [ [ 'OR',
                                [ ['AND', ['C', ['OR', ['A', 'B']]]],
                                  ['AND', ['A', ['OR', ['B', ['NOT', ['C']]]]]]
                                ]
                              ]
                            ]
                          ]
                        ]
                      ],
                      A),
           _).
[33m^^^^^^^^^^^^^^^^^^^^^^^
[0m[33m--> metta runnable  -->
[36m!(add-atom &replayStream (candidate 772 (quote (AND (C (OR ((AND (A B)) A B)))))))
[33m-->  prolog goal  -->[35m 
:- findall(A,
           'add-atom'('&replayStream',
                      [candidate, 772, [quote, ['AND', ['C', ['OR', [['AND', ['A', 'B']], 'A', 'B']]]]]],
                      A),
           _).
[33m^^^^^^^^^^^^^^^^^^^^^^^
[0m[33m--> metta runnable  -->
[36m!(add-atom &replayStream (candidate 773 (quote (AND ((OR ((AND (C (OR (A B)))) (AND (A (OR (B (NOT (B)) (NOT (C)))))))))))))
[33m-->  prolog goal  -->[35m 
:- findall(A,
           'add-atom'('&replayStream',
                      [ candidate,
                        773,
                        [ quote,
                          [ 'AND',
                            [ [ 'OR',
                                [ ['AND', ['C', ['OR', ['A', 'B']]]],
                                  ['AND', ['A', ['OR', ['B', ['NOT', ['B']], ['NOT', ['C']]]]]]
                                ]
                              ]
                            ]
                          ]
                        ]
                      ],
                      A),
           _).
[33m^^^^^^^^^^^^^^^^^^^^^^^
[0m[33m--> metta runnable  -->
[36m!(add-atom &replayStream (candidate 774 (quote (AND (C (OR (A B)))))))
[33m-->  prolog goal  -->[35m 
:- findall(A,
           'add-atom'('&replayStream',
                      [candidate, 774, [quote, ['AND', ['C', ['OR', ['A', 'B']]]]]],
                      A),
           _).
[33m^^^^^^^^^^^^^^^^^^^^^^^
[0m[33m--> metta runnable  -->
[36m!(add-atom &replayStream (candidate 775 (quote (AND ((OR ((AND (C (OR (A B)))) A)))))))
[33m-->  prolog goal  -->[35m 
:- findall(A,
           'add-atom'('&replayStream',
                      [ candidate,
                        775,
                        [quote, ['AND', [['OR', [['AND', ['C', ['OR', ['A', 'B']]]], 'A']]]]]
                      ],
                      A),
           _).
[33m^^^^^^^^^^^^^^^^^^^^^^^
[0m[33m--> metta runnable  -->
[36m!(add-atom &replayStream (candidate 776 (quote (AND ((OR ((AND (C (OR (A B)))) (AND (A B)))))))))
[33m-->  prolog goal  -->[35m 
:- findall(A,
           'add-atom'('&replayStream',
                      [ candidate,
                        776,
                        [ quote,
                          ['AND', [['OR', [['AND', ['C', ['OR', ['A', 'B']]]], ['AND', ['A', 'B']]]]]]
                        ]
                      ],
                      A),
           _).
[33m^^^^^^^^^^^^^^^^^^^^^^^
[0m[33m--> metta runnable  -->
[36m!(add-atom &replayStream (candidate 777 (quote (AND ((OR ((AND (C (OR (A B)))) A)))))))
[33m-->  prolog goal  -->[35m 
:- findall(A,
           'add-atom'('&replayStream',
                      [ candidate,
                        777,
                        [quote, ['AND', [['OR', [['AND', ['C', ['OR', ['A', 'B']]]], 'A']]]]]
                      ],
                      A),
           _).
[33m^^^^^^^^^^^^^^^^^^^^^^^
[0m[33m--> metta runnable  -->
[36m!(add-atom &replayStream (candidate 778 (quote (AND ((OR ((AND (C (OR (A B)))) (AND (A B)))))))))
[33m-->  prolog goal  -->[35m 
:- findall(A,
           'add-atom'('&replayStream',
                      [ candidate,
                        778,
                        [ quote,
                          ['AND', [['OR', [['AND', ['C', ['OR', ['A', 'B']]]], ['AND', ['A', 'B']]]]]]
                        ]
                      ],
                      A),
           _).
[33m^^^^^^^^^^^^^^^^^^^^^^^
[0m[33m--> metta runnable  -->
[36m!(add-atom &replayStream (candidate 779 (quote (AND (C (OR (A B)))))))
[33m-->  prolog goal  -->[35m 
:- findall(A,
           'add-atom'('&replayStream',
                      [candidate, 779, [quote, ['AND', ['C', ['OR', ['A', 'B']]]]]],
                      A),
           _).
[33m^^^^^^^^^^^^^^^^^^^^^^^
[0m[33m--> metta runnable  -->
[36m!(add-atom &replayStream (candidate 780 (quote (AND ((OR ((AND (C (OR (A B)))) (AND (A B)))))))))
[33m-->  prolog goal  -->[35m 
:- findall(A,
           'add-atom'('&replayStream',
                      [ candidate,
                        780,
                        [ quote,
                          ['AND', [['OR', [['AND', ['C', ['OR', ['A', 'B']]]], ['AND', ['A', 'B']]]]]]
                        ]
                      ],
                      A),
           _).
[33m^^^^^^^^^^^^^^^^^^^^^^^
[0m[33m--> metta runnable  -->
[36m!(add-atom &replayStream (candidate 781 (quote (AND (C (OR (A B)))))))
[33m-->  prolog goal  -->[35m 
:- findall(A,
           'add-atom'('&replayStream',
                      [candidate, 781, [quote, ['AND', ['C', ['OR', ['A', 'B']]]]]],
                      A),
           _).
[33m^^^^^^^^^^^^^^^^^^^^^^^
[0m[33m--> metta runnable  -->
[36m!(add-atom &replayStream (candidate 782 (quote (AND (C (OR ((AND (A B)) A B)))))))
[33m-->  prolog goal  -->[35m 
:- findall(A,
           'add-atom'('&replayStream',
                      [candidate, 782, [quote, ['AND', ['C', ['OR', [['AND', ['A', 'B']], 'A', 'B']]]]]],
                      A),
           _).
[33m^^^^^^^^^^^^^^^^^^^^^^^
[0m[33m--> metta runnable  -->
[36m!(add-atom &replayStream (candidate 783 (quote (AND ((OR ((AND (C (OR (A B)))) (AND (A B (NOT (C)))))))))))
[33m-->  prolog goal  -->[35m 
:- findall(A,
           'add-atom'('&replayStream',
                      [ candidate,
                        783,
                        [ quote,
                          [ 'AND',
                            [ [ 'OR',
                                [['AND', ['C', ['OR', ['A', 'B']]]], ['AND', ['A', 'B', ['NOT', ['C']]]]]
                              ]
                            ]
                          ]
                        ]
                      ],
                      A),
           _).
[33m^^^^^^^^^^^^^^^^^^^^^^^
[0m[33m--> metta runnable  -->
[36m!(add-atom &replayStream (candidate 784 (quote (AND (C (OR ((AND (A B)) A B)))))))
[33m-->  prolog goal  -->[35m 
:- findall(A,
           'add-atom'('&replayStream',
                      [candidate, 784, [quote, ['AND', ['C', ['OR', [['AND', ['A', 'B']], 'A', 'B']]]]]],
                      A),
           _).
[33m^^^^^^^^^^^^^^^^^^^^^^^
[0m[33m--> metta runnable  -->
[36m!(add-atom &replayStream (candidate 785 (quote (AND ((OR ((AND (C (OR (A B)))) (AND (A B (NOT (C)))))))))))
[33m-->  prolog goal  -->[35m 
:- findall(A,
           'add-atom'('&replayStream',
                      [ candidate,
                        785,
                        [ quote,
                          [ 'AND',
                            [ [ 'OR',
                                [['AND', ['C', ['OR', ['A', 'B']]]], ['AND', ['A', 'B', ['NOT', ['C']]]]]
                              ]
                            ]
                          ]
                        ]
                      ],
                      A),
           _).
[33m^^^^^^^^^^^^^^^^^^^^^^^
[0m[33m--> metta runnable  -->
[36m!(add-atom &replayStream (candidate 786 (quote (AND (C (OR (A B)))))))
[33m-->  prolog goal  -->[35m 
:- findall(A,
           'add-atom'('&replayStream',
                      [candidate, 786, [quote, ['AND', ['C', ['OR', ['A', 'B']]]]]],
                      A),
           _).
[33m^^^^^^^^^^^^^^^^^^^^^^^
[0m[33m--> metta runnable  -->
[36m!(add-atom &replayStream (candidate 787 (quote (AND ((OR ((AND (C (OR (A B)))) (AND (A B)))))))))
[33m-->  prolog goal  -->[35m 
:- findall(A,
           'add-atom'('&replayStream',
                      [ candidate,
                        787,
                        [ quote,
                          ['AND', [['OR', [['AND', ['C', ['OR', ['A', 'B']]]], ['AND', ['A', 'B']]]]]]
                        ]
                      ],
                      A),
           _).
[33m^^^^^^^^^^^^^^^^^^^^^^^
[0m[33m--> metta runnable  -->
[36m!(add-atom &replayStream (candidate 788 (quote (AND (C (OR (A B)))))))
[33m-->  prolog goal  -->[35m 
:- findall(A,
           'add-atom'('&replayStream',
                      [candidate, 788, [quote, ['AND', ['C', ['OR', ['A', 'B']]]]]],
                      A),
           _).
[33m^^^^^^^^^^^^^^^^^^^^^^^
[0m[33m--> metta runnable  -->
[36m!(add-atom &replayStream (candidate 789 (quote (AND ((OR ((AND (C (OR (A B)))) (AND (A B)))))))))
[33m-->  prolog goal  -->[35m 
:- findall(A,
           'add-atom'('&replayStream',
                      [ candidate,
                        789,
                        [ quote,
                          ['AND', [['OR', [['AND', ['C', ['OR', ['A', 'B']]]], ['AND', ['A', 'B']]]]]]
                        ]
                      ],
                      A),
           _).
[33m^^^^^^^^^^^^^^^^^^^^^^^
[0m[33m--> metta runnable  -->
[36m!(add-atom &replayStream (candidate 790 (quote (AND ((OR ((AND (C (OR (A B)))) (AND (A B)) A)))))))
[33m-->  prolog goal  -->[35m 
:- findall(A,
           'add-atom'('&replayStream',
                      [ candidate,
                        790,
                        [ quote,
                          ['AND', [['OR', [['AND', ['C', ['OR', ['A', 'B']]]], ['AND', ['A', 'B']], 'A']]]]
                        ]
                      ],
                      A),
           _).
[33m^^^^^^^^^^^^^^^^^^^^^^^
[0m[33m--> metta runnable  -->
[36m!(add-atom &replayStream (candidate 791 (quote (AND ((OR ((AND (C (OR (A B)))) (AND (A B)) (NOT (A)))))))))
[33m-->  prolog goal  -->[35m 
:- findall(A,
           'add-atom'('&replayStream',
                      [ candidate,
                        791,
                        [ quote,
                          [ 'AND',
                            [ [ 'OR',
                                [['AND', ['C', ['OR', ['A', 'B']]]], ['AND', ['A', 'B']], ['NOT', ['A']]]
                              ]
                            ]
                          ]
                        ]
                      ],
                      A),
           _).
[33m^^^^^^^^^^^^^^^^^^^^^^^
[0m[33m--> metta runnable  -->
[36m!(add-atom &replayStream (candidate 792 (quote (AND ((OR ((AND (C (OR (A B)))) (AND (A B)) B)))))))
[33m-->  prolog goal  -->[35m 
:- findall(A,
           'add-atom'('&replayStream',
                      [ candidate,
                        792,
                        [ quote,
                          ['AND', [['OR', [['AND', ['C', ['OR', ['A', 'B']]]], ['AND', ['A', 'B']], 'B']]]]
                        ]
                      ],
                      A),
           _).
[33m^^^^^^^^^^^^^^^^^^^^^^^
[0m[33m--> metta runnable  -->
[36m!(add-atom &replayStream (candidate 793 (quote (AND ((OR ((AND (C (OR (A B)))) (AND (A B)) (NOT (B)))))))))
[33m-->  prolog goal  -->[35m 
:- findall(A,
           'add-atom'('&replayStream',
                      [ candidate,
                        793,
                        [ quote,
                          [ 'AND',
                            [ [ 'OR',
                                [['AND', ['C', ['OR', ['A', 'B']]]], ['AND', ['A', 'B']], ['NOT', ['B']]]
                              ]
                            ]
                          ]
                        ]
                      ],
                      A),
           _).
[33m^^^^^^^^^^^^^^^^^^^^^^^
[0m[33m--> metta runnable  -->
[36m!(add-atom &replayStream (candidate 794 (quote (AND ((OR ((AND (C (OR (A B)))) (AND (A B)) C)))))))
[33m-->  prolog goal  -->[35m 
:- findall(A,
           'add-atom'('&replayStream',
                      [ candidate,
                        794,
                        [ quote,
                          ['AND', [['OR', [['AND', ['C', ['OR', ['A', 'B']]]], ['AND', ['A', 'B']], 'C']]]]
                        ]
                      ],
                      A),
           _).
[33m^^^^^^^^^^^^^^^^^^^^^^^
[0m[33m--> metta runnable  -->
[36m!(add-atom &replayStream (candidate 795 (quote (AND ((OR ((AND (C (OR (A B)))) (AND (A B)) (NOT (C)))))))))
[33m-->  prolog goal  -->[35m 
:- findall(A,
           'add-atom'('&replayStream',
                      [ candidate,
                        795,
                        [ quote,
                          [ 'AND',
                            [ [ 'OR',
                                [['AND', ['C', ['OR', ['A', 'B']]]], ['AND', ['A', 'B']], ['NOT', ['C']]]
                              ]
                            ]
                          ]
                        ]
                      ],
                      A),
           _).
[33m^^^^^^^^^^^^^^^^^^^^^^^
[0m[33m--> metta runnable  -->
[36m!(add-atom &replayStream (candidate 796 (quote (AND ((OR ((AND (C (OR (A B)))) (AND (A B)) (NOT (A)) B)))))))
[33m-->  prolog goal  -->[35m 
:- findall(A,
           'add-atom'('&replayStream',
                      [ candidate,
                        796,
                        [ quote,
                          [ 'AND',
                            [ [ 'OR',
                                [['AND', ['C', ['OR', ['A', 'B']]]], ['AND', ['A', 'B']], ['NOT', ['A']], 'B']
                              ]
                            ]
                          ]
                        ]
                      ],
                      A),
           _).
[33m^^^^^^^^^^^^^^^^^^^^^^^
[0m[33m--> metta runnable  -->
[36m!(add-atom &replayStream (candidate 797 (quote (AND ((OR ((AND (C (OR (A B)))) (AND (A B)) (AND (A (NOT (B)))))))))))
[33m-->  prolog goal  -->[35m 
:- findall(A,
           'add-atom'('&replayStream',
                      [ candidate,
                        797,
                        [ quote,
                          [ 'AND',
                            [ [ 'OR',
                                [ ['AND', ['C', ['OR', ['A', 'B']]]],
                                  ['AND', ['A', 'B']],
                                  ['AND', ['A', ['NOT', ['B']]]]
                                ]
                              ]
                            ]
                          ]
                        ]
                      ],
                      A),
           _).
[33m^^^^^^^^^^^^^^^^^^^^^^^
[0m[33m--> metta runnable  -->
[36m!(add-atom &replayStream (candidate 798 (quote (AND ((OR ((AND (C (OR (A B)))) (AND (A B)) A B)))))))
[33m-->  prolog goal  -->[35m 
:- findall(A,
           'add-atom'('&replayStream',
                      [ candidate,
                        798,
                        [ quote,
                          ['AND', [['OR', [['AND', ['C', ['OR', ['A', 'B']]]], ['AND', ['A', 'B']], 'A', 'B']]]]
                        ]
                      ],
                      A),
           _).
[33m^^^^^^^^^^^^^^^^^^^^^^^
[0m[33m--> metta runnable  -->
[36m!(add-atom &replayStream (candidate 799 (quote (AND ((OR ((AND (C (OR (A B)))) (AND (A B)) (AND ((NOT (A)) (NOT (B)))))))))))
[33m-->  prolog goal  -->[35m 
:- findall(A,
           'add-atom'('&replayStream',
                      [ candidate,
                        799,
                        [ quote,
                          [ 'AND',
                            [ [ 'OR',
                                [ ['AND', ['C', ['OR', ['A', 'B']]]],
                                  ['AND', ['A', 'B']],
                                  ['AND', [['NOT', ['A']], ['NOT', ['B']]]]
                                ]
                              ]
                            ]
                          ]
                        ]
                      ],
                      A),
           _).
[33m^^^^^^^^^^^^^^^^^^^^^^^
[0m[33m--> metta runnable  -->
[36m!(add-atom &replayStream (candidate 800 (quote (AND ((OR ((AND (C (OR (A B)))) (AND (A B)) A C)))))))
[33m-->  prolog goal  -->[35m 
:- findall(A,
           'add-atom'('&replayStream',
                      [ candidate,
                        800,
                        [ quote,
                          ['AND', [['OR', [['AND', ['C', ['OR', ['A', 'B']]]], ['AND', ['A', 'B']], 'A', 'C']]]]
                        ]
                      ],
                      A),
           _).
[33m^^^^^^^^^^^^^^^^^^^^^^^
[0m[33m--> metta runnable  -->
[36m!(add-atom &replayStream (candidate 801 (quote (AND ((OR ((AND (C (OR (A B)))) (AND (A B)) (AND ((NOT (A)) (NOT (C)))))))))))
[33m-->  prolog goal  -->[35m 
:- findall(A,
           'add-atom'('&replayStream',
                      [ candidate,
                        801,
                        [ quote,
                          [ 'AND',
                            [ [ 'OR',
                                [ ['AND', ['C', ['OR', ['A', 'B']]]],
                                  ['AND', ['A', 'B']],
                                  ['AND', [['NOT', ['A']], ['NOT', ['C']]]]
                                ]
                              ]
                            ]
                          ]
                        ]
                      ],
                      A),
           _).
[33m^^^^^^^^^^^^^^^^^^^^^^^
[0m[33m--> metta runnable  -->
[36m!(add-atom &replayStream (candidate 802 (quote (AND (A (OR (C B)))))))
[33m-->  prolog goal  -->[35m 
:- findall(A,
           'add-atom'('&replayStream',
                      [candidate, 802, [quote, ['AND', ['A', ['OR', ['C', 'B']]]]]],
                      A),
           _).
[33m^^^^^^^^^^^^^^^^^^^^^^^
[0m[33m--> metta runnable  -->
[36m!(add-atom &replayStream (candidate 803 (quote (AND ((NOT (A)) C B)))))
[33m-->  prolog goal  -->[35m 
:- findall(A,
           'add-atom'('&replayStream',
                      [candidate, 803, [quote, ['AND', [['NOT', ['A']], 'C', 'B']]]],
                      A),
           _).
[33m^^^^^^^^^^^^^^^^^^^^^^^
[0m[33m--> metta runnable  -->
[36m!(add-atom &replayStream (candidate 804 (quote (AND (B (OR (C A)))))))
[33m-->  prolog goal  -->[35m 
:- findall(A,
           'add-atom'('&replayStream',
                      [candidate, 804, [quote, ['AND', ['B', ['OR', ['C', 'A']]]]]],
                      A),
           _).
[33m^^^^^^^^^^^^^^^^^^^^^^^
[0m[33m--> metta runnable  -->
[36m!(add-atom &replayStream (candidate 805 (quote (AND ((NOT (B)) C A)))))
[33m-->  prolog goal  -->[35m 
:- findall(A,
           'add-atom'('&replayStream',
                      [candidate, 805, [quote, ['AND', [['NOT', ['B']], 'C', 'A']]]],
                      A),
           _).
[33m^^^^^^^^^^^^^^^^^^^^^^^
[0m[33m--> metta runnable  -->
[36m!(add-atom &replayStream (candidate 806 (quote (AND (C (OR ((AND (A B)) A B)))))))
[33m-->  prolog goal  -->[35m 
:- findall(A,
           'add-atom'('&replayStream',
                      [candidate, 806, [quote, ['AND', ['C', ['OR', [['AND', ['A', 'B']], 'A', 'B']]]]]],
                      A),
           _).
[33m^^^^^^^^^^^^^^^^^^^^^^^
[0m[33m--> metta runnable  -->
[36m!(add-atom &replayStream (candidate 807 (quote (AND ((NOT (C)) A B)))))
[33m-->  prolog goal  -->[35m 
:- findall(A,
           'add-atom'('&replayStream',
                      [candidate, 807, [quote, ['AND', [['NOT', ['C']], 'A', 'B']]]],
                      A),
           _).
[33m^^^^^^^^^^^^^^^^^^^^^^^
[0m[33m--> metta runnable  -->
[36m!(add-atom &replayStream (candidate 808 (quote (AND ((NOT (B)) C A)))))
[33m-->  prolog goal  -->[35m 
:- findall(A,
           'add-atom'('&replayStream',
                      [candidate, 808, [quote, ['AND', [['NOT', ['B']], 'C', 'A']]]],
                      A),
           _).
[33m^^^^^^^^^^^^^^^^^^^^^^^
[0m[33m--> metta runnable  -->
[36m!(add-atom &replayStream (candidate 809 (quote (AND ((OR ((AND (C (OR (A B)))) (AND (A B)))) (OR (B (NOT (C)))))))))
[33m-->  prolog goal  -->[35m 
:- findall(A,
           'add-atom'('&replayStream',
                      [ candidate,
                        809,
                        [ quote,
                          [ 'AND',
                            [ ['OR', [['AND', ['C', ['OR', ['A', 'B']]]], ['AND', ['A', 'B']]]],
                              ['OR', ['B', ['NOT', ['C']]]]
                            ]
                          ]
                        ]
                      ],
                      A),
           _).
[33m^^^^^^^^^^^^^^^^^^^^^^^
[0m[33m--> metta runnable  -->
[36m!(add-atom &replayStream (candidate 810 (quote (AND ((NOT (A)) B C)))))
[33m-->  prolog goal  -->[35m 
:- findall(A,
           'add-atom'('&replayStream',
                      [candidate, 810, [quote, ['AND', [['NOT', ['A']], 'B', 'C']]]],
                      A),
           _).
[33m^^^^^^^^^^^^^^^^^^^^^^^
[0m[33m--> metta runnable  -->
[36m!(add-atom &replayStream (candidate 811 (quote (AND ((OR ((AND (C (OR (A B)))) (AND (A B)))) (OR (A (NOT (B)))))))))
[33m-->  prolog goal  -->[35m 
:- findall(A,
           'add-atom'('&replayStream',
                      [ candidate,
                        811,
                        [ quote,
                          [ 'AND',
                            [ ['OR', [['AND', ['C', ['OR', ['A', 'B']]]], ['AND', ['A', 'B']]]],
                              ['OR', ['A', ['NOT', ['B']]]]
                            ]
                          ]
                        ]
                      ],
                      A),
           _).
[33m^^^^^^^^^^^^^^^^^^^^^^^
[0m[33m--> metta runnable  -->
[36m!(add-atom &replayStream (candidate 812 (quote (AND (A B)))))
[33m-->  prolog goal  -->[35m 
:- findall(A,
           'add-atom'('&replayStream', [candidate, 812, [quote, ['AND', ['A', 'B']]]], A),
           _).
[33m^^^^^^^^^^^^^^^^^^^^^^^
[0m[33m--> metta runnable  -->
[36m!(add-atom &replayStream (candidate 813 (quote (AND ((OR ((AND (C (OR (A B)))) (AND (A B)))) (OR ((NOT (A)) (NOT (B)))))))))
[33m-->  prolog goal  -->[35m 
:- findall(A,
           'add-atom'('&replayStream',
                      [ candidate,
                        813,
                        [ quote,
                          [ 'AND',
                            [ ['OR', [['AND', ['C', ['OR', ['A', 'B']]]], ['AND', ['A', 'B']]]],
                              ['OR', [['NOT', ['A']], ['NOT', ['B']]]]
                            ]
                          ]
                        ]
                      ],
                      A),
           _).
[33m^^^^^^^^^^^^^^^^^^^^^^^
[0m[33m--> metta runnable  -->
[36m!(add-atom &replayStream (candidate 814 (quote (AND ((OR (A (AND (C (OR (A B)))) (AND (A B)))))))))
[33m-->  prolog goal  -->[35m 
:- findall(A,
           'add-atom'('&replayStream',
                      [ candidate,
                        814,
                        [ quote,
                          ['AND', [['OR', ['A', ['AND', ['C', ['OR', ['A', 'B']]]], ['AND', ['A', 'B']]]]]]
                        ]
                      ],
                      A),
           _).
[33m^^^^^^^^^^^^^^^^^^^^^^^
[0m[33m--> metta runnable  -->
[36m!(add-atom &replayStream (candidate 815 (quote (AND ((OR ((NOT (A)) (AND (C (OR (A B)))) (AND (A B)))))))))
[33m-->  prolog goal  -->[35m 
:- findall(A,
           'add-atom'('&replayStream',
                      [ candidate,
                        815,
                        [ quote,
                          [ 'AND',
                            [ [ 'OR',
                                [['NOT', ['A']], ['AND', ['C', ['OR', ['A', 'B']]]], ['AND', ['A', 'B']]]
                              ]
                            ]
                          ]
                        ]
                      ],
                      A),
           _).
[33m^^^^^^^^^^^^^^^^^^^^^^^
[0m[33m--> metta runnable  -->
[36m!(add-atom &replayStream (candidate 816 (quote (AND ((OR (B (AND (C (OR (A B)))) (AND (A B)))))))))
[33m-->  prolog goal  -->[35m 
:- findall(A,
           'add-atom'('&replayStream',
                      [ candidate,
                        816,
                        [ quote,
                          ['AND', [['OR', ['B', ['AND', ['C', ['OR', ['A', 'B']]]], ['AND', ['A', 'B']]]]]]
                        ]
                      ],
                      A),
           _).
[33m^^^^^^^^^^^^^^^^^^^^^^^
[0m[33m--> metta runnable  -->
[36m!(add-atom &replayStream (candidate 817 (quote (AND ((OR ((NOT (B)) (AND (C (OR (A B)))) (AND (A B)))))))))
[33m-->  prolog goal  -->[35m 
:- findall(A,
           'add-atom'('&replayStream',
                      [ candidate,
                        817,
                        [ quote,
                          [ 'AND',
                            [ [ 'OR',
                                [['NOT', ['B']], ['AND', ['C', ['OR', ['A', 'B']]]], ['AND', ['A', 'B']]]
                              ]
                            ]
                          ]
                        ]
                      ],
                      A),
           _).
[33m^^^^^^^^^^^^^^^^^^^^^^^
[0m[33m--> metta runnable  -->
[36m!(add-atom &replayStream (candidate 818 (quote (AND ((OR (C (AND (C (OR (A B)))) (AND (A B)))))))))
[33m-->  prolog goal  -->[35m 
:- findall(A,
           'add-atom'('&replayStream',
                      [ candidate,
                        818,
                        [ quote,
                          ['AND', [['OR', ['C', ['AND', ['C', ['OR', ['A', 'B']]]], ['AND', ['A', 'B']]]]]]
                        ]
                      ],
                      A),
           _).
[33m^^^^^^^^^^^^^^^^^^^^^^^
[0m[33m--> metta runnable  -->
[36m!(add-atom &replayStream (candidate 819 (quote (AND ((OR ((NOT (C)) (AND (C (OR (A B)))) (AND (A B)))))))))
[33m-->  prolog goal  -->[35m 
:- findall(A,
           'add-atom'('&replayStream',
                      [ candidate,
                        819,
                        [ quote,
                          [ 'AND',
                            [ [ 'OR',
                                [['NOT', ['C']], ['AND', ['C', ['OR', ['A', 'B']]]], ['AND', ['A', 'B']]]
                              ]
                            ]
                          ]
                        ]
                      ],
                      A),
           _).
[33m^^^^^^^^^^^^^^^^^^^^^^^
[0m[33m--> metta runnable  -->
[36m!(add-atom &replayStream (candidate 820 (quote (AND ((OR ((AND (C (OR (A B)))) (AND (A B)) A C)))))))
[33m-->  prolog goal  -->[35m 
:- findall(A,
           'add-atom'('&replayStream',
                      [ candidate,
                        820,
                        [ quote,
                          ['AND', [['OR', [['AND', ['C', ['OR', ['A', 'B']]]], ['AND', ['A', 'B']], 'A', 'C']]]]
                        ]
                      ],
                      A),
           _).
[33m^^^^^^^^^^^^^^^^^^^^^^^
[0m[33m--> metta runnable  -->
[36m!(add-atom &replayStream (candidate 821 (quote (AND ((OR ((AND ((NOT (A)) (NOT (C)))) (AND (C (OR (A B)))) (AND (A B)))))))))
[33m-->  prolog goal  -->[35m 
:- findall(A,
           'add-atom'('&replayStream',
                      [ candidate,
                        821,
                        [ quote,
                          [ 'AND',
                            [ [ 'OR',
                                [ ['AND', [['NOT', ['A']], ['NOT', ['C']]]],
                                  ['AND', ['C', ['OR', ['A', 'B']]]],
                                  ['AND', ['A', 'B']]
                                ]
                              ]
                            ]
                          ]
                        ]
                      ],
                      A),
           _).
[33m^^^^^^^^^^^^^^^^^^^^^^^
[0m[33m--> metta runnable  -->
[36m!(add-atom &replayStream (candidate 822 (quote (AND ((OR ((AND (C (OR (A B)))) (AND (A B)) A B)))))))
[33m-->  prolog goal  -->[35m 
:- findall(A,
           'add-atom'('&replayStream',
                      [ candidate,
                        822,
                        [ quote,
                          ['AND', [['OR', [['AND', ['C', ['OR', ['A', 'B']]]], ['AND', ['A', 'B']], 'A', 'B']]]]
                        ]
                      ],
                      A),
           _).
[33m^^^^^^^^^^^^^^^^^^^^^^^
[0m[33m--> metta runnable  -->
[36m!(add-atom &replayStream (candidate 823 (quote (AND ((OR ((AND ((NOT (A)) (NOT (B)))) (AND (C (OR (A B)))) (AND (A B)))))))))
[33m-->  prolog goal  -->[35m 
:- findall(A,
           'add-atom'('&replayStream',
                      [ candidate,
                        823,
                        [ quote,
                          [ 'AND',
                            [ [ 'OR',
                                [ ['AND', [['NOT', ['A']], ['NOT', ['B']]]],
                                  ['AND', ['C', ['OR', ['A', 'B']]]],
                                  ['AND', ['A', 'B']]
                                ]
                              ]
                            ]
                          ]
                        ]
                      ],
                      A),
           _).
[33m^^^^^^^^^^^^^^^^^^^^^^^
[0m[33m--> metta runnable  -->
[36m!(add-atom &replayStream (candidate 824 (quote (AND ((OR ((AND (C (OR (A B)))) (AND (A B)) B C)))))))
[33m-->  prolog goal  -->[35m 
:- findall(A,
           'add-atom'('&replayStream',
                      [ candidate,
                        824,
                        [ quote,
                          ['AND', [['OR', [['AND', ['C', ['OR', ['A', 'B']]]], ['AND', ['A', 'B']], 'B', 'C']]]]
                        ]
                      ],
                      A),
           _).
[33m^^^^^^^^^^^^^^^^^^^^^^^
[0m[33m--> metta runnable  -->
[36m!(add-atom &replayStream (candidate 825 (quote (AND ((OR ((AND ((NOT (B)) (NOT (C)))) (AND (C (OR (A B)))) (AND (A B)))))))))
[33m-->  prolog goal  -->[35m 
:- findall(A,
           'add-atom'('&replayStream',
                      [ candidate,
                        825,
                        [ quote,
                          [ 'AND',
                            [ [ 'OR',
                                [ ['AND', [['NOT', ['B']], ['NOT', ['C']]]],
                                  ['AND', ['C', ['OR', ['A', 'B']]]],
                                  ['AND', ['A', 'B']]
                                ]
                              ]
                            ]
                          ]
                        ]
                      ],
                      A),
           _).
[33m^^^^^^^^^^^^^^^^^^^^^^^
[0m[33m--> metta runnable  -->
[36m!(add-atom &replayStream (candidate 826 (quote (AND ((OR ((AND (C (OR (A B)))) (AND (A B)))))))))
[33m-->  prolog goal  -->[35m 
:- findall(A,
           'add-atom'('&replayStream',
                      [ candidate,
                        826,
                        [ quote,
                          ['AND', [['OR', [['AND', ['C', ['OR', ['A', 'B']]]], ['AND', ['A', 'B']]]]]]
                        ]
                      ],
                      A),
           _).
[33m^^^^^^^^^^^^^^^^^^^^^^^
[0m[33m--> metta runnable  -->
[36m!(add-atom &replayStream (candidate 827 (quote (AND ((OR ((AND (C (OR (A B)))) (AND (B A)))))))))
[33m-->  prolog goal  -->[35m 
:- findall(A,
           'add-atom'('&replayStream',
                      [ candidate,
                        827,
                        [ quote,
                          ['AND', [['OR', [['AND', ['C', ['OR', ['A', 'B']]]], ['AND', ['B', 'A']]]]]]
                        ]
                      ],
                      A),
           _).
[33m^^^^^^^^^^^^^^^^^^^^^^^
[0m[33m--> metta runnable  -->
[36m!(add-atom &replayStream (candidate 828 (quote (AND ((OR ((AND (C (OR (A B)))) (AND (A B)))))))))
[33m-->  prolog goal  -->[35m 
:- findall(A,
           'add-atom'('&replayStream',
                      [ candidate,
                        828,
                        [ quote,
                          ['AND', [['OR', [['AND', ['C', ['OR', ['A', 'B']]]], ['AND', ['A', 'B']]]]]]
                        ]
                      ],
                      A),
           _).
[33m^^^^^^^^^^^^^^^^^^^^^^^
[0m[33m--> metta runnable  -->
[36m!(add-atom &replayStream (candidate 829 (quote (AND ((OR ((AND (C (OR (A B B)))) (AND (A B)))))))))
[33m-->  prolog goal  -->[35m 
:- findall(A,
           'add-atom'('&replayStream',
                      [ candidate,
                        829,
                        [ quote,
                          ['AND', [['OR', [['AND', ['C', ['OR', ['A', 'B', 'B']]]], ['AND', ['A', 'B']]]]]]
                        ]
                      ],
                      A),
           _).
[33m^^^^^^^^^^^^^^^^^^^^^^^
[0m[33m--> metta runnable  -->
[36m!(add-atom &replayStream (candidate 830 (quote (AND ((OR ((AND (C (OR (A B A)))) (AND (A B)))))))))
[33m-->  prolog goal  -->[35m 
:- findall(A,
           'add-atom'('&replayStream',
                      [ candidate,
                        830,
                        [ quote,
                          ['AND', [['OR', [['AND', ['C', ['OR', ['A', 'B', 'A']]]], ['AND', ['A', 'B']]]]]]
                        ]
                      ],
                      A),
           _).
[33m^^^^^^^^^^^^^^^^^^^^^^^
[0m[33m--> metta runnable  -->
[36m!(add-atom &replayStream (candidate 831 (quote (AND ((OR ((AND (C (OR ((AND (A (NOT (B)))) B)))) (AND (A B)))))))))
[33m-->  prolog goal  -->[35m 
:- findall(A,
           'add-atom'('&replayStream',
                      [ candidate,
                        831,
                        [ quote,
                          [ 'AND',
                            [ [ 'OR',
                                [ ['AND', ['C', ['OR', [['AND', ['A', ['NOT', ['B']]]], 'B']]]],
                                  ['AND', ['A', 'B']]
                                ]
                              ]
                            ]
                          ]
                        ]
                      ],
                      A),
           _).
[33m^^^^^^^^^^^^^^^^^^^^^^^
[0m[33m--> metta runnable  -->
[36m!(add-atom &replayStream (candidate 832 (quote (AND ((OR ((AND (C (OR (A (AND (B (NOT (A)))))))) (AND (A B)))))))))
[33m-->  prolog goal  -->[35m 
:- findall(A,
           'add-atom'('&replayStream',
                      [ candidate,
                        832,
                        [ quote,
                          [ 'AND',
                            [ [ 'OR',
                                [ ['AND', ['C', ['OR', ['A', ['AND', ['B', ['NOT', ['A']]]]]]]],
                                  ['AND', ['A', 'B']]
                                ]
                              ]
                            ]
                          ]
                        ]
                      ],
                      A),
           _).
[33m^^^^^^^^^^^^^^^^^^^^^^^
[0m[33m--> metta runnable  -->
[36m!(add-atom &replayStream (candidate 833 (quote (AND ((OR ((AND (C (OR (A B A)))) (AND (A B)))))))))
[33m-->  prolog goal  -->[35m 
:- findall(A,
           'add-atom'('&replayStream',
                      [ candidate,
                        833,
                        [ quote,
                          ['AND', [['OR', [['AND', ['C', ['OR', ['A', 'B', 'A']]]], ['AND', ['A', 'B']]]]]]
                        ]
                      ],
                      A),
           _).
[33m^^^^^^^^^^^^^^^^^^^^^^^
[0m[33m--> metta runnable  -->
[36m!(add-atom &replayStream (candidate 834 (quote (AND ((OR ((AND (C (OR (A B B)))) (AND (A B)))))))))
[33m-->  prolog goal  -->[35m 
:- findall(A,
           'add-atom'('&replayStream',
                      [ candidate,
                        834,
                        [ quote,
                          ['AND', [['OR', [['AND', ['C', ['OR', ['A', 'B', 'B']]]], ['AND', ['A', 'B']]]]]]
                        ]
                      ],
                      A),
           _).
[33m^^^^^^^^^^^^^^^^^^^^^^^
[0m[33m--> metta runnable  -->
[36m!(add-atom &replayStream (candidate 835 (quote (AND ((OR ((AND (C (OR (A B)))) (AND ((NOT (C)) A B)))))))))
[33m-->  prolog goal  -->[35m 
:- findall(A,
           'add-atom'('&replayStream',
                      [ candidate,
                        835,
                        [ quote,
                          [ 'AND',
                            [ [ 'OR',
                                [['AND', ['C', ['OR', ['A', 'B']]]], ['AND', [['NOT', ['C']], 'A', 'B']]]
                              ]
                            ]
                          ]
                        ]
                      ],
                      A),
           _).
[33m^^^^^^^^^^^^^^^^^^^^^^^
[0m[33m--> metta runnable  -->
[36m!(add-atom &replayStream (candidate 836 (quote (AND ((OR ((AND (C (OR (A B)))) (AND (B (NOT (C)) A)))))))))
[33m-->  prolog goal  -->[35m 
:- findall(A,
           'add-atom'('&replayStream',
                      [ candidate,
                        836,
                        [ quote,
                          [ 'AND',
                            [ [ 'OR',
                                [['AND', ['C', ['OR', ['A', 'B']]]], ['AND', ['B', ['NOT', ['C']], 'A']]]
                              ]
                            ]
                          ]
                        ]
                      ],
                      A),
           _).
[33m^^^^^^^^^^^^^^^^^^^^^^^
[0m[33m--> metta runnable  -->
[36m!(add-atom &replayStream (candidate 837 (quote (AND ((OR ((AND (C (OR (A B)))) (AND (B (OR (A C)))))))))))
[33m-->  prolog goal  -->[35m 
:- findall(A,
           'add-atom'('&replayStream',
                      [ candidate,
                        837,
                        [ quote,
                          [ 'AND',
                            [['OR', [['AND', ['C', ['OR', ['A', 'B']]]], ['AND', ['B', ['OR', ['A', 'C']]]]]]]
                          ]
                        ]
                      ],
                      A),
           _).
[33m^^^^^^^^^^^^^^^^^^^^^^^
[0m[33m--> metta runnable  -->
[36m!(add-atom &replayStream (candidate 838 (quote (AND ((OR ((AND (C (OR (A B)))) (AND (A (OR (B C)))))))))))
[33m-->  prolog goal  -->[35m 
:- findall(A,
           'add-atom'('&replayStream',
                      [ candidate,
                        838,
                        [ quote,
                          [ 'AND',
                            [['OR', [['AND', ['C', ['OR', ['A', 'B']]]], ['AND', ['A', ['OR', ['B', 'C']]]]]]]
                          ]
                        ]
                      ],
                      A),
           _).
[33m^^^^^^^^^^^^^^^^^^^^^^^
[0m[33m--> metta runnable  -->
[36m!(add-atom &replayStream (candidate 839 (quote (AND ((OR ((AND (C (OR (A B)))) (AND (A B (NOT (C)))))))))))
[33m-->  prolog goal  -->[35m 
:- findall(A,
           'add-atom'('&replayStream',
                      [ candidate,
                        839,
                        [ quote,
                          [ 'AND',
                            [ [ 'OR',
                                [['AND', ['C', ['OR', ['A', 'B']]]], ['AND', ['A', 'B', ['NOT', ['C']]]]]
                              ]
                            ]
                          ]
                        ]
                      ],
                      A),
           _).
[33m^^^^^^^^^^^^^^^^^^^^^^^
[0m[33m--> metta runnable  -->
[36m!(add-atom &replayStream (candidate 840 (quote (AND (A (OR (C B)))))))
[33m-->  prolog goal  -->[35m 
:- findall(A,
           'add-atom'('&replayStream',
                      [candidate, 840, [quote, ['AND', ['A', ['OR', ['C', 'B']]]]]],
                      A),
           _).
[33m^^^^^^^^^^^^^^^^^^^^^^^
[0m[33m--> metta runnable  -->
[36m!(add-atom &replayStream (candidate 841 (quote (AND (B (OR (C A)))))))
[33m-->  prolog goal  -->[35m 
:- findall(A,
           'add-atom'('&replayStream',
                      [candidate, 841, [quote, ['AND', ['B', ['OR', ['C', 'A']]]]]],
                      A),
           _).
[33m^^^^^^^^^^^^^^^^^^^^^^^
[0m[33m--> metta runnable  -->
[36m!(add-atom &replayStream (candidate 842 (quote (AND (C (OR (A B)))))))
[33m-->  prolog goal  -->[35m 
:- findall(A,
           'add-atom'('&replayStream',
                      [candidate, 842, [quote, ['AND', ['C', ['OR', ['A', 'B']]]]]],
                      A),
           _).
[33m^^^^^^^^^^^^^^^^^^^^^^^
[0m[33m--> metta runnable  -->
[36m!(add-atom &replayStream (candidate 843 (quote (AND (A (OR (C B)))))))
[33m-->  prolog goal  -->[35m 
:- findall(A,
           'add-atom'('&replayStream',
                      [candidate, 843, [quote, ['AND', ['A', ['OR', ['C', 'B']]]]]],
                      A),
           _).
[33m^^^^^^^^^^^^^^^^^^^^^^^
[0m[33m--> metta runnable  -->
[36m!(add-atom &replayStream (candidate 844 (quote (AND (B (OR (C A)))))))
[33m-->  prolog goal  -->[35m 
:- findall(A,
           'add-atom'('&replayStream',
                      [candidate, 844, [quote, ['AND', ['B', ['OR', ['C', 'A']]]]]],
                      A),
           _).
[33m^^^^^^^^^^^^^^^^^^^^^^^
[0m[33m--> metta runnable  -->
[36m!(add-atom &replayStream (candidate 845 (quote (AND ((OR (C (AND (A B)))))))))
[33m-->  prolog goal  -->[35m 
:- findall(A,
           'add-atom'('&replayStream',
                      [candidate, 845, [quote, ['AND', [['OR', ['C', ['AND', ['A', 'B']]]]]]]],
                      A),
           _).
[33m^^^^^^^^^^^^^^^^^^^^^^^
[0m[33m--> metta runnable  -->
[36m!(add-atom &replayStream (candidate 846 (quote (AND (A (OR (C B)))))))
[33m-->  prolog goal  -->[35m 
:- findall(A,
           'add-atom'('&replayStream',
                      [candidate, 846, [quote, ['AND', ['A', ['OR', ['C', 'B']]]]]],
                      A),
           _).
[33m^^^^^^^^^^^^^^^^^^^^^^^
[0m[33m--> metta runnable  -->
[36m!(add-atom &replayStream (candidate 847 (quote (AND (B (OR (C A)))))))
[33m-->  prolog goal  -->[35m 
:- findall(A,
           'add-atom'('&replayStream',
                      [candidate, 847, [quote, ['AND', ['B', ['OR', ['C', 'A']]]]]],
                      A),
           _).
[33m^^^^^^^^^^^^^^^^^^^^^^^
[0m[33m--> metta runnable  -->
[36m!(add-atom &replayStream (candidate 848 (quote (AND (A (OR (C B)))))))
[33m-->  prolog goal  -->[35m 
:- findall(A,
           'add-atom'('&replayStream',
                      [candidate, 848, [quote, ['AND', ['A', ['OR', ['C', 'B']]]]]],
                      A),
           _).
[33m^^^^^^^^^^^^^^^^^^^^^^^
[0m[33m--> metta runnable  -->
[36m!(add-atom &replayStream (candidate 849 (quote (AND ((OR (C (AND (A B)))))))))
[33m-->  prolog goal  -->[35m 
:- findall(A,
           'add-atom'('&replayStream',
                      [candidate, 849, [quote, ['AND', [['OR', ['C', ['AND', ['A', 'B']]]]]]]],
                      A),
           _).
[33m^^^^^^^^^^^^^^^^^^^^^^^
[0m[33m--> metta runnable  -->
[36m!(add-atom &replayStream (candidate 850 (quote (AND (B (OR (C A)))))))
[33m-->  prolog goal  -->[35m 
:- findall(A,
           'add-atom'('&replayStream',
                      [candidate, 850, [quote, ['AND', ['B', ['OR', ['C', 'A']]]]]],
                      A),
           _).
[33m^^^^^^^^^^^^^^^^^^^^^^^
[0m[33m--> metta runnable  -->
[36m!(add-atom &replayStream (candidate 851 (quote (AND (A (OR (C B)))))))
[33m-->  prolog goal  -->[35m 
:- findall(A,
           'add-atom'('&replayStream',
                      [candidate, 851, [quote, ['AND', ['A', ['OR', ['C', 'B']]]]]],
                      A),
           _).
[33m^^^^^^^^^^^^^^^^^^^^^^^
[0m[33m--> metta runnable  -->
[36m!(add-atom &replayStream (candidate 852 (quote (AND ((OR (C (AND (A B)))))))))
[33m-->  prolog goal  -->[35m 
:- findall(A,
           'add-atom'('&replayStream',
                      [candidate, 852, [quote, ['AND', [['OR', ['C', ['AND', ['A', 'B']]]]]]]],
                      A),
           _).
[33m^^^^^^^^^^^^^^^^^^^^^^^
[0m[33m--> metta runnable  -->
[36m!(add-atom &replayStream (candidate 853 (quote (AND (A (OR (C B)))))))
[33m-->  prolog goal  -->[35m 
:- findall(A,
           'add-atom'('&replayStream',
                      [candidate, 853, [quote, ['AND', ['A', ['OR', ['C', 'B']]]]]],
                      A),
           _).
[33m^^^^^^^^^^^^^^^^^^^^^^^
[0m[33m--> metta runnable  -->
[36m!(add-atom &replayStream (candidate 854 (quote (AND (B (OR (C A)))))))
[33m-->  prolog goal  -->[35m 
:- findall(A,
           'add-atom'('&replayStream',
                      [candidate, 854, [quote, ['AND', ['B', ['OR', ['C', 'A']]]]]],
                      A),
           _).
[33m^^^^^^^^^^^^^^^^^^^^^^^
[0m[33m--> metta runnable  -->
[36m!(add-atom &replayStream (candidate 855 (quote (AND (C (OR (A B)))))))
[33m-->  prolog goal  -->[35m 
:- findall(A,
           'add-atom'('&replayStream',
                      [candidate, 855, [quote, ['AND', ['C', ['OR', ['A', 'B']]]]]],
                      A),
           _).
[33m^^^^^^^^^^^^^^^^^^^^^^^
[0m[33m--> metta runnable  -->
[36m!(add-atom &replayStream (candidate 856 (quote (AND (A (OR (C B)))))))
[33m-->  prolog goal  -->[35m 
:- findall(A,
           'add-atom'('&replayStream',
                      [candidate, 856, [quote, ['AND', ['A', ['OR', ['C', 'B']]]]]],
                      A),
           _).
[33m^^^^^^^^^^^^^^^^^^^^^^^
[0m[33m--> metta runnable  -->
[36m!(add-atom &replayStream (candidate 857 (quote (AND (B (OR (C A)))))))
[33m-->  prolog goal  -->[35m 
:- findall(A,
           'add-atom'('&replayStream',
                      [candidate, 857, [quote, ['AND', ['B', ['OR', ['C', 'A']]]]]],
                      A),
           _).
[33m^^^^^^^^^^^^^^^^^^^^^^^
[0m[33m--> metta runnable  -->
[36m!(add-atom &replayStream (candidate 858 (quote (AND ((OR ((AND (A C)) (AND (C (OR (A B)))) (AND (A B)))))))))
[33m-->  prolog goal  -->[35m 
:- findall(A,
           'add-atom'('&replayStream',
                      [ candidate,
                        858,
                        [ quote,
                          [ 'AND',
                            [ [ 'OR',
                                [['AND', ['A', 'C']], ['AND', ['C', ['OR', ['A', 'B']]]], ['AND', ['A', 'B']]]
                              ]
                            ]
                          ]
                        ]
                      ],
                      A),
           _).
[33m^^^^^^^^^^^^^^^^^^^^^^^
[0m[33m--> metta runnable  -->
[36m!(add-atom &replayStream (candidate 859 (quote (AND ((OR ((AND (A B)) (AND (C (OR (A B)))) (AND (A B)))))))))
[33m-->  prolog goal  -->[35m 
:- findall(A,
           'add-atom'('&replayStream',
                      [ candidate,
                        859,
                        [ quote,
                          [ 'AND',
                            [ [ 'OR',
                                [['AND', ['A', 'B']], ['AND', ['C', ['OR', ['A', 'B']]]], ['AND', ['A', 'B']]]
                              ]
                            ]
                          ]
                        ]
                      ],
                      A),
           _).
[33m^^^^^^^^^^^^^^^^^^^^^^^
[0m[33m--> metta runnable  -->
[36m!(add-atom &replayStream (candidate 860 (quote (AND ((OR ((AND (C (OR (A B)))) (AND (A B)))) (OR (A C)))))))
[33m-->  prolog goal  -->[35m 
:- findall(A,
           'add-atom'('&replayStream',
                      [ candidate,
                        860,
                        [ quote,
                          [ 'AND',
                            [ ['OR', [['AND', ['C', ['OR', ['A', 'B']]]], ['AND', ['A', 'B']]]],
                              ['OR', ['A', 'C']]
                            ]
                          ]
                        ]
                      ],
                      A),
           _).
[33m^^^^^^^^^^^^^^^^^^^^^^^
[0m[33m--> metta runnable  -->
[36m!(add-atom &replayStream (candidate 861 (quote (AND ((OR ((AND (C (OR (A B)))) (AND (A B)))) (OR (B C)))))))
[33m-->  prolog goal  -->[35m 
:- findall(A,
           'add-atom'('&replayStream',
                      [ candidate,
                        861,
                        [ quote,
                          [ 'AND',
                            [ ['OR', [['AND', ['C', ['OR', ['A', 'B']]]], ['AND', ['A', 'B']]]],
                              ['OR', ['B', 'C']]
                            ]
                          ]
                        ]
                      ],
                      A),
           _).
[33m^^^^^^^^^^^^^^^^^^^^^^^
[0m[33m--> metta runnable  -->
[36m!(add-atom &replayStream (candidate 862 (quote (AND ((OR ((AND (C (OR (A B)))) (AND (A B)) (AND (B C)))))))))
[33m-->  prolog goal  -->[35m 
:- findall(A,
           'add-atom'('&replayStream',
                      [ candidate,
                        862,
                        [ quote,
                          [ 'AND',
                            [ [ 'OR',
                                [['AND', ['C', ['OR', ['A', 'B']]]], ['AND', ['A', 'B']], ['AND', ['B', 'C']]]
                              ]
                            ]
                          ]
                        ]
                      ],
                      A),
           _).
[33m^^^^^^^^^^^^^^^^^^^^^^^
[0m[33m--> metta runnable  -->
[36m!(add-atom &replayStream (candidate 863 (quote (AND ((OR ((AND (C (OR (A B (AND (A B)))))) (AND (A B)))))))))
[33m-->  prolog goal  -->[35m 
:- findall(A,
           'add-atom'('&replayStream',
                      [ candidate,
                        863,
                        [ quote,
                          [ 'AND',
                            [ [ 'OR',
                                [['AND', ['C', ['OR', ['A', 'B', ['AND', ['A', 'B']]]]]], ['AND', ['A', 'B']]]
                              ]
                            ]
                          ]
                        ]
                      ],
                      A),
           _).
[33m^^^^^^^^^^^^^^^^^^^^^^^
[0m[33m--> metta runnable  -->
[36m!(add-atom &replayStream (candidate 864 (quote (AND ((OR ((AND (C (OR (A B (AND (A (NOT (B)))))))) (AND (A B)))))))))
[33m-->  prolog goal  -->[35m 
:- findall(A,
           'add-atom'('&replayStream',
                      [ candidate,
                        864,
                        [ quote,
                          [ 'AND',
                            [ [ 'OR',
                                [ ['AND', ['C', ['OR', ['A', 'B', ['AND', ['A', ['NOT', ['B']]]]]]]],
                                  ['AND', ['A', 'B']]
                                ]
                              ]
                            ]
                          ]
                        ]
                      ],
                      A),
           _).
[33m^^^^^^^^^^^^^^^^^^^^^^^
[0m[33m--> metta runnable  -->
[36m!(add-atom &replayStream (candidate 865 (quote (AND ((OR ((AND (C (OR (A B)))) (AND (B (OR (A (AND ((NOT (A)) C)))))))))))))
[33m-->  prolog goal  -->[35m 
:- findall(A,
           'add-atom'('&replayStream',
                      [ candidate,
                        865,
                        [ quote,
                          [ 'AND',
                            [ [ 'OR',
                                [ ['AND', ['C', ['OR', ['A', 'B']]]],
                                  ['AND', ['B', ['OR', ['A', ['AND', [['NOT', ['A']], 'C']]]]]]
                                ]
                              ]
                            ]
                          ]
                        ]
                      ],
                      A),
           _).
[33m^^^^^^^^^^^^^^^^^^^^^^^
[0m[33m--> metta runnable  -->
[36m!(add-atom &replayStream (candidate 866 (quote (AND (B (OR ((AND ((NOT (A)) C)) A)))))))
[33m-->  prolog goal  -->[35m 
:- findall(A,
           'add-atom'('&replayStream',
                      [ candidate,
                        866,
                        [quote, ['AND', ['B', ['OR', [['AND', [['NOT', ['A']], 'C']], 'A']]]]]
                      ],
                      A),
           _).
[33m^^^^^^^^^^^^^^^^^^^^^^^
[0m[33m--> metta runnable  -->
[36m!(add-atom &replayStream (candidate 867 (quote (AND (A (OR ((AND ((NOT (B)) C)) B)))))))
[33m-->  prolog goal  -->[35m 
:- findall(A,
           'add-atom'('&replayStream',
                      [ candidate,
                        867,
                        [quote, ['AND', ['A', ['OR', [['AND', [['NOT', ['B']], 'C']], 'B']]]]]
                      ],
                      A),
           _).
[33m^^^^^^^^^^^^^^^^^^^^^^^
[0m[33m--> metta runnable  -->
[36m!(add-atom &replayStream (candidate 868 (quote (AND (A (OR ((AND (C (NOT (B)))) B)))))))
[33m-->  prolog goal  -->[35m 
:- findall(A,
           'add-atom'('&replayStream',
                      [ candidate,
                        868,
                        [quote, ['AND', ['A', ['OR', [['AND', ['C', ['NOT', ['B']]]], 'B']]]]]
                      ],
                      A),
           _).
[33m^^^^^^^^^^^^^^^^^^^^^^^
[0m[33m--> metta runnable  -->
[36m!(add-atom &replayStream (candidate 869 (quote (AND (B (OR ((AND (C (NOT (A)))) A)))))))
[33m-->  prolog goal  -->[35m 
:- findall(A,
           'add-atom'('&replayStream',
                      [ candidate,
                        869,
                        [quote, ['AND', ['B', ['OR', [['AND', ['C', ['NOT', ['A']]]], 'A']]]]]
                      ],
                      A),
           _).
[33m^^^^^^^^^^^^^^^^^^^^^^^
[0m[33m--> metta runnable  -->
[36m!(add-atom &replayStream (candidate 870 (quote (AND (A (OR ((AND (C (NOT (B)))) B)))))))
[33m-->  prolog goal  -->[35m 
:- findall(A,
           'add-atom'('&replayStream',
                      [ candidate,
                        870,
                        [quote, ['AND', ['A', ['OR', [['AND', ['C', ['NOT', ['B']]]], 'B']]]]]
                      ],
                      A),
           _).
[33m^^^^^^^^^^^^^^^^^^^^^^^
[0m[33m--> metta runnable  -->
[36m!(add-atom &replayStream (candidate 871 (quote (AND (B (OR ((AND (C (NOT (A)))) A)))))))
[33m-->  prolog goal  -->[35m 
:- findall(A,
           'add-atom'('&replayStream',
                      [ candidate,
                        871,
                        [quote, ['AND', ['B', ['OR', [['AND', ['C', ['NOT', ['A']]]], 'A']]]]]
                      ],
                      A),
           _).
[33m^^^^^^^^^^^^^^^^^^^^^^^
[0m[33m--> metta runnable  -->
[36m!(add-atom &replayStream (candidate 872 (quote (AND ((OR ((AND (C (OR (A B)))) B)))))))
[33m-->  prolog goal  -->[35m 
:- findall(A,
           'add-atom'('&replayStream',
                      [ candidate,
                        872,
                        [quote, ['AND', [['OR', [['AND', ['C', ['OR', ['A', 'B']]]], 'B']]]]]
                      ],
                      A),
           _).
[33m^^^^^^^^^^^^^^^^^^^^^^^
[0m[33m--> metta runnable  -->
[36m!(add-atom &replayStream (candidate 873 (quote (AND ((OR ((AND (C (OR (A B)))) A)))))))
[33m-->  prolog goal  -->[35m 
:- findall(A,
           'add-atom'('&replayStream',
                      [ candidate,
                        873,
                        [quote, ['AND', [['OR', [['AND', ['C', ['OR', ['A', 'B']]]], 'A']]]]]
                      ],
                      A),
           _).
[33m^^^^^^^^^^^^^^^^^^^^^^^
[0m[33m--> metta runnable  -->
[36m!(add-atom &replayStream (candidate 874 (quote (AND ((OR ((AND (C (OR (A B)))) B)))))))
[33m-->  prolog goal  -->[35m 
:- findall(A,
           'add-atom'('&replayStream',
                      [ candidate,
                        874,
                        [quote, ['AND', [['OR', [['AND', ['C', ['OR', ['A', 'B']]]], 'B']]]]]
                      ],
                      A),
           _).
[33m^^^^^^^^^^^^^^^^^^^^^^^
[0m[33m--> metta runnable  -->
[36m!(add-atom &replayStream (candidate 875 (quote (AND ((OR ((AND (C (OR (A B)))) A)))))))
[33m-->  prolog goal  -->[35m 
:- findall(A,
           'add-atom'('&replayStream',
                      [ candidate,
                        875,
                        [quote, ['AND', [['OR', [['AND', ['C', ['OR', ['A', 'B']]]], 'A']]]]]
                      ],
                      A),
           _).
[33m^^^^^^^^^^^^^^^^^^^^^^^
[0m[33m--> metta runnable  -->
[36m!(add-atom &replayStream (candidate 876 (quote (AND (C (OR ((AND (A B)) A B)))))))
[33m-->  prolog goal  -->[35m 
:- findall(A,
           'add-atom'('&replayStream',
                      [candidate, 876, [quote, ['AND', ['C', ['OR', [['AND', ['A', 'B']], 'A', 'B']]]]]],
                      A),
           _).
[33m^^^^^^^^^^^^^^^^^^^^^^^
[0m[33m--> metta runnable  -->
[36m!(add-atom &replayStream (candidate 877 (quote (AND (A B)))))
[33m-->  prolog goal  -->[35m 
:- findall(A,
           'add-atom'('&replayStream', [candidate, 877, [quote, ['AND', ['A', 'B']]]], A),
           _).
[33m^^^^^^^^^^^^^^^^^^^^^^^
[0m[33m--> metta runnable  -->
[36m!(add-atom &replayStream (candidate 878 (quote (AND ((OR (A (AND (C (OR (A B)))) (AND (A B)))))))))
[33m-->  prolog goal  -->[35m 
:- findall(A,
           'add-atom'('&replayStream',
                      [ candidate,
                        878,
                        [ quote,
                          ['AND', [['OR', ['A', ['AND', ['C', ['OR', ['A', 'B']]]], ['AND', ['A', 'B']]]]]]
                        ]
                      ],
                      A),
           _).
[33m^^^^^^^^^^^^^^^^^^^^^^^
[0m[33m--> metta runnable  -->
[36m!(add-atom &replayStream (candidate 879 (quote (AND ((OR (B (AND (C (OR (A B)))) (AND (A B)))))))))
[33m-->  prolog goal  -->[35m 
:- findall(A,
           'add-atom'('&replayStream',
                      [ candidate,
                        879,
                        [ quote,
                          ['AND', [['OR', ['B', ['AND', ['C', ['OR', ['A', 'B']]]], ['AND', ['A', 'B']]]]]]
                        ]
                      ],
                      A),
           _).
[33m^^^^^^^^^^^^^^^^^^^^^^^
[0m[33m--> metta runnable  -->
[36m!(add-atom &replayStream (candidate 880 (quote (AND ((OR (C (AND (C (OR (A B)))) (AND (A B)))))))))
[33m-->  prolog goal  -->[35m 
:- findall(A,
           'add-atom'('&replayStream',
                      [ candidate,
                        880,
                        [ quote,
                          ['AND', [['OR', ['C', ['AND', ['C', ['OR', ['A', 'B']]]], ['AND', ['A', 'B']]]]]]
                        ]
                      ],
                      A),
           _).
[33m^^^^^^^^^^^^^^^^^^^^^^^
[0m[33m--> metta runnable  -->
[36m!(add-atom &replayStream (candidate 881 (quote (AND ((OR ((AND (C (OR (A B)))) A (AND (A B)))))))))
[33m-->  prolog goal  -->[35m 
:- findall(A,
           'add-atom'('&replayStream',
                      [ candidate,
                        881,
                        [ quote,
                          ['AND', [['OR', [['AND', ['C', ['OR', ['A', 'B']]]], 'A', ['AND', ['A', 'B']]]]]]
                        ]
                      ],
                      A),
           _).
[33m^^^^^^^^^^^^^^^^^^^^^^^
[0m[33m--> metta runnable  -->
[36m!(add-atom &replayStream (candidate 882 (quote (AND ((OR ((AND (C (OR (A B)))) B (AND (A B)))))))))
[33m-->  prolog goal  -->[35m 
:- findall(A,
           'add-atom'('&replayStream',
                      [ candidate,
                        882,
                        [ quote,
                          ['AND', [['OR', [['AND', ['C', ['OR', ['A', 'B']]]], 'B', ['AND', ['A', 'B']]]]]]
                        ]
                      ],
                      A),
           _).
[33m^^^^^^^^^^^^^^^^^^^^^^^
[0m[33m--> metta runnable  -->
[36m!(add-atom &replayStream (candidate 883 (quote (AND ((OR ((AND (C (OR (A B)))) C (AND (A B)))))))))
[33m-->  prolog goal  -->[35m 
:- findall(A,
           'add-atom'('&replayStream',
                      [ candidate,
                        883,
                        [ quote,
                          ['AND', [['OR', [['AND', ['C', ['OR', ['A', 'B']]]], 'C', ['AND', ['A', 'B']]]]]]
                        ]
                      ],
                      A),
           _).
[33m^^^^^^^^^^^^^^^^^^^^^^^
[0m[33m--> metta runnable  -->
[36m!(add-atom &replayStream (candidate 884 (quote (AND ((OR ((AND ((OR (C A)) (OR (A B)))) (AND (A B)))))))))
[33m-->  prolog goal  -->[35m 
:- findall(A,
           'add-atom'('&replayStream',
                      [ candidate,
                        884,
                        [ quote,
                          [ 'AND',
                            [['OR', [['AND', [['OR', ['C', 'A']], ['OR', ['A', 'B']]]], ['AND', ['A', 'B']]]]]
                          ]
                        ]
                      ],
                      A),
           _).
[33m^^^^^^^^^^^^^^^^^^^^^^^
[0m[33m--> metta runnable  -->
[36m!(add-atom &replayStream (candidate 885 (quote (AND ((OR ((AND ((OR (C (NOT (A)))) (OR (A B)))) (AND (A B)))))))))
[33m-->  prolog goal  -->[35m 
:- findall(A,
           'add-atom'('&replayStream',
                      [ candidate,
                        885,
                        [ quote,
                          [ 'AND',
                            [ [ 'OR',
                                [ ['AND', [['OR', ['C', ['NOT', ['A']]]], ['OR', ['A', 'B']]]],
                                  ['AND', ['A', 'B']]
                                ]
                              ]
                            ]
                          ]
                        ]
                      ],
                      A),
           _).
[33m^^^^^^^^^^^^^^^^^^^^^^^
[0m[33m--> metta runnable  -->
[36m!(add-atom &replayStream (candidate 886 (quote (AND ((OR ((AND ((OR (C B)) (OR (A B)))) (AND (A B)))))))))
[33m-->  prolog goal  -->[35m 
:- findall(A,
           'add-atom'('&replayStream',
                      [ candidate,
                        886,
                        [ quote,
                          [ 'AND',
                            [['OR', [['AND', [['OR', ['C', 'B']], ['OR', ['A', 'B']]]], ['AND', ['A', 'B']]]]]
                          ]
                        ]
                      ],
                      A),
           _).
[33m^^^^^^^^^^^^^^^^^^^^^^^
[0m[33m--> metta runnable  -->
[36m!(add-atom &replayStream (candidate 887 (quote (AND ((OR ((AND ((OR (C (NOT (B)))) (OR (A B)))) (AND (A B)))))))))
[33m-->  prolog goal  -->[35m 
:- findall(A,
           'add-atom'('&replayStream',
                      [ candidate,
                        887,
                        [ quote,
                          [ 'AND',
                            [ [ 'OR',
                                [ ['AND', [['OR', ['C', ['NOT', ['B']]]], ['OR', ['A', 'B']]]],
                                  ['AND', ['A', 'B']]
                                ]
                              ]
                            ]
                          ]
                        ]
                      ],
                      A),
           _).
[33m^^^^^^^^^^^^^^^^^^^^^^^
[0m[33m--> metta runnable  -->
[36m!(add-atom &replayStream (candidate 888 (quote (AND ((OR ((AND (C (OR (A B (NOT (B)))))) (AND (A B)))))))))
[33m-->  prolog goal  -->[35m 
:- findall(A,
           'add-atom'('&replayStream',
                      [ candidate,
                        888,
                        [ quote,
                          [ 'AND',
                            [ [ 'OR',
                                [['AND', ['C', ['OR', ['A', 'B', ['NOT', ['B']]]]]], ['AND', ['A', 'B']]]
                              ]
                            ]
                          ]
                        ]
                      ],
                      A),
           _).
[33m^^^^^^^^^^^^^^^^^^^^^^^
[0m[33m--> metta runnable  -->
[36m!(add-atom &replayStream (candidate 889 (quote (AND ((OR ((AND (C (OR (A B (NOT (A)))))) (AND (A B)))))))))
[33m-->  prolog goal  -->[35m 
:- findall(A,
           'add-atom'('&replayStream',
                      [ candidate,
                        889,
                        [ quote,
                          [ 'AND',
                            [ [ 'OR',
                                [['AND', ['C', ['OR', ['A', 'B', ['NOT', ['A']]]]]], ['AND', ['A', 'B']]]
                              ]
                            ]
                          ]
                        ]
                      ],
                      A),
           _).
[33m^^^^^^^^^^^^^^^^^^^^^^^
[0m[33m--> metta runnable  -->
[36m!(add-atom &replayStream (candidate 890 (quote (AND ((OR ((AND (C (OR (A B (NOT (B)))))) (AND (A B)))))))))
[33m-->  prolog goal  -->[35m 
:- findall(A,
           'add-atom'('&replayStream',
                      [ candidate,
                        890,
                        [ quote,
                          [ 'AND',
                            [ [ 'OR',
                                [['AND', ['C', ['OR', ['A', 'B', ['NOT', ['B']]]]]], ['AND', ['A', 'B']]]
                              ]
                            ]
                          ]
                        ]
                      ],
                      A),
           _).
[33m^^^^^^^^^^^^^^^^^^^^^^^
[0m[33m--> metta runnable  -->
[36m!(add-atom &replayStream (candidate 891 (quote (AND ((OR ((AND (C (OR (A B)))) (AND (B (OR (A (NOT (C)))))))))))))
[33m-->  prolog goal  -->[35m 
:- findall(A,
           'add-atom'('&replayStream',
                      [ candidate,
                        891,
                        [ quote,
                          [ 'AND',
                            [ [ 'OR',
                                [ ['AND', ['C', ['OR', ['A', 'B']]]],
                                  ['AND', ['B', ['OR', ['A', ['NOT', ['C']]]]]]
                                ]
                              ]
                            ]
                          ]
                        ]
                      ],
                      A),
           _).
[33m^^^^^^^^^^^^^^^^^^^^^^^
[0m[33m--> metta runnable  -->
[36m!(add-atom &replayStream (candidate 892 (quote (AND ((OR ((AND (C (OR (A B)))) (AND (B (OR (A (NOT (A)))))))))))))
[33m-->  prolog goal  -->[35m 
:- findall(A,
           'add-atom'('&replayStream',
                      [ candidate,
                        892,
                        [ quote,
                          [ 'AND',
                            [ [ 'OR',
                                [ ['AND', ['C', ['OR', ['A', 'B']]]],
                                  ['AND', ['B', ['OR', ['A', ['NOT', ['A']]]]]]
                                ]
                              ]
                            ]
                          ]
                        ]
                      ],
                      A),
           _).
[33m^^^^^^^^^^^^^^^^^^^^^^^
[0m[33m--> metta runnable  -->
[36m!(add-atom &replayStream (candidate 893 (quote (AND ((OR ((AND (C (OR (A B)))) (AND (A (OR (B (NOT (C)))))))))))))
[33m-->  prolog goal  -->[35m 
:- findall(A,
           'add-atom'('&replayStream',
                      [ candidate,
                        893,
                        [ quote,
                          [ 'AND',
                            [ [ 'OR',
                                [ ['AND', ['C', ['OR', ['A', 'B']]]],
                                  ['AND', ['A', ['OR', ['B', ['NOT', ['C']]]]]]
                                ]
                              ]
                            ]
                          ]
                        ]
                      ],
                      A),
           _).
[33m^^^^^^^^^^^^^^^^^^^^^^^
[0m[33m--> metta runnable  -->
[36m!(add-atom &replayStream (candidate 894 (quote (AND ((OR ((AND (C (OR (A B)))) (AND (A B)) A)))))))
[33m-->  prolog goal  -->[35m 
:- findall(A,
           'add-atom'('&replayStream',
                      [ candidate,
                        894,
                        [ quote,
                          ['AND', [['OR', [['AND', ['C', ['OR', ['A', 'B']]]], ['AND', ['A', 'B']], 'A']]]]
                        ]
                      ],
                      A),
           _).
[33m^^^^^^^^^^^^^^^^^^^^^^^
[0m[33m--> metta runnable  -->
[36m!(add-atom &replayStream (candidate 895 (quote (AND ((OR ((AND (C (OR (A B)))) (AND (A B)) B)))))))
[33m-->  prolog goal  -->[35m 
:- findall(A,
           'add-atom'('&replayStream',
                      [ candidate,
                        895,
                        [ quote,
                          ['AND', [['OR', [['AND', ['C', ['OR', ['A', 'B']]]], ['AND', ['A', 'B']], 'B']]]]
                        ]
                      ],
                      A),
           _).
[33m^^^^^^^^^^^^^^^^^^^^^^^
[0m[33m--> metta runnable  -->
[36m!(add-atom &replayStream (candidate 896 (quote (AND ((OR ((AND (C (OR (A B)))) (AND (A B)) C)))))))
[33m-->  prolog goal  -->[35m 
:- findall(A,
           'add-atom'('&replayStream',
                      [ candidate,
                        896,
                        [ quote,
                          ['AND', [['OR', [['AND', ['C', ['OR', ['A', 'B']]]], ['AND', ['A', 'B']], 'C']]]]
                        ]
                      ],
                      A),
           _).
[33m^^^^^^^^^^^^^^^^^^^^^^^
[0m[33m--> metta runnable  -->
[36m!(add-atom &replayStream (candidate 897 (quote (AND ((OR (A (AND (C (OR (A B)))) (AND (A B)))))))))
[33m-->  prolog goal  -->[35m 
:- findall(A,
           'add-atom'('&replayStream',
                      [ candidate,
                        897,
                        [ quote,
                          ['AND', [['OR', ['A', ['AND', ['C', ['OR', ['A', 'B']]]], ['AND', ['A', 'B']]]]]]
                        ]
                      ],
                      A),
           _).
[33m^^^^^^^^^^^^^^^^^^^^^^^
[0m[33m--> metta runnable  -->
[36m!(add-atom &replayStream (candidate 898 (quote (AND ((OR (B (AND (C (OR (A B)))) (AND (A B)))))))))
[33m-->  prolog goal  -->[35m 
:- findall(A,
           'add-atom'('&replayStream',
                      [ candidate,
                        898,
                        [ quote,
                          ['AND', [['OR', ['B', ['AND', ['C', ['OR', ['A', 'B']]]], ['AND', ['A', 'B']]]]]]
                        ]
                      ],
                      A),
           _).
[33m^^^^^^^^^^^^^^^^^^^^^^^
[0m[33m--> metta runnable  -->
[36m!(add-atom &replayStream (candidate 899 (quote (AND ((OR (C (AND (C (OR (A B)))) (AND (A B)))))))))
[33m-->  prolog goal  -->[35m 
:- findall(A,
           'add-atom'('&replayStream',
                      [ candidate,
                        899,
                        [ quote,
                          ['AND', [['OR', ['C', ['AND', ['C', ['OR', ['A', 'B']]]], ['AND', ['A', 'B']]]]]]
                        ]
                      ],
                      A),
           _).
[33m^^^^^^^^^^^^^^^^^^^^^^^
[0m[33m--> metta runnable  -->
[36m!(add-atom &replayStream (candidate 900 (quote (AND ((OR ((AND ((NOT (A)) B)) (AND (C (OR (A B)))) (AND (A B)))))))))
[33m-->  prolog goal  -->[35m 
:- findall(A,
           'add-atom'('&replayStream',
                      [ candidate,
                        900,
                        [ quote,
                          [ 'AND',
                            [ [ 'OR',
                                [ ['AND', [['NOT', ['A']], 'B']],
                                  ['AND', ['C', ['OR', ['A', 'B']]]],
                                  ['AND', ['A', 'B']]
                                ]
                              ]
                            ]
                          ]
                        ]
                      ],
                      A),
           _).
[33m^^^^^^^^^^^^^^^^^^^^^^^
[0m[33m--> metta runnable  -->
[36m!(add-atom &replayStream (candidate 901 (quote (AND ((OR ((AND (C (OR (A B)))) (AND (A B)))) (OR ((NOT (A)) C)))))))
[33m-->  prolog goal  -->[35m 
:- findall(A,
           'add-atom'('&replayStream',
                      [ candidate,
                        901,
                        [ quote,
                          [ 'AND',
                            [ ['OR', [['AND', ['C', ['OR', ['A', 'B']]]], ['AND', ['A', 'B']]]],
                              ['OR', [['NOT', ['A']], 'C']]
                            ]
                          ]
                        ]
                      ],
                      A),
           _).
[33m^^^^^^^^^^^^^^^^^^^^^^^
[0m[33m--> metta runnable  -->
[36m!(add-atom &replayStream (candidate 902 (quote (AND ((OR ((AND (C (OR (A B)))) (AND (A B)) (AND ((NOT (A)) B)))))))))
[33m-->  prolog goal  -->[35m 
:- findall(A,
           'add-atom'('&replayStream',
                      [ candidate,
                        902,
                        [ quote,
                          [ 'AND',
                            [ [ 'OR',
                                [ ['AND', ['C', ['OR', ['A', 'B']]]],
                                  ['AND', ['A', 'B']],
                                  ['AND', [['NOT', ['A']], 'B']]
                                ]
                              ]
                            ]
                          ]
                        ]
                      ],
                      A),
           _).
[33m^^^^^^^^^^^^^^^^^^^^^^^
[0m[33m--> metta runnable  -->
[36m!(add-atom &replayStream (candidate 903 (quote (AND ((OR ((AND (C (OR ((NOT (A)) B)) (OR (A B)))) (AND (A B)))))))))
[33m-->  prolog goal  -->[35m 
:- findall(A,
           'add-atom'('&replayStream',
                      [ candidate,
                        903,
                        [ quote,
                          [ 'AND',
                            [ [ 'OR',
                                [ ['AND', ['C', ['OR', [['NOT', ['A']], 'B']], ['OR', ['A', 'B']]]],
                                  ['AND', ['A', 'B']]
                                ]
                              ]
                            ]
                          ]
                        ]
                      ],
                      A),
           _).
[33m^^^^^^^^^^^^^^^^^^^^^^^
[0m[33m--> metta runnable  -->
[36m!(add-atom &replayStream (candidate 904 (quote (AND ((OR ((AND ((OR (C (AND ((NOT (A)) B)))) (OR (A B)))) (AND (A B)))))))))
[33m-->  prolog goal  -->[35m 
:- findall(A,
           'add-atom'('&replayStream',
                      [ candidate,
                        904,
                        [ quote,
                          [ 'AND',
                            [ [ 'OR',
                                [ [ 'AND',
                                    [['OR', ['C', ['AND', [['NOT', ['A']], 'B']]]], ['OR', ['A', 'B']]]
                                  ],
                                  ['AND', ['A', 'B']]
                                ]
                              ]
                            ]
                          ]
                        ]
                      ],
                      A),
           _).
[33m^^^^^^^^^^^^^^^^^^^^^^^
[0m[33m--> metta runnable  -->
[36m!(add-atom &replayStream (candidate 905 (quote (AND ((OR ((AND ((OR (C A (NOT (B)))) (OR (A B)))) (AND (A B)))))))))
[33m-->  prolog goal  -->[35m 
:- findall(A,
           'add-atom'('&replayStream',
                      [ candidate,
                        905,
                        [ quote,
                          [ 'AND',
                            [ [ 'OR',
                                [ ['AND', [['OR', ['C', 'A', ['NOT', ['B']]]], ['OR', ['A', 'B']]]],
                                  ['AND', ['A', 'B']]
                                ]
                              ]
                            ]
                          ]
                        ]
                      ],
                      A),
           _).
[33m^^^^^^^^^^^^^^^^^^^^^^^
[0m[33m--> metta runnable  -->
[36m!(add-atom &replayStream (candidate 906 (quote (AND ((OR ((AND (C (OR (A B (NOT (A)) (NOT (B)))))) (AND (A B)))))))))
[33m-->  prolog goal  -->[35m 
:- findall(A,
           'add-atom'('&replayStream',
                      [ candidate,
                        906,
                        [ quote,
                          [ 'AND',
                            [ [ 'OR',
                                [ ['AND', ['C', ['OR', ['A', 'B', ['NOT', ['A']], ['NOT', ['B']]]]]],
                                  ['AND', ['A', 'B']]
                                ]
                              ]
                            ]
                          ]
                        ]
                      ],
                      A),
           _).
[33m^^^^^^^^^^^^^^^^^^^^^^^
[0m[33m--> metta runnable  -->
[36m!(add-atom &replayStream (candidate 907 (quote (AND ((OR ((AND (C (OR (A B (NOT (A)) B)))) (AND (A B)))))))))
[33m-->  prolog goal  -->[35m 
:- findall(A,
           'add-atom'('&replayStream',
                      [ candidate,
                        907,
                        [ quote,
                          [ 'AND',
                            [ [ 'OR',
                                [['AND', ['C', ['OR', ['A', 'B', ['NOT', ['A']], 'B']]]], ['AND', ['A', 'B']]]
                              ]
                            ]
                          ]
                        ]
                      ],
                      A),
           _).
[33m^^^^^^^^^^^^^^^^^^^^^^^
[0m[33m--> metta runnable  -->
[36m!(add-atom &replayStream (candidate 908 (quote (AND ((OR ((AND (C (OR (A B)) (OR (A (NOT (B)))))) (AND (A B)))))))))
[33m-->  prolog goal  -->[35m 
:- findall(A,
           'add-atom'('&replayStream',
                      [ candidate,
                        908,
                        [ quote,
                          [ 'AND',
                            [ [ 'OR',
                                [ ['AND', ['C', ['OR', ['A', 'B']], ['OR', ['A', ['NOT', ['B']]]]]],
                                  ['AND', ['A', 'B']]
                                ]
                              ]
                            ]
                          ]
                        ]
                      ],
                      A),
           _).
[33m^^^^^^^^^^^^^^^^^^^^^^^
[0m[33m--> metta runnable  -->
[36m!(add-atom &replayStream (candidate 909 (quote (AND ((OR ((AND (C (OR (A B)))) (AND (B (OR (A A (NOT (C)))))))))))))
[33m-->  prolog goal  -->[35m 
:- findall(A,
           'add-atom'('&replayStream',
                      [ candidate,
                        909,
                        [ quote,
                          [ 'AND',
                            [ [ 'OR',
                                [ ['AND', ['C', ['OR', ['A', 'B']]]],
                                  ['AND', ['B', ['OR', ['A', 'A', ['NOT', ['C']]]]]]
                                ]
                              ]
                            ]
                          ]
                        ]
                      ],
                      A),
           _).
[33m^^^^^^^^^^^^^^^^^^^^^^^
[0m[33m--> metta runnable  -->
[36m!(add-atom &replayStream (candidate 910 (quote (AND ((OR ((AND (C (OR (A B)))) (AND (A (OR (B (NOT (B)) (NOT (C)))))))))))))
[33m-->  prolog goal  -->[35m 
:- findall(A,
           'add-atom'('&replayStream',
                      [ candidate,
                        910,
                        [ quote,
                          [ 'AND',
                            [ [ 'OR',
                                [ ['AND', ['C', ['OR', ['A', 'B']]]],
                                  ['AND', ['A', ['OR', ['B', ['NOT', ['B']], ['NOT', ['C']]]]]]
                                ]
                              ]
                            ]
                          ]
                        ]
                      ],
                      A),
           _).
[33m^^^^^^^^^^^^^^^^^^^^^^^
[0m[33m--> metta runnable  -->
[36m!(add-atom &replayStream (candidate 911 (quote (AND ((OR ((AND (C (OR (A B)))) (AND (A B)) (AND (A (NOT (B)))))))))))
[33m-->  prolog goal  -->[35m 
:- findall(A,
           'add-atom'('&replayStream',
                      [ candidate,
                        911,
                        [ quote,
                          [ 'AND',
                            [ [ 'OR',
                                [ ['AND', ['C', ['OR', ['A', 'B']]]],
                                  ['AND', ['A', 'B']],
                                  ['AND', ['A', ['NOT', ['B']]]]
                                ]
                              ]
                            ]
                          ]
                        ]
                      ],
                      A),
           _).
[33m^^^^^^^^^^^^^^^^^^^^^^^
[0m[33m--> metta runnable  -->
[36m!(add-atom &replayStream (candidate 912 (quote (AND ((OR ((AND (C (OR (A B)))) (AND (A B)))) (OR (B (NOT (C)))))))))
[33m-->  prolog goal  -->[35m 
:- findall(A,
           'add-atom'('&replayStream',
                      [ candidate,
                        912,
                        [ quote,
                          [ 'AND',
                            [ ['OR', [['AND', ['C', ['OR', ['A', 'B']]]], ['AND', ['A', 'B']]]],
                              ['OR', ['B', ['NOT', ['C']]]]
                            ]
                          ]
                        ]
                      ],
                      A),
           _).
[33m^^^^^^^^^^^^^^^^^^^^^^^
[0m[33m--> metta runnable  -->
[36m!(add-atom &replayStream (candidate 913 (quote (AND ((OR ((AND (C (OR (A B)))) (AND (A B)))) (OR (A (NOT (B)))))))))
[33m-->  prolog goal  -->[35m 
:- findall(A,
           'add-atom'('&replayStream',
                      [ candidate,
                        913,
                        [ quote,
                          [ 'AND',
                            [ ['OR', [['AND', ['C', ['OR', ['A', 'B']]]], ['AND', ['A', 'B']]]],
                              ['OR', ['A', ['NOT', ['B']]]]
                            ]
                          ]
                        ]
                      ],
                      A),
           _).
[33m^^^^^^^^^^^^^^^^^^^^^^^
[0m[33m--> metta runnable  -->
[36m!(add-atom &replayStream (candidate 914 (quote (AND ((OR ((AND (A B)) A B)))))))
[33m-->  prolog goal  -->[35m 
:- findall(A,
           'add-atom'('&replayStream',
                      [candidate, 914, [quote, ['AND', [['OR', [['AND', ['A', 'B']], 'A', 'B']]]]]],
                      A),
           _).
[33m^^^^^^^^^^^^^^^^^^^^^^^
[0m[33m--> metta runnable  -->
[36m!(add-atom &replayStream (streamLength 914))
[33m-->  prolog goal  -->[35m 
:- findall(A, 'add-atom'('&replayStream', [streamLength, 914], A), _).
[33m^^^^^^^^^^^^^^^^^^^^^^^
[0m[33m--> metta function -->
[36m(= (benchCountTrue $col) (foldl-atom $col 0 $acc $b (if (== $b True) (+ $acc 1) $acc)))
[33m--> prolog clause -->
[32mbenchCountTrue(A, B) :-
    foldl([C, D, E]>>((==(C, true, F), (F==true-> +(D, 1, G);G=D)), (number(G)->E is G;E=G)),
          A,
          0,
          B).
[33m^^^^^^^^^^^^^^^^^^^^^^
[0m[33m--> metta function -->
[36m(= (benchGetCandidate $i) (car-atom (collapse (match &replayStream (candidate $i (quote $e)) $e))))
[33m--> prolog clause -->
[32mbenchGetCandidate(A, B) :-
    findall(C,
            match('&replayStream',
                  [candidate, A, [quote, C]],
                  C,
                  C),
            D),
    'car-atom'(D, B).
[33m^^^^^^^^^^^^^^^^^^^^^^
[0m[33m--> metta function -->
[36m(= (benchLoop $i $n $acc)
   (if (> $i $n)
       $acc
       (let $e (benchGetCandidate $i)
         (let $col (evalZipTerm (rewriteTreeNaryCached $e))
           (benchLoop (+ $i 1) $n (+ $acc (benchCountTrue $col)))))))
[33m--> prolog clause -->
[32mbenchLoop(A, B, C, D) :-
    >(A, B, E),
    (   E==true
    ->  D=C
    ;   F=G,
        benchGetCandidate(A, G),
        H=I,
        cache_call(rewriteTreeNaryCached, [F], J),
        cache_call(evalZipTerm, [J], I),
        +(A, 1, K),
        benchCountTrue(H, L),
        +(C, L, M),
        benchLoop(K, B, M, D)
    ).
[33m^^^^^^^^^^^^^^^^^^^^^^
[0m[33m--> metta runnable  -->
[36m!(clear-memoize)
[33m-->  prolog goal  -->[35m 
:- findall(A, 'clear-memoize'(A), _).
[33m^^^^^^^^^^^^^^^^^^^^^^^
[0m[33m--> metta runnable  -->
[36m!(clear-memoize-stats)
[33m-->  prolog goal  -->[35m 
:- findall(A, 'clear-memoize-stats'(A), _).
[33m^^^^^^^^^^^^^^^^^^^^^^^
[0m[33m--> metta runnable  -->
[36m!(config-memoize (strategy wtinylfu) (unique-limit 100000) (size-limit 5))
[33m-->  prolog goal  -->[35m 
:- findall(A,
           'config-memoize'([strategy, wtinylfu],
                            ['unique-limit', 100000],
                            ['size-limit', 5],
                            A),
           _).
[33m^^^^^^^^^^^^^^^^^^^^^^^
[0m[33m--> metta runnable  -->
[36m!(setZipTable (majority3Table))
[33m-->  prolog goal  -->[35m 
:- findall(A,
           ( majority3Table(B),
             setZipTable(B, A)
           ),
           _).
[33m^^^^^^^^^^^^^^^^^^^^^^^
[0m[33m--> metta runnable  -->
[36m!(println! (BENCH_LABEL majority3_zipform_P))
[33m-->  prolog goal  -->[35m 
:- findall(A,
           'println!'(['BENCH_LABEL', majority3_zipform_P], A),
           _).
[33m^^^^^^^^^^^^^^^^^^^^^^^
[0m(BENCH_LABEL majority3_zipform_P)
[33m--> metta runnable  -->
[36m!(let $n (car-atom (collapse (match &replayStream (streamLength $n) $n)))
   (let $t0 (current-time)
     (let $checksum (benchLoop 1 $n 0)
       (let $t1 (current-time)
         (progn
           (println! (BENCH_STREAMLEN $n))
           (println! (BENCH_T0 $t0))
           (println! (BENCH_T1 $t1))
           (println! (BENCH_ELAPSED_SEC (- $t1 $t0)))
           (println! (CHECKSUM $checksum))
           (println! (STATS (get-memoize-stats)))
           (println! (ENTRIES NA)))))))
[33m-->  prolog goal  -->[35m 
:- findall(A,
           ( B=C,
             findall(B,
                     match('&replayStream',
                           [streamLength, B],
                           B,
                           B),
                     D),
             'car-atom'(D, C),
             E=F,
             'current-time'(F),
             G=H,
             benchLoop(1, B, 0, H),
             I=J,
             'current-time'(J),
             'println!'(['BENCH_STREAMLEN', B], _),
             'println!'(['BENCH_T0', E], _),
             'println!'(['BENCH_T1', I], _),
             -(I, E, K),
             'println!'(['BENCH_ELAPSED_SEC', K], _),
             'println!'(['CHECKSUM', G], _),
             'get-memoize-stats'(L),
             'println!'(['STATS', L], _),
             'println!'(['ENTRIES', 'NA'], A)
           ),
           _).
[33m^^^^^^^^^^^^^^^^^^^^^^^
[0m(BENCH_STREAMLEN 914)
(BENCH_T0 1784303091.9805863)
(BENCH_T1 1784303092.1342607)
(BENCH_ELAPSED_SEC 0.15367436408996582)
(CHECKSUM 3977)
(STATS ((cache_hit 1986) (cache_miss 590)))
(ENTRIES NA)
true
true
true
true
true
true
true
true
true
true
true
true
true
8
true
true
